Sample,ARG,Count
E105,aph(3'')-I,4
E105,OXA,172
E105,CMY-132,4
E105,chloramphenicol_and_florfenicol_resistance,13
E105,CMY-133,6
E105,OXA-10,6
E105,OXA-11,5
E105,bacA,650
E105,OXA-14,5
E105,chloramphenicol_exporter,140
E105,OXA-16,5
E105,OXA-17,4
E105,AER-1,1
E105,basS,39
E105,mycinamicin-resistance_protein_myrB,1
E105,kdpE,55
E105,lsaC,19
E105,lsaE,30
E105,ADP-ribosylating_transferase_arr,5
E105,OXA-454,5
E105,OXA-142,3
E105,OpmB,3
E105,OpmD,1
E105,tlrB_conferring_tylosin_resistance,5
E105,OpmH,5
E105,mefA,156
E105,erm(36),1
E105,mefC,3
E105,tet(L),6
E105,puromycin_resistance_protein,3
E105,abeM,7
E105,clbA,8
E105,clbB,13
E105,clbC,12
E105,abeS,11
E105,TEM-90,3
E105,macA,451
E105,qacB,1
E105,macB,7366
E105,rphA,11
E105,rphB,18
E105,transcriptional_regulatory_protein_CpxR_cpxR,536
E105,qacG,41
E105,blt,3
E105,qacH,10
E105,vgaA,205
E105,vgaB,48
E105,vgaD,49
E105,vgaE,40
E105,lnuB,6
E105,lnuC,1
E105,CMY-46,9
E105,lnuD,1
E105,EmrB-QacA_family_major_facilitator_transporter,81
E105,TEM-215,3
E105,lnuF,2
E105,lnuG,2
E105,TEM-217,3
E105,rpsD_(ramA_or_sud2),1
E105,AAC(3)-Ib/AAC(6')-Ib'',2
E105,bpeF,33
E105,penA,720
E105,arlS,28
E105,efpA,3
E105,fosB,4
E105,otr(B),1
E105,Listeria_monocytogenes_mprF,2
E105,ADC-12,3
E105,VatI,2
E105,ADC-13,3
E105,ADC-14,1
E105,ADC-15,1
E105,cmlA,10
E105,vanHB,18
E105,ErmB,2
E105,ADC-16,3
E105,ErmC,1
E105,vanTG,16
E105,ADC-17,3
E105,vanXI,1
E105,ADC-18,1
E105,ADC-19,3
E105,vanTrL,6
E105,TEM,20
E105,fosX,21
E105,cdeA,5
E105,catB,69
E105,ErmT,2
E105,PBP-1A,491
E105,PBP-1B,112
E105,tet32,56
E105,tet34,36
E105,tet36,30
E105,tet37,1
E105,tet39,1
E105,msrA,338
E105,SHV-97,5
E105,msrC,265
E105,msbA,58
E105,msrE,27
E105,Erm(30),1
E105,ampC,3
E105,CTX-M-110,2
E105,CTX-M-38,2
E105,evgS,72
E105,CTX-M-113,2
E105,adeA,2
E105,adeB,144
E105,adeC,36
E105,adeF,2
E105,aadA,28
E105,adeG,1
E105,adeH,3
E105,adeI,5
E105,adeJ,23
E105,aadE,1
E105,adeK,10
E105,adeL,31
E105,aac(3)-I,23
E105,TriA,9
E105,adeN,1
E105,TriC,19
E105,aadK,24
E105,adeR,58
E105,adeS,25
E105,TolC,442
E105,vanXYL,1
E105,tetA(46),35
E105,catB10,3
E105,CMY-108,6
E105,ceoB,28
E105,RlmA(II),2
E105,rosA,70
E105,rosB,406
E105,aph(3')-IIb,4
E105,Staphylococcys,8
E105,opmD,2
E105,Staphylococcus,4
E105,ADC-2,2
E105,opmE,2
E105,ADC-3,2
E105,ADC-5,2
E105,ADC-6,1
E105,ADC-7,2
E105,ompF,22
E105,ADC-8,1
E105,ompR,1009
E105,salA,51
E105,APH(6)-Id,1
E105,TEM-183,3
E105,CMX,12
E105,Acinetobacter_baumannii_ampC_beta-lactamase,2
E105,KLUY-2,1
E105,TEM-106,3
E105,TEM-148,3
E105,OprA,16
E105,aadA25,1
E105,Brucella_suis_mprF,4
E105,bcr-1,12
E105,mef(B),3
E105,sdeY,2
E105,patA,58
E105,catB3,4
E105,patB,12
E105,mecA,111
E105,mecB,7
E105,mecC,4
E105,mecD,5
E105,aac(3)-Ib-aac(6')-Ib,1
E105,OprZ,9
E105,poxtA,77
E105,SHV-103,5
E105,chloramphenicol_and_florfenicol_exporter,3
E105,SHV-104,5
E105,ANT(3'')-Ii-AAC(6')-IId,4
E105,bmr,3
E105,TaeA,81
E105,MexJ,7
E105,MexK,22
E105,MexL,3
E105,CTX-M-5,1
E105,MexS,5
E105,vatA,1
E105,vatB,21
E105,vatC,2
E105,MexV,1
E105,vatD,1
E105,vatE,8
E105,vatF,2
E105,vatG,2
E105,MexZ,1
E105,CMY-12,3
E105,CMY-53,4
E105,ermA,5
E105,CMY-13,6
E105,ermB,10
E105,CMY-55,3
E105,ereA,10
E105,ermC,10
E105,CMY-15,3
E105,CMY-56,3
E105,ereB,2
E105,CMY-57,3
E105,ermE,2
E105,CMY-99,3
E105,ermF,14
E105,ermG,1
E105,Mrx,1
E105,truncated_putative_response_regulator_ArlR,506
E105,OXA-233,4
E105,bacterial_regulatory_protein_LuxR,23
E105,efmA,1
E105,ermT,3
E105,CMY-2,3
E105,CMY-5,6
E105,CMY-7,3
E105,vanYA,1
E105,ADC-20,2
E105,ADC-21,3
E105,ADC-22,3
E105,ADC-23,2
E105,ADC-25,2
E105,cmeA,1
E105,cmeB,331
E105,Staphylococcus_mupA_conferring_resistance_to_mupirocin,35
E105,floR,131
E105,srmB,64
E105,cystathionine_beta-lyase_patB,121
E105,major_facilitator_superfamily_transporter,82
E105,tet41,1
E105,golS,24
E105,tet44,17
E105,MCR-1,23
E105,MCR-2,12
E105,MCR-3,12
E105,MCR-4,11
E105,MCR-5,12
E105,tolC,7
E105,OXA-663,6
E105,CTX-M-84,2
E105,LlmA_23S_ribosomal_RNA_methyltransferase,1
E105,class_A,19
E105,PBP-2X,146
E105,emeA,3
E105,tlcC,77
E105,class_C,68
E105,CTX-M-48,2
E105,CTX-M-122,2
E105,APH(3')-Ia,1
E105,CTX-M-125,2
E105,linG,2
E105,mdfA,90
E105,CMY-118,15
E105,CMY-119,3
E105,cmlA1,14
E105,oprA,6
E105,OXA-74,4
E105,oprC,13
E105,ANT(6)-Ia,1
E105,cmlA4,13
E105,cmlA5,14
E105,cmlA6,14
E105,oprJ,111
E105,smeB,19
E105,LEN,10
E105,smeC,14
E105,smeD,15
E105,oprM,207
E105,smeE,19
E105,oprN,167
E105,smeF,83
E105,two-component_system_response_regulator_EvgA,4
E105,baeR,64
E105,dfrA12,88
E105,baeS,55
E105,dfrA13,6
E105,dfrA14,8
E105,CRP,4
E105,smeR,63
E105,smeS,54
E105,TEM-110,3
E105,Erm(47),1
E105,TEM-196,3
E105,TEM-156,1
E105,QepA1,4
E105,QepA2,4
E105,mexA,156
E105,mexB,157
E105,mexC,32
E105,mepA,128
E105,mexD,303
E105,mexE,310
E105,mexF,385
E105,erm(34),1
E105,mexH,50
E105,mexI,12
E105,AxyY,4
E105,abcA,1
E105,mexM,1
E105,mexN,10
E105,tetB(60),34
E105,mexP,2
E105,mexQ,3
E105,dfrA1,9
E105,dfrA3,14
E105,mexT,88
E105,dfrA5,2
E105,mexW,106
E105,VEB-1b,2
E105,mexX,111
E105,dfrA8,9
E105,mexY,8
E105,AcrE,3
E105,AcrF,11
E105,PmrF,16
E105,cfrC,13
E105,oqxA,3
E105,oqxB,6
E105,AcrS,3
E105,tunicamycin_resistance_protein,1
E105,ICR-Mc,13
E105,OKP-B,10
E105,Moraxella_catarrhalis_M35,3
E105,dfrC,8
E105,dfrD,7
E105,dfrE,8
E105,dfrF,3
E105,dfrG,8
E105,CMY-61,1
E105,CMY-20,12
E105,CMY-21,6
E105,CMY-63,10
E105,arnA,405
E105,CMY-64,4
E105,dfrK,10
E105,CMY-28,12
E105,CMY-29,9
E105,OXA-240,6
E105,OXA-246,6
E105,tetA,95
E105,tetB,42
E105,tetC,4
E105,efrA,55
E105,efrB,31
E105,tetG,5
E105,fusC,2
E105,lsa,563
E105,tetL,14
E105,tetM,292
E105,tetO,178
E105,tetP,157
E105,tetQ,139
E105,MuxA,1
E105,tetR,206
E105,MuxB,10
E105,tetS,33
E105,MuxC,19
E105,tetT,92
E105,tetW,535
E105,ADC-75,2
E105,Bacillus_subtilis_mprF,3
E105,cmrA,14
E105,ADC-76,1
E105,ADC-77,2
E105,bicyclomycin-multidrug_efflux_protein_bcr,355
E105,ADC-78,1
E105,ADC-79,2
E105,ADC-39,2
E105,qepA,16
E105,vanRI,79
E105,Serratia_marcescens_Omp1,1
E105,Klebsiella_pneumoniae_OmpK36,1
E105,Klebsiella_pneumoniae_OmpK37,1
E105,Streptococcus_agalactiae_mprF,2
E105,CFE-1,1
E105,carA,91
E105,carO,2
E105,myrA,4
E105,hmrM,4
E105,lrfA,5
E105,SHV-76,5
E105,Bacillus_Cluster_B_intrinsic_mph,1
E105,APH(3')-IIa,1
E105,cAMP-regulatory_protein,72
E105,mecR1,22
E105,NPS-1,1
E105,emrA,255
E105,amrB,40
E105,emrB,346
E105,CTX-M-14,2
E105,emrD,98
E105,CTX-M-130,2
E105,emrE,165
E105,CTX-M-17,2
E105,OXA-368,4
E105,emrK,91
E105,tcmA,21
E105,mdsA,2
E105,mdsB,6
E105,mdsC,11
E105,VEB-1,3
E105,VEB-2,2
E105,VEB-3,2
E105,VEB-4,2
E105,VEB-5,2
E105,emrY,4
E105,VEB-6,2
E105,VEB-7,2
E105,VEB-8,2
E105,VEB-9,1
E105,mel,38
E105,hp1181,7
E105,aad(6),1
E105,Pseudomonas_aeruginosa_emrE,11
E105,chrB,4
E105,tetA(48),99
E105,LRA,4
E105,farA,4
E105,farB,5
E105,OCH,2
E105,MdtK,3
E105,dfrA20,9
E105,opcM,71
E105,dfrA21,9
E105,dfrA22,11
E105,MCR-1.2,23
E105,MCR-1.3,12
E105,MCR-1.4,12
E105,dfrA24,2
E105,YojI,23
E105,MCR-1.5,12
E105,dfrA25,2
E105,MCR-1.6,12
E105,MCR-1.7,12
E105,MCR-1.8,12
E105,dfrA29,1
E105,MCR-1.9,12
E105,mtrA,116
E105,blaR1,4
E105,mtrC,2
E105,mtrD,8
E105,mtrE,161
E105,tmrB,1
E105,lmrB,19
E105,Erm(44),1
E105,lmrC,85
E105,lmrD,67
E105,NmcR,18
E105,LCR-1,2
E105,mtrR,63
E105,lmrP,5
E105,CTX-M,15
E105,erm(39),1
E105,erm(35),1
E105,blaI,4
E105,bcrA,3844
E105,bcrC,2
E105,tet(K),2
E105,multidrug_ABC_transporter,4337
E105,BUT-1,1
E105,PvrR,35
E105,cipA,1
E105,otrA,30
E105,otrC,16
E105,arr-4,1
E105,arr-5,1
E105,Clostridium_perfringens_mprF,1
E105,arr-7,1
E105,arr-8,1
E105,PER,8
E105,Bacillus_Cluster_A_intrinsic_mph,1
E105,marR,230
E105,CARB,3
E105,aph(6)-I,34
E105,aph(3')-I,17
E105,vanA,132
E105,vanB,94
E105,vanC,108
E105,vanD,344
E105,vanE,19
E105,vanG,67
E105,vanH,391
E105,vanI,16
E105,CMY-34,4
E105,SPG-1,1
E105,aph(3')-V,3
E105,vanL,4
E105,CMY-77,6
E105,vanM,1
E105,vanN,9
E105,CMY-38,3
E105,optrA,69
E105,OXA-251,6
E105,vanR,2678
E105,vanS,847
E105,vanT,50
E105,vanU,2
E105,OXA-256,6
E105,ugd,20
E105,vanX,15
E105,vanY,35
E105,acrA,266
E105,acrB,791
E105,tet(W/N/W),9
E105,acrD,8
E105,acrF,7
E105,norA,57
E105,norB,20
E105,cpxA,37
E105,ADC-80,1
E105,tetB(46),34
E105,sul1,41
E105,ADC-41,3
E105,sul2,273
E105,ADC-42,1
E105,sul3,22
E105,ADC-43,3
E105,sul4,18
E105,ykkC,16
E105,ADC-44,3
E105,ykkD,19
E105,MCR-1.10,12
E105,MCR-1.11,12
E105,MCR-1.12,12
E105,MCR-1.13,12
E105,kasugamycin_resistance_protein_ksgA,377
E105,rpoB2,49
E105,tetA(60),27
E105,cob(I)alamin_adenolsyltransferase,100
E105,cat_chloramphenicol_acetyltransferase,24
E105,rifampin_monooxygenase,54
E105,TLA-2,1
E105,oleB,78
E105,oleC,66
E105,antibiotic_resistance_rRNA_adenine_methyltransferase,6
E105,SHV-41,5
E105,eptA,12
E105,tcr3,1
E105,mphA,23
E105,mphB,1
E105,mphC,6
E105,mphD,3
E105,CTX-M-24,2
E105,mphE,1
E105,CTX-M-67,2
E105,mphG,3
E105,Burkholderia_pseudomallei_Omp38,10
E105,mphI,2
E105,LpeB,4
E105,mdtA,186
E105,mdtB,521
E105,mdtC,426
E105,mdtD,189
E105,mdtE,59
E105,mdtF,94
E105,Escherichia_coli_LamB,1
E105,mdtG,75
E105,mdtH,60
E105,Salmonella,13
E105,mdtK,405
E105,mdtM,26
E105,mdtN,150
E105,mdtO,25
E105,mdtP,56
E108,class_B,3
E108,Acinetobacter_baumannii_ampC_beta-lactamase,1
E108,tetB(60),2
E108,class_C,26
E108,dfrB6,4
E108,bcr-1,4
E108,dfrA29,3
E108,tlcC,22
E108,SHV-62,5
E108,vanTrL,3
E108,ccrA,1
E108,mdtA,48
E108,emrA,71
E108,OXA-74,1
E108,qacG,16
E108,mdtB,183
E108,emrB,79
E108,qacH,4
E108,mdtC,145
E108,OXA-368,1
E108,mdtD,33
E108,emrD,20
E108,SHV-159,5
E108,emrE,60
E108,mdtE,3
E108,patA,13
E108,cpxA,11
E108,cmlA,16
E108,patB,2
E108,EmrB-QacA_family_major_facilitator_transporter,1
E108,cmlA1,3
E108,mdtG,2
E108,hp1181,2
E108,poxtA,19
E108,baeR,13
E108,cmlA4,3
E108,tet41,2
E108,baeS,25
E108,cmlA5,3
E108,mdtK,44
E108,NmcR,3
E108,emrK,3
E108,SHV-89,5
E108,cmlA6,3
E108,mel,14
E108,Pseudomonas_aeruginosa_emrE,4
E108,tet44,5
E108,BUT-1,1
E108,bcrA,874
E108,kasugamycin_resistance_protein_ksgA,125
E108,PBP-1A,116
E108,blaB,1
E108,cat_chloramphenicol_acetyltransferase,1
E108,vanA,6
E108,PBP-1B,29
E108,tet(L),2
E108,vanB,41
E108,vanC,13
E108,bpeF,13
E108,vanD,53
E108,aac(6')-I,10
E108,vanHB,7
E108,lsa,45
E108,lmrB,1
E108,lmrC,6
E108,OXA-233,1
E108,lmrD,6
E108,vanH,103
E108,vanI,2
E108,HERA-1,1
E108,abcA,1
E108,golS,3
E108,OXA-251,2
E108,ADC-12,1
E108,Chryseobacterium_meningosepticum_BlaB,1
E108,ADC-13,1
E108,floR,37
E108,ADC-14,1
E108,tcmA,8
E108,ADC-15,1
E108,ADC-16,1
E108,pgpB,1
E108,farA,1
E108,mecA,37
E108,kdpE,6
E108,msrA,70
E108,OXA-256,2
E108,mecB,2
E108,ADC-17,1
E108,Burkholderia_pseudomallei_Omp38,5
E108,vanR,673
E108,mecC,2
E108,cipA,1
E108,ADC-18,1
E108,msrC,75
E108,otrA,9
E108,AcrE,1
E108,vanS,253
E108,mecD,2
E108,ADC-19,1
E108,OXA,50
E108,vanT,6
E108,rifampin_monooxygenase,31
E108,otrC,1
E108,dfrA2d,4
E108,msrE,7
E108,vatB,2
E108,KHM-1,1
E108,vatC,1
E108,vanY,5
E108,mecI,1
E108,evgS,50
E108,vatF,1
E108,acrA,22
E108,smeB,1
E108,vatG,1
E108,acrB,19
E108,cob(I)alamin_adenolsyltransferase,75
E108,PEDO-3,1
E108,smeC,5
E108,cmeB,114
E108,mexD,144
E108,smeE,3
E108,dfrA12,44
E108,ADC-56,1
E108,mexE,67
E108,dfrA13,3
E108,dfrA1,8
E108,mexF,147
E108,smeF,10
E108,tolC,2
E108,dfrA14,19
E108,tetA,49
E108,RTG-4,2
E108,salA,13
E108,dfrA15,2
E108,SHV-121,5
E108,oprA,3
E108,tetB,4
E108,mexH,24
E108,dfrA3,8
E108,RTG-5,1
E108,VatI,1
E108,abeS,4
E108,tetC,2
E108,rosB,74
E108,mexI,9
E108,dfrA17,8
E108,dfrA5,8
E108,oprC,1
E108,truncated_putative_response_regulator_ArlR,111
E108,TolC,98
E108,dfrA7,3
E108,ADC-76,1
E108,major_facilitator_superfamily_transporter,6
E108,OprA,5
E108,dfrA8,3
E108,ADC-77,1
E108,mexM,1
E108,mexN,4
E108,MexK,6
E108,MexL,1
E108,ADC-2,1
E108,mexQ,2
E108,oprJ,27
E108,basS,16
E108,efrA,9
E108,efrB,2
E108,smeR,15
E108,tetM,96
E108,mtrA,42
E108,smeS,26
E108,Staphylococcus_mupA_conferring_resistance_to_mupirocin,9
E108,ADC-6,1
E108,TriB,1
E108,mdsB,3
E108,oprM,40
E108,mexT,26
E108,ADC-7,1
E108,mdsC,1
E108,oprN,57
E108,tetO,27
E108,TriC,4
E108,vanRI,19
E108,tetA(46),8
E108,tetP,54
E108,macA,33
E108,mtrD,2
E108,mtrE,23
E108,tetQ,27
E108,mexW,44
E108,macB,3134
E108,tetR,25
E108,mexX,17
E108,mexY,6
E108,tetS,10
E108,MexV,2
E108,vanTG,2
E108,arnA,175
E108,lsaC,4
E108,tetT,26
E108,aadE,1
E108,amrB,12
E108,clbA,1
E108,lsaE,3
E108,marR,26
E108,clbB,1
E108,tet32,17
E108,tetW,118
E108,tetA(48),33
E108,clbC,1
E108,carA,26
E108,multidrug_ABC_transporter,1027
E108,opcM,1
E108,dfrC,3
E108,dfrD,5
E108,tet36,7
E108,dfrE,2
E108,vgaA,61
E108,dfrF,5
E108,vgaB,15
E108,bacterial_regulatory_protein_LuxR,4
E108,tet39,1
E108,dfrG,5
E108,mdfA,25
E108,catA,5
E108,OprZ,3
E108,vgaD,15
E108,TaeA,23
E108,arlS,6
E108,two-component_system_response_regulator_EvgA,3
E108,catB,10
E108,vgaE,17
E108,transcriptional_regulatory_protein_CpxR_cpxR,147
E108,catD,2
E108,dfrK,4
E108,ErmT,1
E108,OXA-663,2
E108,chloramphenicol_and_florfenicol_resistance,1
E108,AER-1,1
E108,metallo-beta-lactamase,10
E108,tetB(46),1
E108,antibiotic_resistance_rRNA_adenine_methyltransferase,1
E108,oleB,22
E108,hmrM,1
E108,CARB,13
E108,sul1,25
E108,srmB,21
E108,oleC,41
E108,sul2,68
E108,cfrC,1
E108,sul3,4
E108,dfrA15b,2
E108,OXA-240,2
E108,OXA-454,2
E108,sul4,3
E108,adeA,3
E108,PmrF,7
E108,catII,1
E108,adeB,16
E108,IND,1
E108,GIM-1,1
E108,GIM-2,1
E108,adeC,4
E108,OXA-246,2
E108,adeF,1
E108,ADC-20,1
E108,ADC-21,1
E108,AxyY,4
E108,penA,297
E108,Salmonella,3
E108,ADC-23,1
E108,YojI,2
E108,ADC-25,1
E108,tcr3,1
E108,oqxA,1
E108,tet(W/N/W),2
E108,PvrR,8
E108,tetA(60),7
E108,oqxB,1
E108,opmE,2
E108,adeL,6
E108,ADC-41,1
E108,rpoB2,11
E108,ADC-42,1
E108,rphA,2
E108,ompR,314
E108,OXA-10,2
E108,ADC-43,1
E108,msbA,16
E108,rphB,4
E108,OXA-11,1
E108,ADC-44,1
E108,PSE-1,4
E108,adeR,16
E108,bicyclomycin-multidrug_efflux_protein_bcr,60
E108,OpmH,2
E108,adeS,7
E108,OXA-14,1
E108,LlmA_23S_ribosomal_RNA_methyltransferase,1
E108,ugd,1
E108,OXA-16,1
E108,OXA-17,1
E108,ceoB,13
E108,optrA,17
E108,LpeA,1
E108,dfrA20,3
E108,bacA,125
E108,LpeB,2
E108,dfrA21,4
E108,cystathionine_beta-lyase_patB,25
E108,SHV-25,5
E108,dfrA22,4
E108,MuxA,1
E108,dfrB1,10
E108,ADC-80,1
E108,chloramphenicol_exporter,3
E108,MuxC,2
E108,dfrA24,2
E108,dfrB2,8
E108,catB10,1
E108,dfrA25,4
E108,ADC-82,1
E108,class_A,3
E108,dfrB3,4
E111,aph(3'')-I,4
E111,OXA,100
E111,chloramphenicol_and_florfenicol_resistance,16
E111,CMY-133,3
E111,OXA-10,6
E111,OXA-11,4
E111,bacA,706
E111,OXA-14,5
E111,chloramphenicol_exporter,95
E111,OXA-16,5
E111,OXA-17,3
E111,basS,42
E111,mycinamicin-resistance_protein_myrB,2
E111,kdpE,59
E111,lsaA,1
E111,lsaC,18
E111,TEM-171,3
E111,lsaE,35
E111,ADP-ribosylating_transferase_arr,5
E111,OXA-454,6
E111,OXA-140,2
E111,OXA-142,2
E111,aadA13,1
E111,OpmB,4
E111,OpmD,4
E111,tlrB_conferring_tylosin_resistance,3
E111,OpmH,3
E111,mefA,152
E111,erm(36),2
E111,mefC,1
E111,mefE,1
E111,tet(L),2
E111,puromycin_resistance_protein,2
E111,abeM,4
E111,catII,1
E111,clbA,11
E111,clbB,15
E111,clbC,20
E111,abeS,7
E111,TEM-90,3
E111,qacA,2
E111,macA,323
E111,qacB,7
E111,macB,8965
E111,rphA,8
E111,rphB,14
E111,TEM-17,1
E111,transcriptional_regulatory_protein_CpxR_cpxR,532
E111,qacG,24
E111,qacH,7
E111,Vibrio_cholerae_varG,1
E111,vgaA,253
E111,vgaB,66
E111,vgaC,1
E111,vgaD,60
E111,vgaE,64
E111,CMY-40,3
E111,CMY-42,3
E111,lnuA,9
E111,lnuB,9
E111,lnuC,2
E111,CMY-46,3
E111,lnuD,4
E111,lnuE,1
E111,EmrB-QacA_family_major_facilitator_transporter,104
E111,TEM-215,3
E111,lnuF,2
E111,lnuG,3
E111,TEM-217,6
E111,OXA-224,2
E111,bpeF,40
E111,penA,881
E111,arlS,46
E111,efpA,3
E111,plasmid-encoded,1
E111,otr(B),1
E111,Listeria_monocytogenes_mprF,1
E111,VatI,2
E111,vanHB,25
E111,ErmB,14
E111,ErmC,3
E111,vanTG,26
E111,vanTrL,14
E111,TEM,48
E111,cdeA,24
E111,BIL-1,3
E111,catA,22
E111,catB,25
E111,ErmT,4
E111,catI,1
E111,dfrA15b,3
E111,catQ,1
E111,PBP-1A,397
E111,PBP-1B,103
E111,tet32,63
E111,tet34,36
E111,tet35,8
E111,tet36,37
E111,tet37,5
E111,tet39,2
E111,msrA,443
E111,msrC,317
E111,msbA,83
E111,msrE,45
E111,Erm(30),1
E111,ampC,6
E111,Escherichia_coli_mdfA,1
E111,CTX-M-110,4
E111,CTX-M-38,4
E111,CTX-M-112,2
E111,evgS,110
E111,CTX-M-113,2
E111,RTG-4,1
E111,adeA,6
E111,adeB,94
E111,adeC,47
E111,aadA,91
E111,adeF,5
E111,adeG,1
E111,adeH,6
E111,adeI,5
E111,aadE,8
E111,adeJ,12
E111,adeK,15
E111,adeL,26
E111,TriA,2
E111,adeN,1
E111,TriC,15
E111,aadK,42
E111,adeR,66
E111,adeS,39
E111,TolC,305
E111,vanXYL,2
E111,CMY-102,3
E111,tetA(46),44
E111,catB10,1
E111,CMY-108,6
E111,ceoB,32
E111,RlmA(II),4
E111,rosA,50
E111,rosB,362
E111,aph(3')-IIb,4
E111,Staphylococcys,9
E111,opmD,7
E111,Staphylococcus,2
E111,opmE,2
E111,ompF,144
E111,sdiA,26
E111,ompR,1187
E111,salA,61
E111,APH(6)-Id,1
E111,TEM-183,3
E111,CMX,25
E111,Erm(42),2
E111,TEM-105,3
E111,KLUY-2,2
E111,TEM-106,3
E111,KLUY-3,1
E111,TEM-148,3
E111,KLUY-4,1
E111,OprA,19
E111,aadA25,3
E111,Brucella_suis_mprF,2
E111,bcr-1,8
E111,mef(B),5
E111,sdeY,1
E111,Vibrio_cholerae_OmpU,1
E111,vanYG1,1
E111,DNA-binding_transcriptional_regulator_gadX,32
E111,gadW,3
E111,gadX,4
E111,patA,57
E111,catB3,2
E111,patB,18
E111,mecA,259
E111,mecB,7
E111,mecC,10
E111,mecD,6
E111,mecI,19
E111,OprZ,10
E111,poxtA,94
E111,ANT(3'')-Ii-AAC(6')-IId,16
E111,bmr,1
E111,catIII,2
E111,TaeA,101
E111,MexJ,5
E111,MexK,18
E111,MexL,1
E111,CTX-M-5,1
E111,vatA,1
E111,MexS,3
E111,vatB,23
E111,vatC,1
E111,vatD,1
E111,MexV,2
E111,vatE,4
E111,vatF,1
E111,vatG,2
E111,MexZ,1
E111,CMY-12,3
E111,CMY-53,3
E111,ermA,20
E111,CMY-13,1
E111,ermB,44
E111,ereA,10
E111,ermC,15
E111,ereB,2
E111,ermE,4
E111,ermF,21
E111,ermG,5
E111,truncated_putative_response_regulator_ArlR,531
E111,OXA-233,2
E111,SRT-1,1
E111,SRT-2,2
E111,bacterial_regulatory_protein_LuxR,23
E111,efmA,2
E111,ermT,9
E111,ant(9)-I,1
E111,vanYA,2
E111,cmeA,1
E111,cmeB,307
E111,Staphylococcus_mupA_conferring_resistance_to_mupirocin,62
E111,floR,67
E111,srmB,81
E111,cystathionine_beta-lyase_patB,192
E111,major_facilitator_superfamily_transporter,71
E111,tet40,3
E111,tet41,2
E111,golS,10
E111,tet44,23
E111,MCR-1,20
E111,MCR-2,10
E111,MCR-3,10
E111,MCR-4,7
E111,MCR-5,9
E111,tolC,4
E111,OXA-663,6
E111,OXA-392,2
E111,CTX-M-84,2
E111,class_A,43
E111,LlmA_23S_ribosomal_RNA_methyltransferase,8
E111,PBP-2X,134
E111,tlcC,74
E111,class_C,49
E111,CTX-M-47,1
E111,CTX-M-48,2
E111,CTX-M-121,2
E111,CTX-M-122,2
E111,APH(3')-Ia,1
E111,CTX-M-125,4
E111,linG,2
E111,mdfA,76
E111,aad(9),1
E111,tet(59),1
E111,CMY-118,9
E111,OXA-31,2
E111,cmlA1,13
E111,oprA,15
E111,OXA-33,2
E111,OXA-74,2
E111,oprC,12
E111,ANT(6)-Ia,2
E111,cmlA4,13
E111,cmlA5,13
E111,cmlA6,13
E111,smeB,10
E111,oprJ,149
E111,smeC,18
E111,smeD,9
E111,oprM,271
E111,smeE,18
E111,oprN,134
E111,smeF,94
E111,two-component_system_response_regulator_EvgA,5
E111,baeR,91
E111,dfrA12,99
E111,baeS,96
E111,dfrA13,7
E111,dfrA14,17
E111,dfrA15,3
E111,CRP,4
E111,dfrA17,11
E111,smeR,64
E111,smeS,74
E111,TEM-150,3
E111,TEM-110,3
E111,Erm(47),2
E111,TEM-156,1
E111,ant(3'')-Ih-aac(6')-IId,3
E111,TEM-159,3
E111,QepA1,2
E111,CfxA2,42
E111,QepA2,2
E111,CfxA3,3
E111,mexA,66
E111,mexB,102
E111,CfxA6,4
E111,mexC,21
E111,mepA,495
E111,mexD,291
E111,mexE,307
E111,mexF,630
E111,thiostrepton_resistance_methylase_tsnR,1
E111,erm(34),2
E111,mexG,1
E111,mexI,21
E111,abcA,1
E111,AxyY,5
E111,mexM,2
E111,mexN,13
E111,tetB(60),61
E111,mexP,1
E111,mexQ,5
E111,dfrA1,15
E111,dfrA3,14
E111,mexT,115
E111,dfrA5,9
E111,mexW,142
E111,dfrA7,3
E111,VEB-1b,4
E111,mexX,113
E111,dfrA8,8
E111,mexY,16
E111,AcrE,2
E111,AcrF,5
E111,PmrF,20
E111,cfrC,16
E111,TEM-33,3
E111,oqxA,7
E111,TEM-34,3
E111,oqxB,7
E111,AcrS,4
E111,ICR-Mc,9
E111,MOX,6
E111,ramA,2
E111,dfrC,12
E111,dfrD,10
E111,dfrE,9
E111,dfrF,4
E111,dfrG,9
E111,CMY-20,3
E111,CMY-21,6
E111,CMY-63,3
E111,arnA,661
E111,Escherichia_coli_mipA,2
E111,CMY-23,3
E111,CMY-64,3
E111,dfrK,10
E111,CMY-28,2
E111,RbpA,1
E111,CMY-29,6
E111,OXA-240,5
E111,OXA-246,5
E111,tetA,90
E111,tetB,82
E111,tetC,4
E111,efrA,78
E111,tetD,11
E111,tetE,6
E111,efrB,57
E111,tetG,3
E111,tetH,5
E111,lsa,735
E111,tetJ,1
E111,tetL,20
E111,tetM,512
E111,tetO,266
E111,tetP,256
E111,tetQ,203
E111,MuxA,1
E111,tetR,154
E111,MuxB,6
E111,tetS,59
E111,MuxC,18
E111,tetT,125
E111,vanVB,1
E111,tetV,7
E111,tetW,808
E111,tetX,25
E111,Bacillus_subtilis_mprF,1
E111,cmrA,10
E111,bicyclomycin-multidrug_efflux_protein_bcr,298
E111,tet(40),1
E111,qepA,10
E111,vanRI,118
E111,Serratia_marcescens_Omp1,6
E111,Klebsiella_pneumoniae_OmpK35,1
E111,Klebsiella_pneumoniae_OmpK36,6
E111,Klebsiella_pneumoniae_OmpK37,4
E111,Streptococcus_agalactiae_mprF,1
E111,CFE-1,1
E111,porin_OmpC,4
E111,carA,105
E111,DNA-binding_protein_H-NS,10
E111,myrA,4
E111,hmrM,3
E111,lrfA,2
E111,Bacillus_Cluster_B_intrinsic_mph,1
E111,APH(3')-IIa,1
E111,cAMP-regulatory_protein,72
E111,mecR1,47
E111,CTX-M-50,2
E111,OXA-320,2
E111,emrA,279
E111,amrB,138
E111,emrB,330
E111,CTX-M-14,2
E111,emrD,76
E111,CTX-M-130,4
E111,emrE,110
E111,CTX-M-17,4
E111,OXA-368,2
E111,CTX-M-134,2
E111,emrK,42
E111,tcmA,23
E111,mdsA,3
E111,mdsB,9
E111,mdsC,14
E111,emrR,2
E111,VEB-1,5
E111,VEB-2,3
E111,VEB-3,3
E111,VEB-4,3
E111,VEB-5,3
E111,emrY,3
E111,VEB-6,3
E111,VEB-7,4
E111,VEB-8,3
E111,VEB-9,2
E111,mel,63
E111,hp1181,7
E111,aad(6),2
E111,Pseudomonas_aeruginosa_emrE,7
E111,chrB,4
E111,tetA(48),104
E111,LRA,3
E111,farA,4
E111,farB,3
E111,OXA-47,2
E111,MdtK,4
E111,dfrA20,14
E111,opcM,103
E111,dfrA21,10
E111,dfrA22,11
E111,MCR-1.2,20
E111,MCR-1.3,10
E111,MCR-1.4,10
E111,dfrA24,1
E111,YojI,31
E111,dfrA25,5
E111,MCR-1.5,10
E111,MCR-1.6,10
E111,MCR-1.7,10
E111,MCR-1.8,10
E111,dfrA29,5
E111,MCR-1.9,10
E111,mtrA,128
E111,blaR1,8
E111,mtrC,2
E111,mtrD,11
E111,mtrE,147
E111,lmrA,2
E111,lmrB,136
E111,Erm(44),2
E111,lmrC,95
E111,lmrD,86
E111,NmcR,13
E111,LCR-1,1
E111,mtrR,65
E111,PEDO-1,1
E111,CTX-M,36
E111,erm(39),1
E111,erm(35),3
E111,blaI,4
E111,bcrA,4464
E111,bcrC,2
E111,tet(K),3
E111,multidrug_ABC_transporter,6442
E111,PvrR,40
E111,cipA,7
E111,omp36,20
E111,marA,3
E111,otrA,32
E111,otrC,24
E111,arr-4,1
E111,arr-5,1
E111,Clostridium_perfringens_mprF,1
E111,arr-7,1
E111,arr-8,1
E111,PER,15
E111,marR,125
E111,CARB,1
E111,aph(6)-I,32
E111,aph(3')-I,14
E111,vanA,164
E111,vanB,178
E111,vanC,71
E111,vanD,325
E111,vanE,23
E111,vanG,76
E111,vanH,555
E111,vanI,12
E111,CMY-34,3
E111,CMY-35,3
E111,aph(3')-V,3
E111,vanL,7
E111,vanM,6
E111,vanN,10
E111,TEM-206,3
E111,optrA,96
E111,OXA-251,5
E111,vanR,3845
E111,vanS,1450
E111,vanT,88
E111,vanU,11
E111,OXA-256,5
E111,vanW,27
E111,ugd,12
E111,vanX,49
E111,vanY,126
E111,OXA-1,2
E111,vanZ,23
E111,OXA-4,2
E111,acrA,254
E111,acrB,623
E111,tet(W/N/W),18
E111,acrD,8
E111,acrF,5
E111,cpxA,47
E111,tetB(46),56
E111,sul1,57
E111,sul2,321
E111,sul3,23
E111,sul4,23
E111,ykkC,76
E111,ykkD,34
E111,LAT-1,3
E111,MCR-1.10,10
E111,MCR-1.11,10
E111,vanWI,2
E111,MCR-1.12,10
E111,MCR-1.13,10
E111,vanTmL,1
E111,kasugamycin_resistance_protein_ksgA,341
E111,rpoB2,61
E111,tetA(60),33
E111,cob(I)alamin_adenolsyltransferase,301
E111,cat_chloramphenicol_acetyltransferase,9
E111,TLA-1,4
E111,rifampin_monooxygenase,46
E111,TLA-2,2
E111,TLA-3,4
E111,TEM-1,3
E111,oleB,72
E111,oleC,80
E111,antibiotic_resistance_rRNA_adenine_methyltransferase,13
E111,eptA,10
E111,tcr3,1
E111,mphA,6
E111,mphC,3
E111,mphD,1
E111,CTX-M-65,2
E111,CTX-M-24,4
E111,mphE,1
E111,CTX-M-67,2
E111,mphG,1
E111,Burkholderia_pseudomallei_Omp38,12
E111,mphI,1
E111,CTX-M-148,2
E111,LpeB,13
E111,mdtA,239
E111,mdtB,417
E111,mdtC,396
E111,mdtD,185
E111,mdtE,108
E111,mdtF,50
E111,Escherichia_coli_LamB,1
E111,mdtG,55
E111,mdtH,25
E111,Salmonella,11
E111,CatU,1
E111,mdtK,426
E111,mdtL,79
E111,mdtM,54
E111,mdtN,153
E111,mdtO,25
E111,mdtP,81
E114,OXA,172
E114,chloramphenicol_and_florfenicol_resistance,6
E114,OXA-10,6
E114,OXA-11,4
E114,bacA,346
E114,OXA-14,4
E114,chloramphenicol_exporter,20
E114,OXA-16,4
E114,OXA-17,5
E114,AER-1,1
E114,basS,28
E114,kdpE,36
E114,lsaA,1
E114,lsaC,15
E114,lsaE,24
E114,ADP-ribosylating_transferase_arr,5
E114,OXA-454,5
E114,OXA-142,3
E114,OpmB,3
E114,OpmD,2
E114,tlrB_conferring_tylosin_resistance,2
E114,OpmH,8
E114,mefA,24
E114,mefC,1
E114,puromycin_resistance_protein,3
E114,abeM,2
E114,catII,1
E114,clbA,5
E114,clbB,5
E114,clbC,7
E114,abeS,8
E114,macA,313
E114,macB,3976
E114,rphA,5
E114,rphB,8
E114,transcriptional_regulatory_protein_CpxR_cpxR,414
E114,qacG,24
E114,qacH,6
E114,vgaA,121
E114,vgaB,41
E114,AIM-1,1
E114,vgaD,31
E114,vgaE,28
E114,lnuB,3
E114,EmrB-QacA_family_major_facilitator_transporter,44
E114,lnuF,1
E114,lnuG,1
E114,rpsD_(ramA_or_sud2),1
E114,bpeF,20
E114,KPC-11,3
E114,penA,469
E114,KPC-12,1
E114,arlS,11
E114,efpA,3
E114,KPC-15,3
E114,KPC-16,6
E114,KPC-17,6
E114,THIN-B,1
E114,fosB,4
E114,ADC-12,1
E114,ADC-15,1
E114,vanHB,8
E114,cmlA,8
E114,vanTG,10
E114,ADC-17,1
E114,vanXI,1
E114,tet(42),1
E114,vanTrL,2
E114,fosX,21
E114,catA,5
E114,dfrA15b,3
E114,PBP-1A,270
E114,PBP-1B,83
E114,tet32,44
E114,tet35,1
E114,tet36,21
E114,tet39,2
E114,msrA,211
E114,msrC,151
E114,msbA,30
E114,msrE,15
E114,ampC,5
E114,CTX-M-110,2
E114,CTX-M-38,2
E114,evgS,86
E114,CTX-M-113,2
E114,RTG-4,2
E114,RTG-5,1
E114,adeA,3
E114,adeB,240
E114,adeC,20
E114,adeF,2
E114,aadA,24
E114,adeG,1
E114,adeH,2
E114,adeJ,7
E114,adeK,7
E114,BRP(MBL),1
E114,adeL,10
E114,fmtC,25
E114,TriA,3
E114,TriC,11
E114,adeR,46
E114,adeS,18
E114,TolC,333
E114,tetA(46),13
E114,ceoB,17
E114,RlmA(II),2
E114,rosA,10
E114,rosB,232
E114,opmD,4
E114,Staphylococcys,5
E114,opmE,2
E114,ompR,795
E114,salA,42
E114,GES-1,1
E114,GES-2,1
E114,GES-3,1
E114,GES-4,1
E114,GES-5,1
E114,GES-6,1
E114,GES-7,1
E114,KLUY-2,1
E114,GES-8,1
E114,GES-9,1
E114,OprA,15
E114,aadA25,1
E114,Brucella_suis_mprF,1
E114,bcr-1,14
E114,patA,33
E114,patB,2
E114,mecA,110
E114,mecB,7
E114,mecC,6
E114,mecD,5
E114,mecI,1
E114,MSI-1,1
E114,OprZ,6
E114,poxtA,50
E114,metallo-beta-lactamase,16
E114,ANT(3'')-Ii-AAC(6')-IId,4
E114,TaeA,47
E114,MexJ,6
E114,MexK,15
E114,CTX-M-5,1
E114,MexS,3
E114,MexV,5
E114,GES-10,1
E114,GES-11,1
E114,GES-12,1
E114,GES-13,1
E114,GES-14,1
E114,GES-15,1
E114,GES-16,1
E114,GES-17,1
E114,GES-18,1
E114,ereA,10
E114,GES-19,1
E114,ereB,2
E114,truncated_putative_response_regulator_ArlR,320
E114,OXA-233,5
E114,SRT-1,1
E114,bacterial_regulatory_protein_LuxR,14
E114,KPC-22,3
E114,ADC-20,1
E114,ADC-22,1
E114,cmeB,254
E114,Staphylococcus_mupA_conferring_resistance_to_mupirocin,19
E114,floR,39
E114,srmB,40
E114,cystathionine_beta-lyase_patB,24
E114,major_facilitator_superfamily_transporter,34
E114,tet41,5
E114,tet43,1
E114,golS,6
E114,tet44,10
E114,SHV-62,5
E114,MCR-1,12
E114,MCR-2,6
E114,MCR-3,7
E114,SHV-25,5
E114,MCR-4,7
E114,MCR-5,7
E114,tolC,4
E114,OXA-663,6
E114,CTX-M-84,2
E114,class_A,36
E114,LlmA_23S_ribosomal_RNA_methyltransferase,1
E114,class_B,2
E114,PBP-2X,32
E114,tlcC,47
E114,class_C,48
E114,CTX-M-48,2
E114,CTX-M-122,2
E114,linG,1
E114,CTX-M-125,2
E114,SHV-9,5
E114,cmlA1,7
E114,oprA,12
E114,OXA-74,5
E114,oprC,9
E114,cmlA4,7
E114,cmlA5,7
E114,cmlA6,7
E114,oprJ,131
E114,smeB,27
E114,smeC,19
E114,smeD,5
E114,oprM,207
E114,smeE,14
E114,oprN,170
E114,smeF,81
E114,two-component_system_response_regulator_EvgA,8
E114,baeR,67
E114,dfrA12,43
E114,baeS,31
E114,dfrA13,4
E114,dfrA14,17
E114,dfrA15,5
E114,dfrA16,2
E114,dfrA17,3
E114,TUS-1,1
E114,smeR,60
E114,smeS,47
E114,FOX,17
E114,QepA1,3
E114,QepA2,3
E114,mexA,114
E114,Rhodobacter_sphaeroides_ampC_beta-lactamase,1
E114,mexB,35
E114,mexC,12
E114,mepA,3
E114,KPC-4,3
E114,mexD,405
E114,mexE,193
E114,KPC-6,3
E114,mexF,428
E114,thiostrepton_resistance_methylase_tsnR,2
E114,KPC-8,3
E114,mexH,114
E114,KPC-9,3
E114,mexI,41
E114,AxyX,1
E114,AxyY,8
E114,abcA,1
E114,mexN,14
E114,tetB(60),11
E114,mexQ,7
E114,dfrA1,21
E114,dfrA3,9
E114,mexT,80
E114,dfrA5,2
E114,mexW,240
E114,dfrA7,1
E114,mexX,41
E114,dfrA8,6
E114,mexY,8
E114,AcrE,1
E114,AcrF,2
E114,PmrF,14
E114,PDC,8
E114,SHV-159,5
E114,cfrC,6
E114,oqxA,1
E114,oqxB,6
E114,ICR-Mc,6
E114,OKP-A,14
E114,OKP-B,10
E114,MOX,1
E114,dfrC,7
E114,GES-20,1
E114,GES,20
E114,dfrD,5
E114,GES-21,1
E114,dfrE,5
E114,GES-22,1
E114,dfrF,2
E114,GES-23,1
E114,dfrG,5
E114,GES-24,1
E114,GES-26,1
E114,arnA,226
E114,dfrK,7
E114,ACT,5
E114,OXA-240,6
E114,OXA-246,6
E114,tetA,153
E114,tetB,12
E114,tetC,6
E114,efrA,13
E114,efrB,4
E114,tetE,6
E114,lsa,317
E114,tetM,206
E114,tetO,56
E114,tetP,136
E114,tetQ,68
E114,MuxA,1
E114,tetR,125
E114,MuxB,4
E114,tetS,19
E114,MuxC,14
E114,tetT,76
E114,tetW,355
E114,cmrA,2
E114,bicyclomycin-multidrug_efflux_protein_bcr,291
E114,tetZ,1
E114,qepA,12
E114,vanRI,49
E114,carA,55
E114,myrA,2
E114,BEL,3
E114,lrfA,2
E114,Bacillus_Cluster_B_intrinsic_mph,1
E114,mecR1,1
E114,NPS-1,1
E114,AAC(6')-Ib7,4
E114,emrA,256
E114,amrB,77
E114,emrB,216
E114,CTX-M-14,2
E114,emrD,37
E114,CTX-M-130,2
E114,emrE,85
E114,CTX-M-17,2
E114,OXA-368,5
E114,emrK,69
E114,tcmA,14
E114,mdsB,13
E114,mdsC,13
E114,emrY,1
E114,HERA-1,1
E114,mel,29
E114,hp1181,8
E114,Pseudomonas_aeruginosa_emrE,5
E114,chrB,2
E114,tetA(48),66
E114,LRA,4
E114,farA,3
E114,farB,5
E114,dfrA20,8
E114,opcM,48
E114,dfrA21,8
E114,dfrA22,8
E114,MCR-1.2,12
E114,MCR-1.3,6
E114,YojI,9
E114,MCR-1.4,6
E114,dfrA25,1
E114,MCR-1.5,6
E114,MCR-1.6,6
E114,MCR-1.7,6
E114,MCR-1.8,6
E114,mtrA,88
E114,MCR-1.9,6
E114,mtrD,8
E114,mtrE,48
E114,Erm(44),1
E114,lmrC,14
E114,lmrD,15
E114,NmcR,6
E114,LCR-1,2
E114,CTX-M,15
E114,RSA-1,1
E114,bcrA,2080
E114,multidrug_ABC_transporter,1804
E114,SHV-121,5
E114,PvrR,42
E114,marA,1
E114,otrA,17
E114,PSE-1,4
E114,otrC,9
E114,arr-4,1
E114,arr-5,1
E114,Clostridium_perfringens_mprF,1
E114,arr-7,1
E114,arr-8,1
E114,PER,1
E114,Bacillus_Cluster_A_intrinsic_mph,1
E114,marR,100
E114,CARB,13
E114,aph(3')-I,1
E114,vanA,95
E114,vanB,59
E114,vanC,29
E114,vanD,131
E114,vanE,10
E114,vanG,19
E114,vanH,131
E114,vanI,6
E114,vanL,4
E114,SPG-1,1
E114,vanM,4
E114,vanN,7
E114,optrA,46
E114,OXA-251,6
E114,vanR,1711
E114,vanS,290
E114,vanT,7
E114,OXA-256,6
E114,ugd,9
E114,vanX,32
E114,SMB-1,1
E114,vanY,9
E114,acrA,114
E114,acrB,438
E114,tet(W/N/W),12
E114,acrD,8
E114,acrF,3
E114,cpxA,11
E114,tetB(46),9
E114,sul1,31
E114,sul2,134
E114,sul3,14
E114,ADC-43,1
E114,sul4,11
E114,ykkC,53
E114,ykkD,20
E114,MCR-1.10,6
E114,MCR-1.11,6
E114,MCR-1.12,6
E114,MCR-1.13,6
E114,kasugamycin_resistance_protein_ksgA,278
E114,rpoB2,28
E114,tetA(60),9
E114,cob(I)alamin_adenolsyltransferase,200
E114,rifampin_monooxygenase,1
E114,oleB,40
E114,oleC,60
E114,antibiotic_resistance_rRNA_adenine_methyltransferase,4
E114,SHV-89,5
E114,eptA,6
E114,tcr3,1
E114,Erm(37),1
E114,mphA,12
E114,mphC,6
E114,mphD,2
E114,CTX-M-24,2
E114,mphE,1
E114,CTX-M-67,2
E114,mphG,2
E114,Burkholderia_pseudomallei_Omp38,11
E114,mphI,2
E114,LpeA,2
E114,LpeB,12
E114,Rm3,1
E114,mdtA,186
E114,mdtB,419
E114,mdtC,468
E114,mdtE,14
E114,mdtF,26
E114,Salmonella,7
E114,mdtK,89
E114,mdtM,23
E114,mdtP,1
E115,aph(3'')-I,4
E115,OXA,219
E115,CMY-132,6
E115,chloramphenicol_and_florfenicol_resistance,12
E115,CMY-133,9
E115,OXA-10,6
E115,OXA-11,5
E115,bacA,571
E115,OXA-14,5
E115,chloramphenicol_exporter,58
E115,OXA-16,5
E115,OXA-17,4
E115,basS,32
E115,Type_A_NfxB,1
E115,mycinamicin-resistance_protein_myrB,2
E115,EdeQ,1
E115,kdpE,34
E115,lsaA,1
E115,lsaC,13
E115,lsaE,22
E115,ADP-ribosylating_transferase_arr,10
E115,OXA-454,6
E115,OXA-140,2
E115,OXA-142,3
E115,OpmB,3
E115,OpmD,1
E115,tlrB_conferring_tylosin_resistance,2
E115,OpmH,3
E115,mefA,108
E115,erm(36),2
E115,tet(L),4
E115,puromycin_resistance_protein,12
E115,abeM,4
E115,clbA,10
E115,clbB,13
E115,clbC,11
E115,abeS,10
E115,TEM-90,3
E115,macA,260
E115,qacA,10
E115,macB,5403
E115,qacB,29
E115,rphA,9
E115,rphB,17
E115,transcriptional_regulatory_protein_CpxR_cpxR,374
E115,qacG,33
E115,blt,1
E115,qacH,9
E115,vgaA,180
E115,vgaB,52
E115,AIM-1,1
E115,vgaD,40
E115,vgaE,35
E115,CMY-42,3
E115,CMY-44,3
E115,lnuB,3
E115,AAC(2')-Ie,1
E115,EmrB-QacA_family_major_facilitator_transporter,122
E115,TEM-215,3
E115,lnuF,1
E115,lnuG,1
E115,TEM-217,3
E115,rpsD_(ramA_or_sud2),2
E115,AAC(3)-Ib/AAC(6')-Ib'',2
E115,OXA-224,2
E115,bpeF,37
E115,penA,683
E115,arlS,21
E115,efpA,12
E115,mfpA,20
E115,KPC-16,3
E115,THIN-B,1
E115,fosB,25
E115,otr(B),4
E115,ADC-12,1
E115,ADC-13,1
E115,VatI,1
E115,vanHB,15
E115,ErmB,6
E115,ADC-16,1
E115,ErmC,2
E115,ADC-17,1
E115,vanTG,16
E115,tet(42),1
E115,vanXI,1
E115,ADC-19,1
E115,vanTrL,9
E115,TEM,21
E115,fosX,18
E115,cdeA,1
E115,catB,10
E115,ErmT,2
E115,dfrA15b,3
E115,PBP-1A,298
E115,PBP-1B,79
E115,tet32,63
E115,tet34,27
E115,tet36,25
E115,tet37,2
E115,tet39,1
E115,msrA,334
E115,msrC,244
E115,msbA,33
E115,msrE,25
E115,ampC,13
E115,CTX-M-110,4
E115,CTX-M-38,4
E115,evgS,59
E115,CTX-M-113,2
E115,adeB,137
E115,adeC,27
E115,aadA,24
E115,adeF,6
E115,adeH,4
E115,adeI,3
E115,adeJ,8
E115,adeK,7
E115,adeL,19
E115,aac(3)-I,23
E115,TriA,5
E115,ACC-5,1
E115,adeN,1
E115,TriC,9
E115,adeR,32
E115,adeS,19
E115,TolC,326
E115,vanXYL,2
E115,tetA(46),24
E115,ceoB,32
E115,RlmA(II),3
E115,rosA,30
E115,rosB,340
E115,aph(3')-IIb,4
E115,Staphylococcys,8
E115,opmD,3
E115,Staphylococcus,2
E115,ADC-2,1
E115,opmE,2
E115,ADC-3,1
E115,ADC-5,1
E115,ompF,35
E115,ADC-7,1
E115,sdiA,1
E115,ompR,758
E115,salA,33
E115,APH(6)-Id,1
E115,TEM-183,3
E115,CMX,11
E115,Erm(42),1
E115,Acinetobacter_baumannii_ampC_beta-lactamase,1
E115,KLUY-2,2
E115,TEM-106,3
E115,TEM-148,3
E115,KLUY-4,1
E115,OprA,13
E115,aadA25,1
E115,Brucella_suis_mprF,1
E115,bcr-1,9
E115,mef(B),3
E115,DNA-binding_transcriptional_regulator_gadX,8
E115,gadX,1
E115,patA,56
E115,catB3,1
E115,patB,6
E115,mecA,173
E115,mecB,6
E115,mecC,7
E115,mecD,4
E115,mecI,5
E115,aac(3)-Ib-aac(6')-Ib,1
E115,OprZ,9
E115,poxtA,73
E115,chloramphenicol_and_florfenicol_exporter,1
E115,metallo-beta-lactamase,20
E115,ANT(3'')-Ii-AAC(6')-IId,4
E115,bmr,1
E115,TaeA,78
E115,MexJ,6
E115,MexK,11
E115,MexL,2
E115,CTX-M-5,1
E115,MexS,7
E115,vatA,1
E115,vatB,8
E115,vatC,1
E115,MexV,6
E115,vatD,1
E115,vatE,4
E115,vatF,1
E115,vatG,1
E115,MexZ,1
E115,CMY-53,3
E115,CMY-12,6
E115,ermA,9
E115,ermB,25
E115,CMY-55,10
E115,ereA,20
E115,ermC,15
E115,CMY-15,6
E115,CMY-56,9
E115,ereB,4
E115,ermE,3
E115,ermF,14
E115,ermG,2
E115,ermH,1
E115,truncated_putative_response_regulator_ArlR,334
E115,OXA-233,4
E115,SRT-1,2
E115,SRT-2,4
E115,bacterial_regulatory_protein_LuxR,23
E115,efmA,1
E115,ermT,6
E115,CMY-2,6
E115,CMY-5,3
E115,tetB(48),2
E115,vanYA,2
E115,ADC-20,1
E115,ADC-21,1
E115,ADC-22,1
E115,ADC-25,1
E115,cmeB,136
E115,Staphylococcus_mupA_conferring_resistance_to_mupirocin,27
E115,floR,57
E115,srmB,63
E115,cystathionine_beta-lyase_patB,37
E115,major_facilitator_superfamily_transporter,97
E115,tet41,2
E115,tet43,5
E115,golS,13
E115,tet44,15
E115,MCR-1,16
E115,MCR-2,8
E115,MCR-3,8
E115,MCR-4,8
E115,MCR-5,8
E115,tolC,5
E115,OXA-663,6
E115,CTX-M-42,3
E115,OXA-392,2
E115,CTX-M-84,2
E115,class_A,41
E115,CTX-M-160,2
E115,PBP-2X,170
E115,tlcC,65
E115,class_C,77
E115,CTX-M-121,2
E115,CTX-M-48,2
E115,CTX-M-122,6
E115,APH(3')-Ia,1
E115,CTX-M-125,2
E115,linG,1
E115,CTX-M-126,2
E115,mdfA,27
E115,tet(59),1
E115,CMY-118,12
E115,OXA-31,2
E115,cmlA1,9
E115,oprA,2
E115,OXA-33,2
E115,OXA-74,4
E115,oprC,12
E115,cmlA4,8
E115,cmlA5,9
E115,cmlA6,9
E115,oprJ,106
E115,smeB,15
E115,smeC,15
E115,smeD,1
E115,oprM,162
E115,smeE,13
E115,oprN,106
E115,smeF,62
E115,two-component_system_response_regulator_EvgA,7
E115,baeR,49
E115,dfrA12,78
E115,baeS,52
E115,dfrA13,4
E115,dfrA14,10
E115,dfrA15,3
E115,dfrA17,8
E115,CRP,5
E115,smeR,40
E115,smeS,48
E115,TEM-110,3
E115,TEM-196,3
E115,TEM-156,1
E115,QepA1,10
E115,CfxA2,11
E115,QepA2,10
E115,CfxA3,1
E115,mexA,53
E115,mexB,67
E115,CfxA6,1
E115,mexC,19
E115,mepA,143
E115,mexD,188
E115,mexE,172
E115,mexF,290
E115,erm(34),1
E115,mexH,67
E115,mexI,25
E115,AxyY,1
E115,abcA,1
E115,mexM,1
E115,mexN,10
E115,tetB(60),21
E115,mexQ,7
E115,dfrA1,21
E115,dfrA3,12
E115,mexT,109
E115,dfrA5,5
E115,VEB-1b,1
E115,dfrA7,4
E115,mexW,140
E115,mexX,40
E115,dfrA8,7
E115,AcrE,2
E115,AcrF,2
E115,PmrF,8
E115,cfrC,12
E115,oqxA,3
E115,oqxB,9
E115,AcrS,2
E115,ICR-Mc,8
E115,MOX,15
E115,Moraxella_catarrhalis_M35,2
E115,ramA,2
E115,dfrC,8
E115,dfrD,7
E115,dfrE,5
E115,dfrF,3
E115,dfrG,6
E115,CMY-61,4
E115,CMY-21,3
E115,CMY-63,3
E115,CMY-22,1
E115,arnA,431
E115,dfrK,8
E115,CMY-25,1
E115,CMY-69,3
E115,RbpA,3
E115,CMY-29,3
E115,OXA-240,6
E115,SME-1,1
E115,SME-2,1
E115,SME-3,1
E115,SME-4,1
E115,OXA-246,6
E115,SME-5,1
E115,tetA,123
E115,tetB,49
E115,tetC,4
E115,tetD,4
E115,efrA,26
E115,efrB,24
E115,lsa,556
E115,tetL,24
E115,tetM,254
E115,tetO,134
E115,tetP,138
E115,tetQ,124
E115,MuxA,1
E115,tetR,128
E115,MuxB,8
E115,tetS,25
E115,MuxC,16
E115,tetT,72
E115,tetV,14
E115,tetW,628
E115,ADC-75,1
E115,cmrA,6
E115,ADC-76,1
E115,ADC-77,1
E115,bicyclomycin-multidrug_efflux_protein_bcr,322
E115,ADC-78,1
E115,ADC-79,1
E115,ADC-39,1
E115,qepA,41
E115,vanRI,60
E115,Serratia_marcescens_Omp1,2
E115,Klebsiella_pneumoniae_OmpK36,1
E115,Klebsiella_pneumoniae_OmpK37,1
E115,KPC,1
E115,porin_OmpC,1
E115,carA,84
E115,DNA-binding_protein_H-NS,4
E115,carO,2
E115,myrA,4
E115,hmrM,3
E115,lrfA,12
E115,Bacillus_Cluster_B_intrinsic_mph,1
E115,APH(3')-IIa,1
E115,cAMP-regulatory_protein,90
E115,mecR1,1
E115,NPS-1,1
E115,OXA-320,2
E115,emrA,199
E115,emrB,481
E115,CTX-M-14,2
E115,emrD,29
E115,CTX-M-130,4
E115,emrE,145
E115,CTX-M-99,2
E115,CTX-M-58,3
E115,CTX-M-17,4
E115,CTX-M-19,2
E115,OXA-368,4
E115,CTX-M-134,2
E115,tcmA,101
E115,mdsB,6
E115,mdsC,10
E115,emrR,1
E115,VEB-1,2
E115,VEB-2,2
E115,VEB-3,1
E115,VEB-4,1
E115,VEB-5,1
E115,emrY,7
E115,VEB-6,1
E115,VEB-7,1
E115,VEB-8,1
E115,VEB-9,1
E115,mel,36
E115,hp1181,6
E115,Pseudomonas_aeruginosa_emrE,10
E115,chrB,4
E115,tetA(48),72
E115,LRA,4
E115,farA,3
E115,farB,5
E115,AQU-1,2
E115,OXA-47,2
E115,MdtK,1
E115,dfrA20,6
E115,opcM,47
E115,dfrA21,9
E115,dfrA22,10
E115,MCR-1.2,16
E115,MCR-1.3,8
E115,MCR-1.4,8
E115,dfrA24,1
E115,YojI,15
E115,MCR-1.5,8
E115,dfrA25,3
E115,MCR-1.6,8
E115,MCR-1.7,8
E115,MCR-1.8,8
E115,MCR-1.9,8
E115,dfrA29,3
E115,mtrA,85
E115,blaR1,4
E115,mtrC,1
E115,mtrD,6
E115,mtrE,143
E115,lmrA,14
E115,lmrB,27
E115,Erm(44),2
E115,lmrC,44
E115,lmrD,49
E115,NmcR,12
E115,LCR-1,2
E115,mtrR,34
E115,lmrP,1
E115,CTX-M,32
E115,erm(35),1
E115,blaI,2
E115,bcrA,2758
E115,bcrC,2
E115,tap,2
E115,tet(K),5
E115,multidrug_ABC_transporter,3243
E115,omp36,5
E115,PvrR,41
E115,cipA,4
E115,marA,1
E115,otrA,23
E115,otrC,17
E115,arr-4,2
E115,arr-5,2
E115,arr-7,2
E115,arr-8,2
E115,PER,1
E115,marR,174
E115,CARB,3
E115,aph(6)-I,32
E115,aph(3')-I,14
E115,vanA,92
E115,vanB,129
E115,vanC,76
E115,vanD,250
E115,vanE,17
E115,vanG,49
E115,vanH,288
E115,FosB1,2
E115,vanI,14
E115,FosB3,2
E115,FosB4,2
E115,aph(3')-V,3
E115,vanL,6
E115,FosB5,2
E115,vanM,3
E115,FosB6,2
E115,vanN,7
E115,CMY-38,6
E115,optrA,74
E115,OXA-251,6
E115,vanR,2010
E115,vanS,630
E115,vanT,52
E115,vanU,1
E115,OXA-256,6
E115,vanW,21
E115,ugd,7
E115,vanX,23
E115,SMB-1,1
E115,vanY,44
E115,OXA-1,2
E115,vanZ,3
E115,OXA-4,2
E115,acrA,149
E115,acrB,447
E115,tet(W/N/W),13
E115,acrD,3
E115,acrF,3
E115,norB,18
E115,cpxA,30
E115,ADC-80,1
E115,tetB(46),22
E115,sul1,35
E115,ADC-41,1
E115,sul2,342
E115,ADC-42,1
E115,sul3,25
E115,ADC-43,1
E115,sul4,20
E115,ykkC,32
E115,ADC-44,1
E115,ykkD,19
E115,MCR-1.10,8
E115,MCR-1.11,8
E115,vanWI,2
E115,MCR-1.12,8
E115,MCR-1.13,8
E115,kasugamycin_resistance_protein_ksgA,386
E115,rpoB2,36
E115,tetA(60),18
E115,cob(I)alamin_adenolsyltransferase,126
E115,cat_chloramphenicol_acetyltransferase,1
E115,TLA-1,1
E115,rifampin_monooxygenase,135
E115,TLA-3,1
E115,oleB,57
E115,oleC,49
E115,BahA,1
E115,antibiotic_resistance_rRNA_adenine_methyltransferase,9
E115,eptA,9
E115,mphA,6
E115,tcr3,5
E115,CTX-M-62,3
E115,mphC,3
E115,CTX-M-23,3
E115,mphD,1
E115,CTX-M-65,2
E115,CTX-M-24,4
E115,mphE,1
E115,CTX-M-67,4
E115,mphG,1
E115,CTX-M-68,3
E115,Burkholderia_pseudomallei_Omp38,9
E115,mphI,1
E115,CTX-M-148,2
E115,LpeB,8
E115,Rm3,1
E115,mdtA,199
E115,mdtB,312
E115,mdtC,372
E115,mdtD,156
E115,mdtE,44
E115,mdtF,124
E115,mdtG,25
E115,Escherichia_coli_LamB,1
E115,mdtH,52
E115,Salmonella,7
E115,mdtK,278
E115,mdtL,79
E115,aac(2')-I,8
E115,mdtM,25
E115,mdtN,50
E115,mdtP,81
E117,lrfA,3
E117,class_C,30
E117,tetB(60),5
E117,bcr-1,3
E117,dfrA29,6
E117,Erm(42),1
E117,Rhodobacter_sphaeroides_ampC_beta-lactamase,1
E117,tlcC,16
E117,SHV-62,5
E117,Staphylococcus,1
E117,lnuC,1
E117,lnuD,1
E117,vanTrL,2
E117,mdtA,25
E117,emrA,82
E117,mdtB,178
E117,emrB,147
E117,qacG,4
E117,arr-4,1
E117,mdtC,185
E117,qacH,1
E117,arr-5,1
E117,mdtD,17
E117,SHV-159,5
E117,cpxA,5
E117,patA,8
E117,mdtE,5
E117,MCR-1.2,6
E117,emrE,23
E117,MCR-1.3,3
E117,arr-7,1
E117,mdtF,5
E117,EmrB-QacA_family_major_facilitator_transporter,25
E117,MCR-1.4,3
E117,arr-8,1
E117,MCR-1.5,3
E117,MCR-1.6,3
E117,baeR,16
E117,poxtA,18
E117,MCR-1.7,3
E117,otr(B),1
E117,tet41,3
E117,baeS,19
E117,MCR-1.10,3
E117,MCR-1.8,3
E117,NmcR,1
E117,emrK,17
E117,mdtK,26
E117,SHV-89,5
E117,MCR-1.9,3
E117,MCR-1.11,3
E117,tet43,1
E117,mel,11
E117,MCR-1.12,3
E117,mdtM,1
E117,tet44,7
E117,Pseudomonas_aeruginosa_emrE,1
E117,MCR-1.13,3
E117,bcrA,633
E117,aph(6)-I,4
E117,vanYA,2
E117,mdtP,50
E117,kasugamycin_resistance_protein_ksgA,78
E117,PBP-1A,59
E117,cat_chloramphenicol_acetyltransferase,1
E117,vanA,10
E117,PBP-1B,20
E117,vanB,21
E117,vanC,7
E117,bpeF,7
E117,vanD,51
E117,vanE,4
E117,vanHB,3
E117,lsa,34
E117,lmrC,5
E117,vanH,67
E117,lmrD,6
E117,vanI,2
E117,HERA-1,1
E117,cmrA,2
E117,vanL,1
E117,golS,5
E117,vanM,1
E117,floR,3
E117,tet(59),1
E117,tcmA,3
E117,mecA,26
E117,farA,1
E117,kdpE,7
E117,msrA,74
E117,ACT,9
E117,Burkholderia_pseudomallei_Omp38,5
E117,farB,3
E117,mecB,2
E117,vanR,538
E117,otrA,4
E117,msrC,63
E117,vanS,342
E117,rifampin_monooxygenase,15
E117,vanT,3
E117,otrC,3
E117,msrE,7
E117,dfrA2d,2
E117,vanW,15
E117,vanX,1
E117,Laribacter_hongkongensis_ampC_beta-lactamase,1
E117,vanY,21
E117,vatE,4
E117,evgS,35
E117,acrA,31
E117,ykkC,18
E117,vatG,1
E117,cob(I)alamin_adenolsyltransferase,75
E117,mexB,14
E117,smeB,6
E117,ykkD,9
E117,acrB,45
E117,mexC,11
E117,smeC,2
E117,cmeB,25
E117,mexD,160
E117,smeE,3
E117,dfrA12,55
E117,MCR-1,6
E117,mexE,41
E117,smeF,12
E117,dfrA13,3
E117,dfrA1,25
E117,MCR-2,2
E117,mexF,140
E117,tolC,1
E117,RTG-4,2
E117,tetA,50
E117,dfrA14,29
E117,MCR-3,3
E117,salA,13
E117,SHV-121,5
E117,RTG-5,1
E117,oprA,7
E117,VatI,2
E117,dfrA15,8
E117,dfrA3,7
E117,tetB,2
E117,MCR-4,3
E117,rosA,10
E117,tetC,2
E117,mexI,11
E117,rosB,47
E117,MCR-5,2
E117,abeS,1
E117,dfrA17,3
E117,dfrA5,6
E117,truncated_putative_response_regulator_ArlR,122
E117,oprC,5
E117,tetE,1
E117,DHA,3
E117,TolC,55
E117,blt,1
E117,dfrA7,3
E117,OprA,5
E117,major_facilitator_superfamily_transporter,23
E117,dfrA8,2
E117,tetH,9
E117,MexJ,1
E117,mexN,5
E117,MexK,3
E117,aph(4)-I,1
E117,mexP,1
E117,tetJ,7
E117,mexQ,1
E117,efrA,4
E117,basS,27
E117,oprJ,45
E117,tetL,1
E117,ermA,1
E117,efrB,3
E117,smeR,16
E117,mdsA,1
E117,tetM,110
E117,mtrA,47
E117,smeS,32
E117,Staphylococcus_mupA_conferring_resistance_to_mupirocin,12
E117,ermC,18
E117,mdsB,4
E117,oprM,36
E117,mexT,26
E117,Erm(43),1
E117,TriC,2
E117,mdsC,2
E117,mtrC,1
E117,oprN,50
E117,tetO,32
E117,vanRI,13
E117,macA,35
E117,mtrD,3
E117,ampC,7
E117,tetA(46),4
E117,tetP,37
E117,ErmB,2
E117,mtrE,6
E117,mexW,51
E117,tetQ,31
E117,MexS,1
E117,macB,1262
E117,ErmC,1
E117,ermG,4
E117,mexX,14
E117,tetR,50
E117,mexY,6
E117,tetS,5
E117,arnA,75
E117,MexV,1
E117,tetT,23
E117,vanTG,2
E117,clbA,1
E117,lsaE,3
E117,amrB,44
E117,ICR-Mc,3
E117,AAC(3)-Ib/AAC(6')-Ib'',2
E117,clbB,1
E117,tetW,96
E117,tet32,22
E117,tetA(48),21
E117,clbC,2
E117,multidrug_ABC_transporter,650
E117,carA,16
E117,opcM,45
E117,dfrC,8
E117,dfrD,3
E117,SRT-1,1
E117,tet36,7
E117,SRT-2,2
E117,dfrE,5
E117,vgaA,63
E117,Erm(47),1
E117,bacterial_regulatory_protein_LuxR,6
E117,vgaB,12
E117,dfrF,5
E117,tet(K),3
E117,tet39,2
E117,dfrG,3
E117,OprZ,2
E117,vgaD,12
E117,arlS,6
E117,TaeA,19
E117,catA,5
E117,catB,17
E117,vgaE,14
E117,transcriptional_regulatory_protein_CpxR_cpxR,153
E117,dfrK,2
E117,ErmT,1
E117,AER-1,1
E117,chloramphenicol_and_florfenicol_resistance,2
E117,ermX,12
E117,antibiotic_resistance_rRNA_adenine_methyltransferase,1
E117,tetB(46),4
E117,oleB,15
E117,CARB,13
E117,oleC,20
E117,srmB,13
E117,cfrC,2
E117,sul3,2
E117,ErmX,1
E117,dfrA15b,4
E117,sul4,1
E117,Erm(30),1
E117,PmrF,3
E117,catII,1
E117,aac(3)-I,23
E117,adeB,25
E117,tetB(48),2
E117,adeC,6
E117,eptA,2
E117,AxyY,3
E117,penA,163
E117,adeH,2
E117,aac(3)-Ib-aac(6')-Ib,1
E117,adeJ,6
E117,tcr3,1
E117,tet(W/N/W),2
E117,adeK,3
E117,PvrR,24
E117,tetA(60),6
E117,oqxB,4
E117,adeL,10
E117,rpoB2,17
E117,ompR,249
E117,rphA,3
E117,msbA,13
E117,rphB,4
E117,PSE-1,4
E117,bicyclomycin-multidrug_efflux_protein_bcr,46
E117,adeR,9
E117,catB3,1
E117,OpmH,2
E117,adeS,7
E117,ugd,1
E117,ADP-ribosylating_transferase_arr,5
E117,ceoB,7
E117,puromycin_resistance_protein,2
E117,optrA,17
E117,dfrA20,3
E117,LpeB,5
E117,bacA,175
E117,dfrA21,5
E117,SHV-25,5
E117,dfrA22,5
E117,chloramphenicol_exporter,21
E117,MuxB,6
E117,dfrA24,1
E117,MuxC,7
E117,catB10,1
E117,dfrB2,4
E117,class_A,3
E117,dfrA25,8
E117,dfrB3,2
E121,aph(3'')-I,4
E121,OXA,228
E121,CMY-132,3
E121,chloramphenicol_and_florfenicol_resistance,14
E121,CMY-133,6
E121,OXA-10,10
E121,OXA-11,8
E121,bacA,665
E121,OXA-14,10
E121,chloramphenicol_exporter,92
E121,OXA-16,10
E121,OXA-17,6
E121,AER-1,1
E121,ANT(2'')-Ia,1
E121,basS,36
E121,mycinamicin-resistance_protein_myrB,2
E121,kdpE,39
E121,lsaA,1
E121,lsaC,20
E121,lsaE,21
E121,ADP-ribosylating_transferase_arr,5
E121,OXA-454,10
E121,OXA-140,4
E121,OXA-142,6
E121,OpmB,3
E121,OpmD,2
E121,tlrB_conferring_tylosin_resistance,1
E121,mefA,183
E121,erm(36),2
E121,mefC,3
E121,mefE,1
E121,tet(L),2
E121,puromycin_resistance_protein,1
E121,abeM,1
E121,catII,2
E121,clbA,12
E121,clbB,10
E121,clbC,15
E121,abeS,5
E121,macA,275
E121,macB,7248
E121,rphA,5
E121,rphB,8
E121,transcriptional_regulatory_protein_CpxR_cpxR,486
E121,qacG,17
E121,qacH,5
E121,Vibrio_cholerae_varG,1
E121,VIM-11,1
E121,VIM-14,1
E121,vgaA,252
E121,VIM-15,1
E121,vgaB,48
E121,VIM-16,1
E121,VIM-17,1
E121,vgaD,53
E121,vgaE,64
E121,VIM-19,1
E121,viomycin_phosphotransferase,6
E121,CMY-40,6
E121,CMY-42,3
E121,lnuA,9
E121,lnuB,6
E121,lnuC,2
E121,CMY-46,3
E121,lnuD,3
E121,lnuE,1
E121,EmrB-QacA_family_major_facilitator_transporter,96
E121,lnuF,1
E121,lnuG,2
E121,VIM-1,1
E121,VIM-2,1
E121,VIM-4,1
E121,OXA-224,8
E121,bpeF,70
E121,KPC-11,3
E121,penA,717
E121,KPC-12,3
E121,efpA,2
E121,arlS,40
E121,KPC-17,3
E121,plasmid-encoded,1
E121,otr(B),1
E121,Listeria_monocytogenes_mprF,1
E121,VatI,6
E121,cmlA,12
E121,vanHB,21
E121,ErmB,4
E121,ErmC,2
E121,vanTG,22
E121,tet(42),1
E121,vanTrL,16
E121,cdeA,22
E121,BIL-1,3
E121,catA,27
E121,catB,70
E121,ErmT,3
E121,ErmX,1
E121,catI,1
E121,QnrC,1
E121,dfrA15b,6
E121,catQ,1
E121,PBP-1A,370
E121,PBP-1B,98
E121,tet32,63
E121,tet34,18
E121,tet35,8
E121,tet36,28
E121,tet37,9
E121,tet39,1
E121,msrA,399
E121,msrC,223
E121,msbA,62
E121,msrE,36
E121,ampC,9
E121,Escherichia_coli_mdfA,1
E121,CTX-M-111,2
E121,evgS,128
E121,RTG-4,2
E121,RTG-5,1
E121,adeA,12
E121,adeB,238
E121,adeC,34
E121,aadA,24
E121,adeF,9
E121,aadB,1
E121,adeG,1
E121,adeH,7
E121,adeI,6
E121,adeJ,6
E121,aadE,9
E121,adeK,12
E121,adeL,13
E121,fmtC,22
E121,TriA,1
E121,TriC,9
E121,aadK,46
E121,adeR,52
E121,adeS,30
E121,TolC,130
E121,vanXYL,5
E121,CMY-102,3
E121,tetA(46),48
E121,catB10,3
E121,CMY-108,6
E121,ceoB,56
E121,RlmA(II),2
E121,rosA,110
E121,rosB,396
E121,aph(3')-IIb,4
E121,Staphylococcys,6
E121,opmD,4
E121,Staphylococcus,3
E121,opmE,4
E121,KHM-1,1
E121,ompF,129
E121,ADC-8,1
E121,sdiA,27
E121,ompR,1116
E121,salA,54
E121,APH(6)-Id,1
E121,CMX,26
E121,Erm(42),1
E121,OprA,15
E121,Brucella_suis_mprF,1
E121,aadA25,1
E121,bcr-1,3
E121,mef(B),4
E121,sdeY,1
E121,Vibrio_cholerae_OmpU,1
E121,DNA-binding_transcriptional_regulator_gadX,24
E121,vanYG1,1
E121,gadW,2
E121,gadX,3
E121,patA,60
E121,catB3,7
E121,patB,24
E121,mecA,273
E121,mecB,6
E121,mecC,11
E121,mecD,7
E121,mecI,3
E121,OprZ,6
E121,AAC(6')-Ie-APH(2'')-Ia,3
E121,poxtA,84
E121,metallo-beta-lactamase,11
E121,chloramphenicol_and_florfenicol_exporter,1
E121,VIM,9
E121,ANT(3'')-Ii-AAC(6')-IId,4
E121,APH(2'')-If,1
E121,bmr,1
E121,QnrS1,1
E121,catIII,2
E121,QnrS2,1
E121,QnrS3,2
E121,QnrS4,1
E121,QnrS5,1
E121,QnrS6,2
E121,TaeA,91
E121,QnrS7,2
E121,QnrS8,2
E121,VIM-20,1
E121,QnrS9,2
E121,MexJ,5
E121,MexK,19
E121,VIM-23,1
E121,VIM-26,1
E121,VIM-27,1
E121,VIM-28,1
E121,VIM-29,1
E121,vatA,1
E121,MexS,2
E121,vatB,43
E121,vatC,7
E121,vatD,1
E121,MexV,6
E121,vatE,28
E121,vatF,2
E121,vatG,7
E121,MexZ,1
E121,CMY-12,6
E121,CMY-53,3
E121,ermA,10
E121,CMY-13,3
E121,ermB,9
E121,ermC,18
E121,ereA,20
E121,ereB,4
E121,ermE,6
E121,ermF,7
E121,ermG,12
E121,Mrx,1
E121,truncated_putative_response_regulator_ArlR,438
E121,OXA-233,4
E121,SRT-1,1
E121,SRT-2,2
E121,bacterial_regulatory_protein_LuxR,17
E121,KPC-24,3
E121,efmA,3
E121,ermT,9
E121,ermX,12
E121,vanYA,4
E121,cmeA,20
E121,cmeB,732
E121,cmeC,1
E121,qnrS,9
E121,Staphylococcus_mupA_conferring_resistance_to_mupirocin,48
E121,floR,42
E121,srmB,87
E121,ant(2'')-I,3
E121,cystathionine_beta-lyase_patB,287
E121,major_facilitator_superfamily_transporter,74
E121,tet40,3
E121,NMC-A,1
E121,tet41,1
E121,tet43,1
E121,golS,6
E121,tet44,20
E121,MCR-1,18
E121,MCR-2,9
E121,MCR-3,10
E121,MCR-4,10
E121,MCR-5,13
E121,tolC,3
E121,OXA-663,10
E121,CTX-M-43,1
E121,CTX-M-84,2
E121,OXA-392,4
E121,class_A,95
E121,LlmA_23S_ribosomal_RNA_methyltransferase,8
E121,class_B,1
E121,PBP-2X,184
E121,tlcC,86
E121,class_C,65
E121,CTX-M-121,2
E121,APH(3')-Ia,1
E121,linG,1
E121,CTX-M-129,2
E121,mdfA,25
E121,aac(6')-I,1
E121,tet(59),1
E121,CMY-118,10
E121,cmlA1,7
E121,OXA-31,8
E121,oprA,9
E121,OXA-74,5
E121,OXA-33,6
E121,oprC,19
E121,cmlA4,7
E121,ANT(6)-Ia,3
E121,cmlA5,7
E121,cmlA6,7
E121,AAC(6')-34,1
E121,oprJ,126
E121,smeC,8
E121,smeD,2
E121,oprM,206
E121,smeE,15
E121,oprN,56
E121,smeF,63
E121,two-component_system_response_regulator_EvgA,5
E121,baeR,69
E121,dfrA12,152
E121,baeS,83
E121,dfrA13,8
E121,dfrA14,30
E121,dfrA15,11
E121,dfrA16,4
E121,dfrA17,10
E121,CRP,3
E121,smeR,61
E121,smeS,63
E121,TMB-1,1
E121,TMB-2,1
E121,QepA1,2
E121,CfxA2,74
E121,QepA2,2
E121,CfxA3,6
E121,KPC-1,3
E121,mexA,57
E121,mexB,99
E121,KPC-3,3
E121,CfxA6,8
E121,mexC,26
E121,mepA,486
E121,mexD,189
E121,KPC-5,3
E121,mexE,418
E121,KPC-6,3
E121,mexF,883
E121,KPC-7,1
E121,erm(34),1
E121,mexG,2
E121,thiostrepton_resistance_methylase_tsnR,1
E121,mexH,24
E121,mexI,19
E121,abcA,1
E121,AxyY,5
E121,mexM,1
E121,mexN,7
E121,tetB(60),55
E121,mexP,3
E121,mexQ,2
E121,dfrA1,26
E121,dfrA3,19
E121,mexT,51
E121,dfrA5,15
E121,dfrA7,5
E121,mexW,206
E121,VEB-1b,9
E121,mexX,140
E121,dfrA8,9
E121,mexY,12
E121,AcrE,1
E121,AcrF,3
E121,PmrF,24
E121,cfrC,14
E121,oqxA,7
E121,oqxB,9
E121,AcrS,4
E121,ICR-Mc,11
E121,VIM-30,1
E121,VIM-31,1
E121,VIM-32,1
E121,VIM-33,1
E121,VIM-34,1
E121,VIM-35,1
E121,MOX,6
E121,VIM-37,1
E121,VIM-39,1
E121,ramA,2
E121,dfrC,22
E121,dfrD,14
E121,dfrE,14
E121,dfrF,11
E121,dfrG,13
E121,CMY-61,3
E121,CMY-20,6
E121,CMY-21,6
E121,CMY-63,6
E121,Escherichia_coli_mipA,1
E121,arnA,608
E121,CMY-23,3
E121,CMY-64,6
E121,dfrK,13
E121,CMY-28,2
E121,RbpA,1
E121,CMY-29,6
E121,OXA-240,9
E121,SME-1,1
E121,SME-2,1
E121,SME-3,1
E121,SME-4,1
E121,OXA-246,9
E121,SME-5,1
E121,tetA,78
E121,tetB,65
E121,tetC,2
E121,efrA,63
E121,tetD,9
E121,tetE,6
E121,efrB,37
E121,tetG,3
E121,tetH,5
E121,lsa,800
E121,tetJ,1
E121,tetL,16
E121,tetM,562
E121,tetO,260
E121,tetP,163
E121,tetQ,185
E121,tetR,18
E121,QnrS10,1
E121,MuxB,7
E121,tetS,47
E121,QnrS11,1
E121,MuxC,8
E121,tetT,98
E121,QnrS12,1
E121,tetW,677
E121,QnrS15,1
E121,tetX,25
E121,Bacillus_subtilis_mprF,1
E121,cmrA,14
E121,bicyclomycin-multidrug_efflux_protein_bcr,126
E121,tet(40),1
E121,qepA,8
E121,vanRI,111
E121,Serratia_marcescens_Omp1,6
E121,Klebsiella_pneumoniae_OmpK35,1
E121,Klebsiella_pneumoniae_OmpK36,5
E121,Klebsiella_pneumoniae_OmpK37,4
E121,Streptococcus_agalactiae_mprF,1
E121,KPC,19
E121,porin_OmpC,3
E121,CFE-1,1
E121,carA,110
E121,DNA-binding_protein_H-NS,20
E121,myrA,2
E121,hmrM,7
E121,lrfA,1
E121,Bacillus_Cluster_B_intrinsic_mph,1
E121,APH(3')-IIa,1
E121,cAMP-regulatory_protein,54
E121,mecR1,92
E121,CTX-M-50,1
E121,CTX-M-93,2
E121,OXA-320,7
E121,emrA,204
E121,amrB,49
E121,emrB,291
E121,emrD,75
E121,CTX-M-16,2
E121,CTX-M-98,2
E121,emrE,74
E121,CTX-M-131,1
E121,OXA-368,5
E121,CTX-M-134,2
E121,emrK,46
E121,tcmA,10
E121,mdsA,4
E121,mdsB,13
E121,mdsC,12
E121,emrR,1
E121,VEB-1,18
E121,VEB-2,11
E121,VEB-3,9
E121,VEB-4,7
E121,emrY,2
E121,VEB-5,7
E121,VEB-6,7
E121,VEB-7,10
E121,VEB-8,7
E121,VEB-9,6
E121,mel,47
E121,hp1181,3
E121,aad(6),3
E121,Pseudomonas_aeruginosa_emrE,4
E121,chrB,2
E121,tetA(48),100
E121,LRA,2
E121,farA,2
E121,farB,3
E121,OCH,4
E121,OXA-47,4
E121,MdtK,5
E121,dfrA20,15
E121,opcM,133
E121,dfrA21,10
E121,dfrA22,14
E121,MCR-1.2,18
E121,MCR-1.3,9
E121,MCR-1.4,9
E121,dfrA24,1
E121,YojI,29
E121,MCR-1.5,9
E121,dfrA25,8
E121,MCR-1.6,9
E121,MCR-1.7,9
E121,MCR-1.8,9
E121,MCR-1.9,9
E121,dfrA29,6
E121,mtrA,111
E121,blaR1,12
E121,mtrC,1
E121,mtrD,5
E121,mtrE,219
E121,lmrA,1
E121,lmrB,42
E121,Erm(44),2
E121,lmrC,81
E121,lmrD,65
E121,NmcR,4
E121,LCR-1,1
E121,mtrR,50
E121,pgpB,1
E121,lmrP,2
E121,blaI,4
E121,RSA-2,1
E121,bcrA,3569
E121,bcrC,2
E121,tet(K),5
E121,dfrB1,3
E121,dfrB2,2
E121,dfrB3,1
E121,multidrug_ABC_transporter,4448
E121,dfrB6,1
E121,dfrA2d,5
E121,omp36,15
E121,PvrR,15
E121,cipA,5
E121,marA,2
E121,otrA,18
E121,otrC,19
E121,arr-4,1
E121,ccrA,1
E121,arr-5,1
E121,arr-7,1
E121,arr-8,1
E121,QnrA1,1
E121,QnrA2,1
E121,PER,34
E121,QnrA3,1
E121,Bacillus_Cluster_A_intrinsic_mph,1
E121,QnrA4,1
E121,marR,50
E121,QnrA5,1
E121,QnrA6,1
E121,VIM-42,1
E121,QnrA7,1
E121,VIM-43,1
E121,CARB,5
E121,aph(6)-I,25
E121,aph(3')-I,13
E121,vanA,154
E121,vanB,155
E121,vanC,87
E121,vanD,329
E121,vanE,39
E121,vanG,106
E121,vanH,533
E121,vanI,12
E121,aph(2'')-II,2
E121,CMY-34,3
E121,CMY-35,1
E121,aph(3')-V,3
E121,vanL,10
E121,CMY-77,3
E121,vanM,6
E121,vanN,18
E121,optrA,102
E121,OXA-251,9
E121,vanR,3396
E121,vanS,1283
E121,vanT,66
E121,vanU,7
E121,OXA-256,9
E121,ugd,11
E121,vanX,22
E121,vanY,136
E121,OXA-1,6
E121,vanZ,4
E121,OXA-4,8
E121,acrA,165
E121,acrB,341
E121,QnrVC1,1
E121,tet(W/N/W),16
E121,acrD,6
E121,QnrVC3,1
E121,QnrVC4,1
E121,acrF,7
E121,QnrVC5,1
E121,QnrVC6,1
E121,QnrVC7,1
E121,norB,18
E121,cpxA,32
E121,tetB(46),37
E121,sul1,31
E121,sul2,207
E121,sul3,21
E121,sul4,19
E121,ykkC,107
E121,ykkD,46
E121,MCR-1.10,10
E121,MCR-1.11,9
E121,vanWI,1
E121,MCR-1.12,9
E121,MCR-1.13,9
E121,vanTmL,1
E121,vanKI,1
E121,kasugamycin_resistance_protein_ksgA,267
E121,rpoB2,51
E121,tetA(60),29
E121,cob(I)alamin_adenolsyltransferase,225
E121,cat_chloramphenicol_acetyltransferase,16
E121,TLA-1,7
E121,rifampin_monooxygenase,3
E121,bifunctional_aminoglycoside_N-acetyltransferase_and_aminoglycoside_phosphotransferase,2
E121,TLA-2,5
E121,TLA-3,7
E121,oleB,85
E121,oleC,74
E121,antibiotic_resistance_rRNA_adenine_methyltransferase,13
E121,eptA,17
E121,mphA,12
E121,mphB,1
E121,mphC,3
E121,mphD,2
E121,mphE,1
E121,mphG,2
E121,CTX-M-27,2
E121,Burkholderia_pseudomallei_Omp38,2
E121,mphI,1
E121,CTX-M-102,2
E121,CTX-M-105,2
E121,LpeA,1
E121,LpeB,19
E121,mdtA,156
E121,mdtB,367
E121,mdtC,330
E121,mdtD,119
E121,mdtE,158
E121,mdtF,69
E121,Escherichia_coli_LamB,2
E121,mdtG,76
E121,mdtH,36
E121,Salmonella,4
E121,CatU,1
E121,mdtK,232
E121,mdtL,75
E121,mdtM,50
E121,mdtN,153
E121,mdtO,25
E121,mdtP,124
E124,OXA,91
E124,chloramphenicol_and_florfenicol_resistance,4
E124,OXA-10,3
E124,OXA-11,2
E124,bacA,208
E124,OXA-14,2
E124,chloramphenicol_exporter,46
E124,OXA-16,3
E124,OXA-17,2
E124,AER-1,1
E124,basS,27
E124,kdpE,23
E124,lsaC,12
E124,lsaE,14
E124,OXA-454,3
E124,OXA-140,2
E124,OXA-142,2
E124,OpmB,2
E124,mefA,9
E124,mefC,1
E124,tet(L),10
E124,puromycin_resistance_protein,7
E124,catII,2
E124,tet(38),2
E124,clbA,6
E124,clbB,6
E124,clbC,5
E124,abeS,2
E124,macA,192
E124,qacA,14
E124,macB,3128
E124,qacB,48
E124,rphA,4
E124,rphB,9
E124,transcriptional_regulatory_protein_CpxR_cpxR,206
E124,qacG,4
E124,blt,1
E124,qacH,1
E124,vgaA,112
E124,vgaB,27
E124,vgaD,24
E124,vgaE,30
E124,lnuB,6
E124,CMY-46,3
E124,AAC(2')-Ie,2
E124,EmrB-QacA_family_major_facilitator_transporter,51
E124,lnuF,2
E124,lnuG,2
E124,rpsD_(ramA_or_sud2),1
E124,OXA-224,4
E124,bpeE,2
E124,bpeF,11
E124,penA,294
E124,arlS,12
E124,efpA,6
E124,otr(B),1
E124,VatI,6
E124,vanHB,4
E124,cmlA,8
E124,vanTG,10
E124,vanXI,2
E124,tet(42),1
E124,ADC-18,1
E124,vanTrL,9
E124,catA,10
E124,catB,50
E124,dfrA15b,3
E124,PBP-1A,163
E124,PBP-1B,53
E124,tet32,25
E124,tet36,10
E124,tet39,6
E124,msrA,185
E124,msrC,137
E124,msbA,12
E124,msrE,16
E124,CTX-M-31,1
E124,Erm(30),1
E124,CTX-M-74,1
E124,CTX-M-75,1
E124,CTX-M-35,1
E124,CTX-M-76,1
E124,ampC,5
E124,CTX-M-77,1
E124,CTX-M-37,3
E124,CTX-M-38,4
E124,CTX-M-111,2
E124,CTX-M-112,2
E124,evgS,51
E124,CTX-M-115,1
E124,RTG-4,2
E124,RTG-5,1
E124,adeB,101
E124,adeC,21
E124,adeF,2
E124,adeH,4
E124,adeK,7
E124,adeL,5
E124,TriB,3
E124,TriC,7
E124,adeR,21
E124,adeS,12
E124,TolC,211
E124,tetA(46),10
E124,catB10,2
E124,CMY-108,3
E124,ceoB,9
E124,rosA,10
E124,rosB,198
E124,Staphylococcys,4
E124,opmE,2
E124,ompR,342
E124,salA,29
E124,OprA,9
E124,bcr-1,4
E124,patA,31
E124,catB3,5
E124,patB,3
E124,mecA,97
E124,mecB,1
E124,mecC,5
E124,mecD,3
E124,mecI,2
E124,OprZ,3
E124,AAC(6')-Ie-APH(2'')-Ia,3
E124,poxtA,43
E124,chloramphenicol_and_florfenicol_exporter,8
E124,TaeA,46
E124,MexJ,2
E124,CTX-M-2,1
E124,MexK,7
E124,CTX-M-3,1
E124,CTX-M-5,1
E124,MexS,6
E124,vatA,3
E124,vatB,32
E124,vatC,6
E124,MexV,4
E124,vatD,3
E124,vatE,20
E124,vatF,5
E124,vatG,5
E124,ermA,3
E124,CMY-13,3
E124,ereA,10
E124,ereB,2
E124,ermF,6
E124,truncated_putative_response_regulator_ArlR,249
E124,OXA-233,1
E124,bacterial_regulatory_protein_LuxR,13
E124,ADC-23,1
E124,FONA-6,1
E124,cmeA,24
E124,cmeB,354
E124,cmeC,1
E124,Staphylococcus_mupA_conferring_resistance_to_mupirocin,21
E124,floR,125
E124,srmB,35
E124,cystathionine_beta-lyase_patB,15
E124,major_facilitator_superfamily_transporter,54
E124,tet41,8
E124,tet43,2
E124,tet44,7
E124,SHV-62,5
E124,MCR-1,4
E124,MCR-2,2
E124,MCR-3,2
E124,SHV-25,5
E124,MCR-4,2
E124,MCR-5,2
E124,tolC,2
E124,CTX-M-80,3
E124,OXA-663,2
E124,CTX-M-81,2
E124,CTX-M-42,3
E124,OXA-392,2
E124,CTX-M-43,1
E124,CTX-M-44,2
E124,class_A,70
E124,LlmA_23S_ribosomal_RNA_methyltransferase,1
E124,PBP-2X,135
E124,CTX-M-160,2
E124,tlcC,34
E124,class_C,27
E124,CTX-M-47,2
E124,CTX-M-48,1
E124,CTX-M-121,2
E124,CTX-M-49,2
E124,CTX-M-122,4
E124,CTX-M-124,1
E124,linG,2
E124,mdfA,107
E124,aac(6')-I,2
E124,tet(59),1
E124,CMY-118,1
E124,CMY-119,3
E124,OXA-31,4
E124,oprA,4
E124,cmlA1,6
E124,OXA-33,4
E124,OXA-74,1
E124,oprC,2
E124,cmlA4,6
E124,cmlA5,6
E124,cmlA6,6
E124,AAC(6')-34,1
E124,oprJ,23
E124,smeB,2
E124,smeC,6
E124,oprM,68
E124,smeE,3
E124,oprN,58
E124,smeF,21
E124,two-component_system_response_regulator_EvgA,4
E124,baeR,17
E124,dfrA12,62
E124,baeS,35
E124,dfrA13,5
E124,dfrA14,11
E124,dfrA15,3
E124,dfrA16,6
E124,dfrA17,7
E124,smeR,19
E124,smeS,31
E124,QepA1,8
E124,QepA2,8
E124,Rhodobacter_sphaeroides_ampC_beta-lactamase,1
E124,mexB,7
E124,mexC,11
E124,mepA,27
E124,mexD,111
E124,mexE,122
E124,mexF,188
E124,thiostrepton_resistance_methylase_tsnR,2
E124,mexH,49
E124,mexI,19
E124,AxyY,4
E124,abcA,2
E124,mexM,1
E124,mexN,6
E124,tetB(60),7
E124,mexQ,3
E124,dfrA1,23
E124,dfrA3,6
E124,mexT,26
E124,dfrA5,3
E124,mexW,137
E124,dfrA7,5
E124,mexX,3
E124,dfrA8,6
E124,mexY,2
E124,PmrF,7
E124,SHV-159,5
E124,cfrC,4
E124,oqxA,1
E124,oqxB,4
E124,ICR-Mc,2
E124,dfrC,10
E124,dfrD,6
E124,dfrE,4
E124,dfrF,5
E124,dfrG,5
E124,CMY-63,3
E124,arnA,301
E124,CMY-64,3
E124,dfrK,4
E124,ACT,12
E124,RbpA,2
E124,OXA-240,2
E124,OXA-246,3
E124,tetA,194
E124,tetB,19
E124,tetC,10
E124,efrA,7
E124,tetD,2
E124,efrB,5
E124,tetH,10
E124,lsa,286
E124,tetJ,8
E124,tetM,196
E124,tetO,114
E124,tetP,70
E124,tetQ,34
E124,MuxA,3
E124,tetR,1
E124,MuxB,3
E124,tetS,12
E124,MuxC,11
E124,tetT,35
E124,tetV,27
E124,tetW,169
E124,cmrA,3
E124,bicyclomycin-multidrug_efflux_protein_bcr,67
E124,tetZ,1
E124,qepA,32
E124,vanRI,32
E124,carA,37
E124,lrfA,7
E124,mecR1,9
E124,CTX-M-90,4
E124,CTX-M-50,2
E124,CTX-M-92,1
E124,CTX-M-10,3
E124,NPS-1,1
E124,CTX-M-51,2
E124,OXA-320,3
E124,emrA,227
E124,CTX-M-95,1
E124,AAC(6')-Ib8,8
E124,CTX-M-54,3
E124,amrB,30
E124,emrB,148
E124,CTX-M-56,1
E124,emrD,71
E124,CTX-M-130,4
E124,CTX-M-98,2
E124,emrE,19
E124,CTX-M-131,1
E124,CTX-M-59,1
E124,OXA-368,1
E124,emrK,60
E124,tcmA,72
E124,mdsA,1
E124,mdsB,6
E124,mdsC,3
E124,emrY,4
E124,HERA-1,1
E124,mel,24
E124,hp1181,2
E124,Pseudomonas_aeruginosa_emrE,2
E124,tetA(48),30
E124,LRA,1
E124,farB,4
E124,OXA-47,2
E124,dfrA20,8
E124,opcM,20
E124,dfrA21,7
E124,dfrA22,7
E124,MCR-1.2,4
E124,MCR-1.3,2
E124,YojI,3
E124,MCR-1.4,2
E124,dfrA25,3
E124,MCR-1.5,2
E124,MCR-1.6,2
E124,MCR-1.7,2
E124,MCR-1.8,2
E124,MCR-1.9,2
E124,mtrA,54
E124,dfrA29,3
E124,mtrD,3
E124,mtrE,5
E124,pmrA,40
E124,lmrA,10
E124,lmrB,2
E124,lmrC,6
E124,lmrD,9
E124,NmcR,1
E124,LCR-1,2
E124,pgpB,3
E124,CTX-M,31
E124,bcrA,1109
E124,tap,1
E124,tet(K),2
E124,dfrB1,3
E124,dfrB2,2
E124,dfrB3,1
E124,multidrug_ABC_transporter,1216
E124,dfrA2d,2
E124,dfrB6,1
E124,SHV-121,5
E124,tet(33),1
E124,PvrR,6
E124,cipA,1
E124,marA,1
E124,otrA,6
E124,PSE-1,4
E124,otrC,4
E124,Bacillus_Cluster_A_intrinsic_mph,1
E124,CARB,13
E124,aph(6)-I,10
E124,vanA,67
E124,vanB,88
E124,vanC,16
E124,vanD,89
E124,vanE,11
E124,CMY-30,3
E124,vanG,19
E124,vanH,80
E124,vanI,6
E124,vanL,3
E124,CMY-77,3
E124,vanM,3
E124,vanN,4
E124,optrA,47
E124,OXA-251,2
E124,vanR,1066
E124,vanS,248
E124,vanT,32
E124,OXA-256,2
E124,ugd,3
E124,vanX,61
E124,vanY,19
E124,OXA-1,2
E124,OXA-4,4
E124,acrA,28
E124,acrB,28
E124,tet(W/N/W),5
E124,norA,3
E124,cpxA,11
E124,tetB(46),5
E124,sul2,184
E124,sul3,10
E124,sul4,10
E124,ykkC,47
E124,ykkD,21
E124,MCR-1.10,2
E124,MCR-1.11,2
E124,MCR-1.12,2
E124,MCR-1.13,2
E124,kasugamycin_resistance_protein_ksgA,225
E124,rpoB2,16
E124,tetA(60),9
E124,cob(I)alamin_adenolsyltransferase,26
E124,cat_chloramphenicol_acetyltransferase,9
E124,rifampin_monooxygenase,16
E124,bifunctional_aminoglycoside_N-acetyltransferase_and_aminoglycoside_phosphotransferase,2
E124,oleB,35
E124,oleC,43
E124,antibiotic_resistance_rRNA_adenine_methyltransferase,4
E124,aac(6')-II,2
E124,SHV-89,5
E124,eptA,2
E124,CTX-M-20,1
E124,tcr3,1
E124,mphA,6
E124,CTX-M-62,3
E124,CTX-M-22,3
E124,mphC,3
E124,CTX-M-23,3
E124,mphD,1
E124,CTX-M-65,4
E124,CTX-M-24,3
E124,CTX-M-67,2
E124,mphG,1
E124,CTX-M-141,2
E124,Burkholderia_pseudomallei_Omp38,3
E124,mphI,1
E124,CTX-M-105,4
E124,LpeB,12
E124,CTX-M-148,4
E124,mdtA,86
E124,mdtB,212
E124,mdtC,297
E124,mdtD,61
E124,mdtE,26
E124,mdtG,14
E124,mdtH,29
E124,Salmonella,6
E124,mdtK,101
E124,aac(2')-I,14
E124,mdtP,20
E127,aph(3'')-I,4
E127,OXA,239
E127,chloramphenicol_and_florfenicol_resistance,15
E127,CMY-133,3
E127,OXA-10,9
E127,OXA-11,7
E127,bacA,525
E127,IND,29
E127,OXA-14,7
E127,chloramphenicol_exporter,50
E127,OXA-16,7
E127,OXA-17,8
E127,AER-1,1
E127,basS,35
E127,kdpE,36
E127,lsaC,15
E127,lsaE,37
E127,TEM-132,3
E127,TEM-135,3
E127,OXA-454,7
E127,OXA-142,6
E127,OpmB,5
E127,OpmD,3
E127,tlrB_conferring_tylosin_resistance,5
E127,IMP-26,2
E127,OpmH,2
E127,mefA,106
E127,mefC,4
E127,tet(L),2
E127,puromycin_resistance_protein,3
E127,abeM,7
E127,clbA,11
E127,clbB,13
E127,clbC,15
E127,abeS,4
E127,SHV-135,5
E127,TEM-90,3
E127,MUS-1,3
E127,MUS-2,3
E127,TEM-11,3
E127,qacA,2
E127,macA,559
E127,qacB,7
E127,macB,4716
E127,rphA,9
E127,rphB,17
E127,TEM-16,3
E127,transcriptional_regulatory_protein_CpxR_cpxR,502
E127,qacG,15
E127,qacH,5
E127,MIR,2
E127,VIM-14,1
E127,vgaA,202
E127,vgaB,42
E127,AIM-1,2
E127,vgaD,43
E127,vgaE,41
E127,NDM-1,4
E127,NDM-2,4
E127,NDM-3,4
E127,NDM-4,4
E127,NDM-5,4
E127,NDM-6,4
E127,NDM-9,4
E127,CMY-42,1
E127,CMY-45,3
E127,lnuC,1
E127,CMY-46,6
E127,lnuD,1
E127,EmrB-QacA_family_major_facilitator_transporter,44
E127,TEM-215,2
E127,VIM-1,1
E127,AAC(3)-Ib/AAC(6')-Ib'',2
E127,VIM-4,1
E127,VIM-5,1
E127,bpeF,71
E127,penA,676
E127,arlS,17
E127,efpA,1
E127,plasmid-encoded,1
E127,THIN-B,4
E127,ADC-12,2
E127,ADC-13,2
E127,VatI,2
E127,ADC-14,1
E127,vanHB,13
E127,ErmB,4
E127,ADC-16,2
E127,ErmC,1
E127,ADC-17,2
E127,vanTG,17
E127,ADC-18,1
E127,tet(42),1
E127,ADC-19,2
E127,vanTrL,9
E127,TEM,18
E127,cdeA,1
E127,catA,11
E127,catB,64
E127,catD,2
E127,catI,1
E127,dfrA15b,6
E127,PBP-1A,446
E127,PBP-1B,100
E127,catS,1
E127,tet32,56
E127,tet36,35
E127,tet37,2
E127,tet39,4
E127,msrA,279
E127,msrC,248
E127,msbA,44
E127,msrE,21
E127,ampC,12
E127,CTX-M-110,2
E127,CTX-M-38,4
E127,CTX-M-112,2
E127,evgS,96
E127,CTX-M-113,2
E127,RTG-4,4
E127,RTG-5,2
E127,adeA,7
E127,adeB,210
E127,adeC,38
E127,aadA,22
E127,adeF,8
E127,adeG,1
E127,adeH,7
E127,adeI,11
E127,adeJ,35
E127,aadE,1
E127,adeK,9
E127,adeL,16
E127,aac(3)-I,23
E127,TriA,3
E127,adeN,1
E127,TriC,21
E127,adeR,45
E127,adeS,24
E127,TolC,312
E127,tetA(46),25
E127,catB10,3
E127,CMY-108,6
E127,ceoB,53
E127,RlmA(II),3
E127,rosA,40
E127,rosB,387
E127,aph(3')-IIb,4
E127,Staphylococcys,4
E127,opmD,5
E127,Staphylococcus,3
E127,ADC-2,2
E127,ADC-3,2
E127,APH(3')-VIa,1
E127,ADC-5,2
E127,KHM-1,1
E127,ADC-7,2
E127,sdiA,25
E127,ompR,914
E127,salA,38
E127,GES-2,1
E127,APH(6)-Id,1
E127,CMX,3
E127,TEM-102,3
E127,Acinetobacter_baumannii_ampC_beta-lactamase,2
E127,GES-5,1
E127,TEM-187,3
E127,KLUY-2,1
E127,GES-8,1
E127,TEM-106,3
E127,TEM-147,3
E127,KLUY-3,1
E127,CAZ,1
E127,GES-9,1
E127,KLUY-4,1
E127,OprA,11
E127,Brucella_suis_mprF,1
E127,bcr-1,11
E127,mef(B),1
E127,IMP-38,2
E127,sdeY,2
E127,patA,60
E127,catB3,4
E127,patB,3
E127,mecA,108
E127,mecB,9
E127,mecC,3
E127,mecD,5
E127,mecI,2
E127,aac(3)-Ib-aac(6')-Ib,1
E127,MSI-1,2
E127,OprZ,7
E127,poxtA,67
E127,metallo-beta-lactamase,81
E127,VIM,2
E127,ANT(3'')-Ii-AAC(6')-IId,4
E127,catIII,1
E127,TEM-29,3
E127,TaeA,68
E127,MexJ,8
E127,MexK,26
E127,MexL,4
E127,CTX-M-5,1
E127,VIM-26,1
E127,VIM-27,1
E127,VIM-28,1
E127,MexS,9
E127,vatB,5
E127,vatC,2
E127,MexV,5
E127,vatE,4
E127,GES-11,1
E127,vatF,1
E127,GES-12,1
E127,vatG,2
E127,MexZ,1
E127,GES-14,1
E127,GES-15,1
E127,GES-16,1
E127,CMY-12,6
E127,ermA,1
E127,GES-17,1
E127,CMY-13,6
E127,ermB,1
E127,CMY-14,3
E127,CMY-55,3
E127,ereA,10
E127,ermC,1
E127,GES-19,1
E127,CMY-15,1
E127,CMY-56,3
E127,ereB,2
E127,CMY-57,3
E127,CMY-16,6
E127,ermE,2
E127,CMY-99,6
E127,CMY-17,3
E127,truncated_putative_response_regulator_ArlR,306
E127,OXA-233,8
E127,SRT-1,1
E127,SRT-2,2
E127,bacterial_regulatory_protein_LuxR,23
E127,CMY-2,3
E127,CMY-4,3
E127,CMY-5,3
E127,Chryseobacterium_meningosepticum_BlaB,2
E127,ADC-20,2
E127,ADC-21,2
E127,ADC-22,2
E127,ADC-23,1
E127,ADC-25,2
E127,cmeB,385
E127,Staphylococcus_mupA_conferring_resistance_to_mupirocin,34
E127,floR,20
E127,BJP-1,2
E127,srmB,57
E127,cystathionine_beta-lyase_patB,48
E127,major_facilitator_superfamily_transporter,52
E127,tet41,10
E127,golS,3
E127,tet44,20
E127,MCR-1,36
E127,MCR-2,18
E127,MCR-3,17
E127,MCR-4,18
E127,MCR-5,18
E127,tolC,3
E127,OXA-663,9
E127,aph(3''')-III,5
E127,APH(3')-IX,1
E127,CTX-M-84,2
E127,class_A,35
E127,LlmA_23S_ribosomal_RNA_methyltransferase,2
E127,class_B,4
E127,PBP-2X,7
E127,tlcC,67
E127,class_C,89
E127,CTX-M-121,2
E127,CTX-M-48,2
E127,CTX-M-122,2
E127,APH(3')-Ia,1
E127,CTX-M-125,2
E127,CTX-M-129,2
E127,mdfA,152
E127,CMY-118,7
E127,CMY-119,3
E127,cmlA1,8
E127,oprA,11
E127,OXA-74,7
E127,oprC,21
E127,cmlA4,8
E127,cmlA5,8
E127,cmlA6,8
E127,oprJ,91
E127,smeB,22
E127,smeC,9
E127,oprM,193
E127,smeE,16
E127,oprN,112
E127,smeF,67
E127,two-component_system_response_regulator_EvgA,12
E127,baeR,56
E127,dfrA12,130
E127,baeS,44
E127,dfrA13,8
E127,dfrA14,26
E127,dfrA15,10
E127,dfrA17,6
E127,TUS-1,2
E127,CRP,2
E127,smeR,60
E127,smeS,50
E127,TEM-151,1
E127,TEM-153,3
E127,TEM-115,3
E127,ant(3'')-Ih-aac(6')-IId,3
E127,TEM-159,3
E127,QepA1,2
E127,QepA2,2
E127,CfxA3,1
E127,mexA,19
E127,mexB,77
E127,mexC,24
E127,mepA,60
E127,mexD,211
E127,mexE,259
E127,mexF,718
E127,thiostrepton_resistance_methylase_tsnR,2
E127,mexH,154
E127,mexI,43
E127,AxyX,1
E127,AxyY,10
E127,abcA,2
E127,mexN,14
E127,tetB(60),19
E127,mexQ,5
E127,dfrA1,32
E127,dfrA3,15
E127,mexT,56
E127,dfrA5,17
E127,mexW,146
E127,VEB-1b,6
E127,mexX,48
E127,dfrA8,6
E127,mexY,14
E127,AcrE,1
E127,AcrF,3
E127,PmrF,14
E127,cfrC,15
E127,oqxA,4
E127,oqxB,17
E127,AcrS,1
E127,ICR-Mc,18
E127,DHA,4
E127,VIM-32,1
E127,VIM-33,1
E127,VIM-34,1
E127,VIM-35,1
E127,MOX,1
E127,VIM-37,1
E127,VIM-38,1
E127,Moraxella_catarrhalis_M35,2
E127,VIM-39,1
E127,dfrC,11
E127,GES-20,1
E127,dfrD,11
E127,GES-21,1
E127,dfrE,6
E127,GES-22,1
E127,dfrF,3
E127,APH(3')-IIIa,1
E127,dfrG,11
E127,GES-24,1
E127,CMY-20,3
E127,CMY-61,1
E127,CMY-21,3
E127,CMY-63,3
E127,arnA,529
E127,CMY-64,3
E127,dfrK,13
E127,ACT,25
E127,CMY-29,3
E127,OXA-240,9
E127,SME-2,1
E127,SME-3,1
E127,OXA-246,9
E127,tetA,319
E127,tetB,14
E127,tetC,14
E127,efrA,20
E127,efrB,14
E127,lsa,360
E127,tetM,310
E127,fusH,4
E127,tetO,107
E127,tetP,141
E127,tetQ,102
E127,tetR,60
E127,MuxB,19
E127,tetS,17
E127,MuxC,27
E127,tetT,88
E127,tetW,506
E127,ADC-75,2
E127,tetX,21
E127,cmrA,6
E127,ADC-76,1
E127,aph(3'')-IV,2
E127,tetZ,1
E127,ADC-77,2
E127,bicyclomycin-multidrug_efflux_protein_bcr,254
E127,ADC-78,1
E127,ADC-79,2
E127,ADC-39,2
E127,qepA,8
E127,vanRI,68
E127,carA,83
E127,DNA-binding_protein_H-NS,5
E127,carO,4
E127,APH(3')-VI,2
E127,myrA,5
E127,hmrM,2
E127,lrfA,3
E127,Bacillus_Cluster_B_intrinsic_mph,1
E127,APH(3')-IIa,1
E127,cAMP-regulatory_protein,36
E127,CTX-M-93,2
E127,CTX-M-53,3
E127,emrA,557
E127,FEZ-1,2
E127,amrB,60
E127,emrB,546
E127,CTX-M-14,2
E127,emrD,49
E127,CTX-M-98,2
E127,CTX-M-130,4
E127,emrE,62
E127,CTX-M-17,2
E127,OXA-368,8
E127,CTX-M-134,2
E127,emrK,56
E127,tcmA,6
E127,mdsB,13
E127,APH(3')-VIII,1
E127,mdsC,8
E127,VEB-1,11
E127,VEB-2,6
E127,VEB-3,6
E127,VEB-4,6
E127,emrY,2
E127,VEB-5,6
E127,VEB-6,6
E127,HERA-1,1
E127,VEB-7,6
E127,VEB-8,6
E127,VEB-9,3
E127,mel,27
E127,hp1181,4
E127,Pseudomonas_aeruginosa_emrE,4
E127,chrB,5
E127,tetA(48),67
E127,LRA,6
E127,farA,5
E127,farB,5
E127,AQU-1,1
E127,dfrA20,10
E127,opcM,95
E127,dfrA21,14
E127,dfrA22,14
E127,MCR-1.2,36
E127,MCR-1.3,18
E127,MCR-1.4,18
E127,YojI,12
E127,MCR-1.5,18
E127,dfrA25,10
E127,MCR-1.6,18
E127,MCR-1.7,18
E127,MCR-1.8,18
E127,MCR-1.9,18
E127,dfrA29,7
E127,mtrA,89
E127,mtrC,1
E127,mtrD,7
E127,mtrE,277
E127,lmrA,2
E127,lmrB,2
E127,lmrC,18
E127,lmrD,32
E127,NmcR,11
E127,GIM-1,1
E127,GIM-2,1
E127,mtrR,34
E127,LCR-1,1
E127,aph(3')-VII,1
E127,blaB,2
E127,PEDO-3,2
E127,CTX-M,32
E127,bcrA,2985
E127,bcrC,2
E127,multidrug_ABC_transporter,2514
E127,tet(33),1
E127,BUT-1,1
E127,PvrR,35
E127,cipA,2
E127,otrA,33
E127,PSE-1,4
E127,otrC,16
E127,ccrA,1
E127,IMP-4,2
E127,PER,15
E127,Bacillus_Cluster_A_intrinsic_mph,1
E127,marR,224
E127,VIM-42,1
E127,VIM-43,1
E127,CARB,17
E127,aph(6)-I,25
E127,aph(3')-I,24
E127,vanA,108
E127,vanB,53
E127,vanC,64
E127,vanD,249
E127,vanE,12
E127,vanG,65
E127,vanH,243
E127,vanI,12
E127,CMY-34,3
E127,aph(3')-V,3
E127,vanL,10
E127,SPG-1,4
E127,CMY-77,3
E127,vanM,3
E127,vanN,14
E127,CMY-38,3
E127,optrA,64
E127,TEM-207,3
E127,OXA-251,9
E127,vanR,1751
E127,vanS,548
E127,vanT,22
E127,OXA-256,9
E127,ugd,9
E127,vanX,23
E127,SMB-1,2
E127,vanY,11
E127,acrA,187
E127,acrB,435
E127,tet(W/N/W),12
E127,acrD,5
E127,acrF,4
E127,norA,4
E127,cpxA,33
E127,ADC-80,2
E127,tetB(46),14
E127,sul1,31
E127,ADC-41,2
E127,sul2,207
E127,ADC-42,1
E127,sul3,14
E127,ADC-43,2
E127,sul4,13
E127,ykkC,75
E127,ADC-44,2
E127,ykkD,61
E127,MCR-1.10,18
E127,MCR-1.11,18
E127,MCR-1.12,18
E127,MCR-1.13,18
E127,kasugamycin_resistance_protein_ksgA,403
E127,rpoB2,38
E127,tetA(60),21
E127,cob(I)alamin_adenolsyltransferase,50
E127,cat_chloramphenicol_acetyltransferase,30
E127,TLA-1,3
E127,rifampin_monooxygenase,59
E127,TLA-2,3
E127,TLA-3,3
E127,oleB,59
E127,Enterococcus,1
E127,oleC,61
E127,antibiotic_resistance_rRNA_adenine_methyltransferase,10
E127,JOHN-1,2
E127,CGB-1,2
E127,eptA,17
E127,tcr3,2
E127,mphA,12
E127,mphC,6
E127,mphD,2
E127,CTX-M-24,2
E127,mphE,1
E127,CTX-M-67,2
E127,mphG,2
E127,CTX-M-27,2
E127,Burkholderia_pseudomallei_Omp38,7
E127,mphI,2
E127,CTX-M-102,2
E127,CTX-M-105,2
E127,LpeB,10
E127,Rm3,3
E127,mdtA,200
E127,mdtB,610
E127,mdtC,609
E127,mdtD,167
E127,mdtE,42
E127,mdtF,21
E127,NDM-10,4
E127,NDM-11,2
E127,Salmonella,8
E127,NDM-12,2
E127,mdtK,221
E127,NDM-13,4
E127,mdtL,29
E127,mdtN,50
E127,NDM-17,4
E127,mdtP,8
E129,OXA,192
E129,chloramphenicol_and_florfenicol_resistance,6
E129,OXA-10,4
E129,OXA-11,3
E129,bacA,250
E129,IND,5
E129,OXA-14,3
E129,chloramphenicol_exporter,17
E129,OXA-16,4
E129,OXA-17,5
E129,basS,25
E129,kdpE,21
E129,lsaC,14
E129,lsaE,9
E129,OXA-454,3
E129,OXA-140,8
E129,OXA-142,4
E129,tlrB_conferring_tylosin_resistance,1
E129,mefA,25
E129,erm(36),2
E129,puromycin_resistance_protein,4
E129,abeM,5
E129,clbA,4
E129,clbB,6
E129,clbC,7
E129,abeS,4
E129,MUS-1,1
E129,MUS-2,1
E129,macA,137
E129,qacA,4
E129,macB,2322
E129,qacB,19
E129,rphA,11
E129,rphB,13
E129,transcriptional_regulatory_protein_CpxR_cpxR,224
E129,qacG,12
E129,qacH,3
E129,VIM-10,1
E129,MIR,4
E129,VIM-14,1
E129,vgaA,113
E129,vgaB,26
E129,AIM-1,2
E129,VIM-17,1
E129,vgaD,22
E129,VIM-18,1
E129,vgaE,22
E129,VIM-19,1
E129,CMY-40,6
E129,CMY-46,3
E129,AAC(2')-Ie,1
E129,EmrB-QacA_family_major_facilitator_transporter,32
E129,VIM-1,1
E129,VIM-2,1
E129,OXA-224,8
E129,VIM-4,1
E129,VIM-5,1
E129,bpeE,2
E129,bpeF,9
E129,penA,328
E129,arlS,6
E129,efpA,10
E129,THIN-B,2
E129,aac(3)-VI,2
E129,otr(B),3
E129,ADC-12,1
E129,VatI,4
E129,vanHB,6
E129,ErmB,2
E129,ADC-16,1
E129,ErmC,1
E129,vanTG,7
E129,ADC-17,2
E129,vanXI,1
E129,tet(42),2
E129,ADC-18,2
E129,ADC-19,2
E129,vanTrL,6
E129,BIL-1,3
E129,catB,48
E129,dfrA15b,1
E129,PBP-1A,190
E129,PBP-1B,35
E129,tet31,1
E129,tet32,34
E129,tet35,2
E129,tet36,8
E129,tet39,3
E129,msrA,200
E129,msrC,144
E129,msbA,19
E129,msrE,15
E129,Erm(30),1
E129,ampC,2
E129,CTX-M-111,2
E129,evgS,63
E129,adeA,1
E129,adeB,82
E129,adeC,21
E129,aadA,2
E129,adeH,3
E129,adeI,3
E129,adeJ,18
E129,adeK,5
E129,adeL,3
E129,TriA,1
E129,adeN,1
E129,TriC,4
E129,adeR,31
E129,adeS,9
E129,TolC,139
E129,CMY-102,1
E129,tetA(46),6
E129,catB10,3
E129,CMY-108,6
E129,ceoB,16
E129,RlmA(II),2
E129,rosA,10
E129,rosB,215
E129,Staphylococcys,2
E129,ADC-1,1
E129,ADC-2,1
E129,ADC-3,1
E129,ADC-5,2
E129,ADC-6,1
E129,ompF,10
E129,ADC-7,1
E129,ADC-8,1
E129,ompR,421
E129,salA,18
E129,Acinetobacter_baumannii_ampC_beta-lactamase,2
E129,OprA,2
E129,bcr-1,5
E129,mef(B),1
E129,patA,32
E129,catB3,5
E129,mecA,86
E129,mecB,1
E129,mecC,2
E129,mecD,1
E129,MSI-1,2
E129,OprZ,4
E129,poxtA,42
E129,chloramphenicol_and_florfenicol_exporter,3
E129,metallo-beta-lactamase,38
E129,TaeA,39
E129,VIM-20,1
E129,MexJ,2
E129,MexK,3
E129,MexL,1
E129,VIM-23,1
E129,VIM-26,1
E129,VIM-27,1
E129,VIM-28,1
E129,VIM-29,1
E129,MexS,4
E129,vatA,3
E129,vatB,23
E129,vatC,4
E129,MexV,3
E129,vatD,3
E129,vatE,12
E129,vatF,4
E129,vatG,4
E129,AAC(3)-IId,1
E129,AAC(3)-IIe,1
E129,ermA,4
E129,CMY-13,3
E129,ermB,1
E129,ermC,13
E129,truncated_putative_response_regulator_ArlR,166
E129,OXA-233,5
E129,SRT-2,1
E129,bacterial_regulatory_protein_LuxR,12
E129,efmA,1
E129,Chryseobacterium_meningosepticum_BlaB,1
E129,tetB(48),1
E129,ant(9)-I,4
E129,ADC-20,1
E129,ADC-21,1
E129,ADC-22,2
E129,ADC-23,1
E129,ADC-25,2
E129,cmeB,80
E129,Staphylococcus_mupA_conferring_resistance_to_mupirocin,17
E129,floR,67
E129,srmB,31
E129,major_facilitator_superfamily_transporter,35
E129,tet41,3
E129,tet43,4
E129,golS,1
E129,tet44,10
E129,MCR-1,12
E129,MCR-2,6
E129,MCR-3,8
E129,MCR-4,8
E129,MCR-5,8
E129,tolC,3
E129,OXA-663,4
E129,OXA-392,8
E129,class_A,21
E129,LlmA_23S_ribosomal_RNA_methyltransferase,1
E129,class_B,2
E129,CTX-M-160,2
E129,PBP-2X,25
E129,tlcC,36
E129,class_C,59
E129,CTX-M-121,2
E129,CTX-M-122,2
E129,mdfA,90
E129,aac(6')-I,2
E129,aad(9),2
E129,CMY-118,6
E129,CMY-119,3
E129,OXA-31,8
E129,cmlA1,7
E129,oprA,6
E129,OXA-33,8
E129,OXA-74,4
E129,oprC,2
E129,cmlA4,7
E129,cmlA5,7
E129,cmlA6,7
E129,oprJ,2
E129,smeD,4
E129,oprM,48
E129,smeE,8
E129,oprN,24
E129,smeF,24
E129,two-component_system_response_regulator_EvgA,1
E129,baeR,25
E129,dfrA12,77
E129,baeS,25
E129,dfrA13,6
E129,dfrA14,7
E129,dfrA15,1
E129,dfrA16,4
E129,dfrA17,2
E129,CRP,2
E129,TUS-1,1
E129,smeR,31
E129,smeS,35
E129,QepA1,3
E129,QepA2,3
E129,mexA,20
E129,mexB,67
E129,mexC,12
E129,mexD,40
E129,mexE,77
E129,mexF,243
E129,erm(34),1
E129,thiostrepton_resistance_methylase_tsnR,1
E129,mexH,75
E129,mexI,19
E129,abcA,1
E129,AxyY,4
E129,mexN,4
E129,tetB(60),8
E129,dfrA1,5
E129,dfrA3,7
E129,mexT,49
E129,dfrA5,3
E129,mexW,125
E129,VEB-1b,2
E129,mexX,6
E129,dfrA8,5
E129,mexY,8
E129,AcrF,2
E129,PmrF,7
E129,cfrC,6
E129,oqxA,2
E129,ICR-Mc,7
E129,VIM-31,1
E129,VIM-32,1
E129,VIM-33,1
E129,VIM-34,1
E129,VIM-35,1
E129,VIM-37,1
E129,VIM-38,1
E129,VIM-39,1
E129,dfrC,5
E129,dfrD,3
E129,dfrE,3
E129,dfrF,2
E129,dfrG,3
E129,CMY-20,3
E129,CMY-63,3
E129,arnA,250
E129,CMY-64,3
E129,dfrK,4
E129,CMY-25,1
E129,RbpA,1
E129,CMY-29,3
E129,OXA-240,5
E129,OXA-246,4
E129,tetA,61
E129,tetB,21
E129,tetC,2
E129,efrA,7
E129,efrB,8
E129,lsa,197
E129,tetM,171
E129,tetO,67
E129,tetP,72
E129,tetQ,32
E129,MuxA,1
E129,tetR,25
E129,MuxB,5
E129,tetS,8
E129,MuxC,6
E129,tetT,39
E129,tetW,248
E129,ADC-74,1
E129,tetX,30
E129,ADC-75,1
E129,cmrA,2
E129,ADC-76,1
E129,bicyclomycin-multidrug_efflux_protein_bcr,85
E129,tetZ,1
E129,ADC-77,1
E129,ADC-78,1
E129,ADC-79,1
E129,qepA,12
E129,ADC-39,2
E129,vanRI,31
E129,carA,39
E129,carO,1
E129,myrA,1
E129,lrfA,4
E129,cAMP-regulatory_protein,36
E129,mecR1,2
E129,CTX-M-90,2
E129,CTX-M-51,2
E129,NPS-1,1
E129,OXA-320,8
E129,emrA,114
E129,amrB,32
E129,emrB,157
E129,emrD,29
E129,CTX-M-130,2
E129,CTX-M-98,2
E129,emrE,42
E129,OXA-368,6
E129,emrK,32
E129,tcmA,32
E129,mdsC,1
E129,VEB-1,4
E129,VEB-2,2
E129,VEB-3,2
E129,VEB-4,2
E129,VEB-5,2
E129,emrY,2
E129,VEB-6,2
E129,VEB-7,2
E129,VEB-8,2
E129,VEB-9,1
E129,mel,21
E129,hp1181,3
E129,Pseudomonas_aeruginosa_emrE,3
E129,chrB,1
E129,tetA(48),33
E129,LRA,10
E129,farA,5
E129,OXA-47,8
E129,opcM,1
E129,dfrA20,4
E129,dfrA21,6
E129,dfrA22,6
E129,MCR-1.2,12
E129,MCR-1.3,6
E129,MCR-1.4,6
E129,dfrA24,3
E129,YojI,5
E129,MCR-1.5,6
E129,dfrA25,2
E129,MCR-1.6,6
E129,MCR-1.7,6
E129,MCR-1.8,6
E129,dfrA29,1
E129,MCR-1.9,6
E129,mtrA,50
E129,blaR1,1
E129,mtrE,64
E129,lmrA,6
E129,lmrB,18
E129,Erm(44),1
E129,lmrC,5
E129,lmrD,11
E129,LCR-1,1
E129,PEDO-3,1
E129,blaB,1
E129,CTX-M,14
E129,erm(31),1
E129,RSA-2,1
E129,bcrA,1100
E129,bcrC,2
E129,tap,1
E129,dfrB1,18
E129,dfrB2,10
E129,dfrB3,5
E129,multidrug_ABC_transporter,1481
E129,dfrA2d,5
E129,dfrB6,5
E129,aac(3)-VII,1
E129,tet(33),2
E129,BUT-1,1
E129,PvrR,11
E129,cipA,1
E129,otrA,11
E129,otrC,4
E129,PER,8
E129,marR,124
E129,VIM-42,1
E129,VIM-43,1
E129,aph(6)-I,4
E129,aac(3)-IIIa,3
E129,aph(3')-I,2
E129,aac(3)-VIII,4
E129,vanA,57
E129,vanB,54
E129,vanC,28
E129,vanD,148
E129,vanE,6
E129,vanG,23
E129,vanH,78
E129,vanI,7
E129,CMY-34,3
E129,vanL,3
E129,CMY-77,3
E129,vanN,5
E129,optrA,31
E129,OXA-251,4
E129,vanR,816
E129,vanS,508
E129,vanT,19
E129,OXA-256,5
E129,ugd,5
E129,vanX,65
E129,SMB-1,2
E129,vanY,10
E129,OXA-1,8
E129,OXA-4,8
E129,acrA,49
E129,acrB,204
E129,tet(W/N/W),5
E129,acrD,2
E129,norA,1
E129,norB,2
E129,cpxA,9
E129,ADC-80,1
E129,tetB(46),6
E129,sul1,25
E129,aac(3)-II,9
E129,ADC-81,2
E129,ADC-82,1
E129,ADC-41,2
E129,sul2,138
E129,ADC-42,1
E129,sul3,8
E129,ADC-43,2
E129,sul4,8
E129,ADC-44,1
E129,ykkD,12
E129,MCR-1.10,6
E129,MCR-1.11,6
E129,MCR-1.12,6
E129,MCR-1.13,6
E129,kasugamycin_resistance_protein_ksgA,177
E129,rpoB2,17
E129,tetA(60),5
E129,aac(3)-IX,1
E129,cat_chloramphenicol_acetyltransferase,16
E129,rifampin_monooxygenase,91
E129,AAC(3)-VIa,1
E129,oleB,37
E129,oleC,30
E129,antibiotic_resistance_rRNA_adenine_methyltransferase,4
E129,oleI,1
E129,JOHN-1,1
E129,eptA,9
E129,tcr3,3
E129,Erm(37),1
E129,CTX-M-24,1
E129,CTX-M-65,2
E129,CTX-M-67,2
E129,CTX-M-105,2
E129,CTX-M-148,2
E129,LpeB,8
E129,Rm3,2
E129,mdtA,62
E129,mdtB,154
E129,mdtC,203
E129,mdtD,68
E129,mdtE,7
E129,mdtF,13
E129,mdtG,14
E129,mdtH,1
E129,Salmonella,7
E129,mdtK,131
E129,mdtL,2
E129,aac(2')-I,7
E129,mdtM,16
E129,mdtN,49
E133,aph(3'')-I,4
E133,OXA,101
E133,CMY-132,3
E133,chloramphenicol_and_florfenicol_resistance,10
E133,CMY-133,6
E133,OXA-10,6
E133,OXA-11,5
E133,bacA,533
E133,OXA-14,5
E133,chloramphenicol_exporter,62
E133,OXA-16,5
E133,OXA-17,2
E133,basS,35
E133,mycinamicin-resistance_protein_myrB,2
E133,kdpE,38
E133,lsaA,1
E133,lsaC,15
E133,TEM-171,3
E133,lsaE,21
E133,ADP-ribosylating_transferase_arr,5
E133,OXA-454,6
E133,OXA-142,1
E133,OpmB,5
E133,OpmD,2
E133,tlrB_conferring_tylosin_resistance,4
E133,OpmH,2
E133,mefA,175
E133,erm(36),3
E133,tet(L),2
E133,puromycin_resistance_protein,1
E133,abeM,5
E133,clbA,7
E133,clbB,10
E133,clbC,9
E133,abeS,10
E133,macA,334
E133,macB,5924
E133,rphA,10
E133,rphB,15
E133,transcriptional_regulatory_protein_CpxR_cpxR,410
E133,qacG,32
E133,qacH,9
E133,vgaA,169
E133,vgaB,43
E133,vgaC,1
E133,vgaD,37
E133,vgaE,39
E133,CMY-42,3
E133,lnuA,9
E133,lnuB,3
E133,lnuC,2
E133,CMY-46,6
E133,lnuD,3
E133,TEM-214,3
E133,EmrB-QacA_family_major_facilitator_transporter,78
E133,lnuE,1
E133,lnuF,1
E133,lnuG,1
E133,TEM-217,3
E133,AAC(3)-Ib/AAC(6')-Ib'',2
E133,bpeF,22
E133,penA,578
E133,arlS,24
E133,efpA,1
E133,ADC-12,3
E133,ADC-13,3
E133,VatI,1
E133,ADC-14,2
E133,ADC-15,2
E133,vanHB,18
E133,ErmB,6
E133,ADC-16,3
E133,ErmC,3
E133,ADC-17,2
E133,vanTG,20
E133,ADC-18,1
E133,vanXI,1
E133,ADC-19,3
E133,vanTrL,11
E133,TEM,25
E133,cdeA,7
E133,BIL-1,3
E133,catB,26
E133,ErmT,3
E133,dfrA15b,4
E133,PBP-1A,299
E133,PBP-1B,91
E133,tet32,55
E133,tet34,9
E133,tet35,3
E133,tet36,25
E133,tet37,2
E133,tet39,2
E133,msrA,344
E133,SHV-97,5
E133,msrC,260
E133,msbA,60
E133,msrE,31
E133,Erm(30),4
E133,ampC,3
E133,Escherichia_coli_mdfA,1
E133,CTX-M-110,2
E133,CTX-M-38,2
E133,evgS,71
E133,CTX-M-113,2
E133,adeB,124
E133,adeC,29
E133,aadA,67
E133,adeF,2
E133,adeG,1
E133,adeH,4
E133,adeI,4
E133,aadE,4
E133,adeJ,12
E133,adeK,9
E133,aac(3)-I,23
E133,adeL,16
E133,TriA,4
E133,adeN,1
E133,TriC,9
E133,aadK,21
E133,adeR,36
E133,adeS,28
E133,TolC,227
E133,vanXYL,2
E133,erm(TR),1
E133,tetA(46),26
E133,catB10,1
E133,CMY-108,9
E133,ceoB,13
E133,RlmA(II),2
E133,rosA,30
E133,rosB,325
E133,aph(3')-IIb,4
E133,Staphylococcys,6
E133,opmD,3
E133,ADC-2,3
E133,opmE,1
E133,ADC-3,3
E133,ADC-4,1
E133,ADC-5,3
E133,ADC-6,1
E133,ADC-7,3
E133,ompF,104
E133,sdiA,25
E133,ompR,830
E133,salA,37
E133,APH(6)-Id,1
E133,CMX,20
E133,Acinetobacter_baumannii_ampC_beta-lactamase,3
E133,Erm(42),2
E133,TEM-105,3
E133,KLUY-2,1
E133,OprA,16
E133,aadA25,1
E133,Brucella_suis_mprF,2
E133,bcr-1,6
E133,mef(B),8
E133,sdeY,1
E133,Vibrio_cholerae_OmpU,1
E133,DNA-binding_transcriptional_regulator_gadX,8
E133,vanYG1,1
E133,gadW,1
E133,gadX,1
E133,patA,45
E133,catB3,2
E133,patB,13
E133,mecA,175
E133,mecB,7
E133,erm(33),1
E133,mecC,6
E133,mecD,5
E133,aac(3)-Ib-aac(6')-Ib,1
E133,OprZ,7
E133,poxtA,58
E133,SHV-103,5
E133,SHV-104,5
E133,ANT(3'')-Ii-AAC(6')-IId,12
E133,TaeA,66
E133,MexJ,3
E133,MexK,11
E133,MexL,2
E133,CTX-M-5,1
E133,MexS,5
E133,vatA,1
E133,vatB,9
E133,vatC,1
E133,MexV,2
E133,vatE,4
E133,vatF,1
E133,vatG,1
E133,MexZ,1
E133,CMY-12,3
E133,CMY-53,4
E133,ermA,13
E133,CMY-13,4
E133,ermB,25
E133,CMY-55,3
E133,ereA,10
E133,ermC,23
E133,CMY-15,3
E133,CMY-56,3
E133,ereB,2
E133,ermE,2
E133,CMY-99,3
E133,ermF,14
E133,ermG,6
E133,truncated_putative_response_regulator_ArlR,369
E133,OXA-233,2
E133,bacterial_regulatory_protein_LuxR,20
E133,ermT,9
E133,CMY-2,3
E133,CMY-5,6
E133,ermX,15
E133,CMY-7,3
E133,vanYA,5
E133,ADC-20,3
E133,ADC-21,3
E133,ADC-22,3
E133,ADC-23,2
E133,ADC-25,3
E133,cmeB,124
E133,Staphylococcus_mupA_conferring_resistance_to_mupirocin,44
E133,floR,30
E133,srmB,49
E133,cystathionine_beta-lyase_patB,63
E133,major_facilitator_superfamily_transporter,45
E133,tet40,3
E133,tet41,2
E133,golS,5
E133,tet44,15
E133,MCR-1,18
E133,MCR-2,9
E133,MCR-3,10
E133,MCR-4,10
E133,MCR-5,10
E133,tolC,3
E133,OXA-663,6
E133,CTX-M-84,2
E133,class_A,15
E133,LlmA_23S_ribosomal_RNA_methyltransferase,3
E133,PBP-2X,96
E133,tlcC,56
E133,class_C,51
E133,CTX-M-48,2
E133,CTX-M-122,2
E133,APH(3')-Ia,1
E133,CTX-M-125,2
E133,linG,1
E133,mdfA,50
E133,CMY-118,13
E133,cmlA1,8
E133,oprA,15
E133,OXA-74,1
E133,oprC,7
E133,ANT(6)-Ia,1
E133,cmlA4,8
E133,cmlA5,8
E133,cmlA6,8
E133,oprJ,78
E133,smeB,10
E133,LEN,12
E133,smeC,13
E133,oprM,195
E133,smeE,9
E133,oprN,118
E133,smeF,86
E133,two-component_system_response_regulator_EvgA,5
E133,baeR,54
E133,dfrA12,120
E133,baeS,67
E133,dfrA13,9
E133,dfrA14,30
E133,dfrA15,10
E133,dfrA17,4
E133,CRP,3
E133,smeR,45
E133,smeS,53
E133,TEM-150,3
E133,Erm(47),4
E133,ant(3'')-Ih-aac(6')-IId,3
E133,QepA1,1
E133,QepA2,1
E133,mexA,87
E133,mexB,73
E133,mexC,10
E133,mepA,269
E133,mexD,130
E133,mexE,189
E133,erm(38),3
E133,mexF,271
E133,erm(34),3
E133,aadA9,1
E133,mexH,25
E133,mexI,14
E133,abcA,1
E133,AxyY,4
E133,mexN,10
E133,tetB(60),32
E133,mexQ,3
E133,dfrA1,35
E133,dfrA3,16
E133,mexT,54
E133,dfrA5,11
E133,mexW,96
E133,VEB-1b,2
E133,mexX,87
E133,dfrA8,9
E133,mexY,4
E133,AcrE,2
E133,AcrF,2
E133,PmrF,9
E133,cfrC,10
E133,TEM-33,3
E133,oqxA,1
E133,TEM-34,1
E133,oqxB,2
E133,AcrS,3
E133,ICR-Mc,9
E133,OKP-B,11
E133,Moraxella_catarrhalis_M35,1
E133,ramA,2
E133,dfrC,15
E133,dfrD,5
E133,dfrE,8
E133,dfrF,7
E133,dfrG,6
E133,CMY-61,1
E133,CMY-20,12
E133,CMY-21,9
E133,CMY-63,9
E133,Escherichia_coli_mipA,1
E133,arnA,383
E133,CMY-23,3
E133,CMY-64,6
E133,dfrK,7
E133,CMY-28,7
E133,RbpA,1
E133,CMY-29,9
E133,OXA-240,6
E133,OXA-246,6
E133,tetA,80
E133,tetB,43
E133,tetC,4
E133,efrA,52
E133,tetD,6
E133,efrB,34
E133,tetH,5
E133,lsa,496
E133,tetJ,2
E133,tetL,17
E133,tetM,312
E133,tetO,209
E133,tetP,137
E133,tetQ,144
E133,MuxA,1
E133,tetR,95
E133,MuxB,4
E133,tetS,23
E133,MuxC,15
E133,tetT,74
E133,tetV,7
E133,tetW,612
E133,ADC-75,3
E133,cmrA,8
E133,ADC-76,1
E133,ADC-77,3
E133,bicyclomycin-multidrug_efflux_protein_bcr,246
E133,ADC-79,3
E133,tet(40),1
E133,ADC-39,3
E133,qepA,4
E133,vanRI,86
E133,Serratia_marcescens_Omp1,4
E133,Klebsiella_pneumoniae_OmpK36,3
E133,Klebsiella_pneumoniae_OmpK37,3
E133,porin_OmpC,3
E133,CFE-1,1
E133,carA,73
E133,DNA-binding_protein_H-NS,10
E133,carO,1
E133,myrA,4
E133,hmrM,1
E133,lrfA,1
E133,SHV-76,5
E133,Bacillus_Cluster_B_intrinsic_mph,1
E133,APH(3')-IIa,1
E133,cAMP-regulatory_protein,54
E133,mecR1,44
E133,emrA,178
E133,amrB,51
E133,emrB,221
E133,CTX-M-14,2
E133,emrD,31
E133,CTX-M-130,2
E133,emrE,117
E133,CTX-M-17,2
E133,OXA-368,1
E133,emrK,19
E133,tcmA,4
E133,mdsA,1
E133,mdsB,8
E133,mdsC,12
E133,emrR,1
E133,VEB-1,3
E133,VEB-2,2
E133,VEB-3,2
E133,VEB-4,2
E133,VEB-5,2
E133,emrY,1
E133,VEB-6,2
E133,VEB-7,2
E133,VEB-8,2
E133,VEB-9,1
E133,mel,46
E133,ANT(3'')-IIa,1
E133,ANT(3'')-IIb,1
E133,hp1181,6
E133,aad(6),1
E133,ANT(3'')-IIc,1
E133,Pseudomonas_aeruginosa_emrE,8
E133,chrB,4
E133,tetA(48),72
E133,LRA,2
E133,farA,3
E133,farB,4
E133,MdtK,4
E133,dfrA20,12
E133,opcM,40
E133,dfrA21,12
E133,dfrA22,13
E133,MCR-1.2,18
E133,MCR-1.3,9
E133,MCR-1.4,9
E133,YojI,17
E133,MCR-1.5,9
E133,dfrA25,5
E133,MCR-1.6,9
E133,MCR-1.7,9
E133,MCR-1.8,9
E133,dfrA29,4
E133,MCR-1.9,9
E133,mtrA,86
E133,blaR1,8
E133,mtrC,2
E133,mtrD,7
E133,mtrE,221
E133,lmrB,118
E133,Erm(44),3
E133,lmrC,66
E133,lmrD,53
E133,NmcR,8
E133,LCR-1,1
E133,mtrR,48
E133,CTX-M,15
E133,erm(39),2
E133,erm(35),1
E133,blaI,4
E133,bcrA,3336
E133,bcrC,4
E133,tet(K),3
E133,multidrug_ABC_transporter,4260
E133,omp36,13
E133,PvrR,36
E133,cipA,3
E133,marA,3
E133,otrA,15
E133,otrC,14
E133,arr-4,1
E133,arr-5,1
E133,arr-7,1
E133,arr-8,1
E133,PER,8
E133,Bacillus_Cluster_A_intrinsic_mph,1
E133,marR,174
E133,aph(6)-I,25
E133,aph(3')-I,16
E133,vanA,122
E133,vanB,152
E133,vanC,58
E133,vanD,268
E133,vanE,12
E133,vanG,58
E133,vanH,392
E133,vanI,10
E133,CMY-34,4
E133,CMY-35,3
E133,aph(3')-V,3
E133,vanL,4
E133,CMY-77,3
E133,vanM,3
E133,vanN,5
E133,CMY-38,3
E133,TEM-206,3
E133,optrA,70
E133,OXA-251,6
E133,vanR,2689
E133,vanS,859
E133,vanT,70
E133,vanU,4
E133,OXA-256,6
E133,ugd,8
E133,vanX,37
E133,vanY,118
E133,vanZ,11
E133,acrA,168
E133,acrB,436
E133,tet(W/N/W),18
E133,acrD,4
E133,acrF,3
E133,cpxA,30
E133,ADC-80,2
E133,tetB(46),30
E133,sul1,29
E133,ADC-41,3
E133,sul2,226
E133,ADC-42,1
E133,sul3,18
E133,ADC-43,3
E133,sul4,13
E133,ykkC,32
E133,ADC-44,3
E133,ykkD,16
E133,LAT-1,3
E133,MCR-1.10,9
E133,MCR-1.11,9
E133,vanWI,1
E133,MCR-1.12,9
E133,MCR-1.13,9
E133,kasugamycin_resistance_protein_ksgA,213
E133,rpoB2,37
E133,tetA(60),28
E133,cob(I)alamin_adenolsyltransferase,175
E133,cat_chloramphenicol_acetyltransferase,9
E133,rifampin_monooxygenase,16
E133,TLA-2,1
E133,TEM-1,3
E133,oleB,55
E133,oleC,48
E133,antibiotic_resistance_rRNA_adenine_methyltransferase,8
E133,SHV-41,5
E133,eptA,11
E133,tcr3,1
E133,Erm(37),2
E133,mphA,6
E133,mphC,6
E133,mphD,2
E133,CTX-M-24,2
E133,mphE,1
E133,CTX-M-67,2
E133,mphG,2
E133,Burkholderia_pseudomallei_Omp38,9
E133,mphI,2
E133,LpeB,6
E133,mdtA,155
E133,mdtB,330
E133,mdtC,427
E133,mdtD,101
E133,mdtE,65
E133,mdtF,123
E133,Escherichia_coli_LamB,1
E133,mdtG,29
E133,mdtH,25
E133,Salmonella,7
E133,mdtK,299
E133,mdtL,27
E133,mdtN,150
E133,mdtO,50
E133,mdtP,56
E136,OXA,144
E136,chloramphenicol_and_florfenicol_resistance,7
E136,OXA-10,6
E136,OXA-11,5
E136,bacA,300
E136,OXA-14,5
E136,chloramphenicol_exporter,26
E136,OXA-16,6
E136,OXA-17,6
E136,basS,20
E136,kdpE,18
E136,lsaC,9
E136,lsaE,20
E136,OXA-454,6
E136,OXA-140,2
E136,OXA-142,6
E136,OpmB,4
E136,OpmD,1
E136,tlrB_conferring_tylosin_resistance,2
E136,OpmH,1
E136,catA8,1
E136,puromycin_resistance_protein,2
E136,abeM,6
E136,catII,2
E136,clbA,4
E136,clbB,6
E136,clbC,7
E136,abeS,8
E136,macA,198
E136,macB,3259
E136,rphA,5
E136,rphB,10
E136,transcriptional_regulatory_protein_CpxR_cpxR,308
E136,qacG,24
E136,blt,1
E136,qacH,8
E136,vgaA,144
E136,vgaB,39
E136,vgaD,27
E136,vgaE,28
E136,CMY-40,3
E136,CMY-43,3
E136,lnuB,3
E136,CMY-46,3
E136,EmrB-QacA_family_major_facilitator_transporter,26
E136,lnuF,1
E136,lnuG,1
E136,OXA-224,4
E136,bpeF,31
E136,penA,347
E136,arlS,6
E136,efpA,2
E136,plasmid-encoded,1
E136,ADC-12,1
E136,VatI,4
E136,vanHB,6
E136,vanTG,14
E136,ADC-18,1
E136,vanTrL,9
E136,catA,16
E136,catB,146
E136,catD,2
E136,catI,1
E136,dfrA15b,5
E136,PBP-1A,206
E136,PBP-1B,58
E136,tet32,19
E136,catV,1
E136,tet36,13
E136,tet39,3
E136,msrA,279
E136,msrC,184
E136,msbA,21
E136,msrE,14
E136,ampC,15
E136,CTX-M-110,2
E136,CTX-M-38,2
E136,CTX-M-111,2
E136,evgS,57
E136,CTX-M-113,2
E136,adeB,175
E136,adeC,25
E136,adeF,3
E136,aadA,5
E136,adeH,7
E136,adeI,4
E136,adeJ,21
E136,adeK,7
E136,adeL,10
E136,TriA,2
E136,adeN,4
E136,TriC,10
E136,adeR,35
E136,adeS,12
E136,TolC,86
E136,tetA(46),6
E136,catB10,5
E136,CMY-108,3
E136,ceoB,13
E136,RlmA(II),4
E136,rosA,20
E136,rosB,233
E136,opmD,2
E136,Staphylococcys,2
E136,ompR,589
E136,salA,21
E136,Acinetobacter_baumannii_ampC_beta-lactamase,1
E136,KLUY-2,1
E136,OprA,3
E136,bcr-1,2
E136,sdeY,2
E136,DNA-binding_transcriptional_regulator_gadX,8
E136,gadX,1
E136,patA,39
E136,catB3,9
E136,mecA,111
E136,mecB,2
E136,mecC,5
E136,mecD,4
E136,OprZ,3
E136,AAC(6')-Ie-APH(2'')-Ia,3
E136,poxtA,43
E136,chloramphenicol_and_florfenicol_exporter,4
E136,catIII,1
E136,TaeA,54
E136,MexJ,8
E136,MexK,14
E136,MexL,5
E136,MexS,1
E136,vatA,1
E136,vatB,17
E136,vatC,6
E136,MexV,4
E136,vatD,1
E136,vatE,12
E136,vatF,2
E136,vatG,4
E136,ereA,10
E136,ereB,2
E136,truncated_putative_response_regulator_ArlR,224
E136,OXA-233,5
E136,SRT-1,1
E136,SRT-2,2
E136,bacterial_regulatory_protein_LuxR,31
E136,ADC-20,1
E136,ADC-21,1
E136,ADC-23,1
E136,cmeB,181
E136,Staphylococcus_mupA_conferring_resistance_to_mupirocin,21
E136,floR,106
E136,srmB,42
E136,ant(2'')-I,2
E136,major_facilitator_superfamily_transporter,21
E136,tet41,3
E136,golS,2
E136,tet44,7
E136,MCR-1,14
E136,MCR-2,7
E136,MCR-3,7
E136,MCR-4,9
E136,MCR-5,9
E136,OXA-663,5
E136,CTX-M-84,2
E136,OXA-392,2
E136,class_A,19
E136,CTX-M-160,2
E136,PBP-2X,25
E136,tlcC,37
E136,class_C,25
E136,CTX-M-48,2
E136,CTX-M-121,2
E136,CTX-M-122,4
E136,CTX-M-125,2
E136,linG,1
E136,mdfA,87
E136,aac(6')-I,2
E136,MvaT,1
E136,OXA-31,2
E136,oprA,12
E136,cmlA1,8
E136,OXA-74,5
E136,OXA-33,4
E136,oprC,8
E136,cmlA4,8
E136,cmlA5,8
E136,cmlA6,8
E136,AAC(6')-34,1
E136,oprJ,60
E136,smeB,18
E136,smeC,7
E136,smeD,2
E136,oprM,116
E136,smeE,15
E136,oprN,108
E136,smeF,50
E136,two-component_system_response_regulator_EvgA,6
E136,baeR,36
E136,dfrA12,126
E136,baeS,37
E136,dfrA13,10
E136,dfrA14,14
E136,dfrA15,10
E136,dfrA17,3
E136,CRP,5
E136,smeR,30
E136,smeS,20
E136,QepA1,2
E136,CfxA2,11
E136,QepA2,2
E136,CfxA3,1
E136,mexA,37
E136,mexB,100
E136,CfxA6,1
E136,mepA,2
E136,mexD,150
E136,mexE,206
E136,mexF,260
E136,mexH,99
E136,mexI,25
E136,AxyY,2
E136,mexM,2
E136,mexN,7
E136,tetB(60),5
E136,mexQ,2
E136,dfrA1,33
E136,dfrA3,10
E136,mexT,28
E136,dfrA5,7
E136,mexW,132
E136,mexX,65
E136,dfrA8,6
E136,mexY,3
E136,AcrE,1
E136,AcrF,2
E136,PmrF,6
E136,cfrC,7
E136,oqxA,3
E136,oqxB,5
E136,ICR-Mc,7
E136,Moraxella_catarrhalis_M35,2
E136,dfrC,8
E136,dfrD,7
E136,dfrE,2
E136,dfrF,8
E136,dfrG,6
E136,CMY-20,3
E136,CMY-63,3
E136,arnA,226
E136,dfrK,5
E136,CMY-25,3
E136,ACT,50
E136,OXA-240,5
E136,OXA-246,6
E136,tetA,61
E136,tetB,8
E136,tetC,2
E136,efrA,7
E136,efrB,9
E136,tetG,4
E136,lsa,252
E136,tetM,168
E136,tetO,21
E136,tetP,53
E136,tetQ,25
E136,MuxA,2
E136,tetR,76
E136,MuxB,11
E136,tetS,16
E136,MuxC,13
E136,tetT,34
E136,tetW,177
E136,ADC-74,1
E136,tetX,77
E136,cmrA,4
E136,bicyclomycin-multidrug_efflux_protein_bcr,246
E136,qepA,8
E136,ADC-39,1
E136,vanRI,30
E136,carA,52
E136,carO,3
E136,myrA,1
E136,Lactobacillus,1
E136,lrfA,1
E136,Bacillus_Cluster_B_intrinsic_mph,1
E136,cAMP-regulatory_protein,90
E136,mecR1,7
E136,CTX-M-90,2
E136,CTX-M-51,2
E136,OXA-320,4
E136,AAC(6')-Ib7,5
E136,emrA,157
E136,amrB,17
E136,emrB,190
E136,CTX-M-14,2
E136,CTX-M-130,4
E136,CTX-M-98,2
E136,emrE,88
E136,CTX-M-17,2
E136,OXA-368,5
E136,emrK,41
E136,tcmA,7
E136,mdsB,4
E136,mdsC,7
E136,mel,24
E136,hp1181,5
E136,Pseudomonas_aeruginosa_emrE,8
E136,chrB,1
E136,tetA(48),35
E136,LRA,2
E136,farA,2
E136,farB,1
E136,OXA-47,2
E136,dfrA20,6
E136,opcM,58
E136,dfrA21,13
E136,dfrA22,13
E136,MCR-1.2,14
E136,MCR-1.3,7
E136,dfrA24,3
E136,YojI,3
E136,MCR-1.4,7
E136,MCR-1.5,7
E136,dfrA25,5
E136,MCR-1.6,7
E136,MCR-1.7,7
E136,MCR-1.8,7
E136,mtrA,55
E136,MCR-1.9,7
E136,dfrA29,5
E136,mtrD,3
E136,mtrE,122
E136,lmrC,5
E136,lmrD,11
E136,NmcR,5
E136,CTX-M,32
E136,bcrA,1441
E136,tap,1
E136,dfrB1,3
E136,dfrB2,2
E136,dfrB3,1
E136,multidrug_ABC_transporter,1058
E136,dfrA2d,1
E136,dfrB6,1
E136,PvrR,33
E136,otrA,11
E136,otrC,5
E136,PER,9
E136,marR,222
E136,aph(3')-I,4
E136,vanA,31
E136,vanB,35
E136,vanC,21
E136,vanD,100
E136,vanE,8
E136,vanG,18
E136,vanH,153
E136,vanI,5
E136,CMY-34,3
E136,CMY-35,1
E136,vanL,2
E136,vanN,5
E136,optrA,48
E136,OXA-251,5
E136,vanR,1052
E136,vanS,451
E136,vanT,49
E136,OXA-256,5
E136,ugd,4
E136,vanX,23
E136,vanY,11
E136,OXA-1,4
E136,OXA-4,4
E136,acrA,132
E136,acrB,340
E136,tet(W/N/W),5
E136,acrD,2
E136,acrF,1
E136,norB,12
E136,cpxA,19
E136,tetB(46),5
E136,ADC-81,1
E136,sul1,62
E136,ADC-41,1
E136,sul2,208
E136,ADC-42,1
E136,sul3,18
E136,sul4,12
E136,ykkC,64
E136,ykkD,35
E136,MCR-1.10,7
E136,MCR-1.11,7
E136,MCR-1.12,7
E136,MCR-1.13,7
E136,kasugamycin_resistance_protein_ksgA,275
E136,rpoB2,12
E136,tetA(60),7
E136,cob(I)alamin_adenolsyltransferase,75
E136,cat_chloramphenicol_acetyltransferase,51
E136,TLA-1,1
E136,rifampin_monooxygenase,32
E136,bifunctional_aminoglycoside_N-acetyltransferase_and_aminoglycoside_phosphotransferase,2
E136,TLA-2,1
E136,TLA-3,1
E136,oleB,46
E136,oleC,36
E136,Enterococcus,3
E136,antibiotic_resistance_rRNA_adenine_methyltransferase,5
E136,aac(6')-II,2
E136,eptA,7
E136,mphA,6
E136,mphC,3
E136,mphD,1
E136,CTX-M-24,3
E136,CTX-M-65,2
E136,mphE,1
E136,CTX-M-67,4
E136,mphG,1
E136,Burkholderia_pseudomallei_Omp38,3
E136,mphI,1
E136,CTX-M-104,1
E136,CTX-M-105,2
E136,CTX-M-148,2
E136,LpeB,7
E136,mdtA,233
E136,mdtB,382
E136,mdtC,363
E136,mdtD,85
E136,mdtE,13
E136,mdtF,4
E136,mdtG,14
E136,Salmonella,8
E136,mdtK,237
E136,mdtN,101
E139,aph(3'')-I,4
E139,OXA,248
E139,CMY-132,6
E139,chloramphenicol_and_florfenicol_resistance,12
E139,CMY-133,19
E139,OXA-10,4
E139,OXA-11,3
E139,bacA,426
E139,OXA-14,3
E139,chloramphenicol_exporter,74
E139,OXA-16,3
E139,OXA-17,1
E139,AER-1,2
E139,basS,42
E139,mycinamicin-resistance_protein_myrB,1
E139,kdpE,39
E139,lsaA,1
E139,lsaC,13
E139,lsaE,19
E139,ADP-ribosylating_transferase_arr,5
E139,OXA-454,4
E139,OXA-140,2
E139,OpmB,4
E139,OpmD,2
E139,tlrB_conferring_tylosin_resistance,1
E139,OpmH,2
E139,AAC(6')-Ib,1
E139,mefA,77
E139,mefC,2
E139,puromycin_resistance_protein,4
E139,abeM,2
E139,catII,1
E139,clbA,9
E139,clbB,10
E139,clbC,13
E139,abeS,3
E139,AAC(6')-30/AAC(6')-Ib',2
E139,macA,355
E139,macB,5521
E139,rphA,8
E139,rphB,14
E139,transcriptional_regulatory_protein_CpxR_cpxR,515
E139,qacG,12
E139,qacH,4
E139,Vibrio_cholerae_varG,1
E139,MIR,3
E139,vgaA,171
E139,vgaB,41
E139,vgaC,1
E139,vgaD,40
E139,vgaE,40
E139,viomycin_phosphotransferase,6
E139,CMY-40,6
E139,CMY-42,3
E139,CMY-44,9
E139,lnuB,6
E139,CMY-46,3
E139,EmrB-QacA_family_major_facilitator_transporter,66
E139,lnuF,2
E139,lnuG,2
E139,rpsD_(ramA_or_sud2),1
E139,OXA-224,2
E139,bpeF,38
E139,penA,519
E139,arlS,22
E139,efpA,5
E139,fosB,4
E139,otr(B),1
E139,ADC-12,1
E139,ADC-13,1
E139,VatI,5
E139,cmlA,12
E139,vanHB,17
E139,ErmB,4
E139,ADC-16,1
E139,ErmC,6
E139,ADC-17,1
E139,vanTG,17
E139,tet(42),2
E139,ADC-19,1
E139,vanTrL,14
E139,fosX,21
E139,cdeA,3
E139,BIL-1,3
E139,catA,10
E139,catB,57
E139,ErmT,4
E139,QnrC,1
E139,dfrA15b,11
E139,catQ,1
E139,PBP-1A,380
E139,PBP-1B,56
E139,tet32,51
E139,tet34,81
E139,tet35,2
E139,tet36,12
E139,tet37,2
E139,tet39,2
E139,msrA,274
E139,msrC,216
E139,msbA,49
E139,msrE,24
E139,CTX-M-33,3
E139,ampC,18
E139,Escherichia_coli_mdfA,2
E139,CTX-M-110,2
E139,CTX-M-38,2
E139,evgS,97
E139,CTX-M-113,4
E139,CTX-M-156,3
E139,RTG-4,4
E139,RTG-5,2
E139,adeA,6
E139,adeB,108
E139,adeC,28
E139,adeF,6
E139,adeG,1
E139,adeH,6
E139,adeI,2
E139,adeJ,18
E139,adeK,8
E139,adeL,29
E139,fmtC,48
E139,TriA,1
E139,ACC-5,1
E139,TriC,10
E139,adeR,50
E139,adeS,21
E139,TolC,584
E139,vanXYL,2
E139,CMY-102,3
E139,tetA(46),38
E139,catB10,4
E139,CMY-108,12
E139,ceoB,34
E139,RlmA(II),4
E139,rosA,59
E139,rosB,520
E139,aph(3')-IIb,4
E139,Staphylococcys,5
E139,opmD,4
E139,Staphylococcus,2
E139,ADC-2,1
E139,opmE,3
E139,ADC-3,1
E139,ADC-5,1
E139,ADC-7,1
E139,ompF,146
E139,ADC-8,1
E139,sdiA,32
E139,ompR,1160
E139,salA,35
E139,APH(6)-Id,1
E139,CMX,27
E139,Acinetobacter_baumannii_ampC_beta-lactamase,1
E139,OprA,16
E139,Brucella_suis_mprF,1
E139,bcr-1,11
E139,mef(B),2
E139,sdeY,2
E139,Vibrio_cholerae_OmpU,2
E139,DNA-binding_transcriptional_regulator_gadX,40
E139,gadW,3
E139,gadX,6
E139,patA,51
E139,catB3,6
E139,patB,7
E139,mecA,110
E139,mecB,5
E139,mecC,6
E139,mecD,2
E139,aac(3)-Ib-aac(6')-Ib,1
E139,OprZ,9
E139,poxtA,70
E139,SHV-140,5
E139,AAC(6')-Ib-cr,4
E139,SHV-104,5
E139,ANT(3'')-Ii-AAC(6')-IId,4
E139,catIII,1
E139,QnrS2,1
E139,QnrS6,1
E139,TaeA,81
E139,MexJ,2
E139,MexK,15
E139,CTX-M-5,1
E139,MexS,5
E139,vatA,1
E139,vatB,20
E139,vatC,2
E139,MexV,9
E139,vatD,2
E139,vatE,16
E139,vatF,3
E139,vatG,3
E139,MexZ,1
E139,CMY-12,12
E139,CMY-53,3
E139,ermA,5
E139,CMY-13,3
E139,CMY-95,3
E139,ermB,16
E139,CMY-55,6
E139,ereA,10
E139,ermC,15
E139,CMY-15,3
E139,CMY-56,6
E139,ereB,2
E139,ermE,4
E139,ermF,7
E139,ermG,5
E139,truncated_putative_response_regulator_ArlR,401
E139,Mrx,1
E139,OXA-233,1
E139,SRT-1,1
E139,SRT-2,2
E139,bacterial_regulatory_protein_LuxR,29
E139,efmA,1
E139,ermT,9
E139,CMY-2,6
E139,CMY-5,3
E139,CMY-6,4
E139,CMY-7,2
E139,vanYA,2
E139,ADC-20,1
E139,ADC-21,1
E139,ADC-22,1
E139,ADC-25,1
E139,cmeA,1
E139,cmeB,308
E139,cmeC,1
E139,Staphylococcus_mupA_conferring_resistance_to_mupirocin,26
E139,floR,56
E139,srmB,52
E139,cystathionine_beta-lyase_patB,132
E139,major_facilitator_superfamily_transporter,57
E139,tet41,2
E139,golS,12
E139,tet44,19
E139,SHV-62,5
E139,MCR-1,22
E139,MCR-2,10
E139,MCR-3,13
E139,SHV-25,5
E139,MCR-4,12
E139,MCR-5,13
E139,tolC,17
E139,OXA-663,4
E139,CTX-M-82,3
E139,OXA-392,2
E139,CTX-M-84,4
E139,class_A,72
E139,PBP-2X,108
E139,tlcC,62
E139,class_C,146
E139,CTX-M-48,2
E139,CTX-M-121,2
E139,CTX-M-122,2
E139,APH(3')-Ia,1
E139,CTX-M-125,2
E139,linG,2
E139,CTX-M-129,2
E139,mdfA,49
E139,aac(6')-I,17
E139,tet(59),1
E139,CMY-118,25
E139,aac(6')-30-aac(6')-Ib',1
E139,OXA-31,2
E139,cmlA1,13
E139,oprA,8
E139,OXA-33,2
E139,OXA-74,1
E139,oprC,13
E139,cmlA4,12
E139,cmlA5,13
E139,cmlA6,13
E139,oprJ,134
E139,smeB,20
E139,smeC,22
E139,smeD,1
E139,smeE,8
E139,oprM,302
E139,oprN,106
E139,smeF,94
E139,two-component_system_response_regulator_EvgA,7
E139,baeR,82
E139,dfrA12,177
E139,baeS,52
E139,dfrA13,13
E139,dfrA14,48
E139,dfrA15,25
E139,dfrA16,14
E139,dfrA17,8
E139,CRP,6
E139,smeR,69
E139,smeS,68
E139,ant(3'')-Ih-aac(6')-IId,3
E139,QepA1,3
E139,CfxA2,44
E139,QepA2,3
E139,CfxA3,4
E139,mexA,87
E139,mexB,39
E139,mexC,11
E139,CfxA6,4
E139,mepA,132
E139,mexD,323
E139,mexE,233
E139,mexF,602
E139,thiostrepton_resistance_methylase_tsnR,1
E139,mexH,127
E139,mexI,66
E139,AxyY,1
E139,abcA,3
E139,mexM,1
E139,mexN,15
E139,tetB(60),30
E139,mexP,2
E139,mexQ,10
E139,dfrA1,42
E139,dfrA3,22
E139,mexT,117
E139,dfrA5,20
E139,AAC(6')-Ib10,3
E139,VEB-1b,4
E139,mexW,387
E139,mexX,53
E139,dfrA8,7
E139,mexY,7
E139,AcrE,1
E139,AcrF,3
E139,PmrF,17
E139,SHV-159,5
E139,cfrC,12
E139,oqxA,6
E139,oqxB,4
E139,AcrS,7
E139,ICR-Mc,11
E139,OKP-A,1
E139,MOX,6
E139,ramA,2
E139,dfrC,18
E139,dfrD,16
E139,dfrE,12
E139,dfrF,13
E139,dfrG,15
E139,CMY-61,7
E139,CMY-20,6
E139,CMY-21,9
E139,CMY-22,6
E139,CMY-63,6
E139,arnA,421
E139,Escherichia_coli_mipA,1
E139,CMY-23,3
E139,CMY-64,6
E139,dfrK,14
E139,CMY-24,3
E139,ACT,4
E139,CMY-69,3
E139,CMY-28,8
E139,CMY-29,9
E139,OXA-240,4
E139,OXA-246,4
E139,tetA,96
E139,tetB,80
E139,tetC,4
E139,efrA,33
E139,tetD,9
E139,tetE,6
E139,efrB,33
E139,tetG,3
E139,tetH,10
E139,lsa,444
E139,tetJ,4
E139,tetM,237
E139,tetO,145
E139,tetP,85
E139,tetQ,79
E139,MuxA,2
E139,tetR,115
E139,MuxB,10
E139,tetS,18
E139,MuxC,18
E139,tetT,48
E139,tetW,388
E139,ADC-75,1
E139,Bacillus_subtilis_mprF,1
E139,cmrA,5
E139,ADC-76,1
E139,ADC-77,1
E139,bicyclomycin-multidrug_efflux_protein_bcr,469
E139,ADC-78,1
E139,ADC-79,1
E139,ADC-39,1
E139,qepA,12
E139,vanRI,66
E139,Serratia_marcescens_Omp1,8
E139,Klebsiella_pneumoniae_OmpK36,8
E139,Klebsiella_pneumoniae_OmpK37,6
E139,CFE-1,1
E139,porin_OmpC,7
E139,carA,74
E139,DNA-binding_protein_H-NS,65
E139,myrA,2
E139,AAC(6')-Ib',1
E139,hmrM,2
E139,lrfA,2
E139,Bacillus_Cluster_B_intrinsic_mph,1
E139,APH(3')-IIa,1
E139,cAMP-regulatory_protein,108
E139,mecR1,5
E139,NPS-1,5
E139,OXA-320,2
E139,AAC(6')-Ib7,5
E139,emrA,262
E139,AAC(6')-Ib8,5
E139,amrB,51
E139,emrB,407
E139,AAC(6')-Ib9,3
E139,CTX-M-14,2
E139,emrD,130
E139,CTX-M-130,2
E139,CTX-M-98,2
E139,emrE,45
E139,CTX-M-17,2
E139,CTX-M-131,1
E139,OXA-368,1
E139,emrK,36
E139,tcmA,22
E139,mdsA,2
E139,mdsB,15
E139,mdsC,17
E139,emrR,2
E139,VEB-1,10
E139,VEB-2,5
E139,VEB-3,5
E139,VEB-4,4
E139,VEB-5,4
E139,emrY,1
E139,VEB-6,4
E139,VEB-7,5
E139,HERA-1,2
E139,VEB-8,4
E139,VEB-9,3
E139,mel,38
E139,hp1181,10
E139,Pseudomonas_aeruginosa_emrE,3
E139,chrB,2
E139,tetA(48),71
E139,LRA,3
E139,farA,2
E139,farB,1
E139,OCH,4
E139,OXA-47,2
E139,MdtK,3
E139,dfrA20,8
E139,opcM,57
E139,dfrA21,18
E139,dfrA22,19
E139,MCR-1.2,22
E139,MCR-1.3,11
E139,MCR-1.4,11
E139,dfrA24,1
E139,YojI,18
E139,MCR-1.5,11
E139,dfrA25,13
E139,MCR-1.6,11
E139,MCR-1.7,11
E139,MCR-1.8,11
E139,MCR-1.9,11
E139,dfrA29,11
E139,mtrA,100
E139,blaR1,3
E139,mtrD,7
E139,mtrE,80
E139,lmrA,4
E139,lmrB,1
E139,Erm(44),2
E139,lmrC,45
E139,lmrD,32
E139,NmcR,16
E139,LCR-1,6
E139,mtrR,145
E139,lmrP,1
E139,CTX-M,8
E139,erm(35),1
E139,blaI,1
E139,RSA-2,2
E139,bcrA,2645
E139,bcrC,2
E139,multidrug_ABC_transporter,2972
E139,dfrA2d,2
E139,SHV-121,5
E139,PvrR,56
E139,cipA,2
E139,omp36,37
E139,SHV-165,5
E139,marA,3
E139,otrA,9
E139,PSE-1,8
E139,otrC,15
E139,arr-4,1
E139,arr-5,1
E139,arr-7,1
E139,arr-8,1
E139,QnrA1,1
E139,QnrA2,1
E139,PER,10
E139,QnrA3,1
E139,Bacillus_Cluster_A_intrinsic_mph,2
E139,QnrA4,1
E139,marR,100
E139,QnrA5,1
E139,QnrA6,1
E139,QnrA7,1
E139,CARB,26
E139,aph(6)-I,25
E139,aph(3')-I,14
E139,vanA,100
E139,vanB,75
E139,vanC,50
E139,vanD,200
E139,vanE,25
E139,vanG,34
E139,vanH,340
E139,vanI,11
E139,CMY-34,3
E139,CMY-35,1
E139,aph(3')-V,3
E139,vanL,5
E139,CMY-77,6
E139,vanM,3
E139,vanN,9
E139,CMY-38,6
E139,optrA,70
E139,OXA-251,4
E139,vanR,2209
E139,vanS,525
E139,vanT,59
E139,vanU,2
E139,OXA-256,4
E139,ugd,9
E139,vanY,45
E139,OXA-1,2
E139,OXA-4,2
E139,acrA,226
E139,acrB,738
E139,QnrVC1,1
E139,tet(W/N/W),11
E139,acrD,9
E139,QnrVC3,1
E139,QnrVC4,1
E139,acrF,4
E139,QnrVC5,1
E139,QnrVC6,1
E139,QnrVC7,1
E139,cpxA,30
E139,ADC-80,1
E139,tetB(46),36
E139,sul1,31
E139,ADC-41,1
E139,sul2,136
E139,ADC-42,1
E139,sul3,16
E139,ADC-43,1
E139,sul4,13
E139,ykkC,48
E139,ADC-44,1
E139,ykkD,8
E139,LAT-1,3
E139,MCR-1.10,11
E139,MCR-1.11,11
E139,MCR-1.12,11
E139,MCR-1.13,11
E139,kasugamycin_resistance_protein_ksgA,451
E139,rpoB2,30
E139,tetA(60),30
E139,cob(I)alamin_adenolsyltransferase,150
E139,cat_chloramphenicol_acetyltransferase,19
E139,TLA-1,2
E139,rifampin_monooxygenase,18
E139,TLA-2,1
E139,TLA-3,2
E139,oleB,54
E139,oleC,96
E139,antibiotic_resistance_rRNA_adenine_methyltransferase,7
E139,SHV-80,5
E139,SHV-42,5
E139,SHV-89,5
E139,eptA,12
E139,tcr3,1
E139,mphA,24
E139,CTX-M-21,2
E139,mphB,1
E139,mphC,12
E139,mphD,4
E139,CTX-M-24,2
E139,mphE,1
E139,CTX-M-67,2
E139,mphG,4
E139,CTX-M-27,2
E139,Burkholderia_pseudomallei_Omp38,7
E139,CTX-M-142,1
E139,mphI,2
E139,LpeB,28
E139,mdtA,217
E139,mdtB,488
E139,mdtC,404
E139,mdtD,176
E139,mdtE,76
E139,mdtF,70
E139,Escherichia_coli_LamB,10
E139,mdtG,25
E139,mdtH,75
E139,Salmonella,11
E139,CatU,1
E139,mdtK,487
E139,mdtL,50
E139,mdtM,25
E139,mdtN,256
E139,mdtO,25
E139,mdtP,75
E141,class_C,41
E141,lrfA,14
E141,tetB(60),7
E141,AAC(6')-Ib,4
E141,dfrB6,3
E141,bcr-1,2
E141,gadX,1
E141,dfrA29,3
E141,TRU-1,1
E141,PDC,29
E141,Rhodobacter_sphaeroides_ampC_beta-lactamase,1
E141,qacA,12
E141,CTX-M-125,2
E141,qacB,42
E141,tlcC,22
E141,CTX-M-126,2
E141,vanTrL,1
E141,aac(6')-30-aac(6')-Ib',1
E141,mdtA,52
E141,qacG,6
E141,emrB,97
E141,mdtB,106
E141,qacH,2
E141,mdtC,156
E141,mdtD,57
E141,emrD,70
E141,MCR-1.2,4
E141,NPS-1,1
E141,mdtE,9
E141,emrE,34
E141,cpxA,15
E141,patA,20
E141,MCR-1.3,2
E141,CTX-M-160,2
E141,patB,2
E141,EmrB-QacA_family_major_facilitator_transporter,92
E141,MCR-1.4,2
E141,cmlA1,2
E141,MCR-1.5,2
E141,mdtH,4
E141,MCR-1.6,2
E141,hp1181,5
E141,baeR,41
E141,poxtA,29
E141,MCR-1.7,2
E141,cmlA4,2
E141,tet41,1
E141,otr(B),4
E141,baeS,28
E141,MCR-1.10,2
E141,MCR-1.8,2
E141,cmlA5,2
E141,NmcR,4
E141,mdtK,36
E141,MCR-1.11,2
E141,MCR-1.9,2
E141,cmlA6,2
E141,Staphylococcys,3
E141,tet43,7
E141,mel,13
E141,MCR-1.12,2
E141,mdtM,17
E141,Pseudomonas_aeruginosa_emrE,3
E141,tet44,10
E141,MCR-1.13,2
E141,CMY-13,3
E141,BUT-1,1
E141,bcrA,1046
E141,CTX-M-99,2
E141,chrB,1
E141,vanYA,3
E141,kasugamycin_resistance_protein_ksgA,75
E141,PBP-1A,153
E141,cat_chloramphenicol_acetyltransferase,3
E141,vanA,37
E141,PBP-1B,36
E141,CMY-30,3
E141,cAMP-regulatory_protein,53
E141,vanB,61
E141,vanC,7
E141,bpeF,7
E141,vanD,73
E141,CTX-M-9,2
E141,vanE,1
E141,aac(6')-I,13
E141,lmrA,13
E141,vanHB,5
E141,lsa,156
E141,lmrC,5
E141,vanG,20
E141,lmrD,10
E141,vanH,86
E141,CMY-37,3
E141,vanI,3
E141,emrY,3
E141,abcA,2
E141,LCR-1,1
E141,vanL,1
E141,golS,4
E141,vanM,2
E141,floR,4
E141,vanN,1
E141,mef(B),1
E141,MUS-1,1
E141,ereA,10
E141,tet(59),2
E141,tcmA,62
E141,mecA,22
E141,ereB,4
E141,kdpE,22
E141,msrA,146
E141,mecB,1
E141,vanR,961
E141,AcrE,1
E141,mecC,1
E141,AAC(6')-Ib',2
E141,otrA,6
E141,vanS,271
E141,cipA,2
E141,msrC,80
E141,CMY-108,3
E141,OXA,23
E141,mecD,2
E141,norB,31
E141,rifampin_monooxygenase,73
E141,vanT,6
E141,dfrA2d,3
E141,otrC,6
E141,msrE,14
E141,vanX,41
E141,vanY,64
E141,vatE,4
E141,ant(3'')-Ih-aac(6')-IId,3
E141,evgS,56
E141,tet(42),1
E141,acrA,18
E141,ykkC,16
E141,mexA,58
E141,vatG,1
E141,smeB,6
E141,ykkD,7
E141,mexB,39
E141,cob(I)alamin_adenolsyltransferase,51
E141,acrB,130
E141,mexC,12
E141,smeC,6
E141,cmeB,48
E141,acrD,3
E141,mexD,147
E141,AAC(6')-Ib3,4
E141,MCR-1,4
E141,MSI-1,1
E141,mexE,37
E141,dfrA12,85
E141,AAC(6')-Ib4,4
E141,MCR-2,2
E141,smeF,32
E141,mexF,214
E141,dfrA1,9
E141,dfrA13,7
E141,tolC,3
E141,CTX-M-24,2
E141,MCR-3,2
E141,tetA,6
E141,dfrA14,10
E141,salA,17
E141,oprA,4
E141,MCR-4,2
E141,mexH,24
E141,VatI,1
E141,dfrA15,5
E141,dfrA3,10
E141,tetB,31
E141,MCR-5,2
E141,mexI,14
E141,AAC(6')-Ib7,5
E141,rosB,127
E141,abeS,2
E141,dfrA16,7
E141,dfrA17,8
E141,dfrA5,5
E141,AAC(6')-Ib8,1
E141,oprC,5
E141,efpA,7
E141,tetD,4
E141,truncated_putative_response_regulator_ArlR,179
E141,AAC(6')-Ib9,3
E141,tlrB_conferring_tylosin_resistance,1
E141,TolC,146
E141,ADC-76,1
E141,blt,3
E141,OprA,5
E141,major_facilitator_superfamily_transporter,66
E141,dfrA7,3
E141,CTX-M-113,2
E141,tetG,1
E141,dfrA8,4
E141,mexN,6
E141,tetH,4
E141,MexJ,2
E141,MexK,9
E141,tetJ,4
E141,CTX-M-130,2
E141,efrA,4
E141,oprJ,20
E141,mexQ,2
E141,basS,30
E141,AAC(6')-Ib10,3
E141,CTX-M-48,2
E141,ermA,2
E141,efrB,12
E141,tetL,1
E141,smeR,40
E141,tetM,102
E141,Staphylococcus_mupA_conferring_resistance_to_mupirocin,16
E141,mtrA,73
E141,smeS,32
E141,mdsB,1
E141,TriB,1
E141,oprM,89
E141,mexT,50
E141,TriC,6
E141,mdsC,8
E141,tetO,84
E141,vanRI,41
E141,oprN,79
E141,ampC,1
E141,tetP,66
E141,mtrD,4
E141,tetA(46),6
E141,macA,128
E141,mtrE,32
E141,ermF,6
E141,MexS,3
E141,tetQ,36
E141,mexW,98
E141,macB,2805
E141,CTX-M-67,2
E141,mexX,24
E141,tetR,50
E141,ermH,1
E141,tetS,8
E141,mexY,2
E141,MexV,1
E141,lsaC,5
E141,tetT,24
E141,vanTG,4
E141,arnA,176
E141,CTX-M-84,1
E141,ICR-Mc,2
E141,tet31,1
E141,marR,20
E141,tetV,7
E141,amrB,28
E141,lsaE,6
E141,clbA,4
E141,tap,2
E141,tetW,148
E141,tet32,22
E141,clbB,5
E141,tetA(48),36
E141,multidrug_ABC_transporter,1313
E141,clbC,5
E141,carA,34
E141,opcM,78
E141,tet35,1
E141,tetZ,1
E141,myrA,1
E141,dfrC,11
E141,CRP,3
E141,tet36,9
E141,dfrD,6
E141,erm(36),1
E141,dfrE,4
E141,vgaA,67
E141,vgaB,18
E141,bacterial_regulatory_protein_LuxR,19
E141,dfrF,5
E141,tet39,1
E141,dfrG,6
E141,mdfA,8
E141,OprZ,1
E141,arlS,8
E141,two-component_system_response_regulator_EvgA,9
E141,vgaD,15
E141,TaeA,32
E141,catB,15
E141,vgaE,19
E141,transcriptional_regulatory_protein_CpxR_cpxR,211
E141,dfrK,7
E141,erm(38),2
E141,chloramphenicol_and_florfenicol_resistance,4
E141,vanXI,1
E141,aac(2')-I,7
E141,tetB(46),6
E141,antibiotic_resistance_rRNA_adenine_methyltransferase,4
E141,oleB,29
E141,CMY-40,1
E141,sul1,2
E141,srmB,27
E141,oleC,46
E141,hmrM,1
E141,QepA1,9
E141,sul2,95
E141,vanXYL,1
E141,sul3,4
E141,QepA2,10
E141,cfrC,4
E141,dfrA15b,2
E141,sul4,7
E141,adeA,3
E141,aac(6')-II,1
E141,PmrF,6
E141,CMY-45,3
E141,adeB,52
E141,qepA,40
E141,tetB(48),3
E141,adeC,13
E141,eptA,2
E141,adeF,2
E141,adeG,1
E141,CMY-64,3
E141,AxyY,1
E141,adeH,5
E141,penA,270
E141,Salmonella,2
E141,BRP(MBL),1
E141,chloramphenicol_and_florfenicol_exporter,4
E141,YojI,5
E141,opmD,1
E141,tet(W/N/W),4
E141,tcr3,3
E141,adeK,7
E141,tetA(60),6
E141,PvrR,20
E141,opmE,1
E141,oqxB,5
E141,adeL,9
E141,OpmB,3
E141,vanKI,1
E141,rpoB2,19
E141,CMY-118,3
E141,rphA,4
E141,ompR,492
E141,CMY-119,3
E141,rphB,6
E141,msbA,18
E141,bicyclomycin-multidrug_efflux_protein_bcr,78
E141,PBP-2X,25
E141,adeR,25
E141,catB3,1
E141,OpmH,3
E141,adeS,14
E141,RbpA,2
E141,ugd,5
E141,CTX-M-14,2
E141,mefC,1
E141,AAC(6')-30/AAC(6')-Ib',2
E141,ceoB,6
E141,puromycin_resistance_protein,12
E141,optrA,27
E141,LpeB,5
E141,dfrA20,6
E141,bacA,150
E141,cystathionine_beta-lyase_patB,13
E141,dfrA21,7
E141,CTX-M-19,2
E141,dfrA22,7
E141,dfrB1,6
E141,chloramphenicol_exporter,9
E141,aac(6')-31,4
E141,MuxB,4
E141,dfrB2,6
E141,catB10,1
E141,AAC(2')-Ie,1
E141,MuxC,7
E141,dfrA24,3
E141,dfrB3,3
E141,class_A,25
E141,dfrA25,4
E144,aph(3'')-I,4
E144,OXA,200
E144,chloramphenicol_and_florfenicol_resistance,16
E144,CMY-133,6
E144,OXA-10,8
E144,OXA-11,7
E144,bacA,598
E144,OXA-14,7
E144,chloramphenicol_exporter,79
E144,OXA-16,7
E144,OXA-17,6
E144,AER-1,3
E144,OXY,2
E144,basS,30
E144,mycinamicin-resistance_protein_myrB,1
E144,kdpE,36
E144,lsaC,18
E144,lsaE,22
E144,TEM-132,3
E144,ADP-ribosylating_transferase_arr,5
E144,TEM-135,3
E144,OXA-454,8
E144,OXA-142,5
E144,OpmB,5
E144,OpmD,2
E144,tlrB_conferring_tylosin_resistance,5
E144,OpmH,4
E144,mefA,178
E144,erm(36),1
E144,mefC,2
E144,mefE,2
E144,tet(L),8
E144,puromycin_resistance_protein,1
E144,abeM,6
E144,clbA,12
E144,clbB,17
E144,clbC,15
E144,abeS,12
E144,SHV-135,5
E144,TEM-90,3
E144,AAC(6')-30/AAC(6')-Ib',2
E144,TEM-92,3
E144,TEM-11,3
E144,TEM-93,1
E144,TEM-52,3
E144,TEM-94,3
E144,qacA,2
E144,macA,343
E144,macB,6406
E144,qacB,11
E144,rphA,15
E144,rphB,21
E144,TEM-16,3
E144,transcriptional_regulatory_protein_CpxR_cpxR,418
E144,qacG,36
E144,blt,1
E144,qacH,12
E144,vgaA,224
E144,vgaB,52
E144,vgaD,41
E144,vgaE,45
E144,lnuB,6
E144,lnuC,1
E144,CMY-46,3
E144,lnuD,1
E144,EmrB-QacA_family_major_facilitator_transporter,101
E144,TEM-215,2
E144,lnuF,2
E144,lnuG,2
E144,AAC(3)-Ib/AAC(6')-Ib'',2
E144,bpeF,20
E144,penA,703
E144,arlS,30
E144,efpA,2
E144,KPC-16,3
E144,otr(B),4
E144,ADC-12,3
E144,Listeria_monocytogenes_mprF,1
E144,VatI,4
E144,ADC-13,3
E144,ADC-14,2
E144,ADC-15,1
E144,vanHB,16
E144,ErmB,2
E144,ADC-16,3
E144,ADC-17,3
E144,vanTG,17
E144,ADC-18,1
E144,ADC-19,3
E144,vanTrL,10
E144,TEM,22
E144,cdeA,4
E144,catB,93
E144,ErmT,1
E144,dfrA15b,5
E144,PBP-1A,352
E144,PBP-1B,108
E144,tet32,54
E144,tet34,9
E144,tet35,2
E144,tet36,22
E144,tet37,1
E144,SHV-53,5
E144,tet39,4
E144,msrA,408
E144,msrC,273
E144,msbA,50
E144,msrE,35
E144,apmA,1
E144,CTX-M-31,1
E144,Erm(30),1
E144,CTX-M-74,1
E144,CTX-M-75,1
E144,CTX-M-35,1
E144,CTX-M-76,1
E144,CTX-M-77,1
E144,CTX-M-110,2
E144,CTX-M-38,2
E144,evgS,53
E144,CTX-M-113,2
E144,CTX-M-115,1
E144,RTG-4,8
E144,RTG-5,4
E144,adeB,189
E144,adeC,24
E144,aadA,48
E144,adeF,4
E144,adeH,4
E144,adeI,5
E144,adeJ,9
E144,aadE,1
E144,adeK,7
E144,adeL,19
E144,aac(3)-I,23
E144,fmtC,22
E144,TriA,5
E144,adeN,2
E144,TriC,8
E144,aadK,24
E144,adeR,44
E144,adeS,22
E144,TolC,437
E144,vanXYL,2
E144,tetA(46),24
E144,catB10,3
E144,CMY-108,3
E144,ceoB,12
E144,RlmA(II),4
E144,rosA,30
E144,rosB,375
E144,aph(3')-IIb,4
E144,Staphylococcys,11
E144,opmD,4
E144,Staphylococcus,3
E144,opmE,1
E144,ADC-2,3
E144,ADC-3,3
E144,ADC-5,3
E144,ADC-6,1
E144,ADC-7,3
E144,ompR,723
E144,salA,37
E144,APH(6)-Id,1
E144,TEM-102,3
E144,Acinetobacter_baumannii_ampC_beta-lactamase,3
E144,Erm(42),1
E144,TEM-187,3
E144,KLUY-2,1
E144,TEM-147,3
E144,TEM-106,3
E144,CAZ,1
E144,OprA,15
E144,Brucella_suis_mprF,1
E144,bcr-1,5
E144,mef(B),2
E144,DNA-binding_transcriptional_regulator_gadX,8
E144,gadX,1
E144,patA,52
E144,catB3,7
E144,patB,9
E144,mecA,125
E144,mecB,7
E144,mecC,6
E144,mecD,5
E144,aac(3)-Ib-aac(6')-Ib,2
E144,OprZ,7
E144,AAC(6')-Ie-APH(2'')-Ia,6
E144,poxtA,69
E144,AAC(6')-Ib-cr,4
E144,chloramphenicol_and_florfenicol_exporter,1
E144,TEM-20,3
E144,TEM-21,3
E144,ANT(3'')-Ii-AAC(6')-IId,12
E144,APH(2'')-If,1
E144,bmr,1
E144,TEM-29,3
E144,SHV,3
E144,TaeA,77
E144,MexJ,6
E144,CTX-M-2,1
E144,MexK,10
E144,MexL,3
E144,CTX-M-4,1
E144,CTX-M-5,2
E144,CTX-M-6,1
E144,CTX-M-7,1
E144,MexS,5
E144,vatA,2
E144,vatB,24
E144,vatC,4
E144,MexV,1
E144,vatD,2
E144,vatE,12
E144,vatF,3
E144,vatG,5
E144,MexZ,1
E144,ermA,9
E144,CMY-13,3
E144,ermB,9
E144,CMY-55,3
E144,ereA,10
E144,CMY-56,3
E144,ereB,2
E144,ermE,2
E144,CMY-99,3
E144,ermF,14
E144,ermG,4
E144,truncated_putative_response_regulator_ArlR,368
E144,OXA-233,6
E144,bacterial_regulatory_protein_LuxR,28
E144,KPC-22,2
E144,efmA,3
E144,ermT,3
E144,CMY-2,3
E144,CMY-5,6
E144,CMY-7,3
E144,vanYA,2
E144,ADC-20,3
E144,ADC-21,3
E144,ADC-22,3
E144,ADC-23,2
E144,ADC-25,3
E144,cmeB,99
E144,Staphylococcus_mupA_conferring_resistance_to_mupirocin,39
E144,floR,35
E144,srmB,63
E144,ant(2'')-I,2
E144,cystathionine_beta-lyase_patB,72
E144,major_facilitator_superfamily_transporter,70
E144,tet41,3
E144,golS,7
E144,tet44,15
E144,MCR-1,16
E144,MCR-2,8
E144,MCR-3,9
E144,MCR-4,9
E144,MCR-5,8
E144,tolC,7
E144,OXA-663,8
E144,CTX-M-84,2
E144,CTX-M-44,1
E144,LlmA_23S_ribosomal_RNA_methyltransferase,1
E144,class_A,23
E144,emeA,1
E144,class_C,2
E144,PBP-2X,188
E144,tlcC,64
E144,CTX-M-48,2
E144,CTX-M-122,2
E144,APH(3')-Ia,1
E144,CTX-M-124,1
E144,CTX-M-125,2
E144,linG,2
E144,mdfA,75
E144,aac(6')-I,18
E144,CMY-118,4
E144,aac(6')-30-aac(6')-Ib',1
E144,cmlA1,9
E144,oprA,15
E144,OXA-74,5
E144,oprC,6
E144,cmlA4,9
E144,ANT(6)-Ia,1
E144,cmlA5,10
E144,cmlA6,9
E144,AAC(6')-34,1
E144,oprJ,92
E144,smeB,23
E144,smeC,10
E144,oprM,173
E144,smeE,12
E144,oprN,78
E144,smeF,69
E144,two-component_system_response_regulator_EvgA,5
E144,baeR,67
E144,dfrA12,99
E144,baeS,61
E144,dfrA13,5
E144,dfrA14,23
E144,dfrA15,10
E144,dfrA17,3
E144,CRP,4
E144,smeR,52
E144,smeS,56
E144,TEM-151,1
E144,Erm(47),1
E144,TEM-112,3
E144,TEM-153,3
E144,TEM-113,3
E144,TEM-115,3
E144,ant(3'')-Ih-aac(6')-IId,6
E144,TEM-159,3
E144,QepA1,3
E144,QepA2,3
E144,mexA,19
E144,mexB,118
E144,mexC,20
E144,mepA,179
E144,mexD,253
E144,mexE,132
E144,mexF,332
E144,erm(34),2
E144,mexG,1
E144,aadA9,1
E144,mexH,25
E144,mexI,14
E144,AxyY,7
E144,mexM,1
E144,mexN,10
E144,tetB(60),24
E144,mexQ,1
E144,dfrA1,35
E144,dfrA3,15
E144,mexT,62
E144,dfrA5,9
E144,AAC(6')-Ib10,3
E144,VEB-1b,2
E144,dfrA7,2
E144,mexW,84
E144,mexX,69
E144,dfrA8,8
E144,mexY,14
E144,AcrE,2
E144,AcrF,1
E144,PmrF,10
E144,TEM-72,3
E144,SHV-159,5
E144,cfrC,16
E144,oqxA,3
E144,oqxB,7
E144,AcrS,1
E144,ICR-Mc,8
E144,Moraxella_catarrhalis_M35,3
E144,dfrC,12
E144,dfrD,11
E144,dfrE,8
E144,dfrF,5
E144,dfrG,11
E144,CMY-61,1
E144,CMY-20,6
E144,CMY-21,6
E144,CMY-63,3
E144,arnA,505
E144,CMY-64,3
E144,dfrK,10
E144,CMY-28,3
E144,RbpA,3
E144,CMY-29,6
E144,OXA-240,8
E144,SME-1,1
E144,SME-2,1
E144,SME-3,1
E144,SME-4,1
E144,OXA-246,8
E144,SME-5,1
E144,tetA,100
E144,tetB,26
E144,tetC,6
E144,efrA,32
E144,tetD,2
E144,efrB,26
E144,tetG,5
E144,tetH,1
E144,lsa,574
E144,tetL,12
E144,tetM,323
E144,tetO,184
E144,tetP,112
E144,tetQ,93
E144,tetR,144
E144,MuxB,8
E144,tetS,32
E144,MuxC,13
E144,tetT,66
E144,tetV,7
E144,tetW,620
E144,ADC-75,3
E144,Bacillus_subtilis_mprF,1
E144,cmrA,11
E144,ADC-76,1
E144,ADC-77,3
E144,bicyclomycin-multidrug_efflux_protein_bcr,317
E144,ADC-78,1
E144,ADC-79,3
E144,ADC-39,3
E144,qepA,12
E144,vanRI,77
E144,Streptococcus_agalactiae_mprF,1
E144,carA,89
E144,carO,2
E144,myrA,6
E144,AAC(6')-Ib',1
E144,hmrM,3
E144,lrfA,3
E144,Bacillus_Cluster_B_intrinsic_mph,1
E144,APH(3')-IIa,1
E144,cAMP-regulatory_protein,72
E144,SHV-37,5
E144,mecR1,21
E144,AAC(6')-Ib4,1
E144,CTX-M-92,1
E144,AAC(6')-Ib7,10
E144,emrA,275
E144,CTX-M-95,1
E144,AAC(6')-Ib8,5
E144,amrB,84
E144,emrB,366
E144,AAC(6')-Ib9,3
E144,CTX-M-14,2
E144,CTX-M-56,1
E144,emrD,75
E144,CTX-M-130,2
E144,emrE,154
E144,CTX-M-17,2
E144,CTX-M-59,1
E144,OXA-368,5
E144,emrK,46
E144,tcmA,36
E144,mdsB,6
E144,mdsC,6
E144,VEB-1,3
E144,VEB-2,2
E144,VEB-3,2
E144,VEB-4,2
E144,VEB-5,2
E144,emrY,2
E144,VEB-6,2
E144,VEB-7,2
E144,HERA-1,2
E144,VEB-8,2
E144,VEB-9,1
E144,mel,41
E144,ANT(3'')-IIa,1
E144,ANT(3'')-IIb,1
E144,hp1181,5
E144,aad(6),1
E144,ANT(3'')-IIc,1
E144,Pseudomonas_aeruginosa_emrE,12
E144,chrB,6
E144,tetA(48),97
E144,LRA,1
E144,farA,4
E144,farB,5
E144,MdtK,2
E144,dfrA20,11
E144,opcM,54
E144,dfrA21,10
E144,dfrA22,11
E144,MCR-1.2,16
E144,MCR-1.3,8
E144,MCR-1.4,8
E144,dfrA24,4
E144,YojI,17
E144,MCR-1.5,8
E144,dfrA25,6
E144,MCR-1.6,8
E144,MCR-1.7,8
E144,MCR-1.8,8
E144,MCR-1.9,8
E144,dfrA29,5
E144,mtrA,88
E144,blaR1,4
E144,mtrC,3
E144,mtrD,15
E144,mtrE,230
E144,lmrA,4
E144,lmrB,96
E144,Erm(44),2
E144,lmrC,56
E144,lmrD,46
E144,NmcR,9
E144,LCR-1,1
E144,mtrR,51
E144,lmrP,3
E144,CTX-M,27
E144,erm(39),1
E144,erm(35),1
E144,blaI,5
E144,bcrA,3217
E144,bcrC,2
E144,tap,1
E144,tet(K),3
E144,Toho-1,1
E144,multidrug_ABC_transporter,3535
E144,SHV-121,5
E144,PvrR,25
E144,cipA,6
E144,otrA,15
E144,PSE-1,8
E144,otrC,16
E144,arr-4,1
E144,arr-5,1
E144,arr-7,1
E144,arr-8,1
E144,PER,8
E144,Bacillus_Cluster_A_intrinsic_mph,1
E144,marR,297
E144,CARB,45
E144,aph(6)-I,25
E144,aph(3')-I,17
E144,vanA,86
E144,vanB,102
E144,vanC,76
E144,vanD,272
E144,vanE,16
E144,vanG,57
E144,vanH,350
E144,vanI,13
E144,aph(2'')-II,2
E144,CMY-34,4
E144,aph(3')-V,3
E144,vanL,7
E144,CMY-77,3
E144,vanM,4
E144,vanN,12
E144,optrA,72
E144,TEM-207,3
E144,OXA-251,8
E144,vanR,2212
E144,vanS,715
E144,vanT,53
E144,vanU,2
E144,OXA-256,8
E144,vanW,35
E144,ugd,10
E144,vanY,40
E144,acrA,204
E144,acrB,444
E144,tet(W/N/W),16
E144,acrD,2
E144,acrF,6
E144,norA,18
E144,cpxA,33
E144,ADC-80,2
E144,tetB(46),29
E144,sul1,32
E144,ADC-41,3
E144,sul2,343
E144,ADC-42,1
E144,sul3,24
E144,ADC-43,3
E144,sul4,17
E144,ykkC,13
E144,ADC-44,3
E144,ykkD,42
E144,MCR-1.10,8
E144,MCR-1.11,8
E144,vanWI,1
E144,MCR-1.12,8
E144,MCR-1.13,8
E144,vanKI,1
E144,kasugamycin_resistance_protein_ksgA,283
E144,rpoB2,48
E144,tetA(60),23
E144,cob(I)alamin_adenolsyltransferase,125
E144,cat_chloramphenicol_acetyltransferase,17
E144,TLA-1,1
E144,rifampin_monooxygenase,28
E144,bifunctional_aminoglycoside_N-acetyltransferase_and_aminoglycoside_phosphotransferase,4
E144,TLA-2,2
E144,TLA-3,1
E144,oleB,61
E144,oleC,62
E144,antibiotic_resistance_rRNA_adenine_methyltransferase,13
E144,aac(6')-II,3
E144,SHV-89,5
E144,eptA,9
E144,CTX-M-20,1
E144,tcr3,3
E144,mphA,12
E144,mphC,6
E144,mphD,2
E144,CTX-M-24,2
E144,mphE,1
E144,CTX-M-67,2
E144,mphG,2
E144,CTX-M-141,1
E144,Burkholderia_pseudomallei_Omp38,9
E144,mphI,2
E144,LpeB,1
E144,mdtA,198
E144,mdtB,370
E144,mdtC,223
E144,mdtD,153
E144,mdtE,23
E144,mdtF,52
E144,mdtG,51
E144,mdtH,36
E144,Salmonella,9
E144,mdtK,374
E144,mdtL,16
E144,mdtM,25
E144,mdtN,75
E144,mdtP,31
E145,lrfA,14
E145,tetB(60),9
E145,class_C,31
E145,dfrB6,1
E145,bcr-1,3
E145,dfrA29,5
E145,erm(31),1
E145,Rhodobacter_sphaeroides_ampC_beta-lactamase,1
E145,qacA,22
E145,qacB,77
E145,tlcC,27
E145,Staphylococcus,1
E145,vanTrL,5
E145,emrA,25
E145,qacG,4
E145,emrB,165
E145,CMX,4
E145,mdtB,24
E145,qacH,1
E145,arr-4,3
E145,mdtC,116
E145,mdtD,70
E145,arr-5,3
E145,emrD,51
E145,emrE,15
E145,mdtE,5
E145,cpxA,19
E145,patA,23
E145,mdtF,2
E145,patB,3
E145,arr-7,3
E145,EmrB-QacA_family_major_facilitator_transporter,91
E145,cmlA1,5
E145,arr-8,3
E145,MIR,2
E145,baeR,26
E145,poxtA,26
E145,hp1181,2
E145,cmlA4,5
E145,otr(B),6
E145,baeS,22
E145,tet41,2
E145,cmlA5,5
E145,Staphylococcys,5
E145,cmlA6,5
E145,tet43,7
E145,mel,12
E145,mdtL,23
E145,CMY-12,3
E145,Pseudomonas_aeruginosa_emrE,1
E145,tet44,3
E145,mdtM,24
E145,KPC-24,3
E145,bcrA,1511
E145,mepA,2
E145,vanYA,2
E145,PBP-1A,158
E145,kasugamycin_resistance_protein_ksgA,26
E145,CMY-16,3
E145,vanWI,1
E145,PBP-1B,55
E145,cat_chloramphenicol_acetyltransferase,5
E145,vanA,51
E145,tet(L),4
E145,cAMP-regulatory_protein,36
E145,vanB,81
E145,vanC,11
E145,bpeF,8
E145,vanD,88
E145,KPC-1,3
E145,vanHB,5
E145,lmrA,16
E145,vanE,9
E145,lmrB,22
E145,lsa,167
E145,KPC-3,1
E145,erm(39),1
E145,lmrC,16
E145,vanG,15
E145,KPC-4,3
E145,vanH,95
E145,lmrD,13
E145,KPC-5,3
E145,KPC,13
E145,emrY,3
E145,vanI,5
E145,vanJ,1
E145,abcA,1
E145,vanL,3
E145,vanM,4
E145,floR,33
E145,vanN,4
E145,tcmA,83
E145,ereB,2
E145,kdpE,23
E145,mecA,38
E145,msrA,194
E145,farB,2
E145,ACT,4
E145,mecB,3
E145,vanR,731
E145,MOX,1
E145,mycinamicin-resistance_protein_myrB,1
E145,cipA,3
E145,norA,4
E145,otrA,7
E145,mecC,4
E145,msrC,103
E145,vanS,341
E145,CMY-108,1
E145,norB,1
E145,vanT,21
E145,rifampin_monooxygenase,32
E145,dfrA2d,1
E145,otrC,17
E145,msrE,12
E145,CMY-77,3
E145,vanW,42
E145,Streptococcus_agalactiae_mprF,1
E145,vanY,40
E145,evgS,25
E145,acrA,35
E145,mexB,5
E145,cob(I)alamin_adenolsyltransferase,25
E145,ykkD,1
E145,acrB,50
E145,mphE,1
E145,smeD,1
E145,cmeB,42
E145,mexD,36
E145,smeE,3
E145,dfrA12,78
E145,mexE,106
E145,CMY-99,3
E145,dfrA13,7
E145,mexF,123
E145,dfrA1,18
E145,smeF,8
E145,tolC,1
E145,Erm(37),1
E145,dfrA14,23
E145,salA,12
E145,tetA,16
E145,dfrA15,12
E145,tetB,24
E145,dfrA3,8
E145,abeS,1
E145,rosB,54
E145,mexI,10
E145,dfrA17,11
E145,oprC,2
E145,efpA,9
E145,dfrA5,8
E145,truncated_putative_response_regulator_ArlR,143
E145,TolC,50
E145,dfrA7,3
E145,major_facilitator_superfamily_transporter,72
E145,OprA,2
E145,dfrA8,1
E145,tetH,6
E145,mexN,5
E145,MexK,1
E145,mexQ,1
E145,efrA,19
E145,basS,13
E145,oprJ,18
E145,tetL,22
E145,ermA,8
E145,efrB,12
E145,smeR,36
E145,TriA,1
E145,ermB,20
E145,smeS,32
E145,mtrA,46
E145,Staphylococcus_mupA_conferring_resistance_to_mupirocin,21
E145,tetM,79
E145,ermC,9
E145,oprM,11
E145,mdsC,1
E145,TriC,1
E145,vanRI,35
E145,tetO,97
E145,ermE,6
E145,ampC,5
E145,tetA(46),13
E145,tetP,57
E145,ErmB,4
E145,MexS,7
E145,ermF,7
E145,tetQ,19
E145,mexW,42
E145,mtrE,2
E145,macB,3133
E145,ErmC,1
E145,ermG,2
E145,tetR,3
E145,ermH,3
E145,MexV,1
E145,lsaC,9
E145,vanTG,5
E145,tetT,25
E145,arnA,125
E145,erm(34),1
E145,KPC-10,3
E145,lsaE,2
E145,amrB,28
E145,tetV,7
E145,clbA,5
E145,clbB,4
E145,tetW,326
E145,tet32,21
E145,tetA(48),57
E145,clbC,6
E145,carA,35
E145,multidrug_ABC_transporter,1437
E145,opcM,8
E145,tetY,2
E145,ermN,1
E145,ermO,4
E145,dfrC,6
E145,CRP,2
E145,dfrD,2
E145,tet36,3
E145,KPC-16,3
E145,SRT-2,2
E145,erm(36),2
E145,vgaA,61
E145,dfrE,4
E145,KPC-17,3
E145,Erm(47),1
E145,bacterial_regulatory_protein_LuxR,17
E145,vgaB,19
E145,dfrF,4
E145,tet(K),4
E145,ermS,1
E145,dfrG,2
E145,tet39,2
E145,KPC-19,3
E145,two-component_system_response_regulator_EvgA,3
E145,OprZ,1
E145,ermT,1
E145,arlS,5
E145,vgaD,18
E145,TaeA,32
E145,mdfA,27
E145,catB,30
E145,vgaE,20
E145,CMY-23,3
E145,transcriptional_regulatory_protein_CpxR_cpxR,122
E145,CMY-24,3
E145,dfrK,2
E145,ErmT,1
E145,erm(38),3
E145,ermX,24
E145,chloramphenicol_and_florfenicol_resistance,5
E145,ErmU,1
E145,tetB(46),3
E145,antibiotic_resistance_rRNA_adenine_methyltransferase,4
E145,oleB,29
E145,sul1,51
E145,oleC,52
E145,srmB,29
E145,QepA1,13
E145,sul2,141
E145,QepA2,16
E145,ErmX,2
E145,cfrC,5
E145,sul3,4
E145,dfrA15b,6
E145,Erm(30),4
E145,sul4,8
E145,PmrF,10
E145,CMY-45,3
E145,qepA,64
E145,adeB,48
E145,CMY-46,3
E145,oleI,1
E145,tetB(48),8
E145,adeF,1
E145,AxyY,3
E145,penA,295
E145,Salmonella,5
E145,adeJ,1
E145,chloramphenicol_and_florfenicol_exporter,2
E145,YojI,5
E145,oqxA,3
E145,tcr3,9
E145,tet(W/N/W),6
E145,tetA(60),12
E145,PvrR,7
E145,oqxB,3
E145,adeL,1
E145,vanKI,1
E145,rpoB2,17
E145,rphA,6
E145,ompR,275
E145,rphB,8
E145,msbA,13
E145,PBP-2X,32
E145,bicyclomycin-multidrug_efflux_protein_bcr,52
E145,adeR,9
E145,catB3,2
E145,mefA,26
E145,adeS,10
E145,ugd,5
E145,RbpA,3
E145,ADP-ribosylating_transferase_arr,15
E145,ceoB,5
E145,puromycin_resistance_protein,12
E145,CFE-1,1
E145,optrA,33
E145,LpeB,3
E145,dfrA20,3
E145,bacA,200
E145,cystathionine_beta-lyase_patB,37
E145,dfrA21,8
E145,MuxA,1
E145,dfrA22,8
E145,dfrB1,3
E145,MuxB,1
E145,chloramphenicol_exporter,2
E145,dfrB2,2
E145,MuxC,4
E145,catB10,2
E145,dfrA25,5
E145,dfrB3,1
E145,class_A,12
E149,aph(3'')-I,4
E149,OXA,171
E149,chloramphenicol_and_florfenicol_resistance,11
E149,CMY-133,6
E149,OXA-10,7
E149,OXA-11,6
E149,bacA,633
E149,OXA-14,6
E149,chloramphenicol_exporter,71
E149,OXA-16,6
E149,OXA-17,3
E149,basS,30
E149,mycinamicin-resistance_protein_myrB,1
E149,kdpE,40
E149,lsaC,15
E149,lsaE,20
E149,ADP-ribosylating_transferase_arr,5
E149,OXA-454,7
E149,OXA-142,2
E149,OpmB,3
E149,OpmD,1
E149,tlrB_conferring_tylosin_resistance,1
E149,OpmH,3
E149,mefA,127
E149,erm(36),2
E149,mefC,1
E149,catA8,1
E149,tet(L),2
E149,puromycin_resistance_protein,2
E149,abeM,6
E149,catII,1
E149,clbA,8
E149,clbB,11
E149,clbC,10
E149,abeS,7
E149,TEM-90,3
E149,AAC(6')-30/AAC(6')-Ib',2
E149,macA,340
E149,macB,6833
E149,rphA,6
E149,rphB,11
E149,transcriptional_regulatory_protein_CpxR_cpxR,409
E149,qacG,20
E149,qacH,7
E149,vgaA,195
E149,vgaB,53
E149,vgaD,47
E149,vgaE,46
E149,CMY-40,6
E149,CMY-42,3
E149,lnuB,3
E149,lnuC,2
E149,CMY-46,4
E149,lnuD,2
E149,EmrB-QacA_family_major_facilitator_transporter,94
E149,lnuF,1
E149,lnuG,1
E149,AAC(3)-Ib/AAC(6')-Ib'',2
E149,bpeF,22
E149,penA,612
E149,arlS,25
E149,efpA,1
E149,plasmid-encoded,1
E149,ADC-12,3
E149,VatI,1
E149,ADC-13,3
E149,ADC-14,2
E149,ADC-15,1
E149,vanHB,16
E149,ErmB,6
E149,ADC-16,3
E149,ErmC,2
E149,ADC-17,3
E149,vanTG,16
E149,ADC-18,1
E149,ADC-19,3
E149,vanTrL,6
E149,TEM,6
E149,cdeA,6
E149,catA,5
E149,catB,30
E149,ErmT,3
E149,catD,2
E149,catI,1
E149,dfrA15b,4
E149,catP,1
E149,catQ,1
E149,PBP-1A,302
E149,PBP-1B,83
E149,tet32,57
E149,tet34,9
E149,catV,1
E149,tet35,4
E149,tet36,25
E149,tet37,2
E149,tet39,1
E149,msrA,295
E149,SHV-97,5
E149,msrC,233
E149,msbA,58
E149,msrE,29
E149,Erm(30),1
E149,Escherichia_coli_mdfA,2
E149,CTX-M-110,2
E149,CTX-M-38,4
E149,CTX-M-112,2
E149,evgS,81
E149,CTX-M-113,2
E149,adeB,112
E149,adeC,26
E149,adeF,4
E149,aadA,24
E149,adeG,1
E149,adeH,3
E149,adeI,2
E149,adeJ,12
E149,adeK,7
E149,adeL,18
E149,aac(3)-I,23
E149,TriA,2
E149,adeN,1
E149,TriC,12
E149,adeR,38
E149,adeS,30
E149,TolC,269
E149,vanXYL,2
E149,tetA(46),40
E149,catB10,1
E149,CMY-108,6
E149,ceoB,23
E149,RlmA(II),1
E149,rosA,50
E149,rosB,233
E149,aph(3')-IIb,4
E149,Staphylococcys,7
E149,opmD,2
E149,ADC-2,3
E149,opmE,2
E149,ADC-3,3
E149,ADC-5,3
E149,ADC-6,1
E149,ADC-7,3
E149,ompF,50
E149,sdiA,50
E149,ompR,879
E149,salA,43
E149,APH(6)-Id,1
E149,Acinetobacter_baumannii_ampC_beta-lactamase,3
E149,Erm(42),1
E149,KLUY-2,2
E149,KLUY-3,1
E149,KLUY-4,1
E149,OprA,15
E149,aadA25,1
E149,bcr-1,6
E149,mef(B),2
E149,sdeY,2
E149,DNA-binding_transcriptional_regulator_gadX,16
E149,vanYG1,1
E149,gadX,2
E149,patA,40
E149,catB3,2
E149,patB,15
E149,mecA,159
E149,mecB,6
E149,mecC,6
E149,mecD,5
E149,mecI,13
E149,aac(3)-Ib-aac(6')-Ib,2
E149,OprZ,10
E149,poxtA,66
E149,SHV-142,5
E149,AAC(6')-Ib-cr,4
E149,SHV-103,5
E149,SHV-104,5
E149,ANT(3'')-Ii-AAC(6')-IId,8
E149,bmr,1
E149,catIII,1
E149,SHV,18
E149,TaeA,67
E149,MexJ,2
E149,MexK,13
E149,MexL,1
E149,CTX-M-5,2
E149,vatA,1
E149,MexS,4
E149,vatB,15
E149,vatC,1
E149,vatD,1
E149,vatE,4
E149,vatF,1
E149,vatG,1
E149,MexZ,2
E149,CMY-53,3
E149,ermA,12
E149,CMY-13,3
E149,CMY-95,3
E149,ermB,25
E149,CMY-55,3
E149,ereA,20
E149,ermC,15
E149,CMY-56,6
E149,ereB,4
E149,ermE,2
E149,CMY-99,3
E149,ermF,21
E149,ermG,5
E149,truncated_putative_response_regulator_ArlR,401
E149,OXA-233,3
E149,bacterial_regulatory_protein_LuxR,19
E149,efmA,1
E149,ermT,9
E149,CMY-2,3
E149,CMY-4,3
E149,CMY-5,6
E149,CMY-7,3
E149,vanYA,3
E149,ADC-20,3
E149,ADC-21,3
E149,ADC-22,3
E149,ADC-23,2
E149,ADC-25,3
E149,cmeB,72
E149,Staphylococcus_mupA_conferring_resistance_to_mupirocin,38
E149,floR,31
E149,srmB,58
E149,cystathionine_beta-lyase_patB,98
E149,major_facilitator_superfamily_transporter,57
E149,tet40,3
E149,tet41,1
E149,golS,6
E149,tet44,11
E149,MCR-1,16
E149,MCR-2,8
E149,MCR-3,10
E149,MCR-4,10
E149,MCR-5,9
E149,tolC,3
E149,OXA-663,7
E149,CTX-M-84,2
E149,class_A,40
E149,LlmA_23S_ribosomal_RNA_methyltransferase,3
E149,PBP-2X,146
E149,tlcC,65
E149,class_C,50
E149,CTX-M-47,2
E149,CTX-M-48,2
E149,CTX-M-121,2
E149,CTX-M-122,4
E149,APH(3')-Ia,1
E149,CTX-M-125,4
E149,linG,1
E149,mdfA,74
E149,aac(6')-I,17
E149,CMY-118,8
E149,CMY-119,3
E149,aac(6')-30-aac(6')-Ib',1
E149,cmlA1,6
E149,oprA,13
E149,OXA-74,3
E149,oprC,8
E149,cmlA4,6
E149,cmlA5,6
E149,cmlA6,6
E149,oprJ,84
E149,smeB,15
E149,LEN,1
E149,smeC,14
E149,oprM,213
E149,smeE,10
E149,oprN,105
E149,smeF,69
E149,two-component_system_response_regulator_EvgA,7
E149,baeR,73
E149,dfrA12,175
E149,baeS,72
E149,dfrA13,13
E149,dfrA14,20
E149,dfrA15,11
E149,CRP,3
E149,dfrA17,19
E149,smeR,56
E149,smeS,64
E149,Erm(47),1
E149,TEM-112,2
E149,ant(3'')-Ih-aac(6')-IId,3
E149,QepA1,1
E149,CfxA2,11
E149,QepA2,1
E149,CfxA3,1
E149,mexA,103
E149,mexB,56
E149,mexC,13
E149,CfxA6,1
E149,mepA,296
E149,mexD,183
E149,mexE,213
E149,mexF,367
E149,erm(34),2
E149,mexG,1
E149,mexI,8
E149,AxyY,3
E149,abcA,1
E149,mexN,9
E149,tetB(60),34
E149,mexQ,2
E149,dfrA1,39
E149,dfrA3,21
E149,mexT,80
E149,dfrA5,6
E149,AAC(6')-Ib10,3
E149,mexW,56
E149,VEB-1b,3
E149,mexX,52
E149,dfrA8,10
E149,mexY,10
E149,AcrE,1
E149,AcrF,2
E149,PmrF,14
E149,cfrC,11
E149,oqxA,2
E149,oqxB,11
E149,AcrS,4
E149,ICR-Mc,8
E149,OKP-B,4
E149,ramA,2
E149,dfrC,19
E149,dfrD,10
E149,dfrE,13
E149,dfrF,7
E149,dfrG,8
E149,CMY-61,1
E149,CMY-20,9
E149,CMY-21,9
E149,CMY-63,6
E149,Escherichia_coli_mipA,1
E149,arnA,407
E149,CMY-64,3
E149,dfrK,11
E149,CMY-28,6
E149,RbpA,2
E149,CMY-29,6
E149,OXA-240,7
E149,SME-3,1
E149,OXA-246,7
E149,tetA,35
E149,tetB,25
E149,tetC,2
E149,tetD,4
E149,efrA,53
E149,efrB,32
E149,lsa,470
E149,tetL,17
E149,tetM,321
E149,tetO,222
E149,tetP,164
E149,tetQ,146
E149,tetR,220
E149,MuxB,5
E149,tetS,25
E149,MuxC,12
E149,tetT,85
E149,tetW,662
E149,ADC-75,3
E149,cmrA,9
E149,ADC-76,1
E149,ADC-77,3
E149,bicyclomycin-multidrug_efflux_protein_bcr,272
E149,ADC-78,1
E149,ADC-79,3
E149,tet(40),1
E149,ADC-39,3
E149,qepA,5
E149,vanRI,87
E149,Serratia_marcescens_Omp1,2
E149,Klebsiella_pneumoniae_OmpK36,1
E149,Klebsiella_pneumoniae_OmpK37,1
E149,porin_OmpC,1
E149,carA,77
E149,DNA-binding_protein_H-NS,10
E149,carO,1
E149,myrA,1
E149,Lactobacillus,1
E149,AAC(6')-Ib',1
E149,hmrM,1
E149,SHV-70,5
E149,SHV-74,5
E149,lrfA,1
E149,SHV-76,10
E149,Bacillus_Cluster_B_intrinsic_mph,1
E149,APH(3')-IIa,1
E149,cAMP-regulatory_protein,54
E149,mecR1,45
E149,AAC(6')-Ib4,1
E149,CTX-M-50,2
E149,NPS-1,2
E149,AAC(6')-Ib7,5
E149,emrA,215
E149,AAC(6')-Ib8,5
E149,amrB,59
E149,emrB,239
E149,AAC(6')-Ib9,3
E149,CTX-M-14,2
E149,emrD,29
E149,CTX-M-98,1
E149,CTX-M-130,4
E149,emrE,87
E149,CTX-M-17,2
E149,OXA-368,3
E149,CTX-M-134,2
E149,emrK,32
E149,tcmA,2
E149,mdsB,5
E149,mdsC,13
E149,emrR,1
E149,VEB-1,6
E149,VEB-2,3
E149,VEB-3,3
E149,VEB-4,3
E149,VEB-5,3
E149,emrY,2
E149,VEB-6,3
E149,VEB-7,4
E149,VEB-8,3
E149,VEB-9,2
E149,mel,45
E149,hp1181,5
E149,Pseudomonas_aeruginosa_emrE,6
E149,chrB,1
E149,tetA(48),97
E149,LRA,2
E149,farA,3
E149,farB,2
E149,MdtK,2
E149,dfrA20,11
E149,opcM,47
E149,dfrA21,16
E149,dfrA22,17
E149,MCR-1.2,16
E149,MCR-1.3,8
E149,MCR-1.4,8
E149,dfrA24,1
E149,YojI,22
E149,dfrA25,3
E149,MCR-1.5,8
E149,MCR-1.6,8
E149,MCR-1.7,8
E149,MCR-1.8,8
E149,dfrA29,3
E149,MCR-1.9,8
E149,mtrA,96
E149,blaR1,8
E149,mtrC,1
E149,mtrD,7
E149,mtrE,140
E149,lmrB,113
E149,Erm(44),2
E149,lmrC,68
E149,lmrD,56
E149,NmcR,10
E149,mtrR,81
E149,LCR-1,3
E149,CTX-M,37
E149,erm(39),1
E149,erm(35),2
E149,blaI,3
E149,bcrA,3638
E149,bcrC,4
E149,tet(K),3
E149,multidrug_ABC_transporter,4235
E149,omp36,5
E149,PvrR,42
E149,cipA,4
E149,marA,1
E149,otrA,23
E149,otrC,16
E149,arr-4,1
E149,arr-5,1
E149,arr-7,1
E149,arr-8,1
E149,PER,8
E149,marR,199
E149,aph(6)-I,27
E149,aph(3')-I,16
E149,vanA,76
E149,vanB,122
E149,vanC,52
E149,vanD,215
E149,vanE,17
E149,vanG,48
E149,vanH,328
E149,vanI,7
E149,CMY-34,4
E149,CMY-35,3
E149,aph(3')-V,3
E149,vanL,3
E149,CMY-77,6
E149,vanM,4
E149,vanN,4
E149,optrA,76
E149,OXA-251,7
E149,vanR,2674
E149,vanS,780
E149,vanT,44
E149,vanU,6
E149,OXA-256,7
E149,ugd,11
E149,vanX,23
E149,vanY,95
E149,vanZ,15
E149,acrA,211
E149,acrB,501
E149,tet(W/N/W),14
E149,acrD,2
E149,acrF,7
E149,norB,36
E149,cpxA,35
E149,ADC-80,2
E149,tetB(46),32
E149,sul1,31
E149,ADC-41,3
E149,sul2,297
E149,ADC-42,1
E149,sul3,22
E149,ADC-43,3
E149,sul4,15
E149,ykkC,48
E149,ADC-44,3
E149,ykkD,29
E149,MCR-1.10,8
E149,MCR-1.11,8
E149,vanWI,1
E149,MCR-1.12,8
E149,MCR-1.13,8
E149,kasugamycin_resistance_protein_ksgA,258
E149,rpoB2,45
E149,tetA(60),27
E149,cob(I)alamin_adenolsyltransferase,200
E149,cat_chloramphenicol_acetyltransferase,19
E149,TLA-1,1
E149,rifampin_monooxygenase,30
E149,TLA-2,1
E149,TLA-3,1
E149,oleB,60
E149,Enterococcus,1
E149,oleC,53
E149,antibiotic_resistance_rRNA_adenine_methyltransferase,8
E149,SHV-41,4
E149,eptA,10
E149,tcr3,1
E149,mphA,6
E149,mphC,3
E149,mphD,1
E149,CTX-M-65,2
E149,CTX-M-24,4
E149,mphE,1
E149,CTX-M-67,2
E149,mphG,1
E149,Burkholderia_pseudomallei_Omp38,11
E149,mphI,1
E149,CTX-M-148,2
E149,LpeB,6
E149,mdtA,156
E149,mdtB,253
E149,mdtC,275
E149,mdtD,119
E149,mdtE,49
E149,mdtF,98
E149,Escherichia_coli_LamB,1
E149,mdtG,76
E149,mdtH,50
E149,Salmonella,6
E149,mdtK,285
E149,mdtL,25
E149,mdtM,50
E149,mdtN,100
E149,mdtO,25
E149,mdtP,102
E153,OXA,60
E153,chloramphenicol_and_florfenicol_resistance,6
E153,OXA-10,2
E153,OXA-11,1
E153,bacA,300
E153,IND,4
E153,OXA-14,1
E153,chloramphenicol_exporter,17
E153,OXA-16,2
E153,OXA-17,2
E153,basS,20
E153,kdpE,15
E153,lsaC,6
E153,lsaE,10
E153,OXA-454,2
E153,OXA-140,2
E153,OXA-142,2
E153,OpmB,2
E153,OpmH,4
E153,tet(L),6
E153,puromycin_resistance_protein,1
E153,catII,1
E153,clbA,2
E153,clbB,5
E153,clbC,6
E153,abeS,1
E153,MUS-1,1
E153,MUS-2,1
E153,macA,50
E153,qacA,4
E153,macB,3360
E153,qacB,14
E153,rphA,5
E153,rphB,8
E153,transcriptional_regulatory_protein_CpxR_cpxR,168
E153,qacG,4
E153,blt,2
E153,qacH,2
E153,vgaA,139
E153,vgaB,35
E153,AIM-1,1
E153,vgaD,19
E153,vgaE,33
E153,EmrB-QacA_family_major_facilitator_transporter,50
E153,OXA-224,2
E153,bpeF,21
E153,penA,349
E153,arlS,14
E153,efpA,5
E153,THIN-B,1
E153,aac(3)-VI,2
E153,otr(B),5
E153,VatI,2
E153,vanHB,7
E153,cmlA,1
E153,ErmB,2
E153,vanTG,8
E153,vanTrL,6
E153,catA,5
E153,catB,28
E153,dfrA15b,5
E153,PBP-1A,135
E153,PBP-1B,37
E153,tet32,30
E153,tet36,13
E153,tet39,1
E153,msrA,256
E153,msrC,159
E153,msbA,34
E153,msrE,16
E153,CTX-M-31,1
E153,CTX-M-74,1
E153,CTX-M-75,1
E153,CTX-M-35,1
E153,ampC,7
E153,CTX-M-111,2
E153,evgS,37
E153,CTX-M-115,1
E153,adeB,43
E153,adeC,1
E153,adeH,4
E153,adeL,8
E153,TriA,3
E153,TriC,4
E153,adeR,16
E153,adeS,12
E153,TolC,127
E153,tetA(46),15
E153,catB10,1
E153,aac(3)-X,1
E153,ceoB,4
E153,rosA,10
E153,rosB,115
E153,Staphylococcys,3
E153,Staphylococcus,1
E153,KHM-1,1
E153,ompR,353
E153,salA,22
E153,OprA,4
E153,bcr-1,4
E153,vanYG1,1
E153,patA,29
E153,catB3,2
E153,patB,1
E153,mecA,82
E153,mecB,6
E153,mecC,5
E153,mecD,4
E153,mecI,1
E153,MSI-1,1
E153,OprZ,1
E153,AAC(6')-Ie-APH(2'')-Ia,3
E153,poxtA,47
E153,metallo-beta-lactamase,10
E153,TaeA,53
E153,MexJ,2
E153,MexK,7
E153,CTX-M-2,1
E153,MexS,4
E153,vatA,1
E153,vatB,13
E153,vatC,4
E153,MexV,4
E153,vatD,1
E153,vatE,8
E153,vatF,3
E153,vatG,3
E153,ermA,1
E153,ermC,3
E153,ermF,1
E153,truncated_putative_response_regulator_ArlR,174
E153,OXA-233,1
E153,bacterial_regulatory_protein_LuxR,13
E153,vanYA,2
E153,cmeB,85
E153,Staphylococcus_mupA_conferring_resistance_to_mupirocin,26
E153,floR,14
E153,srmB,54
E153,cystathionine_beta-lyase_patB,11
E153,major_facilitator_superfamily_transporter,48
E153,tet41,3
E153,tet43,4
E153,golS,1
E153,tet44,5
E153,MCR-1,6
E153,MCR-2,3
E153,MCR-3,3
E153,MCR-4,3
E153,MCR-5,3
E153,OXA-663,1
E153,OXA-392,2
E153,CTX-M-43,1
E153,class_A,13
E153,LlmA_23S_ribosomal_RNA_methyltransferase,2
E153,class_B,4
E153,CTX-M-160,2
E153,PBP-2X,57
E153,tlcC,48
E153,class_C,26
E153,CTX-M-121,2
E153,CTX-M-122,2
E153,CTX-M-124,1
E153,mdfA,12
E153,aac(6')-I,2
E153,OXA-31,2
E153,oprA,8
E153,cmlA1,7
E153,OXA-74,1
E153,OXA-33,2
E153,oprC,4
E153,cmlA4,7
E153,cmlA5,7
E153,cmlA6,7
E153,AAC(6')-34,1
E153,oprJ,1
E153,smeB,5
E153,smeC,1
E153,oprM,38
E153,oprN,27
E153,smeF,4
E153,two-component_system_response_regulator_EvgA,9
E153,baeR,28
E153,dfrA12,96
E153,baeS,41
E153,dfrA13,8
E153,dfrA14,19
E153,dfrA15,7
E153,dfrA16,15
E153,dfrA17,10
E153,smeR,25
E153,smeS,26
E153,QepA1,2
E153,QepA2,2
E153,mexA,1
E153,mepA,3
E153,mexD,64
E153,mexE,10
E153,mexF,238
E153,thiostrepton_resistance_methylase_tsnR,2
E153,mexH,135
E153,mexI,28
E153,AxyY,1
E153,abcA,1
E153,mexN,9
E153,tetB(60),12
E153,mexQ,3
E153,dfrA1,16
E153,dfrA3,13
E153,mexT,117
E153,dfrA5,5
E153,mexW,129
E153,VEB-1b,2
E153,mexX,3
E153,dfrA8,8
E153,mexY,1
E153,AcrF,1
E153,PmrF,6
E153,cfrC,6
E153,oqxB,7
E153,ICR-Mc,3
E153,DHA,2
E153,dfrC,10
E153,dfrD,3
E153,dfrE,6
E153,dfrF,2
E153,dfrG,3
E153,arnA,375
E153,dfrK,5
E153,ACT,9
E153,RbpA,2
E153,OXA-240,1
E153,OXA-246,2
E153,tetA,75
E153,tetB,11
E153,tetC,5
E153,efrA,12
E153,efrB,9
E153,lsa,264
E153,tetL,19
E153,tetM,254
E153,tetO,92
E153,tetP,113
E153,tetQ,48
E153,MuxA,1
E153,MuxB,4
E153,tetS,11
E153,MuxC,9
E153,tetT,52
E153,OKP-B-12,1
E153,tetV,6
E153,tetW,285
E153,tetX,25
E153,bicyclomycin-multidrug_efflux_protein_bcr,156
E153,qepA,8
E153,vanRI,21
E153,carA,62
E153,lrfA,4
E153,mecR1,7
E153,CTX-M-90,2
E153,CTX-M-51,2
E153,CTX-M-92,1
E153,OXA-320,2
E153,emrA,24
E153,amrB,35
E153,emrB,115
E153,emrD,50
E153,CTX-M-130,2
E153,CTX-M-98,2
E153,emrE,14
E153,CTX-M-131,1
E153,CTX-M-59,1
E153,OXA-368,2
E153,tcmA,33
E153,mdsB,10
E153,mdsC,1
E153,VEB-1,4
E153,VEB-2,2
E153,VEB-3,2
E153,VEB-4,2
E153,VEB-5,2
E153,emrY,2
E153,VEB-6,2
E153,VEB-7,2
E153,VEB-8,2
E153,VEB-9,1
E153,mel,22
E153,hp1181,4
E153,Pseudomonas_aeruginosa_emrE,1
E153,tetA(48),45
E153,LRA,4
E153,farA,1
E153,farB,1
E153,OXA-47,2
E153,IMP,1
E153,dfrA20,10
E153,opcM,34
E153,dfrA21,9
E153,dfrA22,9
E153,MCR-1.2,6
E153,MCR-1.3,3
E153,YojI,6
E153,MCR-1.4,3
E153,dfrA25,5
E153,MCR-1.5,3
E153,MCR-1.6,3
E153,MCR-1.7,3
E153,MCR-1.8,3
E153,mtrA,41
E153,MCR-1.9,3
E153,dfrA29,4
E153,mtrD,1
E153,mtrE,13
E153,lmrA,6
E153,lmrB,13
E153,Erm(44),1
E153,lmrC,21
E153,lmrD,17
E153,NmcR,1
E153,GIM-1,1
E153,GIM-2,1
E153,pgpB,3
E153,PEDO-1,1
E153,PEDO-3,1
E153,CTX-M,15
E153,RSA-1,1
E153,bcrA,1575
E153,tap,1
E153,tet(K),7
E153,dfrB1,6
E153,dfrB2,6
E153,dfrB3,3
E153,multidrug_ABC_transporter,1739
E153,dfrA2d,2
E153,dfrB6,3
E153,cipA,1
E153,otrA,14
E153,otrC,10
E153,ccrA,1
E153,PER,8
E153,aac(3)-IIIa,1
E153,vanA,87
E153,vanB,63
E153,vanC,30
E153,vanD,156
E153,vanE,14
E153,vanG,38
E153,vanH,173
E153,vanI,2
E153,vanL,6
E153,SPG-1,1
E153,vanM,3
E153,vanN,10
E153,optrA,50
E153,OXA-251,1
E153,vanR,852
E153,vanS,311
E153,vanT,31
E153,OXA-256,1
E153,vanW,38
E153,ugd,3
E153,vanX,44
E153,SMB-1,1
E153,vanY,30
E153,OXA-1,2
E153,OXA-4,2
E153,acrA,15
E153,acrB,75
E153,tet(W/N/W),8
E153,acrD,3
E153,cpxA,10
E153,tetB(46),14
E153,sul1,24
E153,sul2,184
E153,sul3,8
E153,sul4,11
E153,ykkC,2
E153,ykkD,1
E153,MCR-1.10,3
E153,MCR-1.11,3
E153,MCR-1.12,3
E153,MCR-1.13,3
E153,kasugamycin_resistance_protein_ksgA,225
E153,rpoB2,18
E153,tetA(60),20
E153,cob(I)alamin_adenolsyltransferase,25
E153,cat_chloramphenicol_acetyltransferase,4
E153,TLA-1,1
E153,rifampin_monooxygenase,63
E153,bifunctional_aminoglycoside_N-acetyltransferase_and_aminoglycoside_phosphotransferase,2
E153,TLA-2,2
E153,AAC(3)-VIa,1
E153,TLA-3,1
E153,oleB,48
E153,oleC,53
E153,antibiotic_resistance_rRNA_adenine_methyltransferase,5
E153,aac(6')-II,2
E153,eptA,3
E153,tcr3,4
E153,mphA,6
E153,mphC,3
E153,CTX-M-24,1
E153,CTX-M-65,2
E153,CTX-M-67,2
E153,Burkholderia_pseudomallei_Omp38,6
E153,CTX-M-141,1
E153,CTX-M-101,6
E153,CTX-M-105,2
E153,LpeA,1
E153,CTX-M-148,2
E153,LpeB,9
E153,Rm3,1
E153,mdtA,70
E153,mdtB,170
E153,mdtC,391
E153,mdtD,12
E153,mdtE,29
E153,mdtF,33
E153,mdtG,27
E153,Salmonella,7
E153,mdtK,82
E161,aph(3'')-I,4
E161,OXA,272
E161,CMY-132,3
E161,chloramphenicol_and_florfenicol_resistance,13
E161,CMY-133,3
E161,OXA-10,10
E161,OXA-11,9
E161,bacA,760
E161,OXA-14,9
E161,chloramphenicol_exporter,90
E161,OXA-16,9
E161,OXA-17,9
E161,AER-1,1
E161,basS,38
E161,mycinamicin-resistance_protein_myrB,1
E161,kdpE,60
E161,lsaC,22
E161,lsaE,34
E161,ADP-ribosylating_transferase_arr,5
E161,OXA-454,10
E161,OXA-142,8
E161,OpmB,6
E161,OpmD,3
E161,tlrB_conferring_tylosin_resistance,5
E161,OpmH,6
E161,mefA,153
E161,mefC,1
E161,tet(L),6
E161,puromycin_resistance_protein,3
E161,abeM,10
E161,clbA,10
E161,clbB,11
E161,clbC,12
E161,abeS,18
E161,TEM-90,3
E161,macA,507
E161,qacA,2
E161,macB,6972
E161,qacB,7
E161,rphA,12
E161,rphB,22
E161,transcriptional_regulatory_protein_CpxR_cpxR,602
E161,qacG,60
E161,blt,1
E161,qacH,17
E161,vgaA,227
E161,vgaB,62
E161,vgaD,48
E161,vgaE,49
E161,lnuB,12
E161,CMY-46,6
E161,EmrB-QacA_family_major_facilitator_transporter,69
E161,TEM-215,3
E161,lnuF,3
E161,lnuG,3
E161,TEM-217,3
E161,AAC(3)-Ib/AAC(6')-Ib'',2
E161,OXA-224,2
E161,bpeF,25
E161,penA,777
E161,arlS,27
E161,efpA,3
E161,Listeria_monocytogenes_mprF,1
E161,ADC-12,4
E161,ADC-13,3
E161,VatI,3
E161,ADC-14,2
E161,ADC-15,1
E161,vanHB,18
E161,ErmB,2
E161,ADC-16,4
E161,ErmC,1
E161,vanTG,20
E161,ADC-17,4
E161,ADC-18,2
E161,vanXI,1
E161,ADC-19,4
E161,vanTrL,10
E161,TEM,20
E161,cdeA,2
E161,catA,1
E161,catB,93
E161,ErmT,1
E161,dfrA15b,5
E161,PBP-1A,391
E161,PBP-1B,107
E161,tet32,45
E161,tet36,29
E161,tet37,1
E161,tet39,2
E161,msrA,366
E161,SHV-97,5
E161,msrC,279
E161,msbA,59
E161,msrE,29
E161,ampC,1
E161,CTX-M-110,2
E161,CTX-M-38,2
E161,evgS,77
E161,CTX-M-113,2
E161,adeA,4
E161,adeB,232
E161,adeC,65
E161,adeF,2
E161,aadA,21
E161,adeH,5
E161,adeI,12
E161,adeJ,41
E161,adeK,20
E161,adeL,30
E161,aac(3)-I,23
E161,TriA,4
E161,adeN,3
E161,TriC,17
E161,adeR,58
E161,adeS,24
E161,TolC,408
E161,vanXYL,2
E161,tetA(46),22
E161,catB10,3
E161,CMY-108,6
E161,ceoB,17
E161,RlmA(II),3
E161,rosA,50
E161,rosB,460
E161,aph(3')-IIb,4
E161,Staphylococcys,6
E161,ADC-1,1
E161,opmD,6
E161,Staphylococcus,1
E161,opmE,4
E161,ADC-2,4
E161,ADC-3,4
E161,ADC-4,2
E161,ADC-5,3
E161,ADC-6,1
E161,ADC-7,3
E161,ompR,1010
E161,salA,50
E161,APH(6)-Id,1
E161,TEM-183,3
E161,CMX,2
E161,Acinetobacter_baumannii_ampC_beta-lactamase,4
E161,KLUY-2,1
E161,TEM-106,3
E161,TEM-148,3
E161,OprA,21
E161,Brucella_suis_mprF,3
E161,bcr-1,9
E161,mef(B),2
E161,sdeY,1
E161,patA,56
E161,catB3,6
E161,patB,4
E161,mecA,111
E161,mecB,5
E161,mecC,2
E161,mecD,4
E161,aac(3)-Ib-aac(6')-Ib,1
E161,OprZ,8
E161,poxtA,79
E161,SHV-103,5
E161,SHV-104,5
E161,ANT(3'')-Ii-AAC(6')-IId,4
E161,bmr,1
E161,TaeA,85
E161,MexJ,8
E161,MexK,18
E161,MexL,4
E161,CTX-M-5,1
E161,MexS,5
E161,vatA,1
E161,vatB,16
E161,vatC,4
E161,MexV,2
E161,vatD,1
E161,vatE,8
E161,vatF,2
E161,vatG,4
E161,MexZ,2
E161,CMY-12,3
E161,ermA,1
E161,CMY-13,6
E161,ermB,10
E161,CMY-55,6
E161,ereA,10
E161,ermC,10
E161,CMY-56,3
E161,ereB,2
E161,CMY-16,3
E161,ermE,2
E161,CMY-99,3
E161,ermF,1
E161,ermG,1
E161,truncated_putative_response_regulator_ArlR,448
E161,OXA-233,9
E161,bacterial_regulatory_protein_LuxR,33
E161,ermT,3
E161,CMY-2,3
E161,CMY-5,6
E161,CMY-6,3
E161,vanYA,2
E161,ADC-20,4
E161,ADC-21,4
E161,ADC-22,4
E161,ADC-23,2
E161,ADC-25,4
E161,cmeA,1
E161,cmeB,238
E161,Staphylococcus_mupA_conferring_resistance_to_mupirocin,36
E161,floR,41
E161,srmB,59
E161,cystathionine_beta-lyase_patB,55
E161,major_facilitator_superfamily_transporter,57
E161,tet41,2
E161,golS,15
E161,tet44,17
E161,MCR-1,28
E161,MCR-2,14
E161,MCR-3,15
E161,MCR-4,14
E161,MCR-5,13
E161,tolC,4
E161,OXA-663,10
E161,OXA-392,2
E161,CTX-M-84,2
E161,class_A,10
E161,emeA,1
E161,PBP-2X,132
E161,tlcC,73
E161,class_C,28
E161,CTX-M-48,2
E161,CTX-M-122,2
E161,APH(3')-Ia,1
E161,CTX-M-125,2
E161,linG,3
E161,mdfA,150
E161,CMY-118,10
E161,cmlA1,12
E161,oprA,25
E161,OXA-74,7
E161,oprC,9
E161,cmlA4,12
E161,cmlA5,12
E161,cmlA6,12
E161,oprJ,100
E161,smeB,39
E161,LEN,12
E161,smeC,18
E161,smeD,11
E161,oprM,299
E161,smeE,37
E161,oprN,199
E161,smeF,140
E161,two-component_system_response_regulator_EvgA,4
E161,baeR,61
E161,dfrA12,108
E161,baeS,60
E161,dfrA13,6
E161,dfrA14,11
E161,dfrA15,10
E161,dfrA17,3
E161,CRP,3
E161,smeR,71
E161,smeS,49
E161,TEM-110,3
E161,TEM-196,3
E161,TEM-156,1
E161,QepA1,4
E161,QepA2,4
E161,mexA,182
E161,mexB,221
E161,mexC,19
E161,mepA,147
E161,mexD,372
E161,mexE,173
E161,mexF,324
E161,mexG,1
E161,thiostrepton_resistance_methylase_tsnR,1
E161,aadA9,1
E161,mexH,31
E161,mexI,25
E161,AxyY,6
E161,mexM,1
E161,mexN,12
E161,tetB(60),26
E161,mexQ,4
E161,dfrA1,47
E161,dfrA3,14
E161,mexT,94
E161,dfrA5,7
E161,mexW,224
E161,mexX,154
E161,dfrA8,9
E161,mexY,8
E161,AcrE,6
E161,AcrF,9
E161,PmrF,18
E161,cfrC,13
E161,oqxA,4
E161,oqxB,7
E161,AcrS,3
E161,ICR-Mc,14
E161,OKP-B,12
E161,MOX,1
E161,Moraxella_catarrhalis_M35,2
E161,dfrC,8
E161,dfrD,7
E161,dfrE,9
E161,dfrF,4
E161,dfrG,9
E161,CMY-61,1
E161,CMY-20,6
E161,CMY-21,3
E161,CMY-63,6
E161,arnA,505
E161,CMY-64,3
E161,dfrK,12
E161,CMY-27,1
E161,ACT,1
E161,CMY-28,3
E161,CMY-29,6
E161,OXA-240,10
E161,OXA-246,10
E161,tetA,102
E161,tetB,24
E161,tetC,4
E161,efrA,33
E161,efrB,33
E161,fusC,1
E161,lsa,583
E161,tetL,3
E161,tetM,305
E161,tetO,86
E161,tetP,144
E161,tetQ,87
E161,tetR,294
E161,MuxB,10
E161,tetS,25
E161,MuxC,19
E161,tetT,82
E161,ADC-31,1
E161,tetW,579
E161,tetX,7
E161,Bacillus_subtilis_mprF,2
E161,ADC-75,3
E161,cmrA,10
E161,ADC-76,2
E161,bicyclomycin-multidrug_efflux_protein_bcr,409
E161,ADC-77,3
E161,ADC-78,2
E161,ADC-79,4
E161,ADC-39,2
E161,qepA,16
E161,vanRI,72
E161,Streptococcus_agalactiae_mprF,2
E161,carA,79
E161,carO,4
E161,myrA,5
E161,hmrM,2
E161,lrfA,5
E161,SHV-76,5
E161,Bacillus_Cluster_B_intrinsic_mph,1
E161,APH(3')-IIa,1
E161,cAMP-regulatory_protein,55
E161,mecR1,1
E161,NPS-1,1
E161,OXA-320,2
E161,emrA,390
E161,amrB,74
E161,emrB,360
E161,CTX-M-14,2
E161,emrD,31
E161,CTX-M-130,2
E161,emrE,229
E161,CTX-M-17,2
E161,OXA-368,7
E161,emrK,53
E161,tcmA,3
E161,mdsB,11
E161,mdsC,17
E161,emrY,3
E161,mel,34
E161,ANT(3'')-IIa,1
E161,ANT(3'')-IIb,1
E161,hp1181,13
E161,ANT(3'')-IIc,1
E161,Pseudomonas_aeruginosa_emrE,18
E161,chrB,5
E161,tetA(48),91
E161,LRA,1
E161,farA,3
E161,farB,5
E161,AQU-1,1
E161,MdtK,2
E161,dfrA20,10
E161,opcM,77
E161,dfrA21,12
E161,dfrA22,12
E161,MCR-1.2,28
E161,MCR-1.3,14
E161,MCR-1.4,14
E161,dfrA24,2
E161,YojI,18
E161,MCR-1.5,14
E161,dfrA25,8
E161,MCR-1.6,14
E161,MCR-1.7,14
E161,MCR-1.8,14
E161,MCR-1.9,14
E161,dfrA29,6
E161,mtrA,105
E161,mtrC,4
E161,mtrD,9
E161,mtrE,307
E161,lmrA,2
E161,lmrB,64
E161,Erm(44),1
E161,lmrC,43
E161,lmrD,45
E161,NmcR,14
E161,mtrR,68
E161,LCR-1,2
E161,lmrP,1
E161,CTX-M,15
E161,erm(35),1
E161,blaI,4
E161,bcrA,3442
E161,multidrug_ABC_transporter,3496
E161,BUT-1,1
E161,PvrR,53
E161,otrA,22
E161,otrC,8
E161,arr-4,1
E161,arr-5,1
E161,Clostridium_perfringens_mprF,1
E161,arr-7,1
E161,arr-8,1
E161,Bacillus_Cluster_A_intrinsic_mph,1
E161,marR,302
E161,CARB,3
E161,aph(6)-I,32
E161,aph(3')-I,22
E161,vanA,119
E161,vanB,64
E161,vanC,85
E161,vanD,287
E161,vanE,19
E161,vanG,47
E161,vanH,381
E161,vanI,14
E161,CMY-34,3
E161,aph(3')-V,3
E161,vanL,5
E161,CMY-77,4
E161,vanM,2
E161,vanN,13
E161,optrA,74
E161,OXA-251,10
E161,vanR,2459
E161,vanS,687
E161,vanT,69
E161,vanU,1
E161,OXA-256,10
E161,ugd,14
E161,vanX,21
E161,vanY,51
E161,OXA-1,2
E161,OXA-4,2
E161,acrA,234
E161,acrB,778
E161,tet(W/N/W),14
E161,acrD,3
E161,acrF,4
E161,norA,19
E161,cpxA,38
E161,ADC-80,3
E161,tetB(46),24
E161,ADC-81,1
E161,sul1,31
E161,ADC-41,4
E161,sul2,290
E161,ADC-42,3
E161,sul3,34
E161,ADC-43,4
E161,sul4,18
E161,ykkC,48
E161,ADC-44,4
E161,ykkD,48
E161,MCR-1.10,14
E161,MCR-1.11,14
E161,MCR-1.12,14
E161,MCR-1.13,14
E161,kasugamycin_resistance_protein_ksgA,452
E161,rpoB2,38
E161,tetA(60),17
E161,cob(I)alamin_adenolsyltransferase,75
E161,cat_chloramphenicol_acetyltransferase,24
E161,rifampin_monooxygenase,77
E161,oleB,74
E161,oleC,72
E161,antibiotic_resistance_rRNA_adenine_methyltransferase,10
E161,SHV-41,5
E161,eptA,14
E161,mphA,12
E161,mphC,6
E161,mphD,2
E161,CTX-M-24,2
E161,mphE,1
E161,CTX-M-67,2
E161,mphG,2
E161,Burkholderia_pseudomallei_Omp38,9
E161,mphI,2
E161,LpeB,11
E161,mdtA,279
E161,mdtB,559
E161,mdtC,597
E161,mdtD,221
E161,mdtE,56
E161,mdtF,41
E161,mdtG,25
E161,Salmonella,12
E161,mdtK,458
E161,mdtL,8
E161,mdtM,26
E161,mdtN,129
E161,mdtP,31
E164,bcr-1,1
E164,dfrB6,6
E164,dfrA29,2
E164,tlcC,3
E164,vanTrL,1
E164,mdtB,14
E164,emrB,24
E164,qacG,12
E164,mdtC,21
E164,qacH,3
E164,emrD,24
E164,mdtE,1
E164,SHV-159,5
E164,cpxA,1
E164,patA,2
E164,emrE,46
E164,EmrB-QacA_family_major_facilitator_transporter,2
E164,baeR,4
E164,baeS,3
E164,SHV-89,5
E164,mel,2
E164,tet44,1
E164,Pseudomonas_aeruginosa_emrE,3
E164,bcrA,173
E164,PBP-1A,1
E164,kasugamycin_resistance_protein_ksgA,25
E164,PBP-1B,4
E164,vanA,14
E164,vanB,2
E164,vanC,7
E164,vanD,6
E164,bpeF,5
E164,vanE,1
E164,lsa,8
E164,lmrC,1
E164,vanI,1
E164,HERA-1,1
E164,LCR-1,1
E164,OXA-251,1
E164,floR,3
E164,kdpE,2
E164,msrA,8
E164,OXA-256,1
E164,farB,1
E164,vanR,69
E164,AcrE,1
E164,msrC,6
E164,otrA,2
E164,vanS,18
E164,vanT,1
E164,OXA,24
E164,otrC,1
E164,dfrA2d,4
E164,evgS,5
E164,acrA,19
E164,acrB,24
E164,smeC,2
E164,mexD,2
E164,mexE,24
E164,dfrA12,41
E164,mexF,36
E164,acrF,1
E164,dfrA1,6
E164,smeF,2
E164,dfrA13,3
E164,dfrA14,7
E164,AcrS,1
E164,salA,2
E164,RTG-4,2
E164,SHV-121,5
E164,dfrA15,4
E164,RTG-5,1
E164,dfrA3,5
E164,mexI,2
E164,abeS,3
E164,dfrA5,2
E164,truncated_putative_response_regulator_ArlR,18
E164,dfrA17,8
E164,oprC,2
E164,major_facilitator_superfamily_transporter,1
E164,dfrA7,3
E164,OprA,2
E164,dfrA8,2
E164,SHV-37,5
E164,MexK,1
E164,SHV-53,5
E164,basS,4
E164,oprJ,22
E164,smeR,2
E164,mtrA,4
E164,Staphylococcus_mupA_conferring_resistance_to_mupirocin,1
E164,tetM,28
E164,smeS,3
E164,mdsB,2
E164,oprM,22
E164,TriC,1
E164,tetO,1
E164,vanRI,2
E164,tetA(46),1
E164,macA,28
E164,tetP,14
E164,mexW,12
E164,macB,396
E164,tetR,16
E164,mexX,28
E164,vanTG,1
E164,lsaC,1
E164,tetT,4
E164,arnA,50
E164,tet32,3
E164,tetW,37
E164,tetA(48),5
E164,multidrug_ABC_transporter,101
E164,carA,2
E164,opcM,1
E164,dfrC,4
E164,dfrD,2
E164,tet36,1
E164,dfrE,2
E164,vgaA,10
E164,dfrF,1
E164,vgaB,1
E164,dfrG,2
E164,mtrR,8
E164,two-component_system_response_regulator_EvgA,1
E164,vgaD,1
E164,TaeA,2
E164,OprZ,2
E164,vgaE,2
E164,transcriptional_regulatory_protein_CpxR_cpxR,19
E164,dfrK,1
E164,OXA-663,1
E164,AER-1,1
E164,oleB,3
E164,srmB,2
E164,oleC,4
E164,CARB,12
E164,dfrA15b,2
E164,OXA-240,1
E164,OXA-454,1
E164,OXA-246,1
E164,tetA(60),1
E164,PvrR,1
E164,oqxB,1
E164,adeL,2
E164,rpoB2,4
E164,rphA,1
E164,ompR,31
E164,OXA-10,1
E164,rphB,2
E164,msbA,2
E164,OXA-11,1
E164,adeR,1
E164,OXA-14,1
E164,ugd,2
E164,OXA-16,1
E164,optrA,2
E164,LpeB,1
E164,dfrA20,2
E164,SHV,6
E164,dfrA21,4
E164,dfrA22,5
E164,dfrB1,22
E164,dfrB2,10
E164,dfrA25,2
E164,class_A,3
E164,dfrB3,5
E167,aph(3'')-I,4
E167,OXA,77
E167,chloramphenicol_and_florfenicol_resistance,14
E167,OXA-10,4
E167,OXA-11,3
E167,bacA,650
E167,OXA-14,3
E167,chloramphenicol_exporter,92
E167,OXA-16,3
E167,OXA-17,2
E167,AER-1,1
E167,basS,37
E167,mycinamicin-resistance_protein_myrB,2
E167,kdpE,35
E167,lsaA,1
E167,lsaC,8
E167,TEM-171,3
E167,lsaE,24
E167,ADP-ribosylating_transferase_arr,5
E167,OXA-454,4
E167,OXA-142,1
E167,OpmB,7
E167,OpmD,3
E167,tlrB_conferring_tylosin_resistance,2
E167,OpmH,4
E167,mefA,148
E167,erm(36),3
E167,mefC,1
E167,mefE,1
E167,puromycin_resistance_protein,3
E167,abeM,6
E167,catII,1
E167,clbA,11
E167,clbB,13
E167,clbC,15
E167,abeS,8
E167,TEM-90,3
E167,qacA,4
E167,macA,311
E167,qacB,14
E167,macB,7596
E167,rphA,9
E167,rphB,14
E167,TEM-17,1
E167,transcriptional_regulatory_protein_CpxR_cpxR,457
E167,qacG,32
E167,blt,1
E167,qacH,8
E167,Vibrio_cholerae_varG,1
E167,vgaA,192
E167,vgaB,51
E167,vgaC,1
E167,vgaD,51
E167,vgaE,46
E167,CMY-42,3
E167,lnuA,9
E167,lnuB,3
E167,lnuC,2
E167,CMY-46,3
E167,lnuD,3
E167,EmrB-QacA_family_major_facilitator_transporter,73
E167,lnuE,1
E167,TEM-215,3
E167,lnuF,1
E167,lnuG,1
E167,TEM-217,6
E167,AAC(3)-Ib/AAC(6')-Ib'',2
E167,bpeF,53
E167,penA,688
E167,arlS,30
E167,efpA,3
E167,KPC-16,3
E167,plasmid-encoded,1
E167,fosB,4
E167,Listeria_monocytogenes_mprF,1
E167,VatI,1
E167,vanHB,20
E167,ErmB,6
E167,ErmC,2
E167,vanTG,23
E167,vanTrL,10
E167,TEM,45
E167,fosX,21
E167,cdeA,13
E167,BIL-1,3
E167,catA,20
E167,catB,36
E167,ErmT,3
E167,catI,1
E167,dfrA15b,5
E167,catQ,1
E167,PBP-1A,338
E167,PBP-1B,96
E167,tet32,58
E167,tet34,18
E167,tet35,8
E167,tet36,28
E167,tet37,6
E167,tet39,2
E167,msrA,401
E167,msrC,240
E167,msbA,58
E167,msrE,36
E167,CTX-M-31,1
E167,Erm(30),1
E167,CTX-M-74,1
E167,CTX-M-75,1
E167,CTX-M-35,1
E167,CTX-M-76,1
E167,ampC,4
E167,CTX-M-77,1
E167,Escherichia_coli_mdfA,1
E167,CTX-M-110,2
E167,CTX-M-38,2
E167,evgS,104
E167,CTX-M-113,2
E167,CTX-M-115,1
E167,RTG-4,2
E167,RTG-5,1
E167,adeA,8
E167,adeB,85
E167,adeC,40
E167,aadA,22
E167,adeF,3
E167,adeG,1
E167,adeH,6
E167,adeI,4
E167,aadE,4
E167,adeJ,8
E167,adeK,12
E167,aac(3)-I,23
E167,adeL,20
E167,TriA,2
E167,adeN,1
E167,TriC,16
E167,aadK,21
E167,adeR,55
E167,adeS,31
E167,TolC,220
E167,vanXYL,3
E167,tetA(46),47
E167,catB10,3
E167,CMY-108,6
E167,ceoB,32
E167,RlmA(II),2
E167,rosA,40
E167,rosB,327
E167,aph(3')-IIb,4
E167,Staphylococcys,6
E167,opmD,5
E167,Staphylococcus,1
E167,opmE,4
E167,ompF,121
E167,sdiA,25
E167,ompR,982
E167,salA,46
E167,APH(6)-Id,1
E167,TEM-183,3
E167,CMX,20
E167,Erm(42),1
E167,TEM-105,3
E167,KLUY-2,1
E167,TEM-106,3
E167,TEM-148,3
E167,OprA,11
E167,Brucella_suis_mprF,2
E167,bcr-1,9
E167,mef(B),3
E167,vanYG1,1
E167,DNA-binding_transcriptional_regulator_gadX,32
E167,gadW,2
E167,gadX,4
E167,patA,51
E167,catB3,2
E167,patB,16
E167,mecA,211
E167,mecB,7
E167,mecC,10
E167,mecD,9
E167,mecI,1
E167,aac(3)-Ib-aac(6')-Ib,1
E167,OprZ,5
E167,poxtA,71
E167,ANT(3'')-Ii-AAC(6')-IId,4
E167,bmr,1
E167,catIII,2
E167,TaeA,90
E167,MexJ,7
E167,CTX-M-2,1
E167,MexK,20
E167,MexL,1
E167,CTX-M-4,1
E167,CTX-M-5,2
E167,CTX-M-6,1
E167,CTX-M-7,1
E167,MexS,2
E167,vatB,7
E167,vatC,1
E167,vatD,1
E167,vatF,1
E167,vatG,2
E167,MexZ,1
E167,CMY-53,3
E167,ermA,15
E167,CMY-13,1
E167,ermB,25
E167,ereA,10
E167,ermC,15
E167,ereB,2
E167,ermE,4
E167,ermF,14
E167,ermG,5
E167,truncated_putative_response_regulator_ArlR,483
E167,OXA-233,2
E167,SRT-1,1
E167,SRT-2,2
E167,bacterial_regulatory_protein_LuxR,25
E167,efmA,2
E167,ermT,9
E167,vanYA,4
E167,cmeA,2
E167,cmeB,373
E167,Staphylococcus_mupA_conferring_resistance_to_mupirocin,44
E167,floR,39
E167,srmB,60
E167,cystathionine_beta-lyase_patB,173
E167,major_facilitator_superfamily_transporter,53
E167,tet40,3
E167,tet41,2
E167,golS,7
E167,tet44,19
E167,MCR-1,14
E167,MCR-2,7
E167,MCR-3,8
E167,MCR-4,7
E167,MCR-5,8
E167,tolC,2
E167,OXA-663,4
E167,CTX-M-84,2
E167,CTX-M-43,1
E167,CTX-M-44,1
E167,class_A,61
E167,LlmA_23S_ribosomal_RNA_methyltransferase,8
E167,PBP-2X,114
E167,tlcC,62
E167,class_C,47
E167,CTX-M-48,2
E167,CTX-M-122,2
E167,APH(3')-Ia,1
E167,CTX-M-124,1
E167,CTX-M-125,2
E167,linG,1
E167,mdfA,57
E167,CMY-118,6
E167,cmlA1,10
E167,oprA,12
E167,OXA-74,2
E167,oprC,15
E167,ANT(6)-Ia,1
E167,cmlA4,10
E167,cmlA5,10
E167,cmlA6,10
E167,oprJ,78
E167,smeB,19
E167,smeC,13
E167,smeD,5
E167,oprM,178
E167,smeE,6
E167,oprN,158
E167,smeF,68
E167,two-component_system_response_regulator_EvgA,7
E167,baeR,68
E167,dfrA12,100
E167,baeS,79
E167,dfrA13,8
E167,dfrA14,23
E167,dfrA15,12
E167,dfrA16,1
E167,CRP,6
E167,dfrA17,12
E167,smeR,52
E167,smeS,59
E167,TEM-150,3
E167,TEM-110,3
E167,TEM-196,3
E167,TEM-156,1
E167,ant(3'')-Ih-aac(6')-IId,3
E167,QepA1,3
E167,CfxA2,44
E167,QepA2,3
E167,CfxA3,4
E167,mexA,80
E167,mexB,62
E167,mexC,37
E167,CfxA6,4
E167,mepA,402
E167,mexD,180
E167,mexE,305
E167,mexF,483
E167,thiostrepton_resistance_methylase_tsnR,1
E167,erm(34),2
E167,mexG,1
E167,mexH,25
E167,mexI,22
E167,abcA,1
E167,AxyY,7
E167,mexN,9
E167,tetB(60),45
E167,mexP,1
E167,mexQ,2
E167,dfrA1,23
E167,dfrA3,14
E167,mexT,87
E167,dfrA5,10
E167,mexW,137
E167,dfrA7,3
E167,VEB-1b,4
E167,mexX,95
E167,dfrA8,5
E167,mexY,12
E167,AcrE,1
E167,AcrF,4
E167,PmrF,20
E167,cfrC,13
E167,TEM-33,3
E167,oqxA,7
E167,TEM-34,3
E167,oqxB,9
E167,AcrS,3
E167,ICR-Mc,7
E167,ramA,2
E167,dfrC,12
E167,dfrD,6
E167,dfrE,10
E167,dfrF,5
E167,dfrG,6
E167,CMY-20,3
E167,CMY-21,3
E167,CMY-63,3
E167,arnA,532
E167,Escherichia_coli_mipA,1
E167,CMY-64,3
E167,CMY-23,3
E167,dfrK,8
E167,CMY-28,1
E167,RbpA,2
E167,CMY-29,3
E167,OXA-240,4
E167,OXA-246,4
E167,tetA,111
E167,tetB,53
E167,tetC,6
E167,efrA,63
E167,tetD,4
E167,efrB,48
E167,tetH,5
E167,lsa,603
E167,tetJ,1
E167,tetL,5
E167,tetM,523
E167,tetO,185
E167,tetP,181
E167,tetQ,166
E167,MuxA,2
E167,tetR,145
E167,MuxB,11
E167,tetS,39
E167,MuxC,24
E167,tetT,94
E167,tetV,7
E167,tetW,750
E167,Bacillus_subtilis_mprF,1
E167,cmrA,10
E167,bicyclomycin-multidrug_efflux_protein_bcr,331
E167,tet(40),1
E167,qepA,12
E167,vanRI,98
E167,Serratia_marcescens_Omp1,6
E167,Klebsiella_pneumoniae_OmpK36,5
E167,Klebsiella_pneumoniae_OmpK37,4
E167,Streptococcus_agalactiae_mprF,1
E167,CFE-1,1
E167,porin_OmpC,4
E167,carA,87
E167,DNA-binding_protein_H-NS,10
E167,carO,1
E167,myrA,2
E167,hmrM,3
E167,lrfA,4
E167,Bacillus_Cluster_B_intrinsic_mph,1
E167,APH(3')-IIa,1
E167,cAMP-regulatory_protein,106
E167,mecR1,48
E167,CTX-M-92,1
E167,emrA,121
E167,CTX-M-95,1
E167,amrB,81
E167,emrB,199
E167,CTX-M-14,2
E167,CTX-M-56,1
E167,emrD,53
E167,CTX-M-130,2
E167,emrE,106
E167,CTX-M-17,2
E167,CTX-M-131,1
E167,CTX-M-59,1
E167,OXA-368,2
E167,emrK,32
E167,tcmA,13
E167,mdsA,2
E167,mdsB,7
E167,mdsC,11
E167,emrR,1
E167,VEB-1,5
E167,VEB-2,3
E167,VEB-3,3
E167,VEB-4,3
E167,VEB-5,3
E167,emrY,2
E167,VEB-6,3
E167,VEB-7,4
E167,VEB-8,3
E167,VEB-9,2
E167,mel,45
E167,hp1181,5
E167,aad(6),1
E167,Pseudomonas_aeruginosa_emrE,7
E167,chrB,2
E167,tetA(48),94
E167,LRA,1
E167,farA,2
E167,farB,2
E167,MdtK,4
E167,dfrA20,14
E167,opcM,91
E167,dfrA21,11
E167,dfrA22,12
E167,MCR-1.2,14
E167,MCR-1.3,7
E167,dfrA23,2
E167,MCR-1.4,7
E167,YojI,24
E167,MCR-1.5,7
E167,dfrA25,7
E167,MCR-1.6,7
E167,MCR-1.7,7
E167,MCR-1.8,7
E167,dfrA29,6
E167,MCR-1.9,7
E167,mtrA,122
E167,blaR1,8
E167,mtrC,1
E167,mtrD,5
E167,mtrE,85
E167,lmrA,4
E167,lmrB,52
E167,Erm(44),3
E167,lmrC,72
E167,lmrD,65
E167,NmcR,13
E167,mtrR,48
E167,CTX-M,27
E167,erm(35),1
E167,erm(31),1
E167,blaI,3
E167,bcrA,3808
E167,bcrC,4
E167,Toho-1,1
E167,multidrug_ABC_transporter,5204
E167,PvrR,37
E167,cipA,6
E167,omp36,20
E167,marA,3
E167,otrA,23
E167,otrC,19
E167,arr-4,1
E167,arr-5,1
E167,Clostridium_perfringens_mprF,1
E167,arr-7,1
E167,arr-8,1
E167,PER,10
E167,marR,174
E167,CARB,6
E167,aph(6)-I,33
E167,aph(3')-I,15
E167,vanA,129
E167,vanB,143
E167,vanC,57
E167,vanD,308
E167,vanE,18
E167,vanG,70
E167,vanH,472
E167,vanI,11
E167,CMY-35,3
E167,aph(3')-V,3
E167,vanL,5
E167,vanM,4
E167,vanN,8
E167,TEM-206,3
E167,optrA,82
E167,OXA-251,4
E167,vanR,2969
E167,vanS,1265
E167,vanT,54
E167,vanU,5
E167,OXA-256,4
E167,ugd,12
E167,vanX,26
E167,vanY,127
E167,vanZ,15
E167,acrA,201
E167,acrB,420
E167,tet(W/N/W),18
E167,acrD,4
E167,acrF,8
E167,norA,16
E167,norB,2
E167,cpxA,39
E167,tetB(46),42
E167,sul1,57
E167,sul2,250
E167,sul3,24
E167,sul4,18
E167,ykkC,59
E167,ykkD,18
E167,LAT-1,3
E167,MCR-1.10,7
E167,MCR-1.11,7
E167,vanWI,1
E167,MCR-1.12,7
E167,MCR-1.13,7
E167,kasugamycin_resistance_protein_ksgA,170
E167,rpoB2,50
E167,tetA(60),28
E167,cob(I)alamin_adenolsyltransferase,225
E167,cat_chloramphenicol_acetyltransferase,12
E167,TLA-1,5
E167,rifampin_monooxygenase,31
E167,TLA-2,2
E167,TLA-3,5
E167,TEM-1,3
E167,oleB,65
E167,oleC,80
E167,antibiotic_resistance_rRNA_adenine_methyltransferase,12
E167,eptA,11
E167,CTX-M-20,1
E167,Erm(37),1
E167,mphA,6
E167,tcr3,1
E167,mphC,3
E167,mphD,1
E167,CTX-M-24,2
E167,mphE,1
E167,CTX-M-67,2
E167,mphG,1
E167,CTX-M-141,1
E167,Burkholderia_pseudomallei_Omp38,9
E167,mphI,1
E167,LpeB,16
E167,mdtA,268
E167,mdtB,534
E167,mdtC,540
E167,mdtD,86
E167,mdtE,51
E167,mdtF,82
E167,Escherichia_coli_LamB,1
E167,mdtG,79
E167,mdtH,25
E167,Salmonella,9
E167,CatU,1
E167,mdtK,331
E167,mdtL,25
E167,mdtM,26
E167,mdtN,128
E167,mdtO,25
E167,mdtP,56
E170,class_B,1
E170,tetB(60),4
E170,lrfA,3
E170,CTX-M-38,2
E170,bcr-1,4
E170,dfrB6,1
E170,CTX-M-122,2
E170,erm(31),1
E170,CTX-M-125,2
E170,tlcC,19
E170,SHV-62,5
E170,mdtA,74
E170,OXA-74,3
E170,qacG,12
E170,emrB,43
E170,mdtB,128
E170,qacH,3
E170,mdtC,96
E170,OXA-368,3
E170,SHV-159,5
E170,NPS-1,1
E170,emrE,46
E170,MCR-1.2,10
E170,patA,12
E170,mdtE,6
E170,cpxA,6
E170,MCR-1.3,5
E170,mdtF,16
E170,EmrB-QacA_family_major_facilitator_transporter,43
E170,MCR-1.4,5
E170,cmlA1,2
E170,mdtG,14
E170,MCR-1.5,5
E170,MCR-1.6,5
E170,erm(35),1
E170,hp1181,3
E170,poxtA,16
E170,baeR,40
E170,MCR-1.7,5
E170,cmlA4,2
E170,otr(B),3
E170,baeS,14
E170,MCR-1.10,5
E170,MCR-1.8,5
E170,cmlA5,2
E170,NmcR,3
E170,mdtK,44
E170,SHV-89,5
E170,MCR-1.11,5
E170,MCR-1.9,5
E170,Staphylococcys,3
E170,cmlA6,2
E170,mel,13
E170,MCR-1.12,5
E170,tet44,3
E170,Pseudomonas_aeruginosa_emrE,3
E170,MCR-1.13,5
E170,bcrA,991
E170,kasugamycin_resistance_protein_ksgA,125
E170,PBP-1A,66
E170,CTX-M-5,1
E170,vanA,37
E170,PBP-1B,25
E170,vanB,26
E170,vanC,20
E170,vanD,52
E170,bpeF,25
E170,vanE,3
E170,lmrA,4
E170,lsa,35
E170,erm(39),1
E170,lmrC,2
E170,vanG,9
E170,OXA-233,3
E170,vanH,25
E170,lmrD,6
E170,vanI,4
E170,HERA-1,1
E170,LCR-1,1
E170,cmrA,1
E170,vanL,1
E170,TUS-1,1
E170,OXA-251,3
E170,vanM,1
E170,floR,28
E170,vanN,1
E170,tcmA,21
E170,mecA,15
E170,kdpE,14
E170,msrA,94
E170,OXA-256,3
E170,farB,1
E170,Burkholderia_pseudomallei_Omp38,4
E170,mecB,2
E170,vanR,619
E170,AcrE,1
E170,mecC,1
E170,otrA,8
E170,msrC,77
E170,vanS,143
E170,rifampin_monooxygenase,6
E170,OXA,98
E170,norB,4
E170,AcrF,1
E170,mecD,1
E170,otrC,4
E170,msrE,5
E170,dfrA2d,2
E170,vatA,1
E170,mecR1,1
E170,vatB,5
E170,KLUY-2,1
E170,vatC,1
E170,vanX,12
E170,vatD,1
E170,vanY,4
E170,vatE,4
E170,evgS,40
E170,vatF,1
E170,mexA,13
E170,acrA,44
E170,vatG,1
E170,cob(I)alamin_adenolsyltransferase,50
E170,mexB,15
E170,smeB,1
E170,acrB,154
E170,mexC,12
E170,smeC,7
E170,abeM,3
E170,cmeB,1
E170,mexD,164
E170,smeE,6
E170,MCR-1,10
E170,dfrA12,33
E170,mexE,43
E170,MCR-2,5
E170,dfrA13,2
E170,dfrA1,13
E170,smeF,31
E170,mexF,133
E170,CTX-M-24,2
E170,RTG-4,2
E170,MCR-3,5
E170,tetA,8
E170,dfrA14,9
E170,Erm(37),1
E170,salA,11
E170,SHV-121,5
E170,VatI,1
E170,RTG-5,1
E170,MCR-4,5
E170,dfrA15,2
E170,mexH,24
E170,oprA,4
E170,dfrA3,5
E170,abeS,3
E170,MCR-5,5
E170,mexI,15
E170,rosB,88
E170,CTX-M-110,2
E170,dfrA5,2
E170,oprC,8
E170,efpA,5
E170,truncated_putative_response_regulator_ArlR,175
E170,TolC,137
E170,OprA,5
E170,major_facilitator_superfamily_transporter,32
E170,CTX-M-113,2
E170,dfrA8,3
E170,MexJ,3
E170,mexN,8
E170,MexK,7
E170,LRA,1
E170,CTX-M-130,2
E170,efrA,5
E170,oprJ,63
E170,mexQ,2
E170,basS,18
E170,CTX-M-48,2
E170,ermA,3
E170,CTX-M,10
E170,efrB,2
E170,smeR,30
E170,TriA,1
E170,Staphylococcus_mupA_conferring_resistance_to_mupirocin,8
E170,tetM,77
E170,mtrA,56
E170,smeS,26
E170,OXA-142,3
E170,mexT,24
E170,oprM,85
E170,mdsB,3
E170,oprN,67
E170,TriC,5
E170,mdsC,4
E170,tetO,35
E170,vanRI,21
E170,ermE,3
E170,mtrD,6
E170,macA,93
E170,tetA(46),2
E170,tetP,54
E170,mtrE,41
E170,mexW,70
E170,tetQ,27
E170,MexS,2
E170,macB,2262
E170,CTX-M-67,2
E170,mexX,34
E170,tetR,25
E170,mexY,1
E170,tetS,8
E170,lsaC,2
E170,MexV,2
E170,vanTG,2
E170,tetT,24
E170,arnA,75
E170,erm(34),1
E170,CTX-M-84,2
E170,lsaE,3
E170,ICR-Mc,5
E170,marR,25
E170,amrB,6
E170,clbA,2
E170,tetA(48),27
E170,tet32,15
E170,tetW,137
E170,clbB,4
E170,multidrug_ABC_transporter,829
E170,clbC,4
E170,carA,21
E170,opcM,25
E170,ermN,1
E170,dfrC,4
E170,dfrD,5
E170,tet36,6
E170,erm(36),1
E170,dfrE,4
E170,vgaA,61
E170,dfrF,1
E170,Erm(47),1
E170,vgaB,14
E170,bacterial_regulatory_protein_LuxR,9
E170,dfrG,5
E170,mdfA,2
E170,OprZ,2
E170,two-component_system_response_regulator_EvgA,4
E170,vgaD,12
E170,TaeA,20
E170,arlS,6
E170,vgaE,17
E170,transcriptional_regulatory_protein_CpxR_cpxR,185
E170,dfrK,5
E170,OXA-663,3
E170,AER-1,1
E170,ermX,12
E170,erm(38),3
E170,chloramphenicol_and_florfenicol_resistance,4
E170,vanXI,1
E170,tetB(46),4
E170,antibiotic_resistance_rRNA_adenine_methyltransferase,1
E170,oleB,17
E170,sul1,27
E170,CARB,13
E170,oleC,33
E170,srmB,15
E170,sul2,67
E170,QepA1,2
E170,ErmX,1
E170,cfrC,4
E170,sul3,7
E170,QepA2,4
E170,OXA-454,3
E170,OXA-240,3
E170,dfrA15b,1
E170,Erm(30),2
E170,sul4,4
E170,adeA,3
E170,PmrF,7
E170,adeB,132
E170,qepA,16
E170,tetB(48),1
E170,adeC,1
E170,eptA,5
E170,OXA-246,3
E170,adeF,2
E170,adeH,1
E170,penA,163
E170,AxyY,3
E170,Salmonella,2
E170,chloramphenicol_and_florfenicol_exporter,1
E170,YojI,4
E170,tcr3,2
E170,opmD,4
E170,adeK,1
E170,PvrR,27
E170,tetA(60),2
E170,tet(W/N/W),5
E170,adeL,7
E170,oqxB,4
E170,OpmB,2
E170,rpoB2,11
E170,rphA,3
E170,OpmD,2
E170,ompR,329
E170,OXA-10,3
E170,rphB,4
E170,msbA,7
E170,OXA-11,3
E170,PSE-1,4
E170,bicyclomycin-multidrug_efflux_protein_bcr,146
E170,adeR,13
E170,OpmH,4
E170,adeS,11
E170,OXA-14,3
E170,ugd,2
E170,CTX-M-14,2
E170,OXA-16,3
E170,OXA-17,3
E170,ceoB,14
E170,optrA,16
E170,puromycin_resistance_protein,4
E170,CTX-M-17,2
E170,LpeB,3
E170,bacA,76
E170,dfrA20,9
E170,dfrA21,4
E170,SHV-25,5
E170,dfrA22,5
E170,chloramphenicol_exporter,6
E170,MuxB,1
E170,dfrB1,3
E170,MuxC,5
E170,dfrB2,4
E170,dfrA24,1
E170,class_A,16
E170,dfrB3,2
E172,aph(3'')-I,4
E172,OXA,124
E172,chloramphenicol_and_florfenicol_resistance,7
E172,CMY-133,3
E172,OXA-10,4
E172,OXA-11,3
E172,bacA,275
E172,OXA-14,3
E172,chloramphenicol_exporter,47
E172,OXA-16,3
E172,OXA-17,3
E172,basS,24
E172,mycinamicin-resistance_protein_myrB,1
E172,EdeQ,1
E172,kdpE,27
E172,lsaC,8
E172,lsaE,15
E172,ADP-ribosylating_transferase_arr,5
E172,OXA-454,4
E172,OXA-142,2
E172,OpmB,2
E172,OpmD,2
E172,tlrB_conferring_tylosin_resistance,3
E172,OpmH,3
E172,mefA,85
E172,mefC,1
E172,tet(L),2
E172,puromycin_resistance_protein,3
E172,abeM,9
E172,clbA,7
E172,clbB,8
E172,clbC,7
E172,abeS,8
E172,macA,196
E172,qacA,6
E172,macB,4028
E172,qacB,19
E172,rphA,4
E172,rphB,8
E172,transcriptional_regulatory_protein_CpxR_cpxR,300
E172,qacG,24
E172,qacH,7
E172,vgaA,128
E172,vgaB,30
E172,AIM-1,1
E172,vgaD,25
E172,vgaE,27
E172,lnuB,3
E172,EmrB-QacA_family_major_facilitator_transporter,50
E172,lnuF,1
E172,lnuG,1
E172,AAC(3)-Ib/AAC(6')-Ib'',2
E172,bpeF,23
E172,penA,471
E172,arlS,16
E172,efpA,2
E172,THIN-B,1
E172,fosB,4
E172,otr(B),1
E172,ADC-12,1
E172,VatI,3
E172,ADC-13,1
E172,cmlA,19
E172,vanHB,12
E172,ErmB,2
E172,ADC-16,1
E172,ErmC,1
E172,vanTG,12
E172,ADC-17,1
E172,tet(42),1
E172,ADC-19,1
E172,vanTrL,6
E172,fosX,21
E172,cdeA,1
E172,catB,34
E172,ErmT,1
E172,dfrA15b,2
E172,PBP-1A,226
E172,PBP-1B,61
E172,tet32,36
E172,tet34,9
E172,tet36,17
E172,tet39,2
E172,msrA,207
E172,msrC,167
E172,msbA,33
E172,msrE,16
E172,ampC,4
E172,CTX-M-110,2
E172,CTX-M-38,2
E172,evgS,47
E172,CTX-M-113,2
E172,adeB,136
E172,adeC,22
E172,adeF,4
E172,adeG,1
E172,adeH,3
E172,adeI,3
E172,adeJ,6
E172,adeK,5
E172,adeL,10
E172,aac(3)-I,23
E172,fmtC,23
E172,TriA,2
E172,adeN,1
E172,TriC,11
E172,adeR,28
E172,adeS,11
E172,TolC,198
E172,vanXYL,1
E172,tetA(46),26
E172,catB10,1
E172,ceoB,16
E172,RlmA(II),2
E172,rosA,20
E172,rosB,220
E172,aph(3')-IIb,4
E172,Staphylococcys,3
E172,opmD,4
E172,Staphylococcus,1
E172,opmE,2
E172,ADC-2,1
E172,ADC-3,1
E172,ADC-5,1
E172,ADC-7,1
E172,ompR,562
E172,salA,27
E172,APH(6)-Id,1
E172,CMX,5
E172,Acinetobacter_baumannii_ampC_beta-lactamase,1
E172,KLUY-2,1
E172,OprA,6
E172,Brucella_suis_mprF,3
E172,bcr-1,8
E172,mef(B),3
E172,patA,23
E172,catB3,2
E172,patB,5
E172,mecA,108
E172,mecB,5
E172,mecC,3
E172,mecD,1
E172,mecI,5
E172,aac(3)-Ib-aac(6')-Ib,1
E172,OprZ,3
E172,poxtA,38
E172,chloramphenicol_and_florfenicol_exporter,1
E172,metallo-beta-lactamase,19
E172,TaeA,39
E172,MexJ,4
E172,MexK,12
E172,MexL,3
E172,CTX-M-5,1
E172,MexS,4
E172,vatA,1
E172,vatB,5
E172,vatC,1
E172,MexV,2
E172,vatE,8
E172,vatF,2
E172,vatG,1
E172,MexZ,1
E172,ermB,10
E172,CMY-55,3
E172,ermC,10
E172,CMY-56,3
E172,ermE,2
E172,ermG,1
E172,truncated_putative_response_regulator_ArlR,215
E172,OXA-233,3
E172,SRT-1,2
E172,SRT-2,4
E172,bacterial_regulatory_protein_LuxR,14
E172,efmA,1
E172,ermT,3
E172,CMY-2,3
E172,CMY-5,3
E172,vanYA,1
E172,ADC-20,1
E172,ADC-21,1
E172,ADC-22,1
E172,ADC-25,1
E172,cmeB,99
E172,Staphylococcus_mupA_conferring_resistance_to_mupirocin,24
E172,floR,42
E172,srmB,33
E172,cystathionine_beta-lyase_patB,25
E172,major_facilitator_superfamily_transporter,37
E172,tet41,2
E172,tet43,1
E172,golS,3
E172,tet44,6
E172,MCR-1,10
E172,MCR-2,5
E172,MCR-3,5
E172,MCR-4,5
E172,MCR-5,5
E172,tolC,3
E172,OXA-663,4
E172,CTX-M-84,2
E172,class_A,13
E172,PBP-2X,70
E172,tlcC,32
E172,class_C,16
E172,CTX-M-48,2
E172,CTX-M-122,2
E172,APH(3')-Ia,1
E172,CTX-M-125,2
E172,linG,1
E172,mdfA,51
E172,CMY-118,3
E172,cmlA1,7
E172,oprA,5
E172,OXA-74,2
E172,oprC,6
E172,cmlA4,8
E172,cmlA5,7
E172,cmlA6,7
E172,oprJ,26
E172,smeB,20
E172,smeC,4
E172,oprM,88
E172,smeE,11
E172,oprN,53
E172,smeF,32
E172,two-component_system_response_regulator_EvgA,4
E172,baeR,45
E172,dfrA12,78
E172,baeS,36
E172,dfrA13,5
E172,dfrA14,4
E172,dfrA15,5
E172,dfrA17,2
E172,CRP,3
E172,smeR,39
E172,smeS,37
E172,QepA1,2
E172,QepA2,3
E172,mexA,18
E172,mexB,82
E172,mexC,8
E172,mepA,40
E172,mexD,209
E172,mexE,132
E172,mexF,286
E172,mexH,41
E172,mexI,31
E172,AxyY,1
E172,abcA,2
E172,mexN,8
E172,tetB(60),17
E172,mexQ,4
E172,dfrA1,21
E172,dfrA3,8
E172,mexT,82
E172,dfrA5,2
E172,mexW,120
E172,mexX,14
E172,dfrA8,7
E172,mexY,5
E172,AcrE,1
E172,AcrF,3
E172,PmrF,4
E172,cfrC,7
E172,oqxA,2
E172,oqxB,4
E172,AcrS,1
E172,ICR-Mc,5
E172,MOX,9
E172,Moraxella_catarrhalis_M35,2
E172,dfrC,6
E172,dfrD,5
E172,dfrE,6
E172,dfrF,4
E172,dfrG,4
E172,CMY-61,1
E172,CMY-21,3
E172,arnA,230
E172,dfrK,6
E172,CMY-29,3
E172,OXA-240,4
E172,OXA-246,4
E172,tetA,52
E172,tetB,7
E172,tetC,2
E172,efrA,19
E172,efrB,18
E172,lsa,285
E172,tetL,11
E172,tetM,112
E172,tetO,110
E172,tetP,91
E172,tetQ,71
E172,MuxA,1
E172,tetR,51
E172,MuxB,5
E172,tetS,25
E172,MuxC,7
E172,tetT,46
E172,tetW,297
E172,Bacillus_subtilis_mprF,1
E172,ADC-75,1
E172,cmrA,5
E172,ADC-76,1
E172,bicyclomycin-multidrug_efflux_protein_bcr,221
E172,ADC-77,1
E172,ADC-78,1
E172,ADC-79,1
E172,qepA,11
E172,ADC-39,1
E172,vanRI,43
E172,carA,43
E172,carO,1
E172,myrA,3
E172,hmrM,3
E172,lrfA,3
E172,Bacillus_Cluster_B_intrinsic_mph,1
E172,APH(3')-IIa,1
E172,cAMP-regulatory_protein,54
E172,emrA,218
E172,amrB,15
E172,emrB,288
E172,CTX-M-14,2
E172,emrD,17
E172,CTX-M-130,2
E172,emrE,108
E172,CTX-M-17,2
E172,OXA-368,2
E172,emrK,22
E172,tcmA,34
E172,mdsB,4
E172,mdsC,6
E172,mel,24
E172,hp1181,3
E172,Pseudomonas_aeruginosa_emrE,8
E172,chrB,3
E172,tetA(48),59
E172,LRA,4
E172,farA,3
E172,farB,4
E172,AQU-1,1
E172,dfrA20,3
E172,opcM,19
E172,dfrA21,7
E172,dfrA22,8
E172,MCR-1.2,10
E172,MCR-1.3,5
E172,MCR-1.4,5
E172,dfrA24,1
E172,YojI,6
E172,dfrA25,1
E172,MCR-1.5,5
E172,MCR-1.6,5
E172,MCR-1.7,5
E172,MCR-1.8,5
E172,dfrA29,1
E172,MCR-1.9,5
E172,mtrA,54
E172,mtrD,5
E172,mtrE,92
E172,lmrA,2
E172,lmrB,14
E172,Erm(44),1
E172,lmrC,31
E172,lmrD,27
E172,NmcR,8
E172,mtrR,17
E172,LCR-1,1
E172,lmrP,1
E172,CTX-M,10
E172,blaI,2
E172,bcrA,2011
E172,tet(K),2
E172,dfrB2,2
E172,dfrB3,1
E172,multidrug_ABC_transporter,2073
E172,dfrA2d,1
E172,PvrR,25
E172,cipA,1
E172,otrA,11
E172,otrC,6
E172,arr-4,1
E172,arr-5,1
E172,Clostridium_perfringens_mprF,1
E172,arr-7,1
E172,arr-8,1
E172,Bacillus_Cluster_A_intrinsic_mph,1
E172,marR,199
E172,aph(6)-I,25
E172,aph(3')-I,16
E172,vanA,60
E172,vanB,60
E172,vanC,43
E172,vanD,153
E172,vanE,7
E172,vanG,31
E172,vanH,199
E172,vanI,9
E172,vanL,1
E172,aph(3')-V,3
E172,vanM,2
E172,vanN,3
E172,optrA,42
E172,OXA-251,4
E172,vanR,1291
E172,vanS,377
E172,vanT,32
E172,vanU,1
E172,OXA-256,4
E172,ugd,3
E172,vanX,2
E172,SMB-1,1
E172,vanY,24
E172,acrA,119
E172,acrB,274
E172,tet(W/N/W),7
E172,acrD,1
E172,acrF,1
E172,cpxA,20
E172,ADC-80,1
E172,tetB(46),17
E172,sul1,33
E172,ADC-41,1
E172,sul2,136
E172,ADC-42,1
E172,sul3,12
E172,ADC-43,1
E172,sul4,8
E172,ykkC,16
E172,ADC-44,1
E172,ykkD,14
E172,MCR-1.10,5
E172,MCR-1.11,5
E172,vanWI,1
E172,MCR-1.12,5
E172,MCR-1.13,5
E172,kasugamycin_resistance_protein_ksgA,228
E172,rpoB2,30
E172,tetA(60),22
E172,cob(I)alamin_adenolsyltransferase,100
E172,cat_chloramphenicol_acetyltransferase,8
E172,rifampin_monooxygenase,42
E172,oleB,34
E172,oleC,45
E172,antibiotic_resistance_rRNA_adenine_methyltransferase,6
E172,eptA,6
E172,tcr3,2
E172,mphA,12
E172,mphC,6
E172,mphD,2
E172,CTX-M-24,2
E172,mphE,1
E172,CTX-M-67,2
E172,mphG,2
E172,Burkholderia_pseudomallei_Omp38,4
E172,mphI,2
E172,LpeB,4
E172,Rm3,1
E172,mdtA,132
E172,mdtB,294
E172,mdtC,200
E172,mdtD,67
E172,mdtE,10
E172,mdtF,1
E172,mdtG,25
E172,Salmonella,7
E172,mdtK,265
E172,mdtN,26
E172,mdtP,49
E174,CTX-M-36,3
E174,CTX-M-37,3
E174,lrfA,7
E174,dfrB6,3
E174,bcr-1,5
E174,CTX-M-52,3
E174,dfrA29,6
E174,CTX-M-53,3
E174,CTX-M-55,3
E174,qacB,3
E174,tlcC,13
E174,Staphylococcus,2
E174,vanTrL,1
E174,CTX-M-58,3
E174,emrA,119
E174,mdtA,70
E174,OXA-74,2
E174,emrB,131
E174,mdtB,144
E174,arr-4,1
E174,mdtC,106
E174,OXA-368,2
E174,arr-5,1
E174,mdtD,49
E174,emrD,107
E174,cpxA,4
E174,patA,7
E174,mdtE,6
E174,arr-7,1
E174,mdtF,23
E174,EmrB-QacA_family_major_facilitator_transporter,35
E174,patB,2
E174,cmlA,23
E174,cmlA1,5
E174,arr-8,1
E174,hp1181,2
E174,baeR,9
E174,poxtA,13
E174,cmlA4,5
E174,otr(B),2
E174,baeS,13
E174,tet41,3
E174,cmlA5,5
E174,emrK,17
E174,Staphylococcys,2
E174,cmlA6,5
E174,tet43,1
E174,mel,14
E174,CTX-M-1,3
E174,mdtM,5
E174,tet44,3
E174,mdtN,3
E174,bcrA,419
E174,aph(6)-I,3
E174,kasugamycin_resistance_protein_ksgA,78
E174,PBP-1A,124
E174,vanA,13
E174,cat_chloramphenicol_acetyltransferase,1
E174,PBP-1B,19
E174,cAMP-regulatory_protein,17
E174,vanB,16
E174,vanC,17
E174,OXA-1,4
E174,bpeF,8
E174,vanD,35
E174,vanHB,2
E174,lmrA,6
E174,lsa,62
E174,OXA-4,4
E174,lmrC,4
E174,vanG,20
E174,OXA-233,2
E174,lmrD,3
E174,vanH,39
E174,vanI,2
E174,emrY,1
E174,golS,1
E174,OXA-251,2
E174,vanM,1
E174,mef(B),1
E174,floR,34
E174,tcmA,28
E174,kdpE,6
E174,mecA,10
E174,msrA,123
E174,OXA-256,2
E174,Burkholderia_pseudomallei_Omp38,1
E174,mecB,1
E174,vanR,275
E174,farB,2
E174,cipA,2
E174,vanS,98
E174,msrC,65
E174,ADC-18,1
E174,RSA-2,2
E174,otrA,6
E174,norB,13
E174,rifampin_monooxygenase,14
E174,mecD,1
E174,OXA,89
E174,vanT,8
E174,otrC,2
E174,dfrA2d,5
E174,msrE,9
E174,vatB,4
E174,mecR1,9
E174,vanX,34
E174,vanY,6
E174,evgS,27
E174,vatE,4
E174,acrA,16
E174,mexA,25
E174,ykkC,16
E174,smeB,5
E174,mexB,13
E174,acrB,116
E174,vatG,1
E174,ykkD,8
E174,mexC,12
E174,cmeA,2
E174,smeC,3
E174,mexD,124
E174,cmeB,132
E174,mexE,57
E174,dfrA12,52
E174,acrF,1
E174,mexF,131
E174,smeF,12
E174,dfrA1,24
E174,dfrA13,5
E174,tolC,4
E174,mexG,1
E174,salA,11
E174,tetA,59
E174,dfrA14,26
E174,dfrA15,4
E174,VatI,1
E174,oprA,8
E174,dfrA3,9
E174,mexI,6
E174,rosB,68
E174,dfrA16,10
E174,oprC,5
E174,efpA,5
E174,truncated_putative_response_regulator_ArlR,49
E174,dfrA5,9
E174,dfrA17,12
E174,TolC,148
E174,dfrA7,5
E174,OprA,5
E174,major_facilitator_superfamily_transporter,27
E174,dfrA8,3
E174,mexN,2
E174,tetH,5
E174,MexJ,1
E174,CTX-M-115,1
E174,MexK,4
E174,OXA-47,4
E174,tetJ,3
E174,LRA,1
E174,CTX-M-60,1
E174,oprJ,12
E174,mexQ,2
E174,basS,6
E174,efrA,4
E174,CTX-M-61,6
E174,OXA-140,4
E174,efrB,2
E174,smeR,8
E174,OXY,21
E174,CTX-M-62,3
E174,smeS,13
E174,mtrA,21
E174,mdsA,1
E174,Staphylococcus_mupA_conferring_resistance_to_mupirocin,11
E174,TriA,2
E174,tetM,33
E174,OXA-142,1
E174,mdsB,2
E174,TriB,1
E174,oprM,86
E174,mtrC,1
E174,vanRI,10
E174,TriC,2
E174,oprN,43
E174,tetO,6
E174,mdsC,4
E174,mtrD,1
E174,tetA(46),2
E174,macA,101
E174,tetP,28
E174,CTX-M-136,3
E174,ErmB,2
E174,mexW,42
E174,tetQ,23
E174,mtrE,32
E174,macB,858
E174,tetR,25
E174,mexX,34
E174,CTX-M-68,3
E174,mexY,3
E174,ermH,1
E174,tetS,6
E174,CTX-M-82,3
E174,MexV,1
E174,tetT,10
E174,arnA,100
E174,vanTG,5
E174,lsaE,2
E174,amrB,14
E174,clbA,2
E174,marR,25
E174,tet32,9
E174,tetW,72
E174,tetA(48),16
E174,clbB,3
E174,CTX-M-156,2
E174,OXA-392,4
E174,carA,15
E174,multidrug_ABC_transporter,694
E174,clbC,3
E174,opcM,42
E174,tetZ,1
E174,dfrC,5
E174,CRP,1
E174,tet36,1
E174,dfrD,2
E174,dfrE,3
E174,vgaA,33
E174,bacterial_regulatory_protein_LuxR,10
E174,vgaB,11
E174,tet39,3
E174,tet(K),3
E174,dfrG,2
E174,two-component_system_response_regulator_EvgA,2
E174,arlS,1
E174,vgaD,11
E174,TaeA,19
E174,mdfA,78
E174,OprZ,2
E174,catB,16
E174,vgaE,16
E174,pmrA,28
E174,transcriptional_regulatory_protein_CpxR_cpxR,58
E174,tet(33),1
E174,dfrK,3
E174,OXA-663,2
E174,metallo-beta-lactamase,4
E174,chloramphenicol_and_florfenicol_resistance,3
E174,antibiotic_resistance_rRNA_adenine_methyltransferase,2
E174,oleB,17
E174,OXA-224,4
E174,srmB,14
E174,oleC,17
E174,QepA1,4
E174,sul3,2
E174,QepA2,6
E174,cfrC,3
E174,OXA-240,2
E174,OXA-454,3
E174,dfrA15b,4
E174,sul4,1
E174,PmrF,4
E174,adeB,4
E174,qepA,24
E174,tetB(48),1
E174,adeC,11
E174,OXA-246,3
E174,AxyX,1
E174,AxyY,1
E174,adeH,1
E174,penA,204
E174,Salmonella,5
E174,adeI,1
E174,ADC-23,1
E174,adeJ,3
E174,chloramphenicol_and_florfenicol_exporter,2
E174,PvrR,2
E174,tcr3,2
E174,oqxA,1
E174,tet(W/N/W),2
E174,tetA(60),3
E174,adeK,4
E174,oqxB,2
E174,adeL,5
E174,opmE,2
E174,OpmB,1
E174,vanKI,1
E174,rpoB2,16
E174,ompR,112
E174,rphA,2
E174,OXA-10,3
E174,rphB,3
E174,msbA,9
E174,OXA-11,2
E174,adeR,9
E174,bicyclomycin-multidrug_efflux_protein_bcr,19
E174,catB3,1
E174,adeS,8
E174,OpmH,3
E174,OXA-14,2
E174,RbpA,1
E174,ugd,1
E174,OXA-320,4
E174,mefC,1
E174,ADP-ribosylating_transferase_arr,5
E174,OXA-16,2
E174,OXA-17,2
E174,ceoB,7
E174,puromycin_resistance_protein,5
E174,fosA,25
E174,optrA,18
E174,CTX-M-30,3
E174,OXA-31,4
E174,LpeB,2
E174,bacA,125
E174,dfrA20,4
E174,CTX-M-31,1
E174,cystathionine_beta-lyase_patB,24
E174,dfrA21,6
E174,OXA-33,4
E174,dfrA22,6
E174,CTX-M-33,3
E174,MuxB,3
E174,dfrB1,9
E174,chloramphenicol_exporter,10
E174,Rm3,1
E174,catB10,1
E174,dfrB2,10
E174,MuxC,7
E174,dfrA24,2
E174,dfrA25,8
E174,dfrB3,5
E174,class_A,29
E178,aph(3'')-I,4
E178,OXA,223
E178,chloramphenicol_and_florfenicol_resistance,13
E178,CMY-133,9
E178,OXA-10,8
E178,OXA-11,7
E178,bacA,517
E178,OXA-14,7
E178,chloramphenicol_exporter,65
E178,OXA-16,7
E178,OXA-17,6
E178,AER-1,2
E178,basS,31
E178,mycinamicin-resistance_protein_myrB,1
E178,kdpE,26
E178,lsaA,1
E178,lsaC,15
E178,TEM-171,3
E178,lsaE,25
E178,ADP-ribosylating_transferase_arr,5
E178,OXA-454,8
E178,OXA-140,2
E178,OXA-142,5
E178,aadA13,1
E178,OpmB,8
E178,OpmD,2
E178,tlrB_conferring_tylosin_resistance,5
E178,OpmH,3
E178,mefA,132
E178,mefC,3
E178,catA8,1
E178,tet(L),6
E178,puromycin_resistance_protein,2
E178,abeM,7
E178,catII,1
E178,clbA,9
E178,clbB,13
E178,clbC,13
E178,abeS,11
E178,TEM-90,3
E178,TEM-92,3
E178,TEM-93,1
E178,TEM-52,3
E178,TEM-94,3
E178,qacA,2
E178,macA,397
E178,macB,6210
E178,qacB,8
E178,rphA,13
E178,rphB,21
E178,TEM-17,1
E178,transcriptional_regulatory_protein_CpxR_cpxR,466
E178,qacG,39
E178,qacH,11
E178,vgaA,194
E178,vgaB,46
E178,vgaD,38
E178,vgaE,40
E178,viomycin_phosphotransferase,6
E178,lnuB,9
E178,CMY-46,3
E178,EmrB-QacA_family_major_facilitator_transporter,49
E178,TEM-215,3
E178,lnuF,2
E178,lnuG,3
E178,TEM-217,6
E178,AAC(3)-Ib/AAC(6')-Ib'',6
E178,OXA-224,2
E178,bpeF,20
E178,penA,832
E178,arlS,22
E178,efpA,2
E178,plasmid-encoded,1
E178,fosB,4
E178,ADC-12,4
E178,Listeria_monocytogenes_mprF,2
E178,ADC-13,4
E178,VatI,3
E178,ADC-14,2
E178,ADC-15,1
E178,cmlA,12
E178,vanHB,16
E178,ErmB,4
E178,ADC-16,4
E178,ErmC,2
E178,ADC-17,4
E178,vanTG,21
E178,ADC-18,1
E178,ADC-19,4
E178,vanTrL,12
E178,TEM,47
E178,fosX,21
E178,cdeA,1
E178,catA,2
E178,catB,101
E178,ErmT,3
E178,catD,1
E178,catI,1
E178,dfrA15b,4
E178,catP,1
E178,catQ,1
E178,PBP-1A,402
E178,PBP-1B,120
E178,tet32,63
E178,catV,1
E178,tet34,18
E178,tet35,1
E178,tet36,26
E178,tet37,1
E178,tet39,4
E178,msrA,291
E178,IBC-2,2
E178,SHV-97,5
E178,msrC,233
E178,msbA,65
E178,msrE,24
E178,CTX-M-31,1
E178,Erm(30),1
E178,CTX-M-74,1
E178,CTX-M-75,1
E178,CTX-M-76,1
E178,CTX-M-35,1
E178,CTX-M-77,1
E178,CTX-M-110,2
E178,CTX-M-38,2
E178,evgS,54
E178,CTX-M-113,2
E178,RTG-4,2
E178,RTG-5,1
E178,adeA,3
E178,adeB,179
E178,adeC,36
E178,aadA,44
E178,adeF,4
E178,adeG,1
E178,adeH,7
E178,adeI,5
E178,aadE,1
E178,adeJ,18
E178,adeK,12
E178,aac(3)-I,69
E178,adeL,27
E178,fmtC,21
E178,TriA,5
E178,adeN,4
E178,TriC,11
E178,aadK,49
E178,adeR,37
E178,adeS,24
E178,TolC,455
E178,vanXYL,3
E178,tetA(46),27
E178,catB10,4
E178,CMY-108,3
E178,ceoB,16
E178,RlmA(II),5
E178,rosA,80
E178,rosB,398
E178,aph(3')-IIb,4
E178,Staphylococcys,3
E178,opmD,4
E178,Staphylococcus,2
E178,ADC-2,4
E178,opmE,1
E178,ADC-3,4
E178,ADC-4,1
E178,ADC-5,4
E178,ADC-6,1
E178,ompF,40
E178,ADC-7,4
E178,ompR,875
E178,salA,39
E178,GES-1,2
E178,APH(6)-Id,2
E178,GES-2,2
E178,TEM-183,3
E178,GES-3,2
E178,GES-4,2
E178,Acinetobacter_baumannii_ampC_beta-lactamase,4
E178,GES-5,2
E178,GES-6,2
E178,TEM-105,3
E178,GES-7,2
E178,KLUY-2,1
E178,TEM-106,3
E178,GES-8,2
E178,TEM-148,3
E178,GES-9,2
E178,OprA,12
E178,aadA25,1
E178,Brucella_suis_mprF,2
E178,bcr-1,10
E178,mef(B),4
E178,sdeY,1
E178,DNA-binding_transcriptional_regulator_gadX,16
E178,gadW,1
E178,gadX,2
E178,patA,48
E178,catB3,6
E178,patB,3
E178,mecA,89
E178,mecB,6
E178,mecC,2
E178,mecD,5
E178,aac(3)-Ib-aac(6')-Ib,3
E178,OprZ,7
E178,AAC(6')-Ie-APH(2'')-Ia,9
E178,poxtA,69
E178,SHV-103,5
E178,chloramphenicol_and_florfenicol_exporter,3
E178,SHV-104,5
E178,TEM-20,3
E178,TEM-21,3
E178,ANT(3'')-Ii-AAC(6')-IId,8
E178,APH(2'')-If,2
E178,bmr,1
E178,catIII,1
E178,TaeA,68
E178,MexJ,5
E178,CTX-M-2,1
E178,MexK,14
E178,MexL,4
E178,CTX-M-5,2
E178,MexS,5
E178,vatA,2
E178,vatB,13
E178,vatC,2
E178,MexV,2
E178,vatD,2
E178,GES-10,2
E178,vatE,8
E178,GES-11,2
E178,vatF,2
E178,GES-12,2
E178,vatG,2
E178,GES-13,2
E178,MexZ,1
E178,GES-14,2
E178,GES-15,2
E178,GES-16,2
E178,ermA,8
E178,CMY-13,3
E178,GES-17,2
E178,ermB,16
E178,CMY-55,6
E178,GES-18,2
E178,ermC,15
E178,ereA,20
E178,CMY-56,6
E178,GES-19,2
E178,ereB,6
E178,ermE,2
E178,CMY-99,3
E178,ermF,14
E178,ermG,5
E178,truncated_putative_response_regulator_ArlR,331
E178,Mrx,1
E178,OXA-233,6
E178,bacterial_regulatory_protein_LuxR,29
E178,efmA,2
E178,ermT,9
E178,CMY-2,6
E178,CMY-5,9
E178,CMY-7,3
E178,vanYA,3
E178,ADC-20,4
E178,ADC-21,4
E178,ADC-22,4
E178,ADC-23,2
E178,ADC-25,4
E178,cmeB,147
E178,Staphylococcus_mupA_conferring_resistance_to_mupirocin,37
E178,floR,74
E178,srmB,50
E178,cystathionine_beta-lyase_patB,47
E178,major_facilitator_superfamily_transporter,42
E178,tet40,3
E178,tet41,3
E178,golS,15
E178,tet44,22
E178,MCR-1,28
E178,MCR-2,14
E178,MCR-3,15
E178,MCR-4,15
E178,MCR-5,14
E178,tolC,6
E178,OXA-663,8
E178,OXA-392,2
E178,CTX-M-84,2
E178,CTX-M-43,1
E178,class_A,38
E178,PBP-2X,70
E178,tlcC,54
E178,CTX-M-48,2
E178,CTX-M-122,2
E178,APH(3')-Ia,1
E178,CTX-M-124,1
E178,CTX-M-125,2
E178,linG,2
E178,mdfA,151
E178,aac(6')-I,2
E178,CMY-118,7
E178,OXA-31,2
E178,cmlA1,12
E178,oprA,4
E178,OXA-33,2
E178,OXA-74,5
E178,oprC,8
E178,ANT(6)-Ia,2
E178,cmlA4,12
E178,cmlA5,12
E178,cmlA6,12
E178,AAC(6')-34,2
E178,oprJ,80
E178,smeB,14
E178,LEN,7
E178,smeC,12
E178,smeD,10
E178,oprM,196
E178,smeE,26
E178,oprN,102
E178,smeF,92
E178,two-component_system_response_regulator_EvgA,6
E178,baeR,74
E178,dfrA12,150
E178,baeS,63
E178,dfrA13,8
E178,dfrA14,23
E178,dfrA15,9
E178,dfrA17,3
E178,CRP,7
E178,smeR,55
E178,smeS,53
E178,TEM-150,3
E178,TEM-110,3
E178,Erm(47),1
E178,TEM-112,3
E178,TEM-113,3
E178,TEM-196,3
E178,TEM-156,1
E178,QepA1,2
E178,QepA2,2
E178,mexA,66
E178,mexB,135
E178,mexC,34
E178,mepA,120
E178,mexD,262
E178,mexE,242
E178,mexF,394
E178,erm(34),1
E178,mexG,1
E178,aadA9,1
E178,mexH,50
E178,mexI,18
E178,AxyY,8
E178,mexM,1
E178,mexN,12
E178,tetB(60),21
E178,mexP,1
E178,mexQ,2
E178,dfrA1,44
E178,dfrA3,17
E178,mexT,66
E178,dfrA5,10
E178,mexW,127
E178,VEB-1b,4
E178,mexX,108
E178,dfrA8,12
E178,mexY,7
E178,AcrE,3
E178,AcrF,6
E178,PmrF,12
E178,TEM-72,3
E178,cfrC,13
E178,TEM-33,3
E178,oqxA,3
E178,TEM-34,3
E178,oqxB,9
E178,AcrS,2
E178,ICR-Mc,14
E178,OKP-B,9
E178,Moraxella_catarrhalis_M35,3
E178,ramA,2
E178,dfrC,15
E178,GES-20,2
E178,GES,44
E178,dfrD,10
E178,GES-21,2
E178,dfrE,8
E178,GES-22,2
E178,dfrF,8
E178,GES-23,2
E178,dfrG,9
E178,CMY-20,6
E178,CMY-61,2
E178,GES-24,2
E178,CMY-21,9
E178,CMY-63,3
E178,GES-26,2
E178,arnA,375
E178,CMY-64,3
E178,dfrK,12
E178,CMY-28,3
E178,CMY-29,9
E178,OXA-240,8
E178,SME-3,1
E178,OXA-246,8
E178,tetA,118
E178,tetB,30
E178,tetC,6
E178,tetD,2
E178,efrA,33
E178,efrB,24
E178,tetG,10
E178,tetH,5
E178,lsa,609
E178,tetJ,1
E178,tetM,284
E178,tetO,157
E178,tetP,149
E178,tetQ,103
E178,tetR,120
E178,MuxB,11
E178,tetS,32
E178,MuxC,21
E178,tetT,76
E178,tetW,554
E178,ADC-75,4
E178,tetX,27
E178,Bacillus_subtilis_mprF,2
E178,cmrA,7
E178,ADC-76,2
E178,tetY,1
E178,ADC-77,4
E178,bicyclomycin-multidrug_efflux_protein_bcr,312
E178,ADC-78,2
E178,ADC-79,4
E178,ADC-39,3
E178,tet(40),1
E178,qepA,8
E178,vanRI,73
E178,Serratia_marcescens_Omp1,2
E178,Klebsiella_pneumoniae_OmpK36,1
E178,Klebsiella_pneumoniae_OmpK37,1
E178,Streptococcus_agalactiae_mprF,3
E178,porin_OmpC,1
E178,carA,83
E178,DNA-binding_protein_H-NS,5
E178,carO,4
E178,myrA,6
E178,Lactobacillus,1
E178,hmrM,2
E178,lrfA,3
E178,SHV-76,5
E178,Bacillus_Cluster_B_intrinsic_mph,1
E178,APH(3')-IIa,1
E178,cAMP-regulatory_protein,126
E178,CTX-M-92,1
E178,OXA-320,2
E178,emrA,333
E178,amrB,125
E178,emrB,350
E178,CTX-M-14,2
E178,CTX-M-56,1
E178,emrD,27
E178,CTX-M-130,2
E178,emrE,172
E178,CTX-M-17,2
E178,CTX-M-131,1
E178,CTX-M-59,1
E178,OXA-368,5
E178,emrK,47
E178,tcmA,10
E178,mdsA,2
E178,mdsB,6
E178,mdsC,9
E178,emrR,1
E178,VEB-1,7
E178,VEB-2,4
E178,VEB-3,4
E178,VEB-4,4
E178,VEB-5,4
E178,emrY,3
E178,VEB-6,4
E178,VEB-7,4
E178,VEB-8,4
E178,VEB-9,2
E178,mel,38
E178,ANT(3'')-IIa,1
E178,ANT(3'')-IIb,1
E178,hp1181,10
E178,aad(6),2
E178,ANT(3'')-IIc,1
E178,Pseudomonas_aeruginosa_emrE,12
E178,chrB,6
E178,tetA(48),90
E178,LRA,3
E178,farA,6
E178,farB,4
E178,OXA-47,2
E178,dfrA20,9
E178,opcM,92
E178,dfrA21,14
E178,dfrA22,16
E178,MCR-1.2,28
E178,MCR-1.3,14
E178,MCR-1.4,14
E178,dfrA24,3
E178,YojI,19
E178,MCR-1.5,14
E178,dfrA25,6
E178,MCR-1.6,14
E178,MCR-1.7,14
E178,MCR-1.8,14
E178,MCR-1.9,14
E178,dfrA29,5
E178,mtrA,104
E178,mtrC,5
E178,mtrD,10
E178,mtrE,302
E178,lmrB,2
E178,Erm(44),3
E178,lmrC,44
E178,lmrD,43
E178,NmcR,14
E178,LCR-1,1
E178,mtrR,50
E178,lmrP,2
E178,CTX-M,13
E178,erm(35),2
E178,blaI,2
E178,RSA-2,1
E178,bcrA,3479
E178,bcrC,4
E178,multidrug_ABC_transporter,3394
E178,dfrA2d,1
E178,omp36,5
E178,PvrR,30
E178,cipA,1
E178,marA,1
E178,otrA,18
E178,PSE-1,4
E178,otrC,18
E178,arr-4,1
E178,arr-5,1
E178,Clostridium_perfringens_mprF,2
E178,arr-7,1
E178,arr-8,1
E178,PER,8
E178,Bacillus_Cluster_A_intrinsic_mph,2
E178,marR,319
E178,CARB,18
E178,aph(6)-I,56
E178,aph(3')-I,19
E178,vanA,72
E178,vanB,85
E178,vanC,78
E178,vanD,275
E178,vanE,12
E178,vanG,39
E178,vanH,331
E178,vanI,13
E178,aph(2'')-II,4
E178,CMY-34,4
E178,aph(3')-V,3
E178,vanL,3
E178,CMY-77,3
E178,vanM,1
E178,vanN,10
E178,TEM-206,3
E178,optrA,66
E178,OXA-251,8
E178,vanR,1948
E178,vanS,625
E178,vanT,54
E178,vanU,1
E178,OXA-256,8
E178,vanW,40
E178,aph(2'')-IV,1
E178,vanX,27
E178,ugd,10
E178,vanY,58
E178,OXA-1,2
E178,OXA-4,2
E178,acrA,292
E178,acrB,672
E178,tet(W/N/W),14
E178,acrD,7
E178,acrF,6
E178,aph(2'')-Ie,2
E178,norB,3
E178,cpxA,35
E178,ADC-80,3
E178,tetB(46),21
E178,sul1,55
E178,ADC-41,4
E178,sul2,316
E178,ADC-42,2
E178,sul3,26
E178,ADC-43,4
E178,sul4,16
E178,ykkC,46
E178,ADC-44,4
E178,ykkD,53
E178,MCR-1.10,14
E178,MCR-1.11,14
E178,vanWI,1
E178,MCR-1.12,14
E178,MCR-1.13,14
E178,vanKI,1
E178,kasugamycin_resistance_protein_ksgA,380
E178,rpoB2,33
E178,tetA(60),25
E178,cob(I)alamin_adenolsyltransferase,150
E178,cat_chloramphenicol_acetyltransferase,42
E178,TLA-1,1
E178,rifampin_monooxygenase,59
E178,bifunctional_aminoglycoside_N-acetyltransferase_and_aminoglycoside_phosphotransferase,6
E178,TLA-2,2
E178,TLA-3,1
E178,TEM-1,3
E178,oleB,59
E178,Enterococcus,1
E178,oleC,79
E178,antibiotic_resistance_rRNA_adenine_methyltransferase,10
E178,SHV-41,5
E178,eptA,17
E178,tcr3,1
E178,mphA,18
E178,mphB,1
E178,mphC,6
E178,mphD,3
E178,CTX-M-24,2
E178,mphE,1
E178,CTX-M-67,2
E178,mphG,3
E178,CTX-M-141,1
E178,Burkholderia_pseudomallei_Omp38,7
E178,mphI,2
E178,LpeB,5
E178,mdtA,181
E178,mdtB,504
E178,mdtC,531
E178,mdtD,221
E178,mdtE,62
E178,mdtF,107
E178,Escherichia_coli_LamB,1
E178,mdtG,27
E178,mdtH,11
E178,Salmonella,12
E178,CatU,1
E178,mdtK,392
E178,mdtL,12
E178,mdtM,48
E178,mdtN,125
E178,mdtP,56
E181,OXA,91
E181,chloramphenicol_and_florfenicol_resistance,5
E181,OXA-10,3
E181,OXA-11,2
E181,bacA,175
E181,OXA-14,2
E181,chloramphenicol_exporter,26
E181,OXA-16,3
E181,OXA-17,2
E181,basS,15
E181,kdpE,12
E181,lsaC,8
E181,lsaE,14
E181,OXA-454,3
E181,OXA-140,2
E181,OXA-142,2
E181,OpmB,1
E181,tlrB_conferring_tylosin_resistance,1
E181,OpmH,1
E181,mefA,24
E181,mefC,1
E181,catA8,1
E181,tet(L),2
E181,abeM,1
E181,catII,2
E181,clbA,5
E181,clbB,5
E181,clbC,5
E181,abeS,1
E181,macA,103
E181,macB,1791
E181,rphA,3
E181,rphB,6
E181,transcriptional_regulatory_protein_CpxR_cpxR,101
E181,qacG,4
E181,blt,1
E181,qacH,2
E181,vgaA,69
E181,vgaB,21
E181,vgaD,10
E181,vgaE,27
E181,CMY-40,3
E181,lnuB,6
E181,CMY-46,1
E181,EmrB-QacA_family_major_facilitator_transporter,8
E181,lnuF,2
E181,lnuG,2
E181,OXA-224,2
E181,bpeF,5
E181,penA,269
E181,arlS,10
E181,efpA,2
E181,plasmid-encoded,1
E181,fosA,2
E181,fosB,6
E181,VatI,6
E181,vanHB,4
E181,ErmB,2
E181,vanTG,8
E181,tet(42),1
E181,ADC-18,1
E181,vanTrL,7
E181,catA,10
E181,catB,66
E181,catI,1
E181,catP,1
E181,dfrA15b,4
E181,PBP-1A,108
E181,PBP-1B,29
E181,tet31,1
E181,tet32,23
E181,tet36,11
E181,tet39,6
E181,msrA,155
E181,msrC,98
E181,msbA,13
E181,msrE,12
E181,CTX-M-31,3
E181,Erm(30),1
E181,CTX-M-75,3
E181,CTX-M-76,2
E181,ampC,1
E181,CTX-M-77,3
E181,CTX-M-111,2
E181,CTX-M-38,4
E181,evgS,30
E181,CTX-M-115,3
E181,adeB,85
E181,adeC,15
E181,adeF,1
E181,adeH,3
E181,adeI,1
E181,adeJ,8
E181,adeK,5
E181,adeL,2
E181,adeN,1
E181,TriB,2
E181,TriC,4
E181,adeR,19
E181,adeS,7
E181,TolC,171
E181,tetA(46),5
E181,catB10,3
E181,CMY-108,3
E181,ceoB,3
E181,RlmA(II),1
E181,rosA,10
E181,rosB,216
E181,ompR,193
E181,salA,26
E181,OprA,5
E181,bcr-1,4
E181,patA,18
E181,catB3,6
E181,patB,3
E181,mecA,86
E181,mecB,1
E181,mecC,4
E181,mecD,3
E181,mecI,2
E181,OprZ,3
E181,AAC(6')-Ie-APH(2'')-Ia,3
E181,poxtA,31
E181,chloramphenicol_and_florfenicol_exporter,3
E181,catIII,1
E181,TaeA,31
E181,MexJ,2
E181,MexK,4
E181,CTX-M-2,3
E181,MexL,1
E181,CTX-M-5,2
E181,CTX-M-6,2
E181,CTX-M-7,1
E181,MexS,1
E181,vatA,3
E181,vatB,27
E181,vatC,6
E181,MexV,5
E181,vatD,3
E181,vatE,20
E181,vatF,5
E181,vatG,5
E181,ermA,1
E181,CMY-13,3
E181,ereA,10
E181,ereB,2
E181,ermF,6
E181,truncated_putative_response_regulator_ArlR,162
E181,OXA-233,1
E181,bacterial_regulatory_protein_LuxR,8
E181,ADC-23,1
E181,FONA-6,1
E181,cmeA,2
E181,cmeB,415
E181,cmeC,1
E181,Staphylococcus_mupA_conferring_resistance_to_mupirocin,16
E181,floR,90
E181,srmB,20
E181,cystathionine_beta-lyase_patB,25
E181,major_facilitator_superfamily_transporter,20
E181,tet41,8
E181,tet44,8
E181,MCR-1,8
E181,MCR-2,4
E181,MCR-3,4
E181,MCR-4,4
E181,MCR-5,4
E181,tolC,4
E181,OXA-663,2
E181,OXA-392,4
E181,CTX-M-43,3
E181,class_A,68
E181,LlmA_23S_ribosomal_RNA_methyltransferase,1
E181,CTX-M-44,3
E181,PBP-2X,71
E181,CTX-M-160,2
E181,tlcC,15
E181,class_C,11
E181,CTX-M-121,4
E181,CTX-M-122,4
E181,CTX-M-124,3
E181,linG,2
E181,CTX-M-129,2
E181,mdfA,168
E181,aac(6')-I,2
E181,CMY-118,3
E181,CMY-119,3
E181,OXA-31,2
E181,oprA,4
E181,cmlA1,7
E181,OXA-33,2
E181,OXA-74,1
E181,oprC,1
E181,cmlA4,7
E181,cmlA5,7
E181,cmlA6,7
E181,AAC(6')-34,1
E181,oprJ,3
E181,smeB,1
E181,smeC,4
E181,oprM,67
E181,smeE,1
E181,oprN,88
E181,smeF,16
E181,two-component_system_response_regulator_EvgA,2
E181,baeR,10
E181,dfrA12,63
E181,baeS,21
E181,dfrA13,4
E181,dfrA14,13
E181,dfrA15,4
E181,dfrA16,9
E181,CRP,1
E181,dfrA17,6
E181,smeR,9
E181,smeS,11
E181,QepA1,2
E181,QepA2,2
E181,Rhodobacter_sphaeroides_ampC_beta-lactamase,1
E181,mexB,11
E181,mepA,27
E181,mexD,14
E181,mexE,110
E181,mexF,174
E181,thiostrepton_resistance_methylase_tsnR,1
E181,mexH,74
E181,mexI,18
E181,AxyY,3
E181,mexN,3
E181,tetB(60),6
E181,mexQ,4
E181,dfrA1,17
E181,dfrA3,3
E181,mexT,4
E181,dfrA5,3
E181,mexW,138
E181,dfrA7,3
E181,mexX,1
E181,dfrA8,2
E181,mexY,2
E181,AcrF,1
E181,PmrF,5
E181,cfrC,5
E181,oqxB,6
E181,ICR-Mc,4
E181,Moraxella_catarrhalis_M35,1
E181,dfrC,5
E181,dfrD,2
E181,dfrE,2
E181,dfrF,3
E181,dfrG,3
E181,CMY-63,3
E181,arnA,268
E181,CMY-64,3
E181,dfrK,3
E181,FosA3,1
E181,ACT,11
E181,FosA7,1
E181,OXA-240,2
E181,OXA-246,3
E181,tetA,181
E181,tetB,10
E181,tetC,10
E181,efrA,4
E181,efrB,2
E181,tetH,10
E181,lsa,166
E181,tetJ,12
E181,tetM,152
E181,tetO,39
E181,tetP,58
E181,tetQ,43
E181,MuxA,1
E181,tetR,26
E181,MuxB,4
E181,tetS,13
E181,MuxC,7
E181,tetT,30
E181,tetW,150
E181,cmrA,2
E181,bicyclomycin-multidrug_efflux_protein_bcr,109
E181,qepA,8
E181,vanRI,13
E181,carA,24
E181,carO,1
E181,myrA,1
E181,Lactobacillus,1
E181,lrfA,1
E181,cAMP-regulatory_protein,18
E181,mecR1,8
E181,CTX-M-90,4
E181,CTX-M-92,3
E181,NPS-1,1
E181,CTX-M-51,2
E181,OXA-320,4
E181,emrA,180
E181,AAC(6')-Ib8,8
E181,amrB,18
E181,CTX-M-95,2
E181,emrB,103
E181,emrD,96
E181,CTX-M-56,3
E181,CTX-M-130,2
E181,CTX-M-98,5
E181,emrE,7
E181,CTX-M-131,3
E181,CTX-M-59,3
E181,OXA-368,1
E181,CTX-M-134,2
E181,emrK,41
E181,tcmA,13
E181,mdsA,1
E181,mdsB,5
E181,mdsC,5
E181,emrY,1
E181,mel,19
E181,hp1181,2
E181,Pseudomonas_aeruginosa_emrE,1
E181,chrB,1
E181,tetA(48),22
E181,LRA,1
E181,farB,1
E181,OXA-47,4
E181,dfrA20,3
E181,opcM,4
E181,dfrA21,6
E181,dfrA22,6
E181,MCR-1.2,8
E181,MCR-1.3,4
E181,MCR-1.4,4
E181,YojI,1
E181,MCR-1.5,4
E181,dfrA25,4
E181,MCR-1.6,4
E181,MCR-1.7,4
E181,MCR-1.8,4
E181,MCR-1.9,4
E181,mtrA,23
E181,dfrA29,4
E181,mtrD,1
E181,mtrE,44
E181,pmrA,44
E181,lmrA,2
E181,lmrC,6
E181,lmrD,5
E181,LCR-1,2
E181,pgpB,3
E181,CTX-M,30
E181,bcrA,849
E181,bcrC,2
E181,tet(K),2
E181,multidrug_ABC_transporter,881
E181,tet(33),1
E181,BUT-1,1
E181,PvrR,4
E181,cipA,1
E181,otrA,6
E181,otrC,1
E181,Bacillus_Cluster_A_intrinsic_mph,1
E181,marR,25
E181,aph(3')-I,1
E181,vanA,46
E181,vanB,38
E181,vanC,10
E181,vanD,67
E181,vanE,13
E181,vanG,27
E181,vanH,110
E181,vanI,3
E181,vanL,3
E181,CMY-77,3
E181,vanM,2
E181,vanN,2
E181,optrA,35
E181,OXA-251,2
E181,vanR,646
E181,vanS,187
E181,vanT,30
E181,OXA-256,2
E181,ugd,2
E181,vanX,23
E181,vanY,3
E181,OXA-1,4
E181,OXA-4,4
E181,acrA,20
E181,acrB,83
E181,tet(W/N/W),5
E181,acrD,1
E181,acrF,1
E181,norA,2
E181,cpxA,6
E181,tetB(46),2
E181,sul2,135
E181,sul3,12
E181,sul4,6
E181,ykkC,49
E181,ykkD,24
E181,MCR-1.10,4
E181,MCR-1.11,4
E181,MCR-1.12,4
E181,MCR-1.13,4
E181,kasugamycin_resistance_protein_ksgA,175
E181,rpoB2,13
E181,tetA(60),3
E181,cat_chloramphenicol_acetyltransferase,37
E181,rifampin_monooxygenase,44
E181,bifunctional_aminoglycoside_N-acetyltransferase_and_aminoglycoside_phosphotransferase,2
E181,oleB,24
E181,oleC,30
E181,FosA,1
E181,antibiotic_resistance_rRNA_adenine_methyltransferase,4
E181,aac(6')-II,2
E181,eptA,4
E181,CTX-M-20,2
E181,mphA,6
E181,mphC,3
E181,mphD,1
E181,CTX-M-65,2
E181,CTX-M-24,1
E181,CTX-M-67,2
E181,mphG,1
E181,CTX-M-27,2
E181,CTX-M-141,3
E181,mphI,1
E181,CTX-M-102,2
E181,CTX-M-105,6
E181,LpeB,8
E181,CTX-M-148,2
E181,mdtA,84
E181,mdtB,183
E181,mdtC,243
E181,mdtD,83
E181,mdtE,29
E181,Escherichia_coli_LamB,1
E181,mdtG,14
E181,Salmonella,7
E181,CatU,1
E181,mdtK,75
E181,mdtL,7
E181,mdtN,25
E181,mdtP,20
E184,aph(3'')-I,4
E184,OXA,274
E184,chloramphenicol_and_florfenicol_resistance,15
E184,CMY-133,9
E184,OXA-10,8
E184,OXA-11,7
E184,bacA,700
E184,OXA-14,7
E184,chloramphenicol_exporter,116
E184,OXA-16,7
E184,OXA-17,7
E184,AER-1,1
E184,basS,47
E184,kdpE,43
E184,lsaC,15
E184,lsaE,37
E184,OXA-454,7
E184,OXA-142,6
E184,OpmB,6
E184,OpmD,1
E184,tlrB_conferring_tylosin_resistance,4
E184,OpmH,6
E184,mefA,56
E184,mefC,2
E184,catA8,1
E184,tet(L),4
E184,puromycin_resistance_protein,3
E184,abeM,10
E184,catII,1
E184,clbA,9
E184,clbB,15
E184,clbC,15
E184,abeS,13
E184,qacA,2
E184,macA,605
E184,qacB,7
E184,macB,6891
E184,rphA,15
E184,rphB,30
E184,transcriptional_regulatory_protein_CpxR_cpxR,684
E184,qacG,48
E184,blt,1
E184,qacH,13
E184,vgaA,255
E184,vgaB,52
E184,vgaD,51
E184,vgaE,57
E184,CMY-46,3
E184,EmrB-QacA_family_major_facilitator_transporter,55
E184,rpsD_(ramA_or_sud2),1
E184,AAC(3)-Ib/AAC(6')-Ib'',2
E184,OXA-224,2
E184,bpeF,41
E184,penA,801
E184,arlS,22
E184,efpA,4
E184,otr(B),1
E184,ADC-12,4
E184,ADC-13,3
E184,VatI,2
E184,ADC-14,2
E184,ADC-15,2
E184,vanHB,11
E184,cmlA,13
E184,ErmB,2
E184,ADC-16,3
E184,ADC-17,3
E184,vanTG,19
E184,ADC-18,1
E184,vanXI,4
E184,ADC-19,4
E184,vanTrL,11
E184,cdeA,1
E184,catA,4
E184,catB,107
E184,ErmT,1
E184,catD,2
E184,dfrA15b,5
E184,PBP-1A,457
E184,PBP-1B,123
E184,tet32,49
E184,catV,1
E184,tet34,9
E184,tet35,1
E184,tet36,36
E184,tet37,1
E184,tet39,2
E184,msrA,328
E184,SHV-97,5
E184,msrC,271
E184,msbA,51
E184,msrE,23
E184,Erm(30),1
E184,ampC,2
E184,CTX-M-110,2
E184,CTX-M-38,2
E184,evgS,119
E184,CTX-M-113,2
E184,RTG-4,2
E184,RTG-5,1
E184,adeA,5
E184,adeB,224
E184,adeC,55
E184,adeF,5
E184,aadA,45
E184,adeG,1
E184,adeH,8
E184,adeI,8
E184,adeJ,37
E184,adeK,15
E184,adeL,26
E184,aac(3)-I,23
E184,TriA,6
E184,adeN,4
E184,TriC,24
E184,adeR,64
E184,adeS,32
E184,TolC,436
E184,tetA(46),29
E184,catB10,6
E184,CMY-108,6
E184,ceoB,33
E184,RlmA(II),6
E184,rosA,60
E184,rosB,351
E184,aph(3')-IIb,4
E184,Staphylococcys,5
E184,opmD,2
E184,Staphylococcus,1
E184,ADC-2,3
E184,opmE,1
E184,ADC-3,3
E184,ADC-4,1
E184,APH(3')-VIa,1
E184,ADC-5,3
E184,ADC-6,1
E184,ADC-7,3
E184,ADC-8,1
E184,sdiA,1
E184,ompR,1256
E184,salA,39
E184,APH(6)-Id,1
E184,CMX,2
E184,Acinetobacter_baumannii_ampC_beta-lactamase,3
E184,KLUY-2,1
E184,OprA,16
E184,aadA25,1
E184,Brucella_suis_mprF,1
E184,bcr-1,11
E184,mef(B),1
E184,sdeY,2
E184,Vibrio_cholerae_OmpU,1
E184,patA,68
E184,catB3,7
E184,patB,2
E184,mecA,178
E184,mecB,8
E184,mecC,6
E184,mecD,4
E184,mecI,2
E184,aac(3)-Ib-aac(6')-Ib,1
E184,OprZ,9
E184,poxtA,81
E184,SHV-103,5
E184,SHV-104,5
E184,ANT(3'')-Ii-AAC(6')-IId,8
E184,catIII,1
E184,TaeA,84
E184,MexJ,11
E184,MexK,25
E184,MexL,7
E184,CTX-M-5,1
E184,MexS,9
E184,vatB,5
E184,vatC,3
E184,MexV,4
E184,vatE,8
E184,vatF,1
E184,vatG,3
E184,MexZ,1
E184,CMY-53,3
E184,ermA,7
E184,CMY-13,3
E184,ermB,7
E184,CMY-55,3
E184,ereA,10
E184,ermC,6
E184,CMY-56,3
E184,ereB,2
E184,CMY-57,3
E184,CMY-99,3
E184,ermF,14
E184,truncated_putative_response_regulator_ArlR,481
E184,OXA-233,7
E184,SRT-1,1
E184,SRT-2,2
E184,bacterial_regulatory_protein_LuxR,43
E184,efmA,1
E184,ermT,3
E184,CMY-2,3
E184,CMY-5,6
E184,CMY-7,3
E184,ADC-20,4
E184,ADC-21,3
E184,ADC-22,3
E184,ADC-23,2
E184,ADC-25,3
E184,cmeB,382
E184,Staphylococcus_mupA_conferring_resistance_to_mupirocin,29
E184,floR,76
E184,srmB,68
E184,cystathionine_beta-lyase_patB,36
E184,major_facilitator_superfamily_transporter,49
E184,tet41,4
E184,golS,7
E184,tet44,16
E184,SHV-62,5
E184,MCR-1,32
E184,MCR-2,16
E184,MCR-3,18
E184,SHV-25,5
E184,MCR-4,18
E184,MCR-5,16
E184,tolC,3
E184,OXA-663,8
E184,APH(3')-IX,1
E184,aph(3''')-III,5
E184,CTX-M-84,2
E184,class_A,55
E184,class_B,1
E184,PBP-2X,52
E184,tlcC,80
E184,class_C,62
E184,CTX-M-48,2
E184,CTX-M-122,2
E184,APH(3')-Ia,1
E184,CTX-M-125,2
E184,mdfA,202
E184,CMY-118,7
E184,CMY-119,3
E184,cmlA1,18
E184,oprA,4
E184,OXA-33,2
E184,OXA-74,6
E184,oprC,15
E184,cmlA4,18
E184,cmlA5,18
E184,cmlA6,18
E184,oprJ,122
E184,smeB,17
E184,LEN,5
E184,smeC,15
E184,oprM,247
E184,smeE,29
E184,oprN,141
E184,smeF,117
E184,two-component_system_response_regulator_EvgA,8
E184,baeR,88
E184,dfrA12,117
E184,baeS,59
E184,dfrA13,9
E184,dfrA14,28
E184,dfrA15,6
E184,CRP,7
E184,dfrA17,9
E184,TUS-1,2
E184,smeR,82
E184,smeS,61
E184,Erm(47),1
E184,QepA1,4
E184,CfxA2,11
E184,QepA2,4
E184,CfxA3,2
E184,mexA,70
E184,mexB,142
E184,CfxA6,1
E184,mexC,33
E184,mepA,77
E184,mexD,515
E184,mexE,217
E184,mexF,582
E184,erm(34),1
E184,thiostrepton_resistance_methylase_tsnR,1
E184,aadA9,1
E184,mexH,123
E184,mexI,46
E184,AxyX,1
E184,AxyY,6
E184,mexM,1
E184,mexN,17
E184,tetB(60),22
E184,mexQ,7
E184,dfrA1,38
E184,dfrA3,15
E184,mexT,164
E184,dfrA5,12
E184,mexW,295
E184,dfrA7,5
E184,VEB-1b,2
E184,mexX,116
E184,dfrA8,12
E184,mexY,5
E184,AcrE,3
E184,AcrF,7
E184,PmrF,19
E184,SHV-159,5
E184,cfrC,15
E184,oqxA,1
E184,oqxB,10
E184,AcrS,1
E184,ICR-Mc,16
E184,OKP-B,6
E184,MOX,1
E184,Moraxella_catarrhalis_M35,3
E184,dfrC,9
E184,dfrD,11
E184,dfrE,5
E184,dfrF,3
E184,APH(3')-IIIa,1
E184,dfrG,12
E184,CMY-61,1
E184,CMY-20,6
E184,CMY-21,6
E184,CMY-63,3
E184,arnA,475
E184,CMY-64,3
E184,dfrK,13
E184,CMY-25,1
E184,ACT,1
E184,CMY-28,3
E184,CMY-29,6
E184,OXA-240,8
E184,SME-1,1
E184,SME-2,2
E184,SME-3,2
E184,OXA-246,8
E184,tetA,139
E184,tetB,34
E184,tetC,8
E184,efrA,29
E184,efrB,18
E184,lsa,316
E184,tetM,362
E184,fusH,4
E184,tetO,102
E184,tetP,183
E184,tetQ,112
E184,MuxA,3
E184,tetR,211
E184,MuxB,15
E184,tetS,25
E184,MuxC,29
E184,tetT,106
E184,tetW,502
E184,ADC-75,3
E184,tetX,84
E184,cmrA,16
E184,ADC-76,1
E184,ADC-77,3
E184,bicyclomycin-multidrug_efflux_protein_bcr,564
E184,tetZ,1
E184,aph(3'')-IV,2
E184,ADC-79,3
E184,ADC-39,3
E184,qepA,16
E184,vanRI,66
E184,carA,87
E184,DNA-binding_protein_H-NS,5
E184,carO,8
E184,APH(3')-VI,2
E184,myrA,3
E184,Lactobacillus,1
E184,hmrM,3
E184,lrfA,4
E184,SHV-76,5
E184,Bacillus_Cluster_B_intrinsic_mph,1
E184,APH(3')-IIa,1
E184,cAMP-regulatory_protein,126
E184,mecR1,1
E184,AAC(6')-Ib7,4
E184,OXA-320,2
E184,emrA,413
E184,amrB,66
E184,emrB,451
E184,CTX-M-14,2
E184,emrD,44
E184,CTX-M-130,2
E184,emrE,166
E184,CTX-M-17,2
E184,OXA-368,6
E184,emrK,63
E184,tcmA,15
E184,mdsA,1
E184,mdsB,14
E184,APH(3')-VIII,1
E184,mdsC,13
E184,VEB-1,4
E184,VEB-2,2
E184,VEB-3,2
E184,VEB-4,2
E184,VEB-5,2
E184,emrY,1
E184,VEB-6,2
E184,HERA-1,1
E184,VEB-7,2
E184,VEB-8,2
E184,VEB-9,1
E184,mel,33
E184,ANT(3'')-IIa,1
E184,ANT(3'')-IIb,1
E184,hp1181,10
E184,ANT(3'')-IIc,1
E184,Pseudomonas_aeruginosa_emrE,13
E184,chrB,4
E184,tetA(48),80
E184,LRA,5
E184,farA,3
E184,farB,4
E184,OCH,4
E184,AQU-1,1
E184,dfrA20,12
E184,opcM,69
E184,dfrA21,16
E184,dfrA22,16
E184,MCR-1.2,32
E184,MCR-1.3,16
E184,MCR-1.4,16
E184,dfrA24,3
E184,YojI,10
E184,MCR-1.5,16
E184,dfrA25,5
E184,MCR-1.6,16
E184,MCR-1.7,16
E184,MCR-1.8,16
E184,dfrA29,4
E184,MCR-1.9,16
E184,mtrA,102
E184,mtrC,1
E184,mtrD,10
E184,mtrE,297
E184,lmrC,33
E184,lmrD,32
E184,NmcR,11
E184,LCR-1,1
E184,mtrR,33
E184,aph(3')-VII,1
E184,CTX-M,16
E184,erm(39),1
E184,erm(35),2
E184,blaI,1
E184,bcrA,3515
E184,bcrC,2
E184,multidrug_ABC_transporter,3448
E184,SHV-121,5
E184,BUT-1,1
E184,PvrR,61
E184,otrA,29
E184,PSE-1,4
E184,otrC,11
E184,PER,1
E184,Bacillus_Cluster_A_intrinsic_mph,1
E184,marR,420
E184,CARB,13
E184,aph(6)-I,25
E184,aph(3')-I,23
E184,vanA,113
E184,vanB,70
E184,vanC,76
E184,vanD,246
E184,vanE,14
E184,vanG,54
E184,vanH,250
E184,vanI,15
E184,CMY-34,4
E184,aph(3')-V,3
E184,vanL,4
E184,CMY-77,3
E184,CMY-36,3
E184,vanM,3
E184,CMY-37,3
E184,vanN,11
E184,optrA,69
E184,OXA-251,8
E184,vanR,2278
E184,vanS,639
E184,vanT,53
E184,vanU,1
E184,OXA-256,8
E184,vanW,21
E184,ugd,14
E184,vanX,50
E184,vanY,14
E184,OXA-1,2
E184,OXA-4,2
E184,acrA,235
E184,acrB,587
E184,tet(W/N/W),16
E184,acrD,7
E184,acrF,6
E184,cpxA,44
E184,ADC-80,2
E184,tetB(46),19
E184,sul1,80
E184,ADC-41,4
E184,sul2,293
E184,ADC-42,1
E184,sul3,28
E184,ADC-43,3
E184,sul4,16
E184,ykkC,96
E184,ADC-44,3
E184,ykkD,74
E184,MCR-1.10,16
E184,MCR-1.11,16
E184,MCR-1.12,16
E184,MCR-1.13,16
E184,kasugamycin_resistance_protein_ksgA,475
E184,rpoB2,36
E184,tetA(60),16
E184,cob(I)alamin_adenolsyltransferase,250
E184,cat_chloramphenicol_acetyltransferase,42
E184,TLA-1,2
E184,rifampin_monooxygenase,100
E184,TLA-2,1
E184,TLA-3,2
E184,oleB,61
E184,Enterococcus,1
E184,oleC,66
E184,antibiotic_resistance_rRNA_adenine_methyltransferase,8
E184,SHV-41,5
E184,SHV-89,5
E184,eptA,18
E184,tcr3,1
E184,mphA,12
E184,mphC,6
E184,mphD,2
E184,CTX-M-24,2
E184,mphE,1
E184,CTX-M-67,2
E184,mphG,2
E184,Burkholderia_pseudomallei_Omp38,16
E184,mphI,2
E184,LpeB,11
E184,mdtA,230
E184,mdtB,871
E184,mdtC,713
E184,mdtD,153
E184,mdtE,50
E184,mdtF,103
E184,Salmonella,17
E184,CatU,1
E184,mdtK,347
E184,mdtL,1
E184,mdtN,125
E184,mdtP,71
E186,class_B,5
E186,lrfA,2
E186,bmr,1
E186,class_C,73
E186,tetB(60),4
E186,dfrB6,5
E186,FEZ-1,1
E186,erm(31),1
E186,qacA,2
E186,qacB,7
E186,tlcC,14
E186,Staphylococcus,1
E186,vanTrL,5
E186,VIM,2
E186,ccrA,1
E186,emrA,110
E186,mdtA,75
E186,OXA-74,2
E186,AIM-1,2
E186,CMX,11
E186,emrB,119
E186,mdtB,201
E186,IMP-38,1
E186,qacH,1
E186,Erm(44),2
E186,mdtC,334
E186,OXA-368,2
E186,mdtD,99
E186,emrD,36
E186,mdtE,59
E186,patA,20
E186,cpxA,8
E186,mdtF,39
E186,EmrB-QacA_family_major_facilitator_transporter,27
E186,cmlA1,2
E186,SPG-1,3
E186,MIR,4
E186,poxtA,17
E186,baeR,19
E186,cmlA4,2
E186,VIM-14,1
E186,otr(B),3
E186,tet41,3
E186,baeS,15
E186,cmlA5,2
E186,NmcR,2
E186,emrK,16
E186,mdtK,4
E186,cmlA6,2
E186,mel,12
E186,tet44,5
E186,CMY-13,3
E186,CGB-1,1
E186,BUT-1,1
E186,bcrA,1093
E186,VIM-32,1
E186,mepA,1
E186,VIM-33,1
E186,mdtP,25
E186,kasugamycin_resistance_protein_ksgA,75
E186,PBP-1A,172
E186,VIM-34,1
E186,blaB,1
E186,JOHN-1,1
E186,cat_chloramphenicol_acetyltransferase,2
E186,PBP-1B,35
E186,vanA,33
E186,VIM-35,1
E186,THIN-B,2
E186,vanB,12
E186,NDM-10,2
E186,vanC,21
E186,VIM-37,1
E186,CMY-32,3
E186,bpeF,51
E186,vanD,64
E186,NDM-12,2
E186,VIM-38,1
E186,vanE,3
E186,lmrA,3
E186,vanHB,4
E186,NDM-13,2
E186,IMP-4,1
E186,VIM-39,1
E186,lsa,165
E186,lmrC,3
E186,vanG,15
E186,OXA-233,2
E186,lmrD,6
E186,vanH,104
E186,NDM-1,2
E186,vanI,2
E186,emrY,1
E186,NDM-17,2
E186,NDM-2,2
E186,NDM-3,2
E186,NDM-4,2
E186,TUS-1,1
E186,vanL,4
E186,golS,1
E186,NDM-5,2
E186,OXA-251,2
E186,Chryseobacterium_meningosepticum_BlaB,1
E186,NDM-6,2
E186,CMY-102,3
E186,floR,28
E186,vanN,4
E186,MUS-1,2
E186,tcmA,9
E186,MUS-2,2
E186,NDM-9,2
E186,OCH,4
E186,SMB-1,2
E186,mecA,1
E186,msrA,113
E186,kdpE,13
E186,OXA-256,2
E186,farB,3
E186,vanR,582
E186,mecB,3
E186,cipA,2
E186,norA,4
E186,mecC,1
E186,msrC,52
E186,vanS,331
E186,otrA,12
E186,CMY-108,3
E186,norB,2
E186,OXA,53
E186,vanT,15
E186,rifampin_monooxygenase,20
E186,mecD,1
E186,thiostrepton_resistance_methylase_tsnR,2
E186,dfrA2d,5
E186,otrC,5
E186,msrE,9
E186,KHM-1,1
E186,vanY,8
E186,evgS,57
E186,ykkC,16
E186,mexA,18
E186,acrA,24
E186,ykkD,8
E186,cob(I)alamin_adenolsyltransferase,25
E186,smeB,13
E186,PEDO-2,1
E186,acrB,80
E186,mexB,19
E186,PEDO-3,1
E186,smeC,1
E186,smeD,1
E186,cmeB,90
E186,mexD,110
E186,acrD,3
E186,cmeC,1
E186,smeE,3
E186,MSI-1,2
E186,mexE,133
E186,dfrA12,22
E186,smeF,4
E186,mexF,594
E186,dfrA13,2
E186,dfrA1,8
E186,Erm(37),1
E186,tetA,94
E186,dfrA14,3
E186,salA,9
E186,dfrA15,1
E186,mexH,25
E186,dfrA3,3
E186,mexI,25
E186,rosB,93
E186,tetC,2
E186,efpA,3
E186,oprC,11
E186,truncated_putative_response_regulator_ArlR,110
E186,TolC,28
E186,DHA,4
E186,OprA,2
E186,major_facilitator_superfamily_transporter,32
E186,dfrA8,2
E186,MexJ,1
E186,mexN,10
E186,MexK,5
E186,LRA,5
E186,efrA,7
E186,oprJ,18
E186,mexQ,9
E186,sdiA,25
E186,basS,18
E186,efrB,2
E186,ermA,4
E186,tetL,4
E186,smeR,26
E186,IMP-26,1
E186,TriA,1
E186,ermB,2
E186,Staphylococcus_mupA_conferring_resistance_to_mupirocin,17
E186,mtrA,41
E186,smeS,26
E186,tetM,70
E186,OXA-142,1
E186,mexT,22
E186,ermC,19
E186,oprM,24
E186,mdsB,8
E186,TriC,2
E186,oprN,24
E186,Erm(43),1
E186,mdsC,2
E186,vanRI,19
E186,tetO,90
E186,ermE,1
E186,mtrD,2
E186,tetA(46),8
E186,ampC,14
E186,macA,68
E186,tetP,54
E186,ErmB,2
E186,MexS,2
E186,tetQ,24
E186,mexW,114
E186,macB,2053
E186,ErmC,1
E186,ermG,1
E186,mexX,24
E186,mexY,9
E186,tetS,8
E186,MexV,1
E186,lsaC,3
E186,vanTG,6
E186,arnA,120
E186,tetT,29
E186,erm(34),1
E186,aadE,2
E186,marR,25
E186,clbA,4
E186,lsaE,5
E186,amrB,51
E186,clbB,3
E186,tet32,23
E186,tetA(48),26
E186,tetW,214
E186,VIM-1,1
E186,tetX,25
E186,clbC,3
E186,carA,23
E186,multidrug_ABC_transporter,1334
E186,opcM,15
E186,ACC-5,2
E186,dfrC,3
E186,VIM-4,1
E186,SRT-1,1
E186,tet36,5
E186,dfrD,1
E186,VIM-5,1
E186,dfrE,3
E186,SRT-2,2
E186,erm(36),1
E186,vgaA,48
E186,BJP-1,1
E186,bacterial_regulatory_protein_LuxR,11
E186,vgaB,13
E186,dfrF,1
E186,CMY-20,1
E186,tet39,1
E186,dfrG,1
E186,VIM-26,1
E186,mdfA,2
E186,OprZ,1
E186,arlS,6
E186,vgaD,12
E186,two-component_system_response_regulator_EvgA,6
E186,TaeA,25
E186,VIM-27,1
E186,catB,2
E186,vgaE,15
E186,VIM-28,1
E186,CMY-23,3
E186,transcriptional_regulatory_protein_CpxR_cpxR,138
E186,VIM-42,1
E186,dfrK,2
E186,ErmT,1
E186,VIM-43,1
E186,OXA-663,2
E186,metallo-beta-lactamase,53
E186,chloramphenicol_and_florfenicol_resistance,4
E186,tetB(46),4
E186,antibiotic_resistance_rRNA_adenine_methyltransferase,4
E186,oleB,19
E186,CMY-40,3
E186,sul1,27
E186,hmrM,1
E186,oleC,30
E186,srmB,17
E186,QepA1,1
E186,sul2,48
E186,QepA2,1
E186,cfrC,4
E186,OXA-454,1
E186,OXA-240,2
E186,Erm(30),1
E186,sul4,4
E186,PmrF,7
E186,adeA,3
E186,qepA,4
E186,IND,15
E186,GIM-1,1
E186,adeB,90
E186,CMY-46,3
E186,GIM-2,1
E186,adeC,11
E186,FOX,7
E186,OXA-246,2
E186,adeF,7
E186,AxyX,1
E186,AxyY,4
E186,adeH,5
E186,penA,108
E186,Salmonella,2
E186,adeI,1
E186,chloramphenicol_and_florfenicol_exporter,1
E186,adeJ,9
E186,YojI,5
E186,tcr3,3
E186,tet(W/N/W),5
E186,tetA(60),5
E186,oqxA,4
E186,adeK,2
E186,PvrR,4
E186,adeL,4
E186,opmE,1
E186,oqxB,13
E186,rpoB2,15
E186,rphA,5
E186,ompR,311
E186,OXA-10,2
E186,CMY-119,3
E186,rphB,5
E186,msbA,15
E186,OXA-11,1
E186,bicyclomycin-multidrug_efflux_protein_bcr,31
E186,adeR,15
E186,catB3,1
E186,mefA,50
E186,adeS,5
E186,OXA-14,1
E186,LlmA_23S_ribosomal_RNA_methyltransferase,1
E186,ugd,1
E186,OXA-16,1
E186,OXA-17,2
E186,puromycin_resistance_protein,3
E186,ceoB,35
E186,optrA,20
E186,dfrA20,3
E186,LpeB,6
E186,bacA,175
E186,dfrA21,2
E186,MuxA,1
E186,dfrA22,3
E186,chloramphenicol_exporter,1
E186,dfrB1,15
E186,MuxB,6
E186,Rm3,2
E186,dfrA24,1
E186,catB10,1
E186,dfrB2,10
E186,MuxC,14
E186,dfrB3,5
E186,class_A,4
E190,aph(3'')-I,4
E190,OXA,222
E190,chloramphenicol_and_florfenicol_resistance,13
E190,CMY-133,3
E190,OXA-10,8
E190,OXA-11,7
E190,bacA,576
E190,OXA-14,7
E190,chloramphenicol_exporter,68
E190,OXA-16,7
E190,OXA-17,6
E190,AER-1,1
E190,ANT(2'')-Ia,1
E190,basS,27
E190,mycinamicin-resistance_protein_myrB,1
E190,kdpE,38
E190,lsaC,9
E190,lsaE,25
E190,TEM-132,3
E190,ADP-ribosylating_transferase_arr,5
E190,OXA-454,8
E190,OXA-142,5
E190,OpmB,5
E190,OpmD,2
E190,tlrB_conferring_tylosin_resistance,4
E190,OpmH,7
E190,mefA,133
E190,mefC,3
E190,tet(L),2
E190,puromycin_resistance_protein,2
E190,abeM,6
E190,clbA,9
E190,clbB,12
E190,clbC,13
E190,abeS,12
E190,TEM-90,3
E190,TEM-11,3
E190,macA,427
E190,macB,5630
E190,rphA,9
E190,rphB,17
E190,TEM-16,3
E190,transcriptional_regulatory_protein_CpxR_cpxR,465
E190,qacG,45
E190,qacH,12
E190,vgaA,178
E190,vgaB,50
E190,vgaD,39
E190,vgaE,35
E190,CMY-42,3
E190,lnuB,9
E190,CMY-46,6
E190,EmrB-QacA_family_major_facilitator_transporter,51
E190,TEM-215,3
E190,lnuF,3
E190,lnuG,3
E190,TEM-217,3
E190,AAC(3)-Ib/AAC(6')-Ib'',4
E190,bpeF,37
E190,penA,677
E190,arlS,13
E190,efpA,2
E190,KPC-16,3
E190,KPC-17,3
E190,Listeria_monocytogenes_mprF,3
E190,ADC-12,3
E190,VatI,2
E190,ADC-13,2
E190,ADC-14,2
E190,ADC-56,1
E190,ADC-15,2
E190,vanHB,15
E190,ErmB,2
E190,ADC-16,3
E190,ErmC,1
E190,vanTG,17
E190,ADC-17,3
E190,ADC-18,2
E190,vanXI,3
E190,ADC-19,3
E190,vanTrL,8
E190,TEM,38
E190,cdeA,3
E190,catA,1
E190,catB,41
E190,ErmT,1
E190,dfrA15b,3
E190,PBP-1A,367
E190,PBP-1B,105
E190,tet32,45
E190,tet34,9
E190,tet36,19
E190,tet37,2
E190,tet39,2
E190,msrA,328
E190,msrC,199
E190,msbA,51
E190,msrE,22
E190,Erm(30),1
E190,CTX-M-76,1
E190,ampC,2
E190,CTX-M-77,1
E190,CTX-M-110,2
E190,CTX-M-38,2
E190,evgS,65
E190,CTX-M-113,2
E190,RTG-4,4
E190,RTG-5,2
E190,adeB,151
E190,adeC,34
E190,adeF,4
E190,aadA,45
E190,aadB,1
E190,adeG,1
E190,adeH,7
E190,adeI,7
E190,adeJ,29
E190,adeK,11
E190,adeL,19
E190,aac(3)-I,46
E190,fmtC,22
E190,TriA,7
E190,adeN,4
E190,TriC,17
E190,adeR,37
E190,adeS,14
E190,TolC,397
E190,vanXYL,1
E190,tetA(46),23
E190,catB10,1
E190,CMY-108,3
E190,ceoB,21
E190,RlmA(II),4
E190,rosA,30
E190,rosB,358
E190,aph(3')-IIb,4
E190,Staphylococcys,4
E190,ADC-1,1
E190,opmD,4
E190,Staphylococcus,1
E190,opmE,2
E190,ADC-2,3
E190,ADC-3,2
E190,ADC-4,1
E190,ADC-5,3
E190,ADC-6,2
E190,ADC-7,3
E190,ompR,915
E190,salA,42
E190,APH(6)-Id,1
E190,TEM-183,3
E190,CMX,5
E190,TEM-102,3
E190,Acinetobacter_baumannii_ampC_beta-lactamase,2
E190,TEM-187,3
E190,KLUY-2,1
E190,TEM-147,3
E190,TEM-106,3
E190,CAZ,1
E190,TEM-148,3
E190,OprA,15
E190,aadA25,1
E190,Brucella_suis_mprF,2
E190,bcr-1,9
E190,mef(B),3
E190,patA,38
E190,catB3,3
E190,patB,5
E190,mecA,115
E190,mecB,6
E190,mecC,2
E190,mecD,3
E190,aac(3)-Ib-aac(6')-Ib,2
E190,OprZ,8
E190,poxtA,62
E190,chloramphenicol_and_florfenicol_exporter,1
E190,ANT(3'')-Ii-AAC(6')-IId,8
E190,TEM-29,3
E190,TaeA,64
E190,MexJ,6
E190,MexK,20
E190,MexL,2
E190,CTX-M-5,2
E190,MexS,7
E190,vatB,19
E190,vatC,3
E190,MexV,3
E190,vatE,8
E190,vatF,2
E190,vatG,2
E190,MexZ,1
E190,ermA,5
E190,CMY-13,3
E190,ermB,10
E190,CMY-55,3
E190,ereA,10
E190,ermC,10
E190,CMY-56,3
E190,ereB,2
E190,ermE,2
E190,CMY-99,3
E190,ermF,7
E190,ermG,1
E190,truncated_putative_response_regulator_ArlR,379
E190,OXA-233,6
E190,bacterial_regulatory_protein_LuxR,29
E190,KPC-22,3
E190,efmA,1
E190,ermT,3
E190,CMY-5,3
E190,CMY-7,3
E190,vanYA,1
E190,ADC-61,1
E190,ADC-20,3
E190,ADC-21,2
E190,ADC-22,2
E190,ADC-23,3
E190,ADC-25,3
E190,cmeB,223
E190,Staphylococcus_mupA_conferring_resistance_to_mupirocin,26
E190,floR,51
E190,srmB,47
E190,ant(2'')-I,3
E190,cystathionine_beta-lyase_patB,49
E190,major_facilitator_superfamily_transporter,38
E190,tet41,2
E190,golS,8
E190,tet44,11
E190,MCR-1,18
E190,MCR-2,9
E190,MCR-3,9
E190,MCR-4,9
E190,MCR-5,10
E190,tolC,4
E190,OXA-663,8
E190,CTX-M-84,2
E190,CTX-M-43,1
E190,CTX-M-44,1
E190,LlmA_23S_ribosomal_RNA_methyltransferase,1
E190,class_A,26
E190,class_C,5
E190,PBP-2X,77
E190,tlcC,51
E190,CTX-M-48,2
E190,CTX-M-122,2
E190,APH(3')-Ia,1
E190,CTX-M-125,2
E190,linG,3
E190,mdfA,51
E190,CMY-118,1
E190,cmlA1,9
E190,oprA,10
E190,OXA-74,5
E190,oprC,13
E190,cmlA4,9
E190,cmlA5,9
E190,cmlA6,9
E190,oprJ,104
E190,smeB,25
E190,smeC,14
E190,smeD,1
E190,oprM,235
E190,smeE,16
E190,oprN,93
E190,smeF,119
E190,two-component_system_response_regulator_EvgA,5
E190,baeR,59
E190,dfrA12,89
E190,baeS,46
E190,dfrA13,5
E190,dfrA14,9
E190,dfrA15,6
E190,dfrA17,1
E190,CRP,4
E190,TUS-1,1
E190,smeR,51
E190,smeS,36
E190,TEM-151,1
E190,TEM-110,3
E190,Erm(47),1
E190,TEM-196,3
E190,TEM-115,3
E190,TEM-156,1
E190,QepA1,2
E190,QepA2,2
E190,mexA,117
E190,mexB,146
E190,mexC,12
E190,mepA,93
E190,KPC-4,3
E190,mexD,322
E190,mexE,201
E190,mexF,254
E190,erm(34),1
E190,KPC-8,3
E190,aadA9,1
E190,mexH,31
E190,KPC-9,3
E190,mexI,29
E190,AxyY,5
E190,mexM,1
E190,mexN,10
E190,tetB(60),17
E190,mexQ,5
E190,dfrA1,34
E190,dfrA3,15
E190,mexT,67
E190,dfrA5,2
E190,mexW,185
E190,mexX,38
E190,dfrA8,10
E190,mexY,8
E190,AcrE,1
E190,AcrF,1
E190,PmrF,9
E190,cfrC,13
E190,oqxA,1
E190,oqxB,7
E190,AcrS,2
E190,ICR-Mc,9
E190,MOX,2
E190,Moraxella_catarrhalis_M35,2
E190,dfrC,10
E190,dfrD,8
E190,dfrE,7
E190,dfrF,2
E190,dfrG,8
E190,CMY-20,6
E190,CMY-21,4
E190,CMY-63,6
E190,arnA,405
E190,CMY-64,6
E190,dfrK,11
E190,CMY-25,3
E190,ACT,1
E190,CMY-28,3
E190,CMY-29,3
E190,OXA-240,8
E190,OXA-246,8
E190,tetA,104
E190,tetB,12
E190,tetC,4
E190,efrA,22
E190,efrB,21
E190,lsa,521
E190,tetL,3
E190,tetM,239
E190,tetO,121
E190,tetP,113
E190,tetQ,80
E190,tetR,142
E190,MuxB,11
E190,tetS,16
E190,MuxC,14
E190,tetT,68
E190,tetW,453
E190,tetX,2
E190,Bacillus_subtilis_mprF,2
E190,ADC-75,3
E190,cmrA,8
E190,bicyclomycin-multidrug_efflux_protein_bcr,376
E190,ADC-77,3
E190,ADC-78,1
E190,ADC-79,3
E190,qepA,8
E190,ADC-39,2
E190,vanRI,58
E190,Streptococcus_agalactiae_mprF,2
E190,KPC,1
E190,carA,66
E190,carO,1
E190,myrA,4
E190,hmrM,1
E190,lrfA,3
E190,Bacillus_Cluster_B_intrinsic_mph,2
E190,APH(3')-IIa,1
E190,cAMP-regulatory_protein,72
E190,mecR1,1
E190,NPS-1,1
E190,emrA,198
E190,amrB,50
E190,emrB,300
E190,CTX-M-14,2
E190,CTX-M-56,1
E190,emrD,18
E190,CTX-M-130,2
E190,emrE,188
E190,CTX-M-17,2
E190,CTX-M-131,1
E190,OXA-368,5
E190,emrK,48
E190,tcmA,8
E190,mdsB,8
E190,mdsC,18
E190,mel,22
E190,ANT(3'')-IIa,1
E190,ANT(3'')-IIb,1
E190,hp1181,8
E190,ANT(3'')-IIc,1
E190,Pseudomonas_aeruginosa_emrE,12
E190,chrB,4
E190,tetA(48),81
E190,LRA,2
E190,farA,4
E190,farB,5
E190,AQU-1,1
E190,MdtK,1
E190,dfrA20,9
E190,opcM,86
E190,dfrA21,12
E190,dfrA22,13
E190,MCR-1.2,18
E190,MCR-1.3,9
E190,MCR-1.4,9
E190,dfrA24,2
E190,YojI,13
E190,dfrA25,3
E190,MCR-1.5,9
E190,MCR-1.6,9
E190,MCR-1.7,9
E190,MCR-1.8,9
E190,dfrA29,3
E190,MCR-1.9,9
E190,mtrA,94
E190,mtrC,2
E190,mtrD,10
E190,mtrE,261
E190,lmrB,1
E190,Erm(44),1
E190,lmrC,31
E190,lmrD,35
E190,NmcR,8
E190,mtrR,51
E190,LCR-1,2
E190,lmrP,1
E190,CTX-M,15
E190,erm(35),1
E190,blaI,2
E190,bcrA,3178
E190,bcrC,2
E190,multidrug_ABC_transporter,2797
E190,BUT-1,1
E190,PvrR,50
E190,otrA,18
E190,otrC,13
E190,arr-4,1
E190,arr-5,1
E190,arr-7,1
E190,arr-8,1
E190,Bacillus_Cluster_A_intrinsic_mph,1
E190,marR,204
E190,CARB,9
E190,aph(6)-I,25
E190,aph(3')-I,19
E190,vanA,85
E190,vanB,88
E190,vanC,59
E190,vanD,227
E190,vanE,12
E190,vanG,33
E190,vanH,264
E190,vanI,11
E190,CMY-34,4
E190,aph(3')-V,3
E190,vanL,4
E190,CMY-77,6
E190,vanM,1
E190,vanN,7
E190,optrA,63
E190,OXA-251,8
E190,vanR,1939
E190,vanS,526
E190,vanT,42
E190,vanU,1
E190,OXA-256,8
E190,ugd,11
E190,vanX,47
E190,vanY,27
E190,acrA,214
E190,acrB,492
E190,tet(W/N/W),11
E190,acrD,3
E190,acrF,1
E190,cpxA,28
E190,ADC-80,1
E190,tetB(46),16
E190,sul1,29
E190,ADC-82,1
E190,ADC-41,2
E190,sul2,200
E190,ADC-42,1
E190,sul3,24
E190,ADC-43,3
E190,sul4,14
E190,ykkC,32
E190,ADC-44,3
E190,ykkD,40
E190,MCR-1.10,9
E190,MCR-1.11,9
E190,MCR-1.12,9
E190,MCR-1.13,9
E190,kasugamycin_resistance_protein_ksgA,427
E190,rpoB2,28
E190,tetA(60),16
E190,cob(I)alamin_adenolsyltransferase,125
E190,cat_chloramphenicol_acetyltransferase,8
E190,rifampin_monooxygenase,29
E190,oleB,52
E190,oleC,64
E190,antibiotic_resistance_rRNA_adenine_methyltransferase,8
E190,eptA,9
E190,mphA,18
E190,mphB,2
E190,mphC,12
E190,mphD,3
E190,CTX-M-24,2
E190,mphE,1
E190,CTX-M-67,2
E190,mphG,3
E190,Burkholderia_pseudomallei_Omp38,11
E190,mphI,3
E190,LpeB,4
E190,mdtA,230
E190,mdtB,516
E190,mdtC,340
E190,mdtD,119
E190,mdtE,25
E190,mdtF,11
E190,mdtG,25
E190,mdtH,1
E190,Salmonella,9
E190,mdtK,308
E190,mdtL,19
E190,mdtM,25
E190,mdtN,125
E190,mdtP,31
E193,tetB(60),1
E193,lrfA,2
E193,CTX-M-51,2
E193,CTX-M-121,2
E193,bcr-1,2
E193,dfrA29,1
E193,CTX-M-122,2
E193,erm(31),1
E193,tlcC,10
E193,Bacillus_Cluster_B_intrinsic_mph,1
E193,vanTrL,1
E193,emrA,24
E193,mdtA,82
E193,OXA-74,1
E193,mdtB,25
E193,qacG,4
E193,emrB,47
E193,mdtC,50
E193,qacH,1
E193,OXA-368,1
E193,emrD,7
E193,mdtD,17
E193,cpxA,2
E193,emrE,16
E193,mdtE,7
E193,patA,6
E193,CTX-M-90,2
E193,CTX-M-160,2
E193,mdtF,3
E193,EmrB-QacA_family_major_facilitator_transporter,37
E193,CTX-M-148,2
E193,cmlA1,2
E193,mdtG,14
E193,hp1181,1
E193,baeR,9
E193,poxtA,13
E193,erm(35),1
E193,cmlA4,2
E193,tet41,1
E193,baeS,13
E193,otr(B),3
E193,cmlA5,2
E193,NmcR,2
E193,mdtK,25
E193,cmlA6,2
E193,Staphylococcys,3
E193,mel,9
E193,Pseudomonas_aeruginosa_emrE,1
E193,tet44,3
E193,CTX-M-98,2
E193,bcrA,410
E193,kasugamycin_resistance_protein_ksgA,50
E193,PBP-1A,72
E193,cat_chloramphenicol_acetyltransferase,3
E193,PBP-1B,18
E193,vanA,20
E193,vanB,30
E193,vanC,24
E193,OXA-1,2
E193,bpeF,1
E193,vanD,76
E193,vanE,6
E193,lmrA,4
E193,lsa,79
E193,OXA-4,2
E193,vanG,12
E193,erm(39),1
E193,OXA-233,1
E193,vanH,5
E193,lmrD,3
E193,vanI,5
E193,vanL,2
E193,OXA-251,1
E193,floR,123
E193,vanN,1
E193,tcmA,23
E193,farA,1
E193,kdpE,4
E193,mecA,12
E193,msrA,77
E193,OXA-256,1
E193,Burkholderia_pseudomallei_Omp38,1
E193,Clostridium_perfringens_mprF,1
E193,farB,1
E193,mecB,2
E193,vanR,244
E193,cipA,1
E193,Brucella_suis_mprF,1
E193,mecC,2
E193,otrA,4
E193,msrC,64
E193,vanS,219
E193,OXA,44
E193,mecD,3
E193,vanT,6
E193,norB,16
E193,msrE,7
E193,otrC,3
E193,vatA,1
E193,mecR1,7
E193,vatB,15
E193,vanX,23
E193,vatC,3
E193,mphA,6
E193,vatD,1
E193,vatE,12
E193,evgS,20
E193,ykkC,16
E193,mexA,2
E193,acrA,23
E193,mphC,3
E193,vatF,3
E193,ykkD,7
E193,mexB,1
E193,mphD,1
E193,vatG,3
E193,acrB,44
E193,mexC,9
E193,smeC,1
E193,mphE,1
E193,abeM,1
E193,cmeB,25
E193,acrD,1
E193,mexD,42
E193,smeE,3
E193,mexE,62
E193,mphG,1
E193,dfrA12,34
E193,smeF,4
E193,dfrA13,3
E193,dfrA1,6
E193,mexF,94
E193,dfrA14,2
E193,CTX-M-24,1
E193,tetA,21
E193,mphI,1
E193,salA,8
E193,Erm(37),1
E193,oprA,4
E193,dfrA15,5
E193,VatI,3
E193,dfrA3,4
E193,mexH,6
E193,tetC,2
E193,abeS,1
E193,rosB,141
E193,mexI,8
E193,dfrA17,1
E193,dfrA5,2
E193,efpA,5
E193,truncated_putative_response_regulator_ArlR,70
E193,CTX-M-111,2
E193,TolC,49
E193,OprA,2
E193,blt,1
E193,major_facilitator_superfamily_transporter,34
E193,dfrA8,1
E193,mexN,1
E193,MexJ,1
E193,MexK,4
E193,OXA-47,2
E193,LRA,1
E193,CTX-M-130,2
E193,efrA,2
E193,oprJ,11
E193,basS,8
E193,OXA-140,2
E193,efrB,1
E193,CTX-M,15
E193,smeR,11
E193,ermA,3
E193,smeS,8
E193,mtrA,19
E193,Staphylococcus_mupA_conferring_resistance_to_mupirocin,10
E193,tetM,122
E193,OXA-142,1
E193,mdsB,1
E193,mexT,14
E193,oprM,34
E193,mdsC,1
E193,TriC,2
E193,oprN,51
E193,vanRI,6
E193,tetO,35
E193,CTX-M-65,2
E193,tetA(46),1
E193,mtrD,1
E193,macA,25
E193,tetP,40
E193,ermE,3
E193,MexS,1
E193,mtrE,17
E193,tetQ,31
E193,mexW,36
E193,macB,922
E193,CTX-M-67,2
E193,tetR,1
E193,tetS,10
E193,vanTG,1
E193,lsaC,2
E193,MexV,3
E193,arnA,100
E193,tetT,24
E193,erm(34),1
E193,marR,74
E193,lsaE,6
E193,clbA,5
E193,clbB,3
E193,tet32,19
E193,tetA(48),11
E193,tetW,119
E193,OXA-392,2
E193,clbC,4
E193,carA,12
E193,multidrug_ABC_transporter,457
E193,ermN,1
E193,dfrC,4
E193,tet36,7
E193,dfrD,2
E193,dfrE,2
E193,vgaA,41
E193,erm(36),1
E193,bacterial_regulatory_protein_LuxR,5
E193,vgaB,11
E193,Erm(47),1
E193,tet39,1
E193,dfrG,3
E193,OprZ,1
E193,two-component_system_response_regulator_EvgA,2
E193,mdfA,22
E193,vgaD,10
E193,TaeA,17
E193,arlS,4
E193,catB,21
E193,vgaE,11
E193,transcriptional_regulatory_protein_CpxR_cpxR,68
E193,dfrK,2
E193,OXA-663,1
E193,chloramphenicol_and_florfenicol_resistance,5
E193,erm(38),3
E193,ermX,12
E193,tetB(46),2
E193,oleB,13
E193,antibiotic_resistance_rRNA_adenine_methyltransferase,5
E193,OXA-224,2
E193,srmB,9
E193,oleC,11
E193,QepA1,2
E193,sul2,46
E193,sul3,2
E193,cfrC,5
E193,QepA2,4
E193,ErmX,1
E193,OXA-240,1
E193,dfrA15b,1
E193,OXA-454,1
E193,sul4,2
E193,Erm(30),2
E193,PmrF,4
E193,adeB,2
E193,qepA,16
E193,tetB(48),1
E193,OXA-246,2
E193,adeF,1
E193,adeG,1
E193,AxyY,1
E193,adeH,1
E193,penA,99
E193,Salmonella,2
E193,adeJ,3
E193,BRP(MBL),1
E193,chloramphenicol_and_florfenicol_exporter,5
E193,tetA(60),1
E193,opmD,2
E193,PvrR,7
E193,tet(W/N/W),5
E193,tcr3,3
E193,oqxB,1
E193,adeL,1
E193,opmE,1
E193,OpmB,1
E193,rpoB2,12
E193,OpmD,1
E193,rphA,2
E193,ompR,113
E193,OXA-10,2
E193,rphB,3
E193,msbA,9
E193,bicyclomycin-multidrug_efflux_protein_bcr,79
E193,adeR,8
E193,catB3,2
E193,adeS,2
E193,OXA-320,2
E193,OXA-16,1
E193,OXA-17,2
E193,optrA,14
E193,puromycin_resistance_protein,4
E193,OXA-31,2
E193,dfrA20,3
E193,bacA,75
E193,LpeB,4
E193,dfrA21,4
E193,OXA-33,2
E193,dfrA22,4
E193,MuxA,1
E193,MuxB,2
E193,chloramphenicol_exporter,1
E193,MuxC,1
E193,dfrA25,1
E193,CTX-M-105,2
E193,class_A,11
E196,aph(3'')-I,4
E196,OXA,216
E196,CMY-132,6
E196,chloramphenicol_and_florfenicol_resistance,10
E196,CMY-133,12
E196,OXA-10,6
E196,OXA-11,3
E196,bacA,300
E196,OXA-14,5
E196,chloramphenicol_exporter,48
E196,OXA-16,5
E196,OXA-17,4
E196,AER-1,1
E196,basS,33
E196,mycinamicin-resistance_protein_myrB,1
E196,kdpE,20
E196,lsaC,11
E196,lsaE,19
E196,ADP-ribosylating_transferase_arr,5
E196,OXA-454,6
E196,OXA-140,4
E196,OXA-142,3
E196,aadA13,1
E196,OpmB,4
E196,OpmD,1
E196,tlrB_conferring_tylosin_resistance,3
E196,OpmH,3
E196,mefA,158
E196,mefC,3
E196,puromycin_resistance_protein,2
E196,abeM,4
E196,clbA,8
E196,clbB,10
E196,clbC,11
E196,abeS,7
E196,macA,286
E196,macB,4929
E196,rphA,6
E196,rphB,12
E196,transcriptional_regulatory_protein_CpxR_cpxR,425
E196,qacG,28
E196,blt,1
E196,qacH,7
E196,vgaA,139
E196,vgaB,43
E196,vgaD,30
E196,vgaE,33
E196,CMY-40,3
E196,CMY-42,3
E196,lnuB,9
E196,CMY-46,6
E196,EmrB-QacA_family_major_facilitator_transporter,52
E196,lnuF,3
E196,lnuG,3
E196,AAC(3)-Ib/AAC(6')-Ib'',2
E196,OXA-224,4
E196,bpeF,36
E196,penA,459
E196,arlS,16
E196,efpA,4
E196,ADC-12,2
E196,ADC-13,2
E196,VatI,2
E196,ADC-14,1
E196,vanHB,11
E196,ErmB,4
E196,ADC-16,2
E196,ErmC,1
E196,ADC-17,2
E196,vanTG,12
E196,ADC-18,1
E196,vanXI,1
E196,tet(42),1
E196,ADC-19,2
E196,vanTrL,7
E196,cdeA,5
E196,catB,17
E196,ErmT,2
E196,dfrA15b,5
E196,PBP-1A,338
E196,PBP-1B,70
E196,tet32,41
E196,tet34,9
E196,tet35,2
E196,tet36,13
E196,tet37,1
E196,tet39,2
E196,msrA,229
E196,SHV-97,5
E196,msrC,177
E196,msbA,48
E196,msrE,19
E196,ampC,14
E196,Escherichia_coli_mdfA,2
E196,CTX-M-110,4
E196,CTX-M-38,4
E196,evgS,67
E196,CTX-M-113,2
E196,RTG-4,2
E196,RTG-5,1
E196,adeB,110
E196,adeC,26
E196,adeF,5
E196,aadA,44
E196,adeH,5
E196,adeI,2
E196,adeJ,8
E196,adeK,9
E196,aac(3)-I,23
E196,adeL,24
E196,TriA,5
E196,ACC-5,1
E196,adeN,1
E196,TriC,12
E196,adeR,33
E196,adeS,16
E196,TolC,318
E196,vanXYL,1
E196,CMY-102,6
E196,tetA(46),25
E196,catB10,1
E196,CMY-108,6
E196,ceoB,32
E196,RlmA(II),5
E196,rosA,60
E196,rosB,215
E196,aph(3')-IIb,4
E196,Staphylococcys,3
E196,opmD,2
E196,Staphylococcus,2
E196,ADC-2,2
E196,opmE,2
E196,ADC-3,2
E196,ADC-5,2
E196,ADC-7,2
E196,ompF,34
E196,ADC-8,1
E196,sdiA,27
E196,ompR,794
E196,salA,34
E196,APH(6)-Id,1
E196,CMX,13
E196,Acinetobacter_baumannii_ampC_beta-lactamase,2
E196,OprA,14
E196,aadA25,1
E196,bcr-1,6
E196,mef(B),3
E196,sdeY,1
E196,Vibrio_cholerae_OmpU,1
E196,DNA-binding_transcriptional_regulator_gadX,16
E196,gadW,2
E196,gadX,2
E196,patA,34
E196,catB3,1
E196,patB,8
E196,mecA,135
E196,mecB,4
E196,mecC,4
E196,mecD,2
E196,aac(3)-Ib-aac(6')-Ib,1
E196,OprZ,9
E196,poxtA,53
E196,SHV-104,5
E196,ANT(3'')-Ii-AAC(6')-IId,8
E196,bmr,1
E196,TaeA,51
E196,MexJ,4
E196,MexK,15
E196,MexL,2
E196,CTX-M-5,1
E196,vatA,1
E196,MexS,4
E196,vatB,17
E196,vatC,3
E196,MexV,2
E196,vatD,1
E196,vatE,8
E196,vatF,2
E196,vatG,3
E196,MexZ,1
E196,CMY-53,3
E196,CMY-12,6
E196,ermA,5
E196,CMY-13,9
E196,ermB,16
E196,CMY-55,9
E196,ermC,15
E196,ereA,10
E196,CMY-56,7
E196,ereB,2
E196,ermE,2
E196,ermF,7
E196,ermG,1
E196,truncated_putative_response_regulator_ArlR,320
E196,OXA-233,2
E196,bacterial_regulatory_protein_LuxR,23
E196,ermT,6
E196,efmA,1
E196,CMY-2,4
E196,CMY-5,3
E196,vanYA,1
E196,ADC-20,2
E196,ADC-21,2
E196,ADC-22,2
E196,ADC-23,1
E196,ADC-25,2
E196,cmeB,168
E196,Staphylococcus_mupA_conferring_resistance_to_mupirocin,21
E196,floR,28
E196,srmB,42
E196,cystathionine_beta-lyase_patB,71
E196,major_facilitator_superfamily_transporter,46
E196,tet41,1
E196,tet43,1
E196,golS,8
E196,tet44,10
E196,SHV-62,5
E196,MCR-1,18
E196,MCR-2,9
E196,MCR-3,9
E196,SHV-25,5
E196,MCR-4,8
E196,MCR-5,9
E196,tolC,6
E196,OXA-663,6
E196,OXA-392,4
E196,CTX-M-84,2
E196,class_A,50
E196,PBP-2X,95
E196,emeA,1
E196,tlcC,51
E196,class_C,72
E196,CTX-M-48,4
E196,CTX-M-122,2
E196,APH(3')-Ia,1
E196,CTX-M-125,2
E196,linG,3
E196,mdfA,100
E196,tet(59),1
E196,CMY-118,17
E196,CMY-119,3
E196,OXA-31,4
E196,cmlA1,8
E196,oprA,3
E196,OXA-33,4
E196,OXA-74,2
E196,oprC,12
E196,cmlA4,7
E196,cmlA5,8
E196,cmlA6,8
E196,oprJ,113
E196,smeB,24
E196,LEN,1
E196,smeC,16
E196,oprM,200
E196,smeE,12
E196,oprN,80
E196,smeF,78
E196,two-component_system_response_regulator_EvgA,3
E196,baeR,59
E196,dfrA12,100
E196,baeS,39
E196,dfrA13,6
E196,dfrA14,23
E196,dfrA15,13
E196,dfrA16,6
E196,dfrA17,4
E196,CRP,3
E196,smeR,47
E196,smeS,42
E196,FOX,4
E196,QepA1,3
E196,CfxA2,22
E196,QepA2,3
E196,CfxA3,2
E196,mexA,57
E196,mexB,75
E196,CfxA6,2
E196,mexC,12
E196,mepA,149
E196,mexD,200
E196,mexE,84
E196,mexF,239
E196,thiostrepton_resistance_methylase_tsnR,1
E196,aadA9,1
E196,mexI,26
E196,AxyY,5
E196,abcA,1
E196,mexM,1
E196,mexN,12
E196,tetB(60),17
E196,mexP,1
E196,mexQ,2
E196,dfrA1,19
E196,dfrA3,13
E196,mexT,108
E196,dfrA5,8
E196,VEB-1b,1
E196,mexW,175
E196,mexX,48
E196,dfrA8,6
E196,mexY,6
E196,AcrE,1
E196,AcrF,4
E196,PmrF,8
E196,SHV-159,5
E196,cfrC,10
E196,oqxA,3
E196,oqxB,8
E196,AcrS,3
E196,ICR-Mc,9
E196,MOX,15
E196,ramA,1
E196,dfrC,10
E196,dfrD,9
E196,dfrE,9
E196,dfrF,3
E196,dfrG,8
E196,CMY-20,9
E196,CMY-61,10
E196,CMY-21,6
E196,CMY-63,9
E196,arnA,355
E196,CMY-64,10
E196,dfrK,10
E196,CMY-28,1
E196,CMY-29,6
E196,OXA-240,4
E196,SME-1,1
E196,SME-2,1
E196,SME-3,1
E196,SME-4,1
E196,OXA-246,4
E196,SME-5,1
E196,tetA,90
E196,tetB,39
E196,tetC,4
E196,tetD,7
E196,efrA,22
E196,tetE,6
E196,efrB,22
E196,tetG,4
E196,tetH,5
E196,fusC,1
E196,lsa,396
E196,tetJ,3
E196,tetL,4
E196,tetM,194
E196,tetO,109
E196,tetP,87
E196,tetQ,79
E196,tetR,95
E196,MuxB,8
E196,tetS,22
E196,MuxC,15
E196,tetT,46
E196,tetW,386
E196,ADC-75,2
E196,cmrA,6
E196,ADC-76,1
E196,ADC-77,2
E196,bicyclomycin-multidrug_efflux_protein_bcr,225
E196,ADC-78,1
E196,ADC-79,2
E196,ADC-39,2
E196,qepA,13
E196,vanRI,64
E196,Serratia_marcescens_Omp1,3
E196,Klebsiella_pneumoniae_OmpK35,1
E196,Klebsiella_pneumoniae_OmpK36,4
E196,Klebsiella_pneumoniae_OmpK37,3
E196,porin_OmpC,3
E196,carA,61
E196,DNA-binding_protein_H-NS,21
E196,carO,2
E196,myrA,4
E196,hmrM,1
E196,lrfA,2
E196,SHV-76,1
E196,Bacillus_Cluster_B_intrinsic_mph,2
E196,APH(3')-IIa,1
E196,cAMP-regulatory_protein,54
E196,mecR1,3
E196,NPS-1,3
E196,OXA-320,4
E196,emrA,190
E196,amrB,63
E196,emrB,294
E196,CTX-M-14,2
E196,emrD,57
E196,CTX-M-130,4
E196,emrE,100
E196,CTX-M-17,2
E196,OXA-368,2
E196,CTX-M-134,2
E196,emrK,33
E196,tcmA,15
E196,mdsA,2
E196,mdsB,6
E196,mdsC,15
E196,emrR,1
E196,VEB-1,2
E196,VEB-2,2
E196,VEB-3,1
E196,VEB-4,1
E196,VEB-5,1
E196,emrY,1
E196,VEB-6,1
E196,HERA-1,1
E196,VEB-7,2
E196,VEB-8,1
E196,VEB-9,1
E196,mel,29
E196,ANT(3'')-IIa,1
E196,ANT(3'')-IIb,1
E196,hp1181,9
E196,ANT(3'')-IIc,1
E196,Pseudomonas_aeruginosa_emrE,6
E196,chrB,4
E196,tetA(48),64
E196,LRA,5
E196,farA,2
E196,farB,4
E196,OCH,4
E196,OXA-47,4
E196,MdtK,2
E196,dfrA20,7
E196,opcM,51
E196,dfrA21,11
E196,dfrA22,12
E196,MCR-1.2,18
E196,MCR-1.3,9
E196,MCR-1.4,9
E196,dfrA24,2
E196,YojI,14
E196,MCR-1.5,9
E196,dfrA25,5
E196,MCR-1.6,9
E196,MCR-1.7,9
E196,MCR-1.8,9
E196,MCR-1.9,9
E196,dfrA29,5
E196,mtrA,85
E196,mtrC,1
E196,mtrD,10
E196,mtrE,153
E196,lmrA,2
E196,Erm(44),1
E196,lmrB,14
E196,lmrC,37
E196,lmrD,28
E196,NmcR,10
E196,mtrR,50
E196,LCR-1,4
E196,lmrP,1
E196,CTX-M,9
E196,erm(35),1
E196,blaI,4
E196,bcrA,2772
E196,bcrC,4
E196,tet(K),3
E196,multidrug_ABC_transporter,2752
E196,SHV-121,5
E196,PvrR,33
E196,cipA,3
E196,omp36,17
E196,otrA,12
E196,PSE-1,4
E196,otrC,10
E196,arr-4,1
E196,arr-5,1
E196,arr-7,1
E196,arr-8,1
E196,PER,1
E196,Bacillus_Cluster_A_intrinsic_mph,1
E196,marR,149
E196,CARB,13
E196,aph(6)-I,25
E196,aph(3')-I,19
E196,vanA,72
E196,vanB,52
E196,vanC,40
E196,vanD,181
E196,vanE,13
E196,vanG,35
E196,vanH,253
E196,vanI,6
E196,CMY-34,6
E196,aph(3')-V,3
E196,vanL,1
E196,CMY-77,12
E196,vanM,2
E196,vanN,3
E196,optrA,53
E196,OXA-251,4
E196,vanR,1910
E196,vanS,450
E196,vanT,42
E196,vanU,6
E196,OXA-256,4
E196,ugd,7
E196,vanX,12
E196,vanY,39
E196,OXA-1,4
E196,vanZ,4
E196,OXA-4,4
E196,acrA,156
E196,acrB,499
E196,tet(W/N/W),10
E196,acrD,6
E196,acrF,4
E196,norA,19
E196,norB,18
E196,cpxA,24
E196,ADC-80,2
E196,tetB(46),20
E196,sul1,29
E196,ADC-41,2
E196,sul2,133
E196,ADC-42,1
E196,sul3,20
E196,ADC-43,2
E196,sul4,10
E196,ykkC,32
E196,ADC-44,2
E196,ykkD,15
E196,LAT-1,3
E196,MCR-1.10,9
E196,MCR-1.11,9
E196,vanWI,1
E196,MCR-1.12,9
E196,MCR-1.13,9
E196,kasugamycin_resistance_protein_ksgA,252
E196,rpoB2,21
E196,tetA(60),21
E196,cob(I)alamin_adenolsyltransferase,125
E196,TLA-1,2
E196,rifampin_monooxygenase,8
E196,TLA-3,2
E196,oleB,41
E196,oleC,59
E196,antibiotic_resistance_rRNA_adenine_methyltransferase,6
E196,SHV-89,5
E196,eptA,11
E196,tcr3,1
E196,mphA,18
E196,mphB,2
E196,mphC,12
E196,mphD,3
E196,CTX-M-24,4
E196,mphE,1
E196,CTX-M-67,4
E196,mphG,3
E196,Burkholderia_pseudomallei_Omp38,6
E196,mphI,3
E196,LpeB,11
E196,mdtA,182
E196,mdtB,389
E196,mdtC,312
E196,mdtD,84
E196,mdtE,63
E196,mdtF,81
E196,Escherichia_coli_LamB,2
E196,mdtG,25
E196,mdtH,50
E196,Salmonella,5
E196,mdtK,241
E196,mdtL,79
E196,mdtN,125
E196,mdtO,25
E196,mdtP,56
E198,aph(3'')-I,4
E198,OXA,50
E198,chloramphenicol_and_florfenicol_resistance,9
E198,OXA-10,1
E198,OXA-11,1
E198,bacA,210
E198,IND,2
E198,OXA-14,1
E198,chloramphenicol_exporter,16
E198,OXA-16,1
E198,OXA-17,1
E198,AER-1,1
E198,basS,25
E198,mycinamicin-resistance_protein_myrB,2
E198,EdeQ,1
E198,kdpE,24
E198,lsaC,8
E198,lsaE,10
E198,ADP-ribosylating_transferase_arr,10
E198,OXA-454,1
E198,OXA-142,1
E198,OpmB,2
E198,OpmD,1
E198,OpmH,2
E198,AAC(6')-Ib,4
E198,erm(36),3
E198,tet(L),2
E198,puromycin_resistance_protein,9
E198,abeM,1
E198,clbA,7
E198,clbB,10
E198,clbC,8
E198,abeS,1
E198,MUS-1,2
E198,AAC(6')-30/AAC(6')-Ib',2
E198,MUS-2,1
E198,macA,39
E198,qacA,4
E198,macB,3925
E198,qacB,14
E198,rphA,3
E198,rphB,6
E198,transcriptional_regulatory_protein_CpxR_cpxR,253
E198,qacG,2
E198,blt,2
E198,qacH,1
E198,vgaA,77
E198,vgaB,28
E198,vgaD,17
E198,vgaE,19
E198,lnuC,1
E198,lnuD,1
E198,EmrB-QacA_family_major_facilitator_transporter,86
E198,bpeF,19
E198,penA,347
E198,arlS,8
E198,efpA,8
E198,otr(B),8
E198,VatI,1
E198,vanHB,3
E198,ErmB,2
E198,vanTG,7
E198,ErmC,1
E198,tet(42),1
E198,vanTrL,4
E198,catB,18
E198,ErmT,1
E198,ErmU,1
E198,ErmX,1
E198,dfrA15b,6
E198,PBP-1A,176
E198,PBP-1B,60
E198,tet31,1
E198,tet32,42
E198,tet36,8
E198,tet39,3
E198,msrA,137
E198,msrC,111
E198,msbA,27
E198,msrE,18
E198,Erm(30),5
E198,evgS,42
E198,RTG-4,2
E198,RTG-5,1
E198,adeB,104
E198,adeC,13
E198,adeF,3
E198,adeH,2
E198,adeI,1
E198,adeJ,9
E198,adeK,6
E198,BRP(MBL),1
E198,adeL,11
E198,TriA,4
E198,TriB,2
E198,TriC,11
E198,adeR,23
E198,adeS,14
E198,TolC,121
E198,tetA(46),19
E198,catB10,1
E198,ceoB,17
E198,rosA,10
E198,rosB,110
E198,opmD,3
E198,Staphylococcys,6
E198,opmE,1
E198,ompR,516
E198,salA,27
E198,APH(6)-Id,1
E198,Erm(42),2
E198,OprA,1
E198,bcr-1,2
E198,vanYG1,2
E198,patA,23
E198,gadX,1
E198,catB3,1
E198,patB,1
E198,mecA,55
E198,mecB,3
E198,mecC,1
E198,mecD,1
E198,mecI,1
E198,MSI-1,1
E198,poxtA,42
E198,chloramphenicol_and_florfenicol_exporter,2
E198,TaeA,44
E198,MexJ,4
E198,MexK,13
E198,MexL,1
E198,MexS,3
E198,MexV,2
E198,ermA,6
E198,ermC,3
E198,ermE,4
E198,ermG,1
E198,ermH,1
E198,truncated_putative_response_regulator_ArlR,262
E198,OXA-233,1
E198,ermN,1
E198,bacterial_regulatory_protein_LuxR,20
E198,ermT,2
E198,ermX,15
E198,tetB(48),4
E198,vanYA,1
E198,cmeA,3
E198,cmeB,70
E198,Staphylococcus_mupA_conferring_resistance_to_mupirocin,27
E198,floR,2
E198,srmB,37
E198,cystathionine_beta-lyase_patB,1
E198,aac(6')-31,4
E198,major_facilitator_superfamily_transporter,79
E198,tet41,3
E198,tet43,5
E198,golS,2
E198,tet44,15
E198,SHV-62,5
E198,MCR-1,4
E198,MCR-2,2
E198,MCR-3,2
E198,SHV-25,5
E198,MCR-4,2
E198,MCR-5,2
E198,tolC,3
E198,OXA-663,1
E198,class_A,3
E198,LlmA_23S_ribosomal_RNA_methyltransferase,3
E198,tlcC,39
E198,class_C,17
E198,aac(6')-I,13
E198,tet(59),2
E198,aac(6')-30-aac(6')-Ib',1
E198,cmlA1,1
E198,OXA-74,1
E198,oprC,7
E198,cmlA4,1
E198,cmlA5,1
E198,cmlA6,1
E198,oprJ,42
E198,smeB,9
E198,smeC,6
E198,smeD,5
E198,oprM,87
E198,smeE,3
E198,oprN,69
E198,smeF,32
E198,two-component_system_response_regulator_EvgA,4
E198,baeR,29
E198,dfrA12,162
E198,baeS,29
E198,dfrA13,12
E198,dfrA14,24
E198,dfrA15,11
E198,dfrA16,4
E198,CRP,3
E198,dfrA17,14
E198,TUS-1,1
E198,smeR,33
E198,smeS,34
E198,Erm(47),1
E198,ant(3'')-Ih-aac(6')-IId,3
E198,QepA1,11
E198,QepA2,12
E198,mexA,32
E198,mexB,33
E198,mexC,1
E198,mepA,27
E198,mexD,164
E198,mexE,25
E198,erm(38),9
E198,mexF,284
E198,erm(34),1
E198,thiostrepton_resistance_methylase_tsnR,1
E198,mexH,11
E198,mexI,15
E198,AxyY,1
E198,abcA,1
E198,mexN,9
E198,tetB(60),5
E198,mexQ,3
E198,dfrA1,28
E198,dfrA3,16
E198,mexT,62
E198,dfrA5,5
E198,AAC(6')-Ib10,3
E198,mexW,97
E198,dfrA7,9
E198,dfrA8,3
E198,PmrF,13
E198,PDC,18
E198,SHV-159,5
E198,cfrC,9
E198,oqxB,8
E198,ICR-Mc,2
E198,dfrC,14
E198,dfrD,11
E198,dfrE,2
E198,TRU-1,1
E198,dfrF,9
E198,dfrG,14
E198,arnA,151
E198,dfrK,15
E198,RbpA,2
E198,OXA-240,1
E198,OXA-246,1
E198,tetA,62
E198,tetB,23
E198,tetC,2
E198,efrA,19
E198,efrB,12
E198,tetG,1
E198,tetH,7
E198,lsa,276
E198,tetJ,4
E198,tetL,15
E198,tetM,129
E198,tetO,115
E198,tetP,110
E198,tetQ,76
E198,MuxA,2
E198,tetR,50
E198,MuxB,4
E198,tetS,31
E198,MuxC,10
E198,tetT,46
E198,tetV,19
E198,tetW,345
E198,cmrA,3
E198,bicyclomycin-multidrug_efflux_protein_bcr,97
E198,qepA,49
E198,vanRI,42
E198,carA,44
E198,myrA,1
E198,AAC(6')-Ib',2
E198,hmrM,1
E198,lrfA,9
E198,cAMP-regulatory_protein,52
E198,AAC(6')-Ib3,4
E198,AAC(6')-Ib4,4
E198,AAC(6')-Ib7,5
E198,emrA,25
E198,amrB,20
E198,AAC(6')-Ib8,1
E198,emrB,146
E198,AAC(6')-Ib9,3
E198,emrD,40
E198,emrE,24
E198,OXA-368,1
E198,tcmA,60
E198,mdsB,8
E198,mdsC,9
E198,emrY,1
E198,HERA-1,1
E198,mel,24
E198,hp1181,4
E198,Pseudomonas_aeruginosa_emrE,1
E198,chrB,1
E198,tetA(48),59
E198,farB,1
E198,dfrA20,5
E198,opcM,44
E198,dfrA21,15
E198,dfrA22,15
E198,MCR-1.2,4
E198,MCR-1.3,2
E198,MCR-1.4,2
E198,dfrA24,1
E198,YojI,5
E198,MCR-1.5,2
E198,dfrA25,3
E198,MCR-1.6,2
E198,MCR-1.7,2
E198,MCR-1.8,2
E198,mtrA,65
E198,MCR-1.9,2
E198,dfrA29,3
E198,mtrD,1
E198,lmrA,13
E198,lmrB,4
E198,Erm(44),1
E198,lmrC,16
E198,lmrD,13
E198,NmcR,5
E198,erm(39),3
E198,erm(31),2
E198,bcrA,1981
E198,tet(K),7
E198,dfrB1,9
E198,dfrB2,6
E198,dfrB3,3
E198,multidrug_ABC_transporter,1734
E198,dfrA2d,4
E198,dfrB6,4
E198,SHV-121,5
E198,tet(33),1
E198,PvrR,20
E198,cipA,6
E198,otrA,12
E198,PSE-1,4
E198,otrC,16
E198,arr-4,2
E198,arr-5,2
E198,arr-7,2
E198,arr-8,2
E198,marR,25
E198,CARB,13
E198,aph(6)-I,27
E198,aph(3')-I,2
E198,vanA,63
E198,vanB,120
E198,vanC,30
E198,vanD,124
E198,vanE,10
E198,vanG,30
E198,vanH,99
E198,vanI,7
E198,vanL,3
E198,vanM,3
E198,vanN,4
E198,optrA,36
E198,OXA-251,1
E198,vanR,1205
E198,vanS,283
E198,vanT,15
E198,OXA-256,1
E198,ugd,10
E198,vanX,20
E198,vanY,39
E198,acrA,75
E198,acrB,154
E198,tet(W/N/W),8
E198,acrD,6
E198,norB,31
E198,cpxA,17
E198,tetB(46),7
E198,sul2,69
E198,sul3,4
E198,sul4,7
E198,ykkD,4
E198,MCR-1.10,2
E198,MCR-1.11,2
E198,MCR-1.12,2
E198,MCR-1.13,2
E198,vanKI,1
E198,kasugamycin_resistance_protein_ksgA,153
E198,rpoB2,41
E198,tetA(60),17
E198,cob(I)alamin_adenolsyltransferase,101
E198,cat_chloramphenicol_acetyltransferase,5
E198,rifampin_monooxygenase,43
E198,oleB,40
E198,oleC,51
E198,antibiotic_resistance_rRNA_adenine_methyltransferase,7
E198,aac(6')-II,1
E198,SHV-89,5
E198,eptA,2
E198,tcr3,8
E198,Erm(37),1
E198,LpeB,4
E198,mdtA,83
E198,mdtB,202
E198,mdtC,328
E198,mdtD,32
E198,mdtE,11
E198,mdtF,1
E198,Salmonella,1
E198,mdtK,51
E198,mdtL,10
E198,mdtP,25
E201,aph(3'')-I,7
E201,OXA,154
E201,chloramphenicol_and_florfenicol_resistance,20
E201,CMY-133,6
E201,OXA-10,7
E201,OXA-11,7
E201,bacA,891
E201,OXA-14,7
E201,chloramphenicol_exporter,128
E201,OXA-16,7
E201,OXA-17,5
E201,AER-1,2
E201,basS,39
E201,mycinamicin-resistance_protein_myrB,2
E201,kdpE,44
E201,lsaC,19
E201,lsaE,24
E201,TEM-132,3
E201,TEM-135,3
E201,OXA-454,7
E201,OXA-142,5
E201,OpmB,6
E201,OpmD,3
E201,tlrB_conferring_tylosin_resistance,11
E201,OpmH,4
E201,mefA,156
E201,erm(36),3
E201,mefC,2
E201,tet(L),8
E201,puromycin_resistance_protein,1
E201,abeM,14
E201,clbA,14
E201,clbB,19
E201,clbC,20
E201,abeS,12
E201,SHV-135,5
E201,TEM-90,3
E201,TEM-92,3
E201,TEM-11,3
E201,TEM-93,1
E201,TEM-52,3
E201,TEM-94,3
E201,qacA,4
E201,macA,570
E201,macB,7828
E201,qacB,18
E201,rphA,13
E201,rphB,21
E201,TEM-16,3
E201,transcriptional_regulatory_protein_CpxR_cpxR,588
E201,qacG,34
E201,blt,2
E201,qacH,11
E201,vgaA,256
E201,vgaB,63
E201,vgaD,48
E201,vgaE,46
E201,lnuB,9
E201,lnuC,1
E201,CMY-46,6
E201,lnuD,1
E201,EmrB-QacA_family_major_facilitator_transporter,100
E201,TEM-215,2
E201,lnuF,3
E201,lnuG,3
E201,AAC(3)-Ib/AAC(6')-Ib'',2
E201,OXA-224,2
E201,bpeF,33
E201,penA,884
E201,arlS,36
E201,efpA,3
E201,otr(B),4
E201,ADC-12,3
E201,Listeria_monocytogenes_mprF,3
E201,ADC-13,3
E201,VatI,3
E201,ADC-14,3
E201,ADC-15,1
E201,vanHB,24
E201,cmlA,24
E201,ErmB,8
E201,ADC-16,3
E201,ErmC,3
E201,ADC-17,3
E201,vanTG,28
E201,ADC-18,2
E201,ADC-19,3
E201,vanTrL,18
E201,TEM,20
E201,cdeA,5
E201,catB,127
E201,ErmT,3
E201,ErmU,1
E201,ErmX,2
E201,dfrA15b,9
E201,PBP-1A,408
E201,PBP-1B,150
E201,tet32,59
E201,tet35,1
E201,tet36,30
E201,tet37,1
E201,tet39,3
E201,msrA,467
E201,SHV-97,5
E201,msrC,291
E201,msbA,59
E201,msrE,36
E201,apmA,1
E201,CTX-M-31,1
E201,Erm(30),1
E201,CTX-M-74,1
E201,CTX-M-75,1
E201,CTX-M-76,1
E201,CTX-M-35,1
E201,ampC,2
E201,CTX-M-77,1
E201,CTX-M-110,2
E201,CTX-M-38,2
E201,evgS,67
E201,CTX-M-113,2
E201,RTG-4,6
E201,RTG-5,3
E201,adeA,8
E201,adeB,256
E201,adeC,50
E201,aadA,45
E201,adeF,5
E201,adeG,1
E201,adeH,9
E201,adeI,12
E201,adeJ,32
E201,aadE,2
E201,adeK,17
E201,aac(3)-I,23
E201,adeL,23
E201,fmtC,89
E201,TriA,7
E201,adeN,5
E201,TriC,16
E201,aadK,23
E201,adeR,45
E201,adeS,31
E201,TolC,535
E201,vanXYL,3
E201,tetA(46),34
E201,catB10,5
E201,CMY-108,6
E201,ceoB,13
E201,RlmA(II),9
E201,rosA,40
E201,rosB,501
E201,aph(3')-IIb,9
E201,Staphylococcys,8
E201,opmD,4
E201,Staphylococcus,4
E201,ADC-2,3
E201,opmE,2
E201,ADC-3,2
E201,APH(3')-VIa,1
E201,ADC-5,3
E201,ADC-6,1
E201,ADC-7,3
E201,ompR,1035
E201,salA,52
E201,APH(6)-Id,1
E201,TEM-102,3
E201,Erm(42),1
E201,Acinetobacter_baumannii_ampC_beta-lactamase,3
E201,TEM-187,3
E201,KLUY-2,1
E201,TEM-147,3
E201,TEM-106,3
E201,CAZ,1
E201,OprA,18
E201,aadA25,1
E201,Brucella_suis_mprF,1
E201,bcr-1,8
E201,mef(B),3
E201,patA,77
E201,catB3,8
E201,patB,11
E201,mecA,146
E201,mecB,10
E201,mecC,6
E201,mecD,6
E201,aac(3)-Ib-aac(6')-Ib,1
E201,OprZ,8
E201,poxtA,90
E201,SHV-103,5
E201,chloramphenicol_and_florfenicol_exporter,4
E201,SHV-104,5
E201,TEM-20,3
E201,TEM-21,3
E201,ANT(3'')-Ii-AAC(6')-IId,8
E201,bmr,1
E201,TEM-29,3
E201,TaeA,89
E201,MexJ,9
E201,CTX-M-2,1
E201,MexK,21
E201,MexL,6
E201,CTX-M-5,2
E201,vatA,1
E201,MexS,4
E201,vatB,22
E201,vatC,2
E201,vatD,1
E201,MexV,3
E201,vatE,8
E201,vatF,2
E201,vatG,4
E201,MexZ,1
E201,ermA,6
E201,CMY-13,6
E201,ermB,22
E201,CMY-55,3
E201,ereA,10
E201,ermC,28
E201,ereB,2
E201,ermE,2
E201,CMY-99,4
E201,ermF,7
E201,ermG,1
E201,truncated_putative_response_regulator_ArlR,480
E201,OXA-233,5
E201,SRT-1,2
E201,SRT-2,4
E201,bacterial_regulatory_protein_LuxR,34
E201,ermT,5
E201,efmA,4
E201,CMY-5,6
E201,ermX,13
E201,CMY-7,6
E201,tetB(48),1
E201,vanYA,4
E201,ADC-20,3
E201,ADC-21,3
E201,ADC-22,3
E201,ADC-23,3
E201,ADC-25,3
E201,cmeB,236
E201,Staphylococcus_mupA_conferring_resistance_to_mupirocin,43
E201,floR,59
E201,srmB,64
E201,cystathionine_beta-lyase_patB,131
E201,major_facilitator_superfamily_transporter,87
E201,tet41,3
E201,golS,9
E201,tet44,25
E201,MCR-1,28
E201,MCR-2,14
E201,MCR-3,15
E201,MCR-4,16
E201,MCR-5,15
E201,tolC,6
E201,OXA-663,7
E201,aph(3''')-III,5
E201,APH(3')-IX,2
E201,CTX-M-84,2
E201,CTX-M-43,1
E201,class_A,27
E201,PBP-2X,113
E201,emeA,1
E201,tlcC,77
E201,class_C,75
E201,CTX-M-48,2
E201,CTX-M-122,2
E201,APH(3')-Ia,2
E201,CTX-M-124,1
E201,CTX-M-125,2
E201,linG,3
E201,mdfA,191
E201,tet(59),1
E201,CMY-118,1
E201,cmlA1,15
E201,oprA,15
E201,OXA-33,2
E201,OXA-74,5
E201,oprC,9
E201,cmlA4,15
E201,ANT(6)-Ia,1
E201,cmlA5,16
E201,cmlA6,15
E201,oprJ,116
E201,smeB,15
E201,LEN,12
E201,smeC,12
E201,oprM,234
E201,smeE,30
E201,oprN,62
E201,smeF,122
E201,two-component_system_response_regulator_EvgA,6
E201,baeR,71
E201,dfrA12,206
E201,baeS,79
E201,dfrA13,12
E201,dfrA14,29
E201,dfrA15,18
E201,dfrA16,3
E201,dfrA17,7
E201,CRP,7
E201,smeR,69
E201,smeS,67
E201,TEM-151,1
E201,TEM-153,3
E201,TEM-112,3
E201,Erm(43),1
E201,TEM-113,3
E201,TEM-115,3
E201,TEM-159,3
E201,QepA1,5
E201,CfxA2,14
E201,CfxA3,1
E201,QepA2,5
E201,mexA,25
E201,mexB,138
E201,mexC,10
E201,CfxA6,2
E201,mepA,131
E201,mexD,200
E201,mexE,164
E201,erm(38),3
E201,mexF,435
E201,erm(34),2
E201,aadA9,1
E201,mexH,50
E201,mexI,20
E201,AxyY,6
E201,mexM,1
E201,mexN,14
E201,tetB(60),23
E201,mexQ,2
E201,dfrA1,65
E201,dfrA3,25
E201,mexT,111
E201,dfrA5,17
E201,mexW,117
E201,VEB-1b,4
E201,mexX,35
E201,dfrA8,11
E201,mexY,9
E201,AcrE,1
E201,AcrF,5
E201,PmrF,10
E201,TEM-72,3
E201,cfrC,20
E201,oqxA,1
E201,oqxB,11
E201,AcrS,1
E201,ICR-Mc,14
E201,OKP-B,11
E201,Moraxella_catarrhalis_M35,5
E201,dfrC,15
E201,dfrD,14
E201,dfrE,12
E201,dfrF,9
E201,APH(3')-IIIa,1
E201,dfrG,15
E201,CMY-20,9
E201,CMY-21,6
E201,CMY-63,6
E201,arnA,555
E201,CMY-64,6
E201,dfrK,18
E201,CMY-28,9
E201,RbpA,2
E201,CMY-29,6
E201,OXA-240,7
E201,OXA-246,7
E201,tetA,205
E201,tetB,29
E201,tetC,10
E201,efrA,42
E201,tetD,4
E201,efrB,27
E201,tetH,6
E201,lsa,660
E201,tetJ,4
E201,tetM,322
E201,tetO,146
E201,tetP,170
E201,tetQ,129
E201,tetR,162
E201,MuxB,8
E201,tetS,26
E201,MuxC,17
E201,tetT,96
E201,tetV,18
E201,tetW,767
E201,ADC-75,3
E201,tetX,51
E201,Bacillus_subtilis_mprF,4
E201,cmrA,16
E201,ADC-77,3
E201,bicyclomycin-multidrug_efflux_protein_bcr,458
E201,aph(3'')-IV,6
E201,ADC-79,3
E201,ADC-39,3
E201,qepA,20
E201,vanRI,97
E201,Streptococcus_agalactiae_mprF,3
E201,carA,105
E201,carO,5
E201,APH(3')-VI,2
E201,myrA,12
E201,hmrM,2
E201,lrfA,6
E201,SHV-76,5
E201,Bacillus_Cluster_B_intrinsic_mph,1
E201,APH(3')-IIa,2
E201,cAMP-regulatory_protein,126
E201,mecR1,39
E201,CTX-M-92,1
E201,OXA-320,2
E201,emrA,460
E201,amrB,88
E201,emrB,555
E201,CTX-M-14,2
E201,CTX-M-56,1
E201,emrD,25
E201,CTX-M-130,2
E201,emrE,151
E201,CTX-M-17,2
E201,CTX-M-131,1
E201,CTX-M-59,1
E201,OXA-368,5
E201,emrK,71
E201,tcmA,58
E201,mdsB,9
E201,APH(3')-VIII,1
E201,mdsC,9
E201,VEB-1,8
E201,VEB-2,4
E201,VEB-3,4
E201,VEB-4,4
E201,VEB-5,4
E201,emrY,3
E201,VEB-6,4
E201,HERA-1,1
E201,VEB-7,4
E201,VEB-8,4
E201,VEB-9,2
E201,mel,42
E201,ANT(3'')-IIa,1
E201,ANT(3'')-IIb,1
E201,hp1181,7
E201,aad(6),1
E201,ANT(3'')-IIc,1
E201,Pseudomonas_aeruginosa_emrE,11
E201,chrB,11
E201,tetA(48),104
E201,LRA,3
E201,farA,6
E201,farB,6
E201,MdtK,3
E201,dfrA20,12
E201,opcM,96
E201,dfrA21,21
E201,dfrA22,20
E201,MCR-1.2,28
E201,MCR-1.3,14
E201,MCR-1.4,14
E201,dfrA24,5
E201,YojI,19
E201,MCR-1.5,14
E201,dfrA25,12
E201,MCR-1.6,14
E201,MCR-1.7,14
E201,MCR-1.8,14
E201,MCR-1.9,14
E201,dfrA29,10
E201,mtrA,116
E201,blaR1,8
E201,mtrC,2
E201,mtrD,8
E201,mtrE,371
E201,lmrA,5
E201,lmrB,54
E201,Erm(44),3
E201,lmrC,57
E201,lmrD,55
E201,NmcR,9
E201,LCR-1,1
E201,mtrR,34
E201,aph(3')-VII,1
E201,lmrP,3
E201,CTX-M,16
E201,erm(39),1
E201,blaI,3
E201,erm(31),1
E201,bcrA,3905
E201,bcrC,2
E201,tap,1
E201,tet(K),2
E201,multidrug_ABC_transporter,4025
E201,PvrR,30
E201,cipA,3
E201,otrA,26
E201,PSE-1,8
E201,otrC,23
E201,Clostridium_perfringens_mprF,3
E201,Bacillus_Cluster_A_intrinsic_mph,1
E201,marR,445
E201,CARB,32
E201,aph(6)-I,25
E201,aph(3')-I,44
E201,vanA,106
E201,vanB,111
E201,vanC,91
E201,vanD,321
E201,vanE,24
E201,vanG,93
E201,vanH,476
E201,vanI,17
E201,CMY-34,4
E201,CMY-35,3
E201,aph(3')-V,6
E201,vanL,9
E201,CMY-77,6
E201,vanM,5
E201,vanN,17
E201,CMY-38,1
E201,optrA,85
E201,TEM-207,3
E201,OXA-251,7
E201,vanR,2521
E201,vanS,811
E201,vanT,76
E201,vanU,1
E201,OXA-256,7
E201,vanW,77
E201,vanX,3
E201,ugd,15
E201,vanY,75
E201,OXA-1,2
E201,OXA-4,2
E201,acrA,242
E201,acrB,518
E201,tet(W/N/W),16
E201,acrD,4
E201,acrF,4
E201,norA,19
E201,cpxA,50
E201,ADC-80,2
E201,tetB(46),25
E201,sul1,101
E201,ADC-41,3
E201,sul2,409
E201,ADC-42,1
E201,sul3,33
E201,ADC-43,3
E201,sul4,23
E201,ykkC,59
E201,ADC-44,3
E201,ykkD,78
E201,MCR-1.10,14
E201,MCR-1.11,14
E201,vanWI,1
E201,MCR-1.12,14
E201,MCR-1.13,14
E201,vanKI,3
E201,kasugamycin_resistance_protein_ksgA,408
E201,rpoB2,40
E201,tetA(60),35
E201,cob(I)alamin_adenolsyltransferase,175
E201,cat_chloramphenicol_acetyltransferase,28
E201,TLA-1,2
E201,rifampin_monooxygenase,46
E201,TLA-2,2
E201,TLA-3,2
E201,oleB,74
E201,oleC,79
E201,antibiotic_resistance_rRNA_adenine_methyltransferase,13
E201,SHV-41,5
E201,eptA,16
E201,mphA,12
E201,tcr3,3
E201,mphC,6
E201,mphD,2
E201,CTX-M-24,2
E201,mphE,1
E201,CTX-M-67,2
E201,mphG,2
E201,CTX-M-141,1
E201,Burkholderia_pseudomallei_Omp38,8
E201,mphI,2
E201,LpeB,5
E201,mdtA,181
E201,mdtB,603
E201,mdtC,361
E201,mdtD,313
E201,mdtE,43
E201,mdtF,29
E201,mdtG,50
E201,mdtH,36
E201,Salmonella,15
E201,mdtK,531
E201,mdtL,32
E201,mdtM,29
E201,mdtN,75
E201,mdtP,56
E202,OXA,125
E202,chloramphenicol_and_florfenicol_resistance,4
E202,OXA-10,5
E202,bacA,300
E202,OXA-11,4
E202,chloramphenicol_exporter,17
E202,OXA-14,4
E202,OXA-16,4
E202,OXA-17,4
E202,basS,21
E202,mycinamicin-resistance_protein_myrB,1
E202,kdpE,27
E202,lsaC,12
E202,lsaE,10
E202,ADP-ribosylating_transferase_arr,30
E202,OXA-454,4
E202,OXA-142,4
E202,tlrB_conferring_tylosin_resistance,3
E202,OpmH,3
E202,mefA,4
E202,erm(36),1
E202,tet(L),10
E202,puromycin_resistance_protein,13
E202,clbA,7
E202,clbB,6
E202,clbC,4
E202,abeS,1
E202,macA,107
E202,qacA,22
E202,macB,3939
E202,qacB,83
E202,rphA,14
E202,rphB,15
E202,transcriptional_regulatory_protein_CpxR_cpxR,187
E202,qacG,4
E202,qacH,1
E202,vgaA,99
E202,vgaB,30
E202,vgaD,27
E202,vgaE,23
E202,CMY-46,3
E202,EmrB-QacA_family_major_facilitator_transporter,140
E202,bpeF,24
E202,KPC-10,3
E202,penA,300
E202,arlS,17
E202,efpA,6
E202,KPC-16,3
E202,KPC-17,3
E202,KPC-19,3
E202,otr(B),8
E202,VatI,1
E202,vanHB,9
E202,cmlA,12
E202,ErmB,2
E202,vanTG,9
E202,tet(42),3
E202,vanTrL,5
E202,catB,17
E202,ErmU,1
E202,ErmX,1
E202,dfrA15b,4
E202,PBP-1A,224
E202,PBP-1B,55
E202,tet31,1
E202,tet32,26
E202,tet36,12
E202,tet39,2
E202,msrA,340
E202,msrC,127
E202,msbA,25
E202,msrE,17
E202,Erm(30),3
E202,ampC,5
E202,evgS,32
E202,adeA,3
E202,adeB,51
E202,adeC,9
E202,adeF,2
E202,adeJ,3
E202,aadE,2
E202,adeK,1
E202,adeL,2
E202,TriA,1
E202,ACC-5,1
E202,TriC,8
E202,adeR,19
E202,adeS,6
E202,TolC,56
E202,tetA(46),13
E202,catB10,1
E202,ceoB,17
E202,rosA,10
E202,rosB,37
E202,Staphylococcys,9
E202,Staphylococcus,1
E202,sdiA,25
E202,ompR,337
E202,salA,32
E202,OprA,2
E202,bcr-1,2
E202,sdeY,1
E202,patA,28
E202,catB3,1
E202,patB,1
E202,mecA,53
E202,mecB,9
E202,mecC,3
E202,mecD,3
E202,OprZ,2
E202,poxtA,38
E202,chloramphenicol_and_florfenicol_exporter,4
E202,TaeA,52
E202,MexJ,1
E202,MexK,10
E202,MexL,1
E202,MexS,6
E202,vatB,2
E202,vatC,1
E202,MexV,2
E202,vatG,1
E202,ermA,5
E202,ermB,6
E202,CMY-13,3
E202,ermE,6
E202,CMY-16,3
E202,CMY-99,1
E202,ermH,3
E202,truncated_putative_response_regulator_ArlR,217
E202,OXA-233,4
E202,ermO,4
E202,bacterial_regulatory_protein_LuxR,14
E202,ermS,1
E202,KPC-24,3
E202,efmA,1
E202,ermX,12
E202,tetB(48),8
E202,cmeB,39
E202,Staphylococcus_mupA_conferring_resistance_to_mupirocin,23
E202,floR,13
E202,srmB,43
E202,cystathionine_beta-lyase_patB,29
E202,major_facilitator_superfamily_transporter,83
E202,tet41,2
E202,tet43,12
E202,golS,1
E202,tet44,4
E202,MCR-1,4
E202,MCR-2,3
E202,MCR-3,2
E202,MCR-4,3
E202,MCR-5,2
E202,tolC,1
E202,OXA-663,5
E202,class_A,12
E202,PBP-2X,57
E202,tlcC,51
E202,class_C,33
E202,CMY-118,3
E202,cmlA1,6
E202,oprC,6
E202,OXA-74,4
E202,cmlA4,6
E202,cmlA5,6
E202,cmlA6,6
E202,oprJ,14
E202,smeB,10
E202,smeC,3
E202,oprM,27
E202,oprN,24
E202,smeF,9
E202,two-component_system_response_regulator_EvgA,5
E202,baeR,24
E202,dfrA12,66
E202,baeS,32
E202,dfrA13,5
E202,dfrA14,15
E202,dfrA15,12
E202,CRP,3
E202,dfrA17,14
E202,smeR,41
E202,smeS,30
E202,FOX,6
E202,QepA1,17
E202,QepA2,19
E202,KPC-1,3
E202,mexB,17
E202,KPC-3,1
E202,mexC,12
E202,mepA,27
E202,KPC-4,3
E202,mexD,100
E202,KPC-5,3
E202,mexE,7
E202,erm(38),3
E202,mexF,273
E202,thiostrepton_resistance_methylase_tsnR,1
E202,mexH,100
E202,mexI,20
E202,AxyY,3
E202,mexN,4
E202,tetB(60),15
E202,mexQ,2
E202,dfrA1,10
E202,dfrA3,10
E202,mexT,26
E202,dfrA5,7
E202,mexW,114
E202,dfrA7,7
E202,mexX,1
E202,dfrA8,4
E202,mexY,6
E202,PmrF,16
E202,PDC,21
E202,cfrC,4
E202,oqxB,3
E202,ICR-Mc,2
E202,MOX,2
E202,dfrC,5
E202,dfrD,4
E202,dfrE,4
E202,TRU-1,1
E202,dfrF,2
E202,dfrG,3
E202,CMY-63,3
E202,arnA,226
E202,CMY-64,3
E202,dfrK,5
E202,RbpA,3
E202,CMY-29,3
E202,OXA-240,5
E202,OXA-246,5
E202,tetA,61
E202,tetB,9
E202,tetC,3
E202,efrA,18
E202,efrB,17
E202,tetH,4
E202,lsa,282
E202,tetJ,2
E202,tetL,29
E202,tetM,168
E202,tetO,145
E202,tetP,95
E202,tetQ,78
E202,tetR,25
E202,MuxB,5
E202,tetS,12
E202,MuxC,4
E202,tetT,42
E202,tetV,21
E202,tetW,259
E202,tetX,26
E202,cmrA,1
E202,bicyclomycin-multidrug_efflux_protein_bcr,206
E202,qepA,73
E202,vanRI,41
E202,Streptococcus_agalactiae_mprF,1
E202,KPC,13
E202,carA,56
E202,myrA,2
E202,lrfA,17
E202,cAMP-regulatory_protein,54
E202,emrA,145
E202,amrB,19
E202,emrB,227
E202,emrD,25
E202,emrE,2
E202,OXA-368,5
E202,tcmA,129
E202,mdsB,5
E202,mdsC,2
E202,mel,21
E202,Pseudomonas_aeruginosa_emrE,2
E202,chrB,2
E202,tetA(48),61
E202,farA,2
E202,farB,1
E202,OCH,3
E202,AQU-1,1
E202,dfrA20,5
E202,opcM,26
E202,dfrA21,6
E202,dfrA22,5
E202,MCR-1.2,4
E202,MCR-1.3,2
E202,YojI,10
E202,MCR-1.4,2
E202,dfrA25,2
E202,MCR-1.5,2
E202,MCR-1.6,2
E202,MCR-1.7,2
E202,MCR-1.8,2
E202,dfrA29,2
E202,mtrA,60
E202,MCR-1.9,2
E202,mtrD,3
E202,pmrA,8
E202,lmrA,20
E202,lmrB,66
E202,lmrC,21
E202,lmrD,18
E202,NmcR,2
E202,erm(39),1
E202,erm(31),1
E202,bcrA,1815
E202,tap,2
E202,tet(K),8
E202,dfrB1,6
E202,dfrB2,2
E202,dfrB3,1
E202,multidrug_ABC_transporter,1997
E202,dfrA2d,1
E202,dfrB6,1
E202,PvrR,12
E202,cipA,4
E202,otrA,18
E202,otrC,26
E202,arr-4,6
E202,arr-5,6
E202,arr-7,6
E202,arr-8,6
E202,marR,25
E202,vanA,93
E202,vanB,139
E202,vanC,36
E202,vanD,109
E202,vanE,4
E202,vanG,10
E202,vanH,145
E202,vanI,10
E202,vanJ,1
E202,vanL,2
E202,CMY-77,3
E202,vanM,5
E202,vanN,7
E202,optrA,46
E202,vanR,1092
E202,OXA-251,5
E202,vanS,291
E202,vanT,23
E202,vanW,21
E202,OXA-256,5
E202,ugd,5
E202,vanX,20
E202,vanY,3
E202,vanZ,7
E202,acrA,20
E202,acrB,99
E202,tet(W/N/W),5
E202,acrD,4
E202,acrF,1
E202,norB,22
E202,cpxA,19
E202,tetB(46),1
E202,sul1,24
E202,sul2,190
E202,sul3,4
E202,sul4,13
E202,ykkC,16
E202,ykkD,8
E202,MCR-1.10,2
E202,MCR-1.11,2
E202,MCR-1.12,2
E202,MCR-1.13,2
E202,vanKI,1
E202,kasugamycin_resistance_protein_ksgA,129
E202,rpoB2,21
E202,tetA(60),17
E202,cob(I)alamin_adenolsyltransferase,50
E202,cat_chloramphenicol_acetyltransferase,2
E202,rifampin_monooxygenase,62
E202,oleB,52
E202,oleC,62
E202,antibiotic_resistance_rRNA_adenine_methyltransferase,6
E202,oleI,1
E202,eptA,4
E202,tcr3,7
E202,Erm(37),1
E202,mphE,1
E202,Burkholderia_pseudomallei_Omp38,2
E202,LpeA,2
E202,LpeB,6
E202,mdtA,25
E202,mdtB,237
E202,mdtC,192
E202,mdtD,139
E202,mdtE,4
E202,mdtF,15
E202,mdtH,3
E202,Salmonella,6
E202,mdtK,25
E202,mdtM,20
E205,aph(3'')-I,4
E205,OXA,223
E205,CMY-132,6
E205,chloramphenicol_and_florfenicol_resistance,16
E205,CMY-133,9
E205,OXA-10,9
E205,OXA-11,8
E205,bacA,647
E205,OXA-14,8
E205,chloramphenicol_exporter,95
E205,OXA-16,8
E205,OXA-17,5
E205,AER-1,1
E205,ANT(2'')-Ia,1
E205,basS,36
E205,mycinamicin-resistance_protein_myrB,2
E205,EdeQ,1
E205,kdpE,48
E205,lsaA,1
E205,lsaC,20
E205,TEM-171,3
E205,lsaE,30
E205,ADP-ribosylating_transferase_arr,5
E205,OXA-454,9
E205,OXA-142,4
E205,aadA13,1
E205,OpmB,4
E205,OpmD,2
E205,tlrB_conferring_tylosin_resistance,4
E205,OpmH,4
E205,mefA,159
E205,erm(36),2
E205,mefC,4
E205,tet(L),4
E205,puromycin_resistance_protein,3
E205,abeM,7
E205,clbA,10
E205,clbB,16
E205,clbC,15
E205,abeS,11
E205,TEM-90,3
E205,AAC(6')-30/AAC(6')-Ib',2
E205,macA,453
E205,macB,7820
E205,rphA,11
E205,rphB,20
E205,TEM-17,1
E205,transcriptional_regulatory_protein_CpxR_cpxR,560
E205,qacG,40
E205,blt,1
E205,qacH,12
E205,Vibrio_cholerae_varG,1
E205,vgaA,250
E205,vgaB,58
E205,vgaD,49
E205,vgaE,42
E205,CMY-40,3
E205,lnuA,9
E205,lnuB,3
E205,lnuC,1
E205,CMY-46,9
E205,lnuD,1
E205,lnuE,1
E205,EmrB-QacA_family_major_facilitator_transporter,81
E205,TEM-215,3
E205,lnuF,1
E205,lnuG,1
E205,TEM-217,6
E205,AAC(3)-Ib/AAC(6')-Ib'',2
E205,bpeF,24
E205,penA,850
E205,arlS,31
E205,efpA,3
E205,ADC-12,3
E205,Listeria_monocytogenes_mprF,1
E205,ADC-13,3
E205,VatI,3
E205,ADC-14,2
E205,ADC-15,1
E205,vanHB,22
E205,ErmB,4
E205,ADC-16,3
E205,ErmC,2
E205,ADC-17,3
E205,vanTG,19
E205,ADC-18,1
E205,ADC-19,3
E205,vanTrL,8
E205,TEM,45
E205,cdeA,6
E205,catB,61
E205,ErmT,3
E205,dfrA15b,6
E205,PBP-1A,486
E205,PBP-1B,133
E205,tet32,56
E205,tet34,9
E205,tet35,4
E205,tet36,30
E205,tet37,2
E205,tet39,2
E205,msrA,352
E205,SHV-97,5
E205,msrC,304
E205,msbA,60
E205,msrE,31
E205,ampC,13
E205,CTX-M-110,6
E205,CTX-M-38,6
E205,evgS,90
E205,CTX-M-113,4
E205,RTG-4,1
E205,adeA,3
E205,adeB,133
E205,adeC,35
E205,aadA,47
E205,adeF,4
E205,aadB,1
E205,adeG,1
E205,adeH,5
E205,adeI,7
E205,adeJ,22
E205,aadE,5
E205,adeK,9
E205,adeL,26
E205,aac(3)-I,23
E205,TriA,5
E205,ACC-5,1
E205,adeN,2
E205,TriC,16
E205,aadK,45
E205,adeR,42
E205,adeS,30
E205,TolC,371
E205,vanXYL,3
E205,tetA(46),39
E205,catB10,4
E205,CMY-108,9
E205,ceoB,19
E205,RlmA(II),3
E205,rosA,70
E205,rosB,467
E205,aph(2'')-III,1
E205,aph(3')-IIb,4
E205,Staphylococcys,6
E205,opmD,3
E205,Staphylococcus,1
E205,opmE,2
E205,ADC-2,3
E205,ADC-3,3
E205,ADC-4,1
E205,ADC-5,3
E205,ADC-6,1
E205,ompF,58
E205,ADC-7,3
E205,sdiA,50
E205,ompR,988
E205,salA,52
E205,ROB-1,1
E205,APH(6)-Id,1
E205,TEM-183,3
E205,CMX,19
E205,Acinetobacter_baumannii_ampC_beta-lactamase,3
E205,Erm(42),1
E205,TEM-105,3
E205,KLUY-2,2
E205,TEM-106,3
E205,KLUY-3,1
E205,TEM-148,3
E205,OprA,19
E205,aadA25,2
E205,Brucella_suis_mprF,2
E205,bcr-1,12
E205,mef(B),4
E205,sdeY,3
E205,DNA-binding_transcriptional_regulator_gadX,16
E205,gadW,1
E205,gadX,2
E205,patA,53
E205,catB3,3
E205,patB,14
E205,mecA,133
E205,mecB,6
E205,mecC,4
E205,mecD,3
E205,PC1,2
E205,aac(3)-Ib-aac(6')-Ib,2
E205,OprZ,11
E205,poxtA,80
E205,AAC(6')-Ib-cr,4
E205,SHV-103,5
E205,chloramphenicol_and_florfenicol_exporter,2
E205,SHV-104,5
E205,ANT(3'')-Ii-AAC(6')-IId,12
E205,bmr,2
E205,TaeA,91
E205,MexJ,6
E205,MexK,20
E205,MexL,3
E205,CTX-M-5,1
E205,vatA,1
E205,MexS,7
E205,vatB,27
E205,vatC,3
E205,MexV,2
E205,vatD,1
E205,vatE,12
E205,vatF,3
E205,vatG,4
E205,MexZ,2
E205,CMY-12,3
E205,ermA,9
E205,CMY-13,12
E205,ermB,16
E205,CMY-55,9
E205,CMY-14,3
E205,ermC,15
E205,ereA,30
E205,CMY-56,6
E205,CMY-15,3
E205,ereB,6
E205,CMY-16,3
E205,ermE,2
E205,CMY-99,3
E205,ermF,14
E205,ermG,5
E205,Mrx,1
E205,truncated_putative_response_regulator_ArlR,450
E205,OXA-233,5
E205,bacterial_regulatory_protein_LuxR,23
E205,efmA,1
E205,ermT,9
E205,CMY-2,5
E205,CMY-4,3
E205,CMY-5,6
E205,CMY-6,3
E205,CMY-7,3
E205,vanYA,5
E205,ADC-20,3
E205,ADC-21,3
E205,ADC-22,3
E205,ADC-23,2
E205,ADC-25,3
E205,cmeB,156
E205,Staphylococcus_mupA_conferring_resistance_to_mupirocin,45
E205,floR,41
E205,srmB,79
E205,ant(2'')-I,3
E205,cystathionine_beta-lyase_patB,133
E205,major_facilitator_superfamily_transporter,60
E205,tet40,3
E205,tet41,2
E205,golS,12
E205,tet44,18
E205,MCR-1,22
E205,MCR-2,11
E205,MCR-3,11
E205,MCR-4,11
E205,MCR-5,9
E205,tolC,5
E205,OXA-663,9
E205,CTX-M-84,3
E205,class_A,47
E205,LlmA_23S_ribosomal_RNA_methyltransferase,4
E205,CTX-M-160,2
E205,PBP-2X,97
E205,emeA,1
E205,tlcC,67
E205,class_C,67
E205,CTX-M-48,4
E205,CTX-M-121,2
E205,CTX-M-122,6
E205,APH(3')-Ia,1
E205,CTX-M-125,6
E205,linG,1
E205,mdfA,101
E205,aac(6')-I,17
E205,CMY-118,13
E205,CMY-119,6
E205,aac(6')-30-aac(6')-Ib',1
E205,cmlA1,10
E205,oprA,15
E205,OXA-74,5
E205,oprC,12
E205,ANT(6)-Ia,2
E205,cmlA4,10
E205,cmlA5,10
E205,cmlA6,10
E205,oprJ,127
E205,smeB,21
E205,LEN,11
E205,smeC,16
E205,smeD,5
E205,oprM,250
E205,smeE,36
E205,oprN,145
E205,smeF,100
E205,two-component_system_response_regulator_EvgA,4
E205,baeR,75
E205,dfrA12,197
E205,baeS,75
E205,dfrA13,12
E205,dfrA14,34
E205,dfrA15,11
E205,CRP,6
E205,dfrA17,10
E205,smeR,62
E205,smeS,64
E205,TEM-150,3
E205,TEM-110,3
E205,TEM-196,3
E205,TEM-156,1
E205,ant(3'')-Ih-aac(6')-IId,3
E205,QepA1,2
E205,CfxA2,11
E205,QepA2,2
E205,CfxA3,1
E205,mexA,138
E205,mexB,115
E205,mexC,23
E205,CfxA6,1
E205,mepA,245
E205,mexD,307
E205,mexE,332
E205,mexF,348
E205,erm(34),1
E205,mexG,1
E205,mexH,25
E205,mexI,19
E205,AxyX,1
E205,AxyY,4
E205,abcA,2
E205,mexM,1
E205,mexN,13
E205,tetB(60),43
E205,mexQ,6
E205,dfrA1,48
E205,dfrA3,24
E205,mexT,74
E205,dfrA5,15
E205,AAC(6')-Ib10,3
E205,VEB-1b,3
E205,mexW,135
E205,mexX,96
E205,dfrA8,10
E205,mexY,3
E205,AcrE,3
E205,AcrF,6
E205,PmrF,16
E205,cfrC,16
E205,TEM-33,3
E205,oqxA,4
E205,TEM-34,3
E205,oqxB,10
E205,AcrS,5
E205,ICR-Mc,11
E205,OKP-B,11
E205,Moraxella_catarrhalis_M35,2
E205,ramA,2
E205,dfrC,19
E205,dfrD,12
E205,dfrE,16
E205,dfrF,9
E205,CMY-60,3
E205,dfrG,12
E205,CMY-61,4
E205,CMY-20,9
E205,CMY-21,6
E205,CMY-63,9
E205,arnA,582
E205,CMY-64,6
E205,dfrK,14
E205,CMY-28,4
E205,RbpA,2
E205,CMY-29,6
E205,OXA-240,9
E205,OXA-246,9
E205,tetA,110
E205,tetB,50
E205,tetC,4
E205,tetD,6
E205,efrA,49
E205,efrB,36
E205,tetH,5
E205,fusC,1
E205,lsa,538
E205,tetJ,2
E205,tetL,17
E205,tetM,372
E205,tetO,184
E205,tetP,206
E205,tetQ,175
E205,MuxA,2
E205,tetR,259
E205,MuxB,6
E205,tetS,31
E205,MuxC,19
E205,tetT,104
E205,tetV,7
E205,tetW,748
E205,ADC-75,3
E205,tetX,2
E205,Bacillus_subtilis_mprF,1
E205,cmrA,9
E205,ADC-76,1
E205,ADC-77,3
E205,bicyclomycin-multidrug_efflux_protein_bcr,371
E205,ADC-79,3
E205,tet(40),1
E205,ADC-39,3
E205,qepA,8
E205,vanRI,78
E205,Serratia_marcescens_Omp1,2
E205,Klebsiella_pneumoniae_OmpK36,2
E205,Klebsiella_pneumoniae_OmpK37,2
E205,Streptococcus_agalactiae_mprF,1
E205,porin_OmpC,3
E205,carA,97
E205,DNA-binding_protein_H-NS,5
E205,carO,1
E205,myrA,5
E205,AAC(6')-Ib',1
E205,hmrM,3
E205,lrfA,2
E205,SHV-76,5
E205,Bacillus_Cluster_B_intrinsic_mph,2
E205,APH(3')-IIa,1
E205,cAMP-regulatory_protein,106
E205,mecR1,44
E205,AAC(6')-Ib4,1
E205,NPS-1,1
E205,AAC(6')-Ib7,5
E205,emrA,367
E205,CTX-M-13,4
E205,AAC(6')-Ib8,5
E205,amrB,35
E205,emrB,329
E205,AAC(6')-Ib9,3
E205,CTX-M-14,5
E205,emrD,76
E205,CTX-M-130,6
E205,emrE,166
E205,CTX-M-17,2
E205,OXA-368,5
E205,CTX-M-134,2
E205,emrK,64
E205,tcmA,2
E205,mdsB,3
E205,mdsC,14
E205,ACI-1,1
E205,emrR,1
E205,VEB-1,6
E205,VEB-2,3
E205,VEB-3,3
E205,VEB-4,3
E205,VEB-5,3
E205,emrY,1
E205,VEB-6,3
E205,VEB-7,4
E205,VEB-8,3
E205,VEB-9,2
E205,mel,35
E205,hp1181,9
E205,aad(6),2
E205,Pseudomonas_aeruginosa_emrE,11
E205,chrB,5
E205,tetA(48),102
E205,LRA,3
E205,farA,5
E205,farB,5
E205,MdtK,2
E205,dfrA20,13
E205,opcM,57
E205,dfrA21,18
E205,dfrA22,20
E205,MCR-1.2,22
E205,MCR-1.3,11
E205,MCR-1.4,11
E205,dfrA24,2
E205,YojI,26
E205,MCR-1.5,11
E205,dfrA25,10
E205,MCR-1.6,11
E205,MCR-1.7,11
E205,MCR-1.8,11
E205,dfrA29,8
E205,MCR-1.9,11
E205,mtrA,110
E205,blaR1,8
E205,mtrC,2
E205,mtrD,11
E205,mtrE,239
E205,lmrB,135
E205,Erm(44),2
E205,lmrC,80
E205,lmrD,67
E205,NmcR,17
E205,mtrR,101
E205,LCR-1,2
E205,lmrP,1
E205,CTX-M,37
E205,erm(35),1
E205,blaI,5
E205,bcrA,4174
E205,bcrC,4
E205,tet(K),3
E205,multidrug_ABC_transporter,5179
E205,BUT-1,1
E205,omp36,8
E205,PvrR,45
E205,cipA,4
E205,marA,2
E205,otrA,22
E205,otrC,23
E205,arr-4,1
E205,arr-5,1
E205,Clostridium_perfringens_mprF,1
E205,arr-7,1
E205,arr-8,1
E205,PER,8
E205,Bacillus_Cluster_A_intrinsic_mph,1
E205,marR,230
E205,CARB,3
E205,aph(6)-I,32
E205,aph(3')-I,17
E205,vanA,152
E205,vanB,104
E205,vanC,85
E205,vanD,336
E205,vanE,17
E205,vanG,70
E205,vanH,437
E205,vanI,16
E205,CMY-34,4
E205,CMY-35,3
E205,aph(3')-V,3
E205,vanL,5
E205,CMY-77,4
E205,vanM,5
E205,vanN,9
E205,TEM-206,3
E205,optrA,87
E205,OXA-251,9
E205,vanR,2579
E205,vanS,930
E205,vanT,60
E205,vanU,5
E205,OXA-256,9
E205,vanW,7
E205,ugd,15
E205,vanX,25
E205,vanY,102
E205,acrA,300
E205,acrB,826
E205,tet(W/N/W),19
E205,acrD,2
E205,acrF,6
E205,norA,19
E205,norB,36
E205,cpxA,42
E205,ADC-80,2
E205,tetB(46),32
E205,sul1,29
E205,ADC-41,3
E205,sul2,293
E205,ADC-42,1
E205,sul3,26
E205,ADC-43,3
E205,sul4,18
E205,ykkC,70
E205,ADC-44,3
E205,ykkD,34
E205,MCR-1.10,11
E205,MCR-1.11,11
E205,vanWI,1
E205,MCR-1.12,11
E205,MCR-1.13,11
E205,kasugamycin_resistance_protein_ksgA,336
E205,rpoB2,47
E205,tetA(60),32
E205,cob(I)alamin_adenolsyltransferase,175
E205,cat_chloramphenicol_acetyltransferase,14
E205,TLA-1,1
E205,rifampin_monooxygenase,45
E205,TLA-2,1
E205,TLA-3,1
E205,TEM-1,3
E205,oleB,72
E205,oleC,69
E205,antibiotic_resistance_rRNA_adenine_methyltransferase,10
E205,SHV-41,5
E205,eptA,14
E205,mphA,18
E205,CTX-M-21,2
E205,mphB,2
E205,mphC,12
E205,mphD,3
E205,CTX-M-24,6
E205,mphE,1
E205,CTX-M-67,6
E205,mphG,3
E205,Burkholderia_pseudomallei_Omp38,8
E205,mphI,3
E205,LpeB,5
E205,mdtA,216
E205,mdtB,419
E205,mdtC,387
E205,mdtD,187
E205,mdtE,57
E205,mdtF,101
E205,Escherichia_coli_LamB,1
E205,mdtG,26
E205,mdtH,26
E205,Salmonella,10
E205,mdtK,452
E205,mdtL,58
E205,mdtM,26
E205,mdtN,75
E205,mdtO,25
E205,mdtP,106
E209,OXA,44
E209,CMY-132,3
E209,chloramphenicol_and_florfenicol_resistance,4
E209,OXA-10,2
E209,bacA,175
E209,OXA-11,1
E209,chloramphenicol_exporter,10
E209,OXA-14,1
E209,OXA-16,2
E209,OXA-17,1
E209,basS,13
E209,kdpE,6
E209,lsaC,7
E209,lsaE,13
E209,OXA-454,2
E209,OXA-140,4
E209,OXA-142,1
E209,OpmH,3
E209,tet(L),2
E209,puromycin_resistance_protein,1
E209,catII,2
E209,clbA,2
E209,clbB,3
E209,clbC,4
E209,abeS,1
E209,macA,63
E209,macB,2201
E209,rphA,2
E209,rphB,2
E209,transcriptional_regulatory_protein_CpxR_cpxR,126
E209,qacG,4
E209,blt,2
E209,qacH,1
E209,vgaA,108
E209,vgaB,27
E209,vgaD,16
E209,vgaE,23
E209,EmrB-QacA_family_major_facilitator_transporter,25
E209,OXA-224,4
E209,bpeF,15
E209,penA,271
E209,arlS,8
E209,efpA,2
E209,ADC-12,1
E209,VatI,6
E209,vanHB,2
E209,ErmB,2
E209,vanTG,9
E209,vanXI,1
E209,ADC-18,1
E209,vanTrL,7
E209,catA,10
E209,catB,13
E209,catD,2
E209,PBP-1A,137
E209,PBP-1B,43
E209,tet32,24
E209,tet36,11
E209,tet39,4
E209,msrA,171
E209,msrC,116
E209,msbA,20
E209,msrE,14
E209,Erm(30),1
E209,ampC,16
E209,CTX-M-111,2
E209,CTX-M-38,2
E209,CTX-M-112,2
E209,evgS,35
E209,adeB,26
E209,adeC,5
E209,adeF,2
E209,adeH,2
E209,adeI,1
E209,adeJ,3
E209,adeK,1
E209,adeL,4
E209,TriA,4
E209,TriB,1
E209,TriC,8
E209,adeR,9
E209,adeS,8
E209,TolC,117
E209,tetA(46),6
E209,catB10,1
E209,ceoB,9
E209,rosA,10
E209,rosB,116
E209,Staphylococcys,2
E209,ompR,238
E209,salA,18
E209,Acinetobacter_baumannii_ampC_beta-lactamase,1
E209,OprA,2
E209,bcr-1,3
E209,patA,27
E209,catB3,1
E209,mecA,118
E209,mecB,5
E209,mecC,4
E209,mecD,4
E209,AAC(6')-Ie-APH(2'')-Ia,3
E209,poxtA,31
E209,chloramphenicol_and_florfenicol_exporter,3
E209,TaeA,36
E209,MexJ,2
E209,MexK,11
E209,MexS,3
E209,vatA,3
E209,vatB,30
E209,vatC,6
E209,MexV,5
E209,vatD,4
E209,vatE,18
E209,vatF,5
E209,vatG,5
E209,CMY-53,3
E209,ermB,1
E209,CMY-95,1
E209,CMY-54,3
E209,ermC,1
E209,ereA,10
E209,ereB,2
E209,ermE,1
E209,CMY-99,3
E209,CMY-17,3
E209,truncated_putative_response_regulator_ArlR,88
E209,SRT-1,1
E209,SRT-2,2
E209,bacterial_regulatory_protein_LuxR,10
E209,ADC-20,1
E209,ADC-21,1
E209,ADC-23,1
E209,cmeB,162
E209,Staphylococcus_mupA_conferring_resistance_to_mupirocin,15
E209,floR,81
E209,srmB,27
E209,cystathionine_beta-lyase_patB,12
E209,major_facilitator_superfamily_transporter,19
E209,tet41,5
E209,tet44,6
E209,MCR-1,2
E209,MCR-2,1
E209,MCR-3,1
E209,MCR-4,1
E209,MCR-5,1
E209,OXA-663,1
E209,CTX-M-81,2
E209,OXA-392,2
E209,class_A,36
E209,LlmA_23S_ribosomal_RNA_methyltransferase,1
E209,CTX-M-44,1
E209,PBP-2X,32
E209,CTX-M-160,2
E209,tlcC,27
E209,class_C,41
E209,CTX-M-47,2
E209,CTX-M-48,1
E209,CTX-M-121,2
E209,CTX-M-49,2
E209,CTX-M-122,4
E209,mdfA,29
E209,aac(6')-I,2
E209,CMY-118,3
E209,MvaT,1
E209,OXA-31,4
E209,oprA,8
E209,cmlA1,6
E209,OXA-33,4
E209,oprC,4
E209,cmlA4,6
E209,cmlA5,6
E209,cmlA6,6
E209,AAC(6')-34,1
E209,oprJ,11
E209,smeB,5
E209,smeC,1
E209,oprM,27
E209,oprN,48
E209,smeF,4
E209,two-component_system_response_regulator_EvgA,5
E209,baeR,14
E209,dfrA12,74
E209,baeS,31
E209,dfrA13,7
E209,dfrA14,2
E209,CRP,2
E209,dfrA17,1
E209,smeR,15
E209,smeS,18
E209,QepA1,1
E209,QepA2,1
E209,mexB,6
E209,mexC,2
E209,mexD,90
E209,mexE,86
E209,mexF,227
E209,mexH,147
E209,mexI,33
E209,AxyY,2
E209,mexN,5
E209,tetB(60),5
E209,dfrA1,3
E209,dfrA3,7
E209,mexT,34
E209,mexW,150
E209,dfrA7,3
E209,mexX,34
E209,dfrA8,5
E209,mexY,3
E209,AcrE,1
E209,AcrF,1
E209,PmrF,7
E209,cfrC,4
E209,oqxA,1
E209,oqxB,8
E209,ICR-Mc,1
E209,DHA,2
E209,dfrC,7
E209,dfrD,1
E209,dfrE,2
E209,dfrF,4
E209,dfrG,1
E209,arnA,351
E209,dfrK,2
E209,ACT,31
E209,CMY-69,3
E209,CMY-29,3
E209,OXA-240,1
E209,OXA-246,2
E209,tetA,142
E209,tetB,11
E209,tetC,8
E209,efrA,5
E209,efrB,2
E209,lsa,183
E209,tetL,5
E209,tetM,227
E209,tetO,32
E209,tetP,89
E209,tetQ,40
E209,MuxA,1
E209,MuxB,8
E209,tetS,9
E209,MuxC,6
E209,tetT,46
E209,tetW,184
E209,ADC-74,1
E209,tetX,25
E209,bicyclomycin-multidrug_efflux_protein_bcr,56
E209,qepA,8
E209,ADC-39,1
E209,vanRI,10
E209,carA,34
E209,cAMP-regulatory_protein,36
E209,mecR1,8
E209,CTX-M-90,2
E209,CTX-M-50,2
E209,CTX-M-51,2
E209,OXA-320,4
E209,emrA,50
E209,amrB,17
E209,emrB,88
E209,emrD,28
E209,CTX-M-130,4
E209,CTX-M-98,2
E209,emrE,16
E209,tcmA,14
E209,mdsB,6
E209,mdsC,2
E209,mel,17
E209,hp1181,2
E209,Pseudomonas_aeruginosa_emrE,1
E209,tetA(48),25
E209,LRA,1
E209,farB,1
E209,OXA-47,2
E209,dfrA20,6
E209,opcM,13
E209,dfrA21,7
E209,dfrA22,7
E209,MCR-1.2,2
E209,MCR-1.3,1
E209,YojI,3
E209,MCR-1.4,1
E209,MCR-1.5,1
E209,MCR-1.6,1
E209,MCR-1.7,1
E209,MCR-1.8,1
E209,mtrA,24
E209,MCR-1.9,1
E209,mtrD,2
E209,lmrC,9
E209,lmrD,8
E209,NmcR,1
E209,pgpB,1
E209,CTX-M,13
E209,bcrA,1162
E209,tet(K),2
E209,dfrB1,9
E209,dfrB2,8
E209,dfrB3,4
E209,multidrug_ABC_transporter,913
E209,dfrA2d,3
E209,dfrB6,4
E209,PvrR,7
E209,cipA,1
E209,otrA,12
E209,otrC,4
E209,marR,25
E209,vanA,35
E209,vanB,52
E209,vanC,34
E209,vanD,84
E209,vanE,11
E209,vanG,24
E209,vanH,86
E209,vanI,2
E209,vanL,2
E209,vanM,3
E209,vanN,7
E209,optrA,36
E209,vanR,513
E209,OXA-251,1
E209,vanS,259
E209,vanT,26
E209,vanW,15
E209,OXA-256,1
E209,ugd,3
E209,vanX,45
E209,vanY,5
E209,OXA-1,4
E209,OXA-4,4
E209,acrA,10
E209,acrB,53
E209,tet(W/N/W),5
E209,acrD,4
E209,norA,1
E209,norB,9
E209,cpxA,4
E209,tetB(46),5
E209,ADC-81,1
E209,ADC-41,1
E209,sul2,164
E209,ADC-42,1
E209,sul3,8
E209,sul4,7
E209,ykkC,16
E209,ykkD,12
E209,MCR-1.10,1
E209,MCR-1.11,1
E209,MCR-1.12,1
E209,MCR-1.13,1
E209,kasugamycin_resistance_protein_ksgA,225
E209,rpoB2,17
E209,tetA(60),11
E209,cat_chloramphenicol_acetyltransferase,10
E209,rifampin_monooxygenase,15
E209,bifunctional_aminoglycoside_N-acetyltransferase_and_aminoglycoside_phosphotransferase,2
E209,oleB,32
E209,oleC,29
E209,Enterococcus,2
E209,antibiotic_resistance_rRNA_adenine_methyltransferase,4
E209,aac(6')-II,2
E209,eptA,1
E209,CTX-M-65,4
E209,CTX-M-24,3
E209,CTX-M-67,2
E209,Burkholderia_pseudomallei_Omp38,1
E209,CTX-M-141,1
E209,CTX-M-105,2
E209,LpeB,13
E209,CTX-M-148,4
E209,mdtA,53
E209,mdtB,76
E209,mdtC,195
E209,mdtE,3
E209,mdtF,49
E209,mdtG,14
E209,Salmonella,6
E209,mdtK,109
E209,mdtM,40
E321,aph(3'')-I,4
E321,OXA,151
E321,chloramphenicol_and_florfenicol_resistance,12
E321,OXA-10,7
E321,OXA-11,6
E321,bacA,632
E321,OXA-14,6
E321,chloramphenicol_exporter,83
E321,OXA-16,6
E321,OXA-17,5
E321,basS,46
E321,mycinamicin-resistance_protein_myrB,1
E321,kdpE,50
E321,lsaC,16
E321,lsaE,29
E321,ADP-ribosylating_transferase_arr,5
E321,OXA-454,6
E321,OXA-142,4
E321,OpmB,4
E321,OpmD,1
E321,tlrB_conferring_tylosin_resistance,2
E321,OpmH,3
E321,mefA,127
E321,erm(36),3
E321,mefC,2
E321,mefE,1
E321,tet(L),2
E321,puromycin_resistance_protein,3
E321,abeM,7
E321,catII,1
E321,clbA,8
E321,clbB,11
E321,clbC,10
E321,abeS,11
E321,qacA,2
E321,macA,282
E321,qacB,7
E321,macB,6182
E321,rphA,9
E321,rphB,14
E321,transcriptional_regulatory_protein_CpxR_cpxR,513
E321,qacG,44
E321,blt,2
E321,qacH,13
E321,vgaA,214
E321,vgaB,51
E321,vgaD,46
E321,vgaE,49
E321,lnuA,9
E321,lnuC,1
E321,CMY-46,3
E321,lnuD,2
E321,EmrB-QacA_family_major_facilitator_transporter,74
E321,lnuE,1
E321,rpsD_(ramA_or_sud2),1
E321,bpeE,3
E321,bpeF,54
E321,penA,740
E321,arlS,35
E321,efpA,2
E321,plasmid-encoded,1
E321,fosB,4
E321,otr(B),2
E321,VatI,1
E321,vanHB,22
E321,cmlA,12
E321,ErmB,8
E321,ErmC,2
E321,vanTG,26
E321,vanXI,1
E321,vanTrL,12
E321,fosX,21
E321,cdeA,5
E321,catA,18
E321,catB,28
E321,ErmT,3
E321,catD,2
E321,catI,1
E321,dfrA15b,2
E321,PBP-1A,501
E321,PBP-1B,114
E321,tet32,88
E321,tet34,9
E321,tet35,3
E321,tet36,29
E321,tet37,4
E321,tet39,3
E321,msrA,420
E321,msrC,256
E321,msbA,48
E321,msrE,29
E321,Erm(30),1
E321,ampC,1
E321,Escherichia_coli_mdfA,1
E321,CTX-M-110,2
E321,CTX-M-38,2
E321,evgS,91
E321,CTX-M-113,2
E321,adeA,9
E321,adeB,124
E321,adeC,40
E321,adeF,7
E321,aadA,43
E321,adeG,1
E321,adeH,8
E321,adeI,7
E321,adeJ,18
E321,adeK,17
E321,adeL,20
E321,TriA,1
E321,adeN,2
E321,TriC,24
E321,adeR,47
E321,adeS,30
E321,TolC,306
E321,vanXYL,2
E321,tetA(46),29
E321,catB10,1
E321,CMY-108,3
E321,RlmA(II),1
E321,ceoB,47
E321,rosA,30
E321,rosB,392
E321,aph(3')-IIb,4
E321,Staphylococcys,7
E321,opmD,2
E321,Staphylococcus,2
E321,opmE,4
E321,ompF,74
E321,sdiA,25
E321,ompR,1042
E321,salA,47
E321,APH(6)-Id,1
E321,Erm(42),1
E321,KLUY-2,1
E321,OprA,17
E321,Brucella_suis_mprF,1
E321,bcr-1,9
E321,mef(B),3
E321,sdeY,2
E321,DNA-binding_transcriptional_regulator_gadX,24
E321,gadW,2
E321,gadX,3
E321,patA,43
E321,catB3,2
E321,patB,15
E321,mecA,239
E321,mecB,8
E321,mecC,9
E321,mecD,8
E321,mecI,1
E321,OprZ,9
E321,poxtA,71
E321,ANT(3'')-Ii-AAC(6')-IId,8
E321,bmr,1
E321,catIII,1
E321,TaeA,81
E321,MexJ,7
E321,MexK,27
E321,MexL,1
E321,CTX-M-5,1
E321,MexS,3
E321,vatA,2
E321,vatB,10
E321,vatC,3
E321,SPM-1,1
E321,vatD,2
E321,vatE,12
E321,vatF,3
E321,vatG,3
E321,MexZ,1
E321,CMY-53,1
E321,ermA,12
E321,CMY-13,3
E321,ermB,34
E321,ereA,10
E321,ermC,15
E321,ereB,2
E321,ermE,4
E321,ermF,14
E321,ermG,5
E321,truncated_putative_response_regulator_ArlR,482
E321,OXA-233,5
E321,SRT-1,1
E321,SRT-2,2
E321,bacterial_regulatory_protein_LuxR,18
E321,efmA,1
E321,ermT,9
E321,tetB(48),1
E321,vanYA,2
E321,cmeA,2
E321,cmeB,419
E321,cmeC,2
E321,Staphylococcus_mupA_conferring_resistance_to_mupirocin,47
E321,floR,22
E321,srmB,60
E321,cystathionine_beta-lyase_patB,141
E321,major_facilitator_superfamily_transporter,63
E321,tet40,3
E321,tet41,3
E321,golS,7
E321,tet44,21
E321,MCR-1,14
E321,MCR-2,7
E321,MCR-3,7
E321,MCR-4,8
E321,MCR-5,9
E321,tolC,2
E321,OXA-663,7
E321,OXA-392,2
E321,CTX-M-84,2
E321,class_A,54
E321,LlmA_23S_ribosomal_RNA_methyltransferase,3
E321,PBP-2X,120
E321,tlcC,61
E321,class_C,39
E321,CTX-M-48,2
E321,CTX-M-122,2
E321,APH(3')-Ia,1
E321,CTX-M-125,2
E321,mdfA,131
E321,CMY-118,3
E321,cmlA1,11
E321,oprA,26
E321,OXA-74,5
E321,oprC,15
E321,cmlA4,10
E321,cmlA5,11
E321,cmlA6,11
E321,oprJ,135
E321,smeB,7
E321,smeC,14
E321,smeD,4
E321,oprM,274
E321,smeE,18
E321,oprN,204
E321,smeF,96
E321,two-component_system_response_regulator_EvgA,5
E321,baeR,64
E321,dfrA12,88
E321,baeS,68
E321,dfrA13,6
E321,dfrA14,13
E321,dfrA15,2
E321,TUS-1,1
E321,CRP,4
E321,dfrA17,7
E321,smeR,57
E321,smeS,59
E321,Erm(47),1
E321,ant(3'')-Ih-aac(6')-IId,3
E321,QepA1,3
E321,CfxA2,40
E321,QepA2,3
E321,CfxA3,3
E321,mexA,104
E321,mexB,99
E321,CfxA6,4
E321,mexC,41
E321,mepA,159
E321,mexD,174
E321,mexE,414
E321,mexF,565
E321,thiostrepton_resistance_methylase_tsnR,1
E321,erm(34),2
E321,mexG,2
E321,mexH,25
E321,aadA9,1
E321,mexI,25
E321,AxyX,1
E321,AxyY,4
E321,abcA,1
E321,mexN,13
E321,tetB(60),28
E321,mexP,2
E321,mexQ,9
E321,dfrA1,20
E321,dfrA3,14
E321,mexT,70
E321,dfrA5,8
E321,mexW,172
E321,VEB-1b,5
E321,mexX,133
E321,dfrA8,5
E321,mexY,6
E321,AcrE,3
E321,AcrF,8
E321,PmrF,18
E321,cfrC,12
E321,oqxA,7
E321,oqxB,9
E321,AcrS,2
E321,ICR-Mc,8
E321,Moraxella_catarrhalis_M35,1
E321,ramA,1
E321,dfrC,9
E321,dfrD,9
E321,dfrE,7
E321,dfrF,3
E321,dfrG,11
E321,CMY-63,3
E321,Escherichia_coli_mipA,1
E321,arnA,508
E321,CMY-64,3
E321,dfrK,11
E321,OXA-240,7
E321,OXA-246,7
E321,tetA,123
E321,tetB,30
E321,tetC,6
E321,tetD,2
E321,efrA,49
E321,efrB,27
E321,lsa,593
E321,tetL,6
E321,tetM,356
E321,tetO,222
E321,tetP,187
E321,tetQ,144
E321,MuxA,1
E321,tetR,110
E321,MuxB,11
E321,tetS,34
E321,MuxC,23
E321,tetT,86
E321,tetW,809
E321,cmrA,8
E321,bicyclomycin-multidrug_efflux_protein_bcr,391
E321,tet(40),1
E321,qepA,12
E321,vanRI,79
E321,Serratia_marcescens_Omp1,2
E321,Klebsiella_pneumoniae_OmpK36,2
E321,Klebsiella_pneumoniae_OmpK37,1
E321,porin_OmpC,1
E321,carA,81
E321,DNA-binding_protein_H-NS,5
E321,myrA,2
E321,hmrM,3
E321,lrfA,4
E321,Bacillus_Cluster_B_intrinsic_mph,1
E321,APH(3')-IIa,1
E321,cAMP-regulatory_protein,72
E321,mecR1,39
E321,OXA-320,2
E321,emrA,207
E321,amrB,74
E321,emrB,220
E321,CTX-M-14,2
E321,emrD,58
E321,CTX-M-130,2
E321,emrE,142
E321,CTX-M-17,2
E321,OXA-368,5
E321,emrK,2
E321,tcmA,12
E321,mdsA,3
E321,mdsB,9
E321,mdsC,12
E321,emrR,1
E321,VEB-1,9
E321,VEB-2,5
E321,VEB-3,5
E321,VEB-4,5
E321,VEB-5,5
E321,emrY,3
E321,VEB-6,5
E321,VEB-7,6
E321,VEB-8,5
E321,VEB-9,3
E321,mel,38
E321,ANT(3'')-IIa,1
E321,ANT(3'')-IIb,1
E321,hp1181,11
E321,ANT(3'')-IIc,1
E321,Pseudomonas_aeruginosa_emrE,11
E321,chrB,2
E321,tetA(48),73
E321,LRA,1
E321,farA,1
E321,AQU-1,1
E321,OXA-47,2
E321,MdtK,2
E321,dfrA20,10
E321,opcM,146
E321,dfrA21,9
E321,dfrA22,10
E321,MCR-1.2,14
E321,MCR-1.3,7
E321,MCR-1.4,7
E321,dfrA24,1
E321,YojI,22
E321,MCR-1.5,7
E321,dfrA25,5
E321,MCR-1.6,7
E321,MCR-1.7,7
E321,MCR-1.8,7
E321,MCR-1.9,7
E321,dfrA29,3
E321,mtrA,112
E321,blaR1,8
E321,mtrC,1
E321,mtrD,9
E321,mtrE,151
E321,lmrB,104
E321,Erm(44),3
E321,lmrC,47
E321,lmrD,38
E321,NmcR,4
E321,LCR-1,1
E321,mtrR,33
E321,PEDO-3,1
E321,lmrP,1
E321,CTX-M,15
E321,erm(35),1
E321,erm(31),1
E321,blaI,4
E321,bcrA,3259
E321,bcrC,2
E321,dfrB1,3
E321,multidrug_ABC_transporter,3359
E321,omp36,5
E321,PvrR,34
E321,cipA,2
E321,marA,1
E321,otrA,29
E321,otrC,16
E321,arr-4,1
E321,arr-5,1
E321,arr-7,1
E321,arr-8,1
E321,PER,22
E321,marR,123
E321,aph(6)-I,25
E321,aph(3')-I,16
E321,vanA,153
E321,vanB,155
E321,vanC,67
E321,vanD,306
E321,vanE,25
E321,vanG,76
E321,vanH,445
E321,vanI,11
E321,CMY-35,3
E321,aph(3')-V,3
E321,vanL,6
E321,CMY-77,3
E321,vanM,6
E321,vanN,8
E321,optrA,85
E321,OXA-251,7
E321,vanR,2688
E321,vanS,1059
E321,vanT,62
E321,vanU,3
E321,OXA-256,7
E321,ugd,7
E321,vanX,59
E321,vanY,67
E321,OXA-1,2
E321,vanZ,7
E321,OXA-4,2
E321,acrA,199
E321,acrB,677
E321,tet(W/N/W),17
E321,acrD,8
E321,acrF,8
E321,cpxA,33
E321,tetB(46),25
E321,sul1,33
E321,sul2,165
E321,sul3,16
E321,sul4,14
E321,ykkC,52
E321,ykkD,22
E321,vanSD,1
E321,MCR-1.10,7
E321,MCR-1.11,7
E321,vanWI,1
E321,MCR-1.12,7
E321,MCR-1.13,7
E321,vanTmL,1
E321,kasugamycin_resistance_protein_ksgA,440
E321,rpoB2,58
E321,tetA(60),14
E321,cob(I)alamin_adenolsyltransferase,201
E321,cat_chloramphenicol_acetyltransferase,13
E321,TLA-1,5
E321,rifampin_monooxygenase,28
E321,TLA-2,3
E321,TLA-3,5
E321,oleB,67
E321,oleC,53
E321,antibiotic_resistance_rRNA_adenine_methyltransferase,9
E321,eptA,10
E321,Erm(37),1
E321,mphA,6
E321,tcr3,3
E321,mphC,3
E321,mphD,1
E321,CTX-M-24,2
E321,mphE,1
E321,CTX-M-67,2
E321,mphG,1
E321,Burkholderia_pseudomallei_Omp38,11
E321,mphI,1
E321,LpeB,6
E321,mdtA,252
E321,mdtB,498
E321,mdtC,595
E321,mdtD,179
E321,mdtE,78
E321,mdtF,140
E321,Escherichia_coli_LamB,2
E321,mdtG,51
E321,mdtH,50
E321,Salmonella,10
E321,mdtK,359
E321,mdtL,25
E321,mdtN,78
E321,mdtO,25
E321,mdtP,100
E324,lrfA,1
E324,tetB(60),4
E324,dfrB6,2
E324,dfrA29,2
E324,erm(31),1
E324,qacA,2
E324,qacB,7
E324,tlcC,13
E324,vanTrL,1
E324,emrA,58
E324,mdtA,26
E324,qacG,4
E324,mdtB,78
E324,emrB,47
E324,Erm(44),1
E324,qacH,3
E324,mdtC,150
E324,mdtD,17
E324,MCR-1.2,4
E324,cpxA,1
E324,emrE,26
E324,mdtE,2
E324,patA,13
E324,MCR-1.3,2
E324,mdtF,25
E324,EmrB-QacA_family_major_facilitator_transporter,16
E324,MCR-1.4,2
E324,MCR-1.5,2
E324,MCR-1.6,2
E324,baeR,13
E324,poxtA,17
E324,MCR-1.7,2
E324,otr(B),1
E324,baeS,10
E324,tet41,2
E324,MCR-1.10,2
E324,MCR-1.8,2
E324,emrK,13
E324,NmcR,1
E324,mdtK,25
E324,MCR-1.11,2
E324,MCR-1.9,2
E324,mel,13
E324,MCR-1.12,2
E324,Pseudomonas_aeruginosa_emrE,2
E324,tet44,3
E324,MCR-1.13,2
E324,bcrA,489
E324,PBP-1A,46
E324,kasugamycin_resistance_protein_ksgA,101
E324,cat_chloramphenicol_acetyltransferase,1
E324,vanA,17
E324,PBP-1B,21
E324,vanB,25
E324,vanC,7
E324,vanD,20
E324,bpeF,8
E324,lmrA,2
E324,vanHB,1
E324,vanE,4
E324,lsa,42
E324,lmrC,4
E324,vanG,6
E324,vanH,15
E324,lmrD,6
E324,emrY,1
E324,vanI,1
E324,rpsD_(ramA_or_sud2),1
E324,vanL,2
E324,vanM,1
E324,vanN,4
E324,kdpE,7
E324,mecA,36
E324,msrA,100
E324,Burkholderia_pseudomallei_Omp38,1
E324,farB,1
E324,vanR,330
E324,mecB,1
E324,cipA,1
E324,norA,1
E324,otrA,2
E324,vanS,111
E324,mecC,1
E324,msrC,64
E324,AcrF,2
E324,norB,2
E324,vanT,2
E324,otrC,1
E324,dfrA2d,2
E324,msrE,6
E324,vatB,1
E324,vanX,21
E324,vanY,6
E324,evgS,16
E324,mexA,24
E324,acrA,16
E324,mexB,24
E324,cob(I)alamin_adenolsyltransferase,25
E324,acrB,78
E324,smeC,3
E324,mexD,84
E324,cmeB,43
E324,MCR-1,4
E324,smeE,3
E324,mexE,26
E324,dfrA12,65
E324,smeF,8
E324,MCR-2,2
E324,acrF,2
E324,mexF,107
E324,dfrA1,11
E324,dfrA13,4
E324,tolC,1
E324,Erm(37),1
E324,MCR-3,2
E324,tetA,27
E324,salA,14
E324,dfrA14,20
E324,oprA,4
E324,MCR-4,2
E324,VatI,1
E324,dfrA15,5
E324,mexH,30
E324,dfrA3,9
E324,MCR-5,3
E324,abeS,3
E324,rosB,54
E324,tetC,2
E324,mexI,14
E324,AAC(6')-Ib8,4
E324,efpA,2
E324,oprC,2
E324,truncated_putative_response_regulator_ArlR,82
E324,dfrA5,12
E324,dfrA17,8
E324,TolC,50
E324,OprA,2
E324,major_facilitator_superfamily_transporter,10
E324,dfrA7,2
E324,dfrA8,4
E324,MexJ,1
E324,mexN,3
E324,MexK,4
E324,mexQ,1
E324,oprJ,21
E324,efrA,7
E324,basS,7
E324,efrB,2
E324,ermA,4
E324,smeR,14
E324,Staphylococcus_mupA_conferring_resistance_to_mupirocin,7
E324,mtrA,28
E324,smeS,12
E324,tetM,88
E324,mexT,14
E324,oprM,39
E324,mdsB,4
E324,mdsC,1
E324,tetO,3
E324,vanRI,14
E324,TriC,3
E324,macA,53
E324,mtrD,4
E324,tetP,28
E324,tetA(46),4
E324,mtrE,1
E324,MexS,1
E324,tetQ,20
E324,mexW,55
E324,macB,989
E324,tetR,25
E324,mexX,3
E324,mexY,1
E324,tetS,7
E324,MexV,1
E324,lsaC,1
E324,tetT,16
E324,vanTG,2
E324,arnA,176
E324,erm(34),1
E324,clbA,1
E324,marR,50
E324,amrB,7
E324,ICR-Mc,2
E324,lsaE,5
E324,clbB,2
E324,tetW,70
E324,tet32,12
E324,tetA(48),19
E324,clbC,3
E324,carA,17
E324,multidrug_ABC_transporter,515
E324,dfrC,5
E324,dfrD,4
E324,tet36,3
E324,erm(36),1
E324,vgaA,56
E324,dfrE,2
E324,dfrF,3
E324,vgaB,15
E324,bacterial_regulatory_protein_LuxR,8
E324,dfrG,4
E324,tet39,2
E324,two-component_system_response_regulator_EvgA,3
E324,catA,5
E324,arlS,4
E324,vgaD,13
E324,TaeA,21
E324,pmrA,8
E324,vgaE,17
E324,transcriptional_regulatory_protein_CpxR_cpxR,80
E324,tet(33),1
E324,dfrK,4
E324,catD,2
E324,chloramphenicol_and_florfenicol_resistance,2
E324,antibiotic_resistance_rRNA_adenine_methyltransferase,1
E324,tetB(46),4
E324,oleB,17
E324,oleC,20
E324,srmB,17
E324,sul2,44
E324,cfrC,2
E324,sul3,4
E324,dfrA15b,2
E324,Erm(30),1
E324,sul4,2
E324,PmrF,2
E324,catII,1
E324,adeB,28
E324,tetB(48),1
E324,adeC,1
E324,eptA,3
E324,adeF,1
E324,penA,79
E324,AxyY,2
E324,adeJ,6
E324,adeK,1
E324,tcr3,1
E324,PvrR,8
E324,tet(W/N/W),1
E324,tetA(60),4
E324,adeL,3
E324,oqxB,5
E324,rpoB2,13
E324,rphA,3
E324,ompR,232
E324,rphB,6
E324,msbA,7
E324,adeR,7
E324,OpmH,1
E324,adeS,3
E324,ugd,3
E324,puromycin_resistance_protein,1
E324,ceoB,8
E324,optrA,17
E324,LpeB,3
E324,bacA,75
E324,dfrA20,2
E324,dfrA21,6
E324,dfrA22,4
E324,chloramphenicol_exporter,6
E324,dfrB1,6
E324,MuxB,4
E324,dfrB2,4
E324,MuxC,3
E324,dfrA25,2
E324,dfrB3,2
E326,aph(3'')-I,4
E326,OXA,125
E326,chloramphenicol_and_florfenicol_resistance,12
E326,CMY-133,3
E326,OXA-10,6
E326,OXA-11,5
E326,bacA,600
E326,OXA-14,5
E326,chloramphenicol_exporter,84
E326,OXA-16,5
E326,OXA-17,4
E326,AER-1,1
E326,basS,40
E326,mycinamicin-resistance_protein_myrB,2
E326,kdpE,54
E326,lsaC,18
E326,lsaE,26
E326,ADP-ribosylating_transferase_arr,5
E326,OXA-454,6
E326,OXA-142,3
E326,OpmB,6
E326,OpmD,3
E326,tlrB_conferring_tylosin_resistance,3
E326,OpmH,7
E326,mefA,152
E326,erm(36),2
E326,mefC,2
E326,mefE,1
E326,tet(L),2
E326,puromycin_resistance_protein,3
E326,abeM,7
E326,clbA,9
E326,clbB,12
E326,clbC,11
E326,abeS,8
E326,TEM-90,3
E326,qacA,2
E326,macA,343
E326,qacB,7
E326,macB,6504
E326,rphA,9
E326,rphB,17
E326,transcriptional_regulatory_protein_CpxR_cpxR,483
E326,qacG,28
E326,blt,1
E326,qacH,9
E326,vgaA,172
E326,vgaB,44
E326,vgaD,41
E326,vgaE,39
E326,CMY-42,3
E326,lnuA,9
E326,lnuB,12
E326,lnuC,1
E326,CMY-46,6
E326,lnuD,1
E326,lnuE,1
E326,EmrB-QacA_family_major_facilitator_transporter,71
E326,TEM-215,3
E326,lnuF,3
E326,lnuG,4
E326,TEM-217,3
E326,AAC(3)-Ib/AAC(6')-Ib'',2
E326,bpeF,58
E326,penA,725
E326,arlS,26
E326,efpA,3
E326,KPC-16,3
E326,ADC-12,2
E326,Listeria_monocytogenes_mprF,1
E326,ADC-13,2
E326,VatI,3
E326,ADC-14,1
E326,cmlA,9
E326,vanHB,19
E326,ErmB,6
E326,ADC-16,2
E326,ErmC,2
E326,ADC-17,2
E326,vanTG,20
E326,ADC-18,1
E326,vanXI,3
E326,ADC-19,2
E326,vanTrL,8
E326,TEM,20
E326,cdeA,8
E326,BIL-1,3
E326,catB,32
E326,ErmT,3
E326,dfrA15b,3
E326,PBP-1A,376
E326,PBP-1B,104
E326,tet32,57
E326,tet34,27
E326,tet35,5
E326,tet36,23
E326,tet37,2
E326,tet39,2
E326,msrA,304
E326,msrC,228
E326,msbA,60
E326,msrE,26
E326,CTX-M-31,1
E326,CTX-M-75,1
E326,CTX-M-76,1
E326,ampC,2
E326,CTX-M-77,1
E326,Escherichia_coli_mdfA,2
E326,CTX-M-110,2
E326,CTX-M-38,2
E326,evgS,83
E326,CTX-M-113,2
E326,CTX-M-115,1
E326,RTG-4,2
E326,RTG-5,1
E326,adeA,3
E326,adeB,123
E326,adeC,38
E326,adeF,6
E326,adeG,1
E326,adeH,8
E326,adeI,4
E326,aadE,6
E326,adeJ,19
E326,adeK,9
E326,aac(3)-I,23
E326,adeL,31
E326,TriA,5
E326,adeN,1
E326,TriC,17
E326,aadK,19
E326,adeR,46
E326,adeS,21
E326,TolC,373
E326,vanXYL,1
E326,tetA(46),29
E326,catB10,1
E326,CMY-108,9
E326,ceoB,43
E326,RlmA(II),3
E326,rosA,59
E326,rosB,389
E326,aph(3')-IIb,4
E326,Staphylococcys,6
E326,opmD,5
E326,ADC-2,2
E326,opmE,4
E326,ADC-3,2
E326,ADC-5,2
E326,ADC-7,2
E326,ompF,98
E326,sdiA,25
E326,ompR,973
E326,salA,38
E326,APH(6)-Id,1
E326,TEM-183,3
E326,CMX,21
E326,Acinetobacter_baumannii_ampC_beta-lactamase,2
E326,Erm(42),1
E326,KLUY-2,1
E326,TEM-106,3
E326,TEM-148,3
E326,OprA,14
E326,Brucella_suis_mprF,2
E326,bcr-1,7
E326,mef(B),3
E326,vanYG1,1
E326,DNA-binding_transcriptional_regulator_gadX,8
E326,gadW,1
E326,gadX,1
E326,patA,43
E326,catB3,2
E326,patB,10
E326,mecA,211
E326,mecB,8
E326,mecC,5
E326,mecD,6
E326,mecI,1
E326,aac(3)-Ib-aac(6')-Ib,1
E326,OprZ,7
E326,poxtA,65
E326,chloramphenicol_and_florfenicol_exporter,1
E326,SHV-104,2
E326,bmr,1
E326,TaeA,79
E326,MexJ,8
E326,CTX-M-2,1
E326,MexK,20
E326,MexL,2
E326,CTX-M-4,1
E326,CTX-M-5,2
E326,CTX-M-6,1
E326,CTX-M-7,1
E326,MexS,5
E326,vatA,1
E326,vatB,14
E326,vatC,2
E326,SPM-1,1
E326,vatD,1
E326,vatE,8
E326,vatF,2
E326,vatG,2
E326,MexZ,1
E326,CMY-53,1
E326,ermA,8
E326,CMY-13,6
E326,ermB,25
E326,CMY-55,3
E326,ereA,10
E326,ermC,15
E326,CMY-56,3
E326,ereB,2
E326,ermE,2
E326,ermF,14
E326,ermG,5
E326,truncated_putative_response_regulator_ArlR,444
E326,OXA-233,4
E326,bacterial_regulatory_protein_LuxR,22
E326,efmA,1
E326,ermT,9
E326,CMY-2,3
E326,CMY-5,3
E326,vanYA,2
E326,ADC-20,2
E326,ADC-21,2
E326,ADC-22,2
E326,ADC-23,1
E326,ADC-25,2
E326,cmeB,123
E326,Staphylococcus_mupA_conferring_resistance_to_mupirocin,34
E326,floR,52
E326,srmB,62
E326,cystathionine_beta-lyase_patB,109
E326,major_facilitator_superfamily_transporter,47
E326,tet41,2
E326,golS,13
E326,tet44,16
E326,MCR-1,22
E326,MCR-2,11
E326,MCR-3,10
E326,MCR-4,9
E326,MCR-5,10
E326,tolC,3
E326,OXA-663,6
E326,CTX-M-43,1
E326,CTX-M-84,2
E326,CTX-M-44,1
E326,class_A,26
E326,LlmA_23S_ribosomal_RNA_methyltransferase,4
E326,PBP-2X,71
E326,tlcC,58
E326,class_C,26
E326,CTX-M-48,2
E326,CTX-M-122,2
E326,APH(3')-Ia,1
E326,CTX-M-124,1
E326,CTX-M-125,2
E326,linG,3
E326,mdfA,99
E326,CMY-118,10
E326,cmlA1,12
E326,oprA,17
E326,OXA-74,4
E326,oprC,19
E326,ANT(6)-Ia,1
E326,cmlA4,11
E326,cmlA5,12
E326,cmlA6,12
E326,oprJ,96
E326,smeB,6
E326,smeC,14
E326,smeD,6
E326,oprM,282
E326,smeE,21
E326,oprN,151
E326,smeF,106
E326,two-component_system_response_regulator_EvgA,7
E326,baeR,67
E326,dfrA12,104
E326,baeS,65
E326,dfrA13,9
E326,dfrA14,21
E326,dfrA15,9
E326,dfrA17,3
E326,CRP,4
E326,TUS-1,1
E326,smeR,50
E326,smeS,59
E326,TEM-110,3
E326,TEM-196,3
E326,TEM-156,1
E326,QepA1,5
E326,CfxA2,11
E326,QepA2,6
E326,CfxA3,1
E326,mexA,145
E326,mexB,46
E326,CfxA6,1
E326,mexC,16
E326,mepA,230
E326,mexD,234
E326,mexE,250
E326,mexF,362
E326,erm(34),1
E326,mexG,1
E326,mexI,20
E326,abcA,1
E326,AxyY,1
E326,mexN,15
E326,tetB(60),26
E326,mexQ,6
E326,dfrA1,43
E326,dfrA3,18
E326,mexT,82
E326,dfrA5,11
E326,mexW,127
E326,VEB-1b,2
E326,mexX,104
E326,dfrA8,10
E326,mexY,3
E326,AcrE,3
E326,AcrF,5
E326,PmrF,16
E326,cfrC,12
E326,oqxA,3
E326,oqxB,9
E326,AcrS,3
E326,ICR-Mc,11
E326,OKP-B,10
E326,ramA,2
E326,dfrC,14
E326,dfrD,7
E326,dfrE,9
E326,dfrF,5
E326,dfrG,9
E326,CMY-61,1
E326,CMY-20,6
E326,CMY-21,6
E326,CMY-63,6
E326,Escherichia_coli_mipA,1
E326,arnA,457
E326,CMY-64,6
E326,CMY-23,3
E326,dfrK,12
E326,CMY-28,1
E326,CMY-29,6
E326,OXA-240,6
E326,OXA-246,6
E326,tetA,63
E326,tetB,27
E326,tetC,2
E326,efrA,50
E326,tetD,6
E326,efrB,34
E326,tetH,5
E326,lsa,510
E326,tetJ,2
E326,tetL,15
E326,tetM,323
E326,fusH,4
E326,tetO,172
E326,tetP,138
E326,tetQ,149
E326,MuxA,1
E326,tetR,220
E326,MuxB,10
E326,tetS,30
E326,MuxC,23
E326,tetT,70
E326,tetW,508
E326,ADC-75,2
E326,Bacillus_subtilis_mprF,2
E326,cmrA,9
E326,ADC-76,1
E326,ADC-77,2
E326,bicyclomycin-multidrug_efflux_protein_bcr,299
E326,ADC-78,1
E326,ADC-79,2
E326,ADC-39,2
E326,qepA,23
E326,vanRI,79
E326,Serratia_marcescens_Omp1,4
E326,Klebsiella_pneumoniae_OmpK36,4
E326,Klebsiella_pneumoniae_OmpK37,4
E326,Streptococcus_agalactiae_mprF,2
E326,porin_OmpC,3
E326,CFE-1,1
E326,carA,79
E326,DNA-binding_protein_H-NS,5
E326,carO,1
E326,myrA,3
E326,lrfA,5
E326,Bacillus_Cluster_B_intrinsic_mph,1
E326,APH(3')-IIa,1
E326,cAMP-regulatory_protein,72
E326,mecR1,25
E326,CTX-M-92,1
E326,emrA,215
E326,CTX-M-95,1
E326,amrB,63
E326,emrB,254
E326,CTX-M-14,2
E326,CTX-M-56,1
E326,emrD,109
E326,CTX-M-130,2
E326,emrE,123
E326,CTX-M-131,1
E326,CTX-M-17,2
E326,CTX-M-59,1
E326,OXA-368,4
E326,emrK,32
E326,tcmA,22
E326,mdsB,9
E326,mdsC,19
E326,emrR,1
E326,VEB-1,3
E326,VEB-2,2
E326,VEB-3,2
E326,VEB-4,2
E326,VEB-5,2
E326,emrY,2
E326,VEB-6,2
E326,VEB-7,2
E326,VEB-8,2
E326,VEB-9,1
E326,mel,40
E326,hp1181,9
E326,aad(6),1
E326,Pseudomonas_aeruginosa_emrE,11
E326,chrB,3
E326,tetA(48),82
E326,LRA,1
E326,farA,3
E326,farB,3
E326,MdtK,5
E326,dfrA20,15
E326,opcM,128
E326,dfrA21,15
E326,dfrA22,15
E326,MCR-1.2,22
E326,MCR-1.3,11
E326,MCR-1.4,11
E326,dfrA24,1
E326,YojI,22
E326,MCR-1.5,11
E326,dfrA25,10
E326,MCR-1.6,11
E326,MCR-1.7,11
E326,MCR-1.8,11
E326,dfrA29,7
E326,MCR-1.9,11
E326,mtrA,107
E326,blaR1,4
E326,mtrC,2
E326,mtrD,8
E326,mtrE,158
E326,lmrA,2
E326,lmrB,33
E326,Erm(44),2
E326,lmrC,58
E326,lmrD,58
E326,NmcR,12
E326,LCR-1,1
E326,mtrR,47
E326,lmrP,1
E326,CTX-M,19
E326,erm(35),1
E326,blaI,2
E326,bcrA,3823
E326,bcrC,4
E326,tet(K),5
E326,dfrB1,3
E326,dfrB2,2
E326,Toho-1,1
E326,dfrB3,1
E326,multidrug_ABC_transporter,4168
E326,dfrA2d,1
E326,dfrB6,1
E326,omp36,12
E326,PvrR,47
E326,cipA,4
E326,marA,2
E326,otrA,20
E326,otrC,19
E326,arr-4,1
E326,arr-5,1
E326,Clostridium_perfringens_mprF,1
E326,arr-7,1
E326,arr-8,1
E326,PER,9
E326,Bacillus_Cluster_A_intrinsic_mph,1
E326,marR,155
E326,CARB,6
E326,aph(6)-I,32
E326,aph(3')-I,16
E326,vanA,92
E326,vanB,130
E326,vanC,77
E326,vanD,267
E326,vanE,9
E326,vanG,49
E326,vanH,392
E326,vanI,13
E326,CMY-34,3
E326,aph(3')-V,3
E326,vanL,3
E326,CMY-77,6
E326,vanM,3
E326,vanN,3
E326,optrA,70
E326,OXA-251,6
E326,vanR,2592
E326,vanS,637
E326,vanT,37
E326,vanU,7
E326,OXA-256,6
E326,ugd,9
E326,vanX,66
E326,vanY,60
E326,acrA,247
E326,acrB,646
E326,tet(W/N/W),14
E326,acrD,7
E326,acrF,3
E326,cpxA,33
E326,ADC-80,2
E326,tetB(46),32
E326,sul1,8
E326,ADC-41,2
E326,sul2,227
E326,ADC-42,1
E326,sul3,22
E326,ADC-43,2
E326,sul4,18
E326,ykkC,32
E326,ADC-44,2
E326,ykkD,20
E326,LAT-1,3
E326,MCR-1.10,10
E326,MCR-1.11,11
E326,vanWI,1
E326,MCR-1.12,11
E326,MCR-1.13,11
E326,kasugamycin_resistance_protein_ksgA,363
E326,rpoB2,55
E326,tetA(60),27
E326,cob(I)alamin_adenolsyltransferase,250
E326,cat_chloramphenicol_acetyltransferase,8
E326,rifampin_monooxygenase,57
E326,TLA-1,1
E326,TLA-2,1
E326,TLA-3,1
E326,oleB,58
E326,oleC,50
E326,antibiotic_resistance_rRNA_adenine_methyltransferase,9
E326,eptA,11
E326,CTX-M-20,1
E326,tcr3,1
E326,mphA,12
E326,mphC,6
E326,mphD,2
E326,CTX-M-24,2
E326,mphE,1
E326,CTX-M-67,2
E326,mphG,2
E326,CTX-M-141,1
E326,Burkholderia_pseudomallei_Omp38,11
E326,mphI,2
E326,LpeB,8
E326,mdtA,271
E326,mdtB,516
E326,mdtC,487
E326,mdtD,182
E326,mdtE,59
E326,mdtF,50
E326,Escherichia_coli_LamB,1
E326,mdtG,1
E326,mdtH,75
E326,Salmonella,11
E326,mdtK,350
E326,mdtL,25
E326,mdtN,128
E326,mdtO,75
E326,mdtP,75
E329,class_B,1
E329,lrfA,3
E329,tetB(60),5
E329,CTX-M-38,2
E329,bcr-1,7
E329,dfrB6,2
E329,CTX-M-122,2
E329,qacA,4
E329,CTX-M-125,2
E329,qacB,14
E329,tlcC,21
E329,SHV-62,5
E329,vanTrL,2
E329,emrA,45
E329,mdtA,98
E329,OXA-74,2
E329,emrB,53
E329,qacG,12
E329,mdtB,219
E329,qacH,4
E329,mdtC,89
E329,OXA-368,2
E329,mdtD,16
E329,SHV-159,5
E329,mdtE,10
E329,MCR-1.2,10
E329,emrE,41
E329,patA,15
E329,cpxA,6
E329,MCR-1.3,5
E329,EmrB-QacA_family_major_facilitator_transporter,35
E329,mdtF,54
E329,cmlA1,4
E329,MCR-1.4,5
E329,fosX,21
E329,MCR-1.5,5
E329,MCR-1.6,5
E329,poxtA,16
E329,hp1181,4
E329,baeR,33
E329,cmlA4,4
E329,MCR-1.7,5
E329,tet41,3
E329,otr(B),1
E329,baeS,16
E329,cmlA5,4
E329,MCR-1.8,5
E329,MCR-1.10,5
E329,emrK,29
E329,NmcR,3
E329,mdtK,66
E329,SHV-89,5
E329,cmlA6,4
E329,MCR-1.9,5
E329,MCR-1.11,5
E329,Staphylococcys,2
E329,mel,12
E329,MCR-1.12,5
E329,tet44,5
E329,Pseudomonas_aeruginosa_emrE,3
E329,MCR-1.13,5
E329,bcrA,1157
E329,mdtP,25
E329,kasugamycin_resistance_protein_ksgA,200
E329,PBP-1A,80
E329,CTX-M-5,1
E329,vanA,28
E329,PBP-1B,44
E329,vanB,19
E329,vanC,7
E329,bpeF,34
E329,vanD,52
E329,vanE,1
E329,lmrA,3
E329,lsa,46
E329,vanG,1
E329,lmrC,5
E329,OXA-233,2
E329,vanH,30
E329,lmrD,7
E329,vanI,3
E329,abcA,1
E329,HERA-1,1
E329,cmrA,1
E329,golS,1
E329,TUS-1,1
E329,OXA-251,2
E329,floR,8
E329,vanN,1
E329,tcmA,15
E329,farA,1
E329,msrA,65
E329,mecA,43
E329,kdpE,18
E329,OXA-256,2
E329,Burkholderia_pseudomallei_Omp38,8
E329,mecB,2
E329,farB,1
E329,vanR,780
E329,AcrE,2
E329,msrC,54
E329,mecC,2
E329,otrA,12
E329,vanS,197
E329,norB,2
E329,OXA,50
E329,AcrF,1
E329,vanT,6
E329,mecD,1
E329,msrE,5
E329,otrC,3
E329,dfrA2d,2
E329,aph(3')-I,1
E329,vanX,29
E329,vanY,10
E329,evgS,51
E329,tet(42),1
E329,acrA,68
E329,mexA,42
E329,mexB,47
E329,smeB,1
E329,acrB,203
E329,cob(I)alamin_adenolsyltransferase,175
E329,mexC,23
E329,smeC,10
E329,abeM,4
E329,cmeB,24
E329,acrD,1
E329,mexD,161
E329,smeE,6
E329,MCR-1,10
E329,dfrA12,42
E329,mexE,47
E329,acrF,1
E329,dfrA13,2
E329,MCR-2,5
E329,dfrA1,26
E329,mexF,140
E329,smeF,45
E329,CTX-M-24,2
E329,RTG-4,2
E329,dfrA14,13
E329,salA,14
E329,MCR-3,5
E329,tetA,74
E329,SHV-121,5
E329,mexH,30
E329,rosA,10
E329,RTG-5,1
E329,tetB,3
E329,dfrA15,7
E329,oprA,9
E329,MCR-4,6
E329,dfrA3,6
E329,dfrA16,4
E329,tetC,3
E329,rosB,106
E329,mexI,14
E329,MCR-5,5
E329,abeS,4
E329,CTX-M-110,2
E329,dfrA5,2
E329,efpA,3
E329,oprC,8
E329,truncated_putative_response_regulator_ArlR,216
E329,TolC,247
E329,major_facilitator_superfamily_transporter,24
E329,OprA,9
E329,CTX-M-113,2
E329,dfrA8,4
E329,Bacillus_subtilis_mprF,1
E329,MexJ,3
E329,mexN,3
E329,MexK,9
E329,LRA,1
E329,CTX-M-130,2
E329,mexQ,2
E329,basS,21
E329,oprJ,104
E329,efrA,6
E329,CTX-M-48,2
E329,CTX-M,9
E329,efrB,4
E329,smeR,29
E329,TriA,2
E329,Staphylococcus_mupA_conferring_resistance_to_mupirocin,7
E329,tetM,80
E329,mtrA,72
E329,smeS,31
E329,OXA-142,2
E329,mexT,24
E329,mdsB,4
E329,oprM,144
E329,tetO,36
E329,TriC,5
E329,oprN,67
E329,mtrC,1
E329,mdsC,4
E329,vanRI,22
E329,tetA(46),4
E329,tetP,71
E329,mtrD,8
E329,macA,167
E329,aadA,24
E329,mtrE,36
E329,tetQ,37
E329,mexW,93
E329,MexS,2
E329,macB,2699
E329,CTX-M-67,2
E329,lsaA,1
E329,mexX,64
E329,tetR,26
E329,tetS,5
E329,mexY,13
E329,MexV,1
E329,lsaC,3
E329,vanTG,5
E329,tetT,36
E329,arnA,76
E329,CTX-M-84,2
E329,lsaE,3
E329,ICR-Mc,5
E329,amrB,45
E329,marR,50
E329,clbA,3
E329,tet32,25
E329,tetA(48),31
E329,tetW,113
E329,clbB,4
E329,carA,23
E329,multidrug_ABC_transporter,909
E329,clbC,5
E329,opcM,24
E329,dfrC,6
E329,tet36,7
E329,dfrD,3
E329,vgaA,39
E329,dfrE,2
E329,dfrF,2
E329,vgaB,11
E329,bacterial_regulatory_protein_LuxR,8
E329,tet39,1
E329,dfrG,3
E329,catA,5
E329,OprZ,6
E329,vgaD,10
E329,two-component_system_response_regulator_EvgA,3
E329,TaeA,17
E329,arlS,4
E329,vgaE,12
E329,transcriptional_regulatory_protein_CpxR_cpxR,216
E329,dfrK,2
E329,OXA-663,2
E329,AER-1,1
E329,chloramphenicol_and_florfenicol_resistance,5
E329,vanXI,2
E329,tetB(46),4
E329,oleB,15
E329,antibiotic_resistance_rRNA_adenine_methyltransferase,2
E329,CARB,13
E329,sul1,29
E329,srmB,17
E329,oleC,37
E329,QepA1,3
E329,sul2,67
E329,aadA25,1
E329,QepA2,3
E329,cfrC,5
E329,sul3,9
E329,OXA-454,2
E329,OXA-240,2
E329,dfrA15b,2
E329,sul4,5
E329,adeA,3
E329,PmrF,7
E329,catII,1
E329,adeB,100
E329,qepA,12
E329,adeC,6
E329,eptA,5
E329,OXA-246,2
E329,adeF,5
E329,AxyY,3
E329,adeH,1
E329,penA,259
E329,Salmonella,4
E329,YojI,4
E329,ANT(3'')-Ii-AAC(6')-IId,4
E329,adeK,2
E329,tcr3,1
E329,opmD,4
E329,tetA(60),3
E329,PvrR,35
E329,tet(W/N/W),3
E329,Moraxella_catarrhalis_M35,1
E329,oqxB,8
E329,adeL,7
E329,OpmB,2
E329,rpoB2,13
E329,rphA,3
E329,OpmD,2
E329,ompR,379
E329,OXA-10,2
E329,rphB,5
E329,msbA,7
E329,OXA-11,2
E329,PSE-1,4
E329,bicyclomycin-multidrug_efflux_protein_bcr,193
E329,adeR,18
E329,mefA,14
E329,adeS,13
E329,OpmH,6
E329,OXA-14,2
E329,ugd,2
E329,CTX-M-14,2
E329,OXA-16,2
E329,OXA-17,2
E329,optrA,15
E329,puromycin_resistance_protein,5
E329,ceoB,25
E329,CTX-M-17,2
E329,fosB,4
E329,LpeB,3
E329,dfrA20,7
E329,bacA,125
E329,dfrA21,6
E329,SHV-25,5
E329,MuxA,1
E329,dfrA22,6
E329,chloramphenicol_exporter,6
E329,dfrA23,2
E329,MuxB,4
E329,dfrB1,6
E329,dfrA24,1
E329,MuxC,10
E329,dfrB2,4
E329,class_A,43
E329,dfrB3,2
E332,aph(3'')-I,4
E332,OXA,100
E332,chloramphenicol_and_florfenicol_resistance,12
E332,OXA-10,5
E332,OXA-11,5
E332,bacA,530
E332,OXA-14,5
E332,chloramphenicol_exporter,36
E332,OXA-16,5
E332,OXA-17,2
E332,basS,25
E332,mycinamicin-resistance_protein_myrB,2
E332,EdeQ,1
E332,kdpE,35
E332,lsaA,1
E332,lsaC,10
E332,lsaE,12
E332,ADP-ribosylating_transferase_arr,5
E332,OXA-454,5
E332,OXA-142,2
E332,OpmB,2
E332,OpmD,1
E332,tlrB_conferring_tylosin_resistance,2
E332,OpmH,2
E332,mefA,85
E332,erm(36),3
E332,mefC,1
E332,tet(L),2
E332,puromycin_resistance_protein,12
E332,abeM,3
E332,clbA,11
E332,clbB,11
E332,clbC,12
E332,abeS,5
E332,macA,213
E332,qacA,12
E332,macB,5493
E332,qacB,42
E332,rphA,10
E332,rphB,12
E332,transcriptional_regulatory_protein_CpxR_cpxR,358
E332,qacG,24
E332,qacH,6
E332,vgaA,156
E332,vgaB,44
E332,vgaD,34
E332,vgaE,31
E332,lnuB,3
E332,EmrB-QacA_family_major_facilitator_transporter,106
E332,lnuF,1
E332,lnuG,1
E332,rpsD_(ramA_or_sud2),1
E332,AAC(3)-Ib/AAC(6')-Ib'',2
E332,bpeF,40
E332,penA,421
E332,arlS,19
E332,efpA,2
E332,fosB,4
E332,otr(B),4
E332,VatI,1
E332,vanHB,14
E332,cmlA,10
E332,ErmB,8
E332,ErmC,1
E332,vanTG,16
E332,tet(42),1
E332,vanTrL,8
E332,fosX,21
E332,cdeA,3
E332,catB,27
E332,ErmT,1
E332,ErmU,1
E332,ErmX,1
E332,dfrA15b,5
E332,PBP-1A,364
E332,PBP-1B,89
E332,tet32,47
E332,tet34,8
E332,tet36,18
E332,tet37,1
E332,tet39,2
E332,msrA,288
E332,msrC,221
E332,msbA,37
E332,msrE,26
E332,Erm(30),2
E332,ampC,1
E332,CTX-M-110,2
E332,CTX-M-38,2
E332,evgS,34
E332,CTX-M-113,2
E332,adeA,8
E332,adeB,148
E332,adeC,12
E332,adeF,4
E332,adeG,1
E332,adeH,5
E332,adeI,1
E332,adeJ,6
E332,aadE,1
E332,adeK,5
E332,BRP(MBL),2
E332,adeL,6
E332,aac(3)-I,23
E332,fmtC,22
E332,TriA,4
E332,adeN,1
E332,TriB,1
E332,TriC,11
E332,adeR,24
E332,adeS,13
E332,TolC,182
E332,vanXYL,2
E332,tetA(46),22
E332,aac(3)-X,1
E332,catB10,1
E332,ceoB,33
E332,RlmA(II),3
E332,rosA,50
E332,rosB,175
E332,aph(3')-IIb,4
E332,Staphylococcys,9
E332,opmD,2
E332,Staphylococcus,2
E332,opmE,1
E332,ompR,587
E332,salA,32
E332,APH(6)-Id,1
E332,Erm(42),1
E332,KLUY-2,1
E332,OprA,10
E332,Brucella_suis_mprF,2
E332,bcr-1,5
E332,mef(B),3
E332,sdeY,1
E332,gadX,1
E332,patA,40
E332,catB3,2
E332,patB,3
E332,mecA,80
E332,mecB,13
E332,mecC,4
E332,mecD,7
E332,aac(3)-Ib-aac(6')-Ib,1
E332,OprZ,6
E332,poxtA,54
E332,chloramphenicol_and_florfenicol_exporter,3
E332,TaeA,74
E332,MexJ,3
E332,MexK,18
E332,MexL,3
E332,CTX-M-5,1
E332,MexS,7
E332,vatA,1
E332,vatB,5
E332,vatC,1
E332,MexV,3
E332,vatD,1
E332,vatE,4
E332,vatF,1
E332,vatG,1
E332,MexZ,1
E332,ermA,8
E332,ermB,19
E332,ermC,10
E332,ereA,10
E332,ereB,2
E332,ermE,8
E332,ermF,7
E332,ermG,3
E332,ermH,2
E332,truncated_putative_response_regulator_ArlR,338
E332,OXA-233,2
E332,SRT-2,2
E332,ermO,4
E332,bacterial_regulatory_protein_LuxR,32
E332,ermS,1
E332,efmA,2
E332,ermT,3
E332,ermX,12
E332,tetB(48),6
E332,vanYA,2
E332,cmeB,118
E332,Staphylococcus_mupA_conferring_resistance_to_mupirocin,33
E332,floR,47
E332,srmB,50
E332,cystathionine_beta-lyase_patB,13
E332,major_facilitator_superfamily_transporter,65
E332,tet40,3
E332,tet41,3
E332,tet43,7
E332,golS,5
E332,tet44,12
E332,MCR-1,14
E332,MCR-2,7
E332,MCR-3,7
E332,MCR-4,8
E332,MCR-5,7
E332,tolC,2
E332,OXA-663,5
E332,CTX-M-84,2
E332,class_A,8
E332,LlmA_23S_ribosomal_RNA_methyltransferase,1
E332,PBP-2X,71
E332,tlcC,57
E332,class_C,56
E332,CTX-M-48,2
E332,CTX-M-122,2
E332,APH(3')-Ia,1
E332,CTX-M-125,2
E332,linG,1
E332,mdfA,52
E332,cmlA1,7
E332,oprA,14
E332,OXA-74,2
E332,oprC,10
E332,cmlA4,7
E332,cmlA5,7
E332,cmlA6,7
E332,oprJ,64
E332,smeB,6
E332,smeC,7
E332,smeD,4
E332,oprM,173
E332,smeE,11
E332,oprN,72
E332,smeF,44
E332,two-component_system_response_regulator_EvgA,4
E332,baeR,48
E332,dfrA12,100
E332,baeS,43
E332,dfrA13,8
E332,dfrA14,20
E332,dfrA15,10
E332,dfrA16,2
E332,dfrA17,4
E332,CRP,4
E332,smeR,43
E332,smeS,46
E332,Erm(43),1
E332,QepA1,12
E332,QepA2,12
E332,mexA,3
E332,mexB,39
E332,mexC,6
E332,mepA,196
E332,mexD,233
E332,mexE,131
E332,erm(38),3
E332,mexF,409
E332,erm(34),1
E332,thiostrepton_resistance_methylase_tsnR,1
E332,mexH,25
E332,mexI,31
E332,AxyY,4
E332,mexN,8
E332,tetB(60),21
E332,mexQ,8
E332,dfrA1,26
E332,dfrA3,12
E332,mexT,56
E332,dfrA5,10
E332,mexW,170
E332,mexX,24
E332,dfrA8,5
E332,mexY,1
E332,AcrF,1
E332,PmrF,13
E332,cfrC,13
E332,oqxA,1
E332,oqxB,7
E332,AcrS,1
E332,DHA,4
E332,ICR-Mc,7
E332,dfrC,8
E332,dfrD,7
E332,dfrE,6
E332,TRU-1,1
E332,dfrF,6
E332,dfrG,7
E332,arnA,356
E332,dfrK,9
E332,RbpA,1
E332,OXA-240,5
E332,OXA-246,5
E332,tetA,117
E332,tetB,11
E332,tetC,6
E332,efrA,32
E332,efrB,19
E332,lsa,392
E332,tetL,16
E332,tetM,293
E332,tetO,233
E332,tetP,105
E332,tetQ,98
E332,tetR,52
E332,MuxB,10
E332,tetS,17
E332,MuxC,13
E332,tetT,71
E332,tetV,17
E332,tetW,430
E332,Bacillus_subtilis_mprF,1
E332,cmrA,3
E332,bicyclomycin-multidrug_efflux_protein_bcr,197
E332,tetZ,1
E332,tet(40),1
E332,qepA,48
E332,vanRI,53
E332,Streptococcus_agalactiae_mprF,1
E332,carA,66
E332,carO,1
E332,myrA,3
E332,hmrM,2
E332,lrfA,12
E332,Bacillus_Cluster_B_intrinsic_mph,1
E332,APH(3')-IIa,1
E332,cAMP-regulatory_protein,72
E332,mecR1,21
E332,emrA,171
E332,amrB,20
E332,emrB,318
E332,CTX-M-14,2
E332,emrD,11
E332,CTX-M-130,2
E332,emrE,80
E332,CTX-M-17,2
E332,OXA-368,2
E332,emrK,1
E332,tcmA,72
E332,mdsB,9
E332,mdsC,7
E332,emrY,2
E332,mel,34
E332,hp1181,1
E332,Pseudomonas_aeruginosa_emrE,6
E332,chrB,3
E332,tetA(48),68
E332,LRA,1
E332,farA,3
E332,farB,2
E332,OCH,1
E332,MdtK,1
E332,dfrA20,4
E332,opcM,45
E332,dfrA21,10
E332,dfrA22,11
E332,MCR-1.2,14
E332,MCR-1.3,7
E332,MCR-1.4,7
E332,dfrA24,1
E332,YojI,12
E332,MCR-1.5,7
E332,dfrA25,8
E332,MCR-1.6,7
E332,MCR-1.7,7
E332,MCR-1.8,7
E332,MCR-1.9,7
E332,dfrA29,6
E332,mtrA,80
E332,blaR1,4
E332,mtrD,5
E332,mtrE,62
E332,pmrA,3
E332,lmrA,9
E332,lmrB,24
E332,Erm(44),1
E332,lmrC,41
E332,lmrD,41
E332,NmcR,6
E332,mtrR,17
E332,LCR-1,1
E332,CTX-M,15
E332,erm(39),1
E332,blaI,2
E332,erm(31),1
E332,bcrA,2840
E332,bcrC,2
E332,tap,1
E332,tet(K),4
E332,multidrug_ABC_transporter,3222
E332,aac(3)-VII,1
E332,BUT-1,1
E332,PvrR,22
E332,cipA,4
E332,otrA,16
E332,otrC,24
E332,arr-4,1
E332,arr-5,1
E332,Clostridium_perfringens_mprF,1
E332,arr-7,1
E332,arr-8,1
E332,Bacillus_Cluster_A_intrinsic_mph,1
E332,marR,124
E332,aph(6)-I,27
E332,aph(3')-I,15
E332,vanA,58
E332,vanB,97
E332,vanC,65
E332,vanD,152
E332,vanE,13
E332,vanG,39
E332,vanH,233
E332,vanI,10
E332,vanJ,1
E332,aph(3')-V,3
E332,vanL,5
E332,vanM,4
E332,vanN,7
E332,optrA,56
E332,OXA-251,5
E332,vanR,1674
E332,vanS,466
E332,vanT,34
E332,vanU,1
E332,OXA-256,5
E332,ugd,8
E332,vanX,23
E332,vanY,54
E332,acrA,89
E332,acrB,226
E332,tet(W/N/W),12
E332,acrD,1
E332,norA,25
E332,norB,12
E332,cpxA,26
E332,tetB(46),13
E332,sul1,54
E332,sul2,231
E332,sul3,12
E332,sul4,14
E332,ykkD,10
E332,MCR-1.10,7
E332,MCR-1.11,7
E332,vanWI,1
E332,MCR-1.12,7
E332,MCR-1.13,7
E332,kasugamycin_resistance_protein_ksgA,360
E332,rpoB2,38
E332,tetA(60),20
E332,cob(I)alamin_adenolsyltransferase,226
E332,cat_chloramphenicol_acetyltransferase,7
E332,rifampin_monooxygenase,46
E332,oleB,57
E332,oleC,54
E332,antibiotic_resistance_rRNA_adenine_methyltransferase,11
E332,oleI,1
E332,eptA,8
E332,tcr3,5
E332,mphA,12
E332,mphC,6
E332,mphD,2
E332,CTX-M-24,2
E332,mphE,1
E332,CTX-M-67,2
E332,mphG,2
E332,Burkholderia_pseudomallei_Omp38,10
E332,mphI,2
E332,LpeB,11
E332,mdtA,110
E332,mdtB,318
E332,mdtC,322
E332,mdtD,49
E332,mdtE,8
E332,mdtF,1
E332,mdtG,14
E332,Escherichia_coli_LamB,1
E332,mdtH,8
E332,Salmonella,6
E332,mdtK,176
E332,mdtL,2
E332,mdtN,25
E332,mdtP,6
E334,class_B,1
E334,tetB(60),1
E334,CTX-M-38,2
E334,dfrB6,2
E334,bcr-1,5
E334,dfrA29,5
E334,CTX-M-53,3
E334,CTX-M-124,1
E334,CTX-M-55,3
E334,tlcC,9
E334,CTX-M-56,1
E334,Staphylococcus,2
E334,vanTrL,2
E334,CTX-M-141,1
E334,CTX-M-59,1
E334,emrA,200
E334,mdtA,147
E334,OXA-74,1
E334,qacG,4
E334,emrB,92
E334,mdtB,126
E334,qacH,1
E334,mdtC,37
E334,CTX-M-75,1
E334,OXA-368,1
E334,mdtD,49
E334,emrD,95
E334,CTX-M-76,1
E334,cpxA,1
E334,emrE,15
E334,patA,6
E334,mdtE,4
E334,CTX-M-77,1
E334,VIM-10,1
E334,cmlA,31
E334,patB,2
E334,EmrB-QacA_family_major_facilitator_transporter,27
E334,cmlA1,7
E334,CTX-M-92,1
E334,baeR,1
E334,poxtA,13
E334,VIM-14,1
E334,cmlA4,7
E334,baeS,1
E334,tet41,4
E334,CTX-M-95,1
E334,cmlA5,7
E334,mdtK,24
E334,emrK,49
E334,Staphylococcys,3
E334,cmlA6,7
E334,mel,11
E334,VIM-17,1
E334,Pseudomonas_aeruginosa_emrE,1
E334,mdtM,30
E334,tet44,5
E334,CTX-M-2,1
E334,VIM-31,1
E334,VIM-18,1
E334,mdtN,3
E334,bcrA,361
E334,VIM-32,1
E334,VIM-19,1
E334,aph(6)-I,25
E334,CTX-M-4,1
E334,VIM-33,1
E334,mdtP,20
E334,PBP-1A,49
E334,kasugamycin_resistance_protein_ksgA,75
E334,CTX-M-5,1
E334,VIM-34,1
E334,blaB,1
E334,JOHN-1,1
E334,vanA,13
E334,PBP-1B,12
E334,CTX-M-6,1
E334,VIM-35,1
E334,tet(L),2
E334,vanB,13
E334,CTX-M-7,1
E334,vanC,10
E334,VIM-37,1
E334,OXA-1,4
E334,vanD,1
E334,bpeF,20
E334,VIM-38,1
E334,vanHB,1
E334,lmrA,4
E334,vanE,6
E334,VIM-39,1
E334,lmrB,30
E334,lsa,116
E334,OXA-4,4
E334,vanG,20
E334,lmrC,7
E334,OXA-233,1
E334,lmrD,1
E334,vanH,25
E334,emrY,1
E334,vanI,2
E334,TUS-1,1
E334,vanL,3
E334,Chryseobacterium_meningosepticum_BlaB,1
E334,vanM,2
E334,vanN,1
E334,floR,87
E334,MUS-1,1
E334,MUS-2,1
E334,tcmA,9
E334,kdpE,1
E334,msrA,66
E334,farB,1
E334,vanR,86
E334,ADC-18,1
E334,msrC,46
E334,RSA-2,2
E334,vanS,35
E334,otrA,3
E334,AcrF,2
E334,OXA,39
E334,vanT,6
E334,thiostrepton_resistance_methylase_tsnR,1
E334,dfrA2d,2
E334,msrE,6
E334,vatB,4
E334,mecR1,9
E334,vanY,11
E334,evgS,4
E334,ykkC,16
E334,mexB,12
E334,cob(I)alamin_adenolsyltransferase,37
E334,acrB,37
E334,ykkD,8
E334,CTX-M-20,1
E334,abeM,1
E334,PEDO-3,1
E334,cmeA,4
E334,smeC,4
E334,mexD,1
E334,acrD,4
E334,cmeB,189
E334,cmeC,1
E334,dfrA12,46
E334,mexF,61
E334,dfrA13,4
E334,smeF,11
E334,dfrA1,27
E334,tolC,2
E334,salA,14
E334,tetA,74
E334,dfrA14,29
E334,dfrA15,2
E334,oprA,9
E334,dfrA3,7
E334,mexI,4
E334,abeS,1
E334,rosB,58
E334,dfrA16,4
E334,dfrA17,4
E334,dfrA5,7
E334,truncated_putative_response_regulator_ArlR,23
E334,oprC,5
E334,TolC,74
E334,major_facilitator_superfamily_transporter,28
E334,OprA,6
E334,CTX-M-43,1
E334,dfrA8,1
E334,CTX-M-44,1
E334,tetH,9
E334,MexJ,1
E334,CTX-M-115,2
E334,MexK,2
E334,OXA-47,4
E334,tetJ,7
E334,LRA,1
E334,basS,5
E334,efrA,3
E334,CTX-M-131,1
E334,CTX-M-61,3
E334,OXA-140,4
E334,CTX-M,8
E334,efrB,1
E334,smeR,1
E334,OXY,21
E334,mdsA,1
E334,mtrA,3
E334,smeS,3
E334,Staphylococcus_mupA_conferring_resistance_to_mupirocin,8
E334,TriA,1
E334,tetM,55
E334,mdsB,1
E334,TriB,2
E334,oprM,67
E334,vanRI,2
E334,TriC,2
E334,oprN,32
E334,tetO,31
E334,mdsC,3
E334,tetA(46),1
E334,mtrD,1
E334,macA,1
E334,tetP,28
E334,ErmB,2
E334,CTX-M-136,3
E334,mexW,56
E334,tetQ,11
E334,mtrE,9
E334,macB,727
E334,CTX-M-68,3
E334,mexY,3
E334,tetS,4
E334,CTX-M-82,3
E334,lsaC,1
E334,MexV,1
E334,tetT,14
E334,arnA,100
E334,vanTG,4
E334,clbA,1
E334,marR,1
E334,tet32,14
E334,tetW,108
E334,tetA(48),10
E334,clbB,2
E334,VIM-1,1
E334,CTX-M-156,2
E334,OXA-392,4
E334,carA,8
E334,multidrug_ABC_transporter,819
E334,clbC,2
E334,VIM-2,1
E334,VIM-20,1
E334,opcM,15
E334,tetZ,1
E334,dfrC,5
E334,VIM-4,1
E334,tet36,2
E334,dfrD,2
E334,VIM-23,1
E334,VIM-5,1
E334,dfrE,1
E334,vgaA,36
E334,dfrF,1
E334,vgaB,10
E334,tet39,4
E334,tet(K),3
E334,dfrG,2
E334,VIM-26,1
E334,vgaD,10
E334,arlS,4
E334,TaeA,15
E334,mdfA,103
E334,OprZ,2
E334,VIM-27,1
E334,vgaE,11
E334,pmrA,56
E334,VIM-28,1
E334,transcriptional_regulatory_protein_CpxR_cpxR,15
E334,VIM-42,1
E334,VIM-29,1
E334,tet(33),1
E334,dfrK,5
E334,VIM-43,1
E334,metallo-beta-lactamase,1
E334,chloramphenicol_and_florfenicol_resistance,2
E334,tetB(46),2
E334,antibiotic_resistance_rRNA_adenine_methyltransferase,1
E334,oleB,10
E334,OXA-224,4
E334,srmB,6
E334,oleC,9
E334,cfrC,2
E334,OXA-454,1
E334,dfrA15b,2
E334,PmrF,4
E334,adeB,8
E334,IND,5
E334,adeC,11
E334,OXA-246,1
E334,adeF,2
E334,adeH,1
E334,penA,130
E334,Salmonella,7
E334,ADC-23,1
E334,YojI,1
E334,adeJ,9
E334,chloramphenicol_and_florfenicol_exporter,2
E334,PvrR,3
E334,tcr3,1
E334,tet(W/N/W),1
E334,tetA(60),2
E334,adeK,4
E334,oqxB,1
E334,adeL,2
E334,opmE,3
E334,rpoB2,10
E334,ompR,29
E334,rphA,2
E334,OXA-10,1
E334,rphB,4
E334,msbA,15
E334,APH(6)-Id,1
E334,adeR,3
E334,bicyclomycin-multidrug_efflux_protein_bcr,19
E334,OpmH,1
E334,adeS,3
E334,LlmA_23S_ribosomal_RNA_methyltransferase,1
E334,ugd,2
E334,OXA-320,4
E334,OXA-17,1
E334,puromycin_resistance_protein,1
E334,LpeA,2
E334,ceoB,14
E334,fosA,25
E334,optrA,15
E334,OXA-31,4
E334,LpeB,8
E334,dfrA20,3
E334,bacA,50
E334,CTX-M-31,2
E334,cystathionine_beta-lyase_patB,24
E334,dfrA21,5
E334,CTX-M-102,2
E334,OXA-33,4
E334,dfrA22,6
E334,CTX-M-33,3
E334,dfrB1,6
E334,MuxB,1
E334,chloramphenicol_exporter,18
E334,dfrB2,4
E334,dfrA24,2
E334,MuxC,2
E334,CTX-M-35,1
E334,dfrB3,2
E334,dfrA25,7
E334,class_A,32
E338,aph(3'')-I,4
E338,OXA,268
E338,chloramphenicol_and_florfenicol_resistance,14
E338,OXA-10,11
E338,OXA-11,11
E338,bacA,550
E338,OXA-14,11
E338,chloramphenicol_exporter,69
E338,OXA-16,11
E338,OXA-17,7
E338,ANT(2'')-Ia,1
E338,basS,43
E338,mycinamicin-resistance_protein_myrB,1
E338,kdpE,55
E338,lsaA,1
E338,lsaC,17
E338,TEM-171,3
E338,lsaE,24
E338,ADP-ribosylating_transferase_arr,5
E338,OXA-454,11
E338,OXA-142,7
E338,OpmB,5
E338,OpmD,3
E338,tlrB_conferring_tylosin_resistance,5
E338,OpmH,1
E338,mefA,133
E338,erm(36),2
E338,mefC,2
E338,mefE,1
E338,tet(L),4
E338,puromycin_resistance_protein,3
E338,abeM,9
E338,clbA,7
E338,clbB,12
E338,clbC,12
E338,abeS,7
E338,AAC(6')-30/AAC(6')-Ib',2
E338,macA,213
E338,qacB,1
E338,macB,7815
E338,rphA,9
E338,rphB,12
E338,TEM-17,1
E338,transcriptional_regulatory_protein_CpxR_cpxR,563
E338,qacG,32
E338,blt,1
E338,qacH,8
E338,Vibrio_cholerae_varG,1
E338,vgaA,200
E338,vgaB,51
E338,vgaD,46
E338,vgaE,48
E338,CMY-42,6
E338,lnuA,9
E338,lnuB,12
E338,lnuC,2
E338,CMY-46,3
E338,lnuD,2
E338,lnuE,1
E338,EmrB-QacA_family_major_facilitator_transporter,95
E338,lnuF,3
E338,lnuG,4
E338,TEM-217,3
E338,OXA-224,2
E338,bpeF,30
E338,penA,823
E338,arlS,34
E338,efpA,3
E338,plasmid-encoded,1
E338,fosB,4
E338,Listeria_monocytogenes_mprF,2
E338,VatI,1
E338,vanHB,24
E338,ErmB,10
E338,ErmC,2
E338,vanTG,21
E338,vanTrL,10
E338,TEM,25
E338,fosX,21
E338,cdeA,14
E338,BIL-1,3
E338,catA,4
E338,catB,50
E338,ErmT,4
E338,catD,2
E338,ErmX,1
E338,catI,1
E338,dfrA15b,5
E338,PBP-1A,427
E338,PBP-1B,113
E338,catS,1
E338,tet32,67
E338,tet34,18
E338,tet35,6
E338,tet36,27
E338,tet37,2
E338,tet39,2
E338,msrA,362
E338,IBC-2,1
E338,msrC,241
E338,msbA,71
E338,msrE,33
E338,Erm(30),1
E338,ampC,7
E338,Escherichia_coli_mdfA,1
E338,CTX-M-110,2
E338,CTX-M-38,2
E338,evgS,94
E338,CTX-M-113,2
E338,adeA,3
E338,adeB,84
E338,adeC,24
E338,adeF,6
E338,aadA,24
E338,aadB,1
E338,adeG,1
E338,adeH,4
E338,adeI,3
E338,adeJ,24
E338,aadE,9
E338,adeK,5
E338,adeL,20
E338,fmtC,45
E338,TriA,2
E338,adeN,2
E338,TriC,14
E338,aadK,46
E338,adeR,57
E338,adeS,42
E338,TolC,203
E338,vanXYL,2
E338,tetA(46),46
E338,catB10,3
E338,CMY-108,6
E338,ceoB,21
E338,RlmA(II),6
E338,rosA,20
E338,rosB,347
E338,aph(3')-IIb,9
E338,Staphylococcys,8
E338,opmD,4
E338,Staphylococcus,2
E338,opmE,2
E338,APH(3')-VIa,1
E338,ompF,141
E338,sdiA,25
E338,ompR,1141
E338,salA,39
E338,GES-1,1
E338,GES-2,1
E338,APH(6)-Id,1
E338,GES-3,1
E338,CMX,38
E338,GES-4,1
E338,Erm(42),1
E338,GES-5,1
E338,GES-6,1
E338,GES-7,1
E338,TEM-105,3
E338,KLUY-2,1
E338,GES-8,1
E338,GES-9,1
E338,OprA,9
E338,Brucella_suis_mprF,2
E338,aadA25,1
E338,bcr-1,8
E338,mef(B),5
E338,DNA-binding_transcriptional_regulator_gadX,24
E338,vanYG1,1
E338,gadW,1
E338,gadX,3
E338,patA,52
E338,catB3,3
E338,patB,15
E338,mecA,164
E338,mecB,6
E338,mecC,5
E338,mecD,4
E338,aac(3)-Ib-aac(6')-Ib,1
E338,OprZ,2
E338,AAC(6')-Ie-APH(2'')-Ia,3
E338,poxtA,68
E338,AAC(6')-Ib-cr,4
E338,chloramphenicol_and_florfenicol_exporter,1
E338,ANT(3'')-Ii-AAC(6')-IId,8
E338,APH(2'')-If,1
E338,bmr,1
E338,TaeA,80
E338,MexJ,2
E338,MexK,14
E338,MexL,2
E338,CTX-M-5,1
E338,vatA,1
E338,MexS,3
E338,vatB,9
E338,vatC,1
E338,vatD,1
E338,GES-10,1
E338,vatE,4
E338,GES-11,1
E338,vatF,2
E338,GES-12,1
E338,vatG,1
E338,GES-13,1
E338,MexZ,1
E338,GES-14,1
E338,GES-15,1
E338,GES-16,1
E338,ermA,16
E338,GES-17,1
E338,CMY-13,3
E338,ermB,34
E338,GES-18,1
E338,ermC,15
E338,ereA,20
E338,GES-19,1
E338,CMY-15,3
E338,CMY-56,3
E338,ereB,4
E338,ermE,2
E338,CMY-17,3
E338,ermF,21
E338,CMY-59,1
E338,ermG,9
E338,truncated_putative_response_regulator_ArlR,519
E338,OXA-233,7
E338,bacterial_regulatory_protein_LuxR,22
E338,efmA,2
E338,ermT,12
E338,CMY-4,1
E338,ermX,12
E338,CMY-6,3
E338,vanYA,4
E338,cmeB,97
E338,Staphylococcus_mupA_conferring_resistance_to_mupirocin,54
E338,floR,32
E338,srmB,64
E338,ant(2'')-I,3
E338,cystathionine_beta-lyase_patB,116
E338,major_facilitator_superfamily_transporter,67
E338,tet40,3
E338,tet41,2
E338,golS,7
E338,tet44,21
E338,MCR-1,22
E338,MCR-2,11
E338,MCR-3,12
E338,MCR-4,11
E338,MCR-5,10
E338,tolC,2
E338,OXA-663,11
E338,APH(3')-IX,2
E338,aph(3''')-III,5
E338,CTX-M-84,2
E338,class_A,21
E338,LlmA_23S_ribosomal_RNA_methyltransferase,5
E338,PBP-2X,147
E338,tlcC,75
E338,class_C,28
E338,CTX-M-48,2
E338,CTX-M-122,2
E338,APH(3')-Ia,2
E338,CTX-M-125,2
E338,linG,3
E338,mdfA,125
E338,aac(6')-I,18
E338,CMY-111,3
E338,CMY-118,6
E338,CMY-119,3
E338,aac(6')-30-aac(6')-Ib',1
E338,OXA-31,2
E338,cmlA1,12
E338,oprA,6
E338,OXA-33,2
E338,OXA-74,6
E338,oprC,12
E338,ANT(6)-Ia,3
E338,cmlA4,12
E338,cmlA5,12
E338,cmlA6,12
E338,AAC(6')-34,1
E338,oprJ,90
E338,smeB,9
E338,smeC,10
E338,smeD,5
E338,oprM,160
E338,smeE,12
E338,oprN,100
E338,smeF,71
E338,two-component_system_response_regulator_EvgA,9
E338,baeR,100
E338,dfrA12,150
E338,baeS,88
E338,dfrA13,9
E338,dfrA14,40
E338,dfrA15,16
E338,CRP,5
E338,dfrA17,9
E338,smeR,63
E338,smeS,87
E338,TEM-150,3
E338,Erm(47),2
E338,ant(3'')-Ih-aac(6')-IId,3
E338,CfxA2,22
E338,QepA1,2
E338,CfxA3,2
E338,QepA2,3
E338,mexA,52
E338,mexB,57
E338,CfxA6,2
E338,mexC,9
E338,mepA,402
E338,mexD,293
E338,mexE,228
E338,mexF,418
E338,mexG,2
E338,erm(34),2
E338,mexH,25
E338,mexI,22
E338,AxyY,5
E338,abcA,3
E338,mexN,6
E338,tetB(60),51
E338,mexQ,2
E338,dfrA1,51
E338,dfrA3,16
E338,mexT,117
E338,dfrA5,17
E338,AAC(6')-Ib10,3
E338,mexW,89
E338,dfrA7,2
E338,VEB-1b,2
E338,mexX,135
E338,dfrA8,6
E338,mexY,12
E338,AcrE,1
E338,AcrF,4
E338,PmrF,11
E338,cfrC,14
E338,TEM-33,3
E338,oqxA,2
E338,TEM-34,3
E338,oqxB,13
E338,AcrS,4
E338,DHA,12
E338,ICR-Mc,11
E338,ramA,2
E338,dfrC,13
E338,GES-20,1
E338,GES,22
E338,dfrD,9
E338,GES-21,1
E338,dfrE,8
E338,GES-22,1
E338,dfrF,7
E338,GES-23,1
E338,APH(3')-IIIa,1
E338,dfrG,9
E338,GES-24,1
E338,CMY-20,3
E338,CMY-21,3
E338,GES-26,1
E338,CMY-63,3
E338,arnA,507
E338,Escherichia_coli_mipA,1
E338,CMY-64,3
E338,CMY-23,3
E338,dfrK,9
E338,CMY-28,1
E338,RbpA,2
E338,CMY-29,3
E338,OXA-240,11
E338,OXA-246,11
E338,tetA,81
E338,tetB,44
E338,tetC,4
E338,efrA,69
E338,tetD,4
E338,efrB,49
E338,tetH,5
E338,lsa,578
E338,tetJ,3
E338,tetL,17
E338,tetM,465
E338,tetO,243
E338,tetP,209
E338,tetQ,147
E338,tetR,146
E338,MuxB,12
E338,tetS,61
E338,MuxC,19
E338,tetT,100
E338,vanVB,1
E338,tetV,7
E338,tetW,766
E338,tetX,1
E338,Bacillus_subtilis_mprF,2
E338,cmrA,7
E338,bicyclomycin-multidrug_efflux_protein_bcr,370
E338,aph(3'')-IV,4
E338,tet(40),1
E338,qepA,11
E338,vanRI,107
E338,Serratia_marcescens_Omp1,7
E338,Klebsiella_pneumoniae_OmpK35,1
E338,Klebsiella_pneumoniae_OmpK36,6
E338,Klebsiella_pneumoniae_OmpK37,5
E338,Streptococcus_agalactiae_mprF,3
E338,CFE-1,2
E338,porin_OmpC,4
E338,carA,106
E338,DNA-binding_protein_H-NS,10
E338,carO,2
E338,APH(3')-VI,2
E338,myrA,6
E338,AAC(6')-Ib',1
E338,hmrM,1
E338,lrfA,2
E338,Bacillus_Cluster_B_intrinsic_mph,1
E338,APH(3')-IIa,2
E338,cAMP-regulatory_protein,90
E338,mecR1,82
E338,AAC(6')-Ib4,1
E338,OXA-320,1
E338,AAC(6')-Ib7,5
E338,emrA,241
E338,amrB,94
E338,AAC(6')-Ib8,5
E338,emrB,287
E338,AAC(6')-Ib9,3
E338,CTX-M-14,2
E338,emrD,91
E338,CTX-M-130,2
E338,emrE,112
E338,CTX-M-17,2
E338,OXA-368,6
E338,emrK,34
E338,tcmA,16
E338,mdsB,2
E338,APH(3')-VIII,1
E338,mdsC,5
E338,emrR,1
E338,VEB-1,3
E338,VEB-2,2
E338,VEB-3,2
E338,VEB-4,2
E338,VEB-5,2
E338,emrY,2
E338,VEB-6,2
E338,VEB-7,2
E338,VEB-8,2
E338,VEB-9,1
E338,mel,42
E338,hp1181,4
E338,aad(6),3
E338,Pseudomonas_aeruginosa_emrE,7
E338,chrB,6
E338,tetA(48),119
E338,LRA,1
E338,farB,2
E338,MdtK,4
E338,dfrA20,8
E338,opcM,60
E338,dfrA21,14
E338,dfrA22,16
E338,MCR-1.2,22
E338,MCR-1.3,11
E338,MCR-1.4,11
E338,dfrA24,3
E338,YojI,20
E338,MCR-1.5,11
E338,dfrA25,9
E338,MCR-1.6,11
E338,MCR-1.7,11
E338,MCR-1.8,11
E338,dfrA29,8
E338,MCR-1.9,11
E338,mtrA,108
E338,blaR1,13
E338,mtrD,5
E338,mtrE,142
E338,lmrB,97
E338,Erm(44),3
E338,lmrC,88
E338,lmrD,89
E338,NmcR,9
E338,LCR-1,1
E338,mtrR,64
E338,aph(3')-VII,1
E338,lmrP,2
E338,CTX-M,10
E338,erm(39),1
E338,erm(35),2
E338,blaI,5
E338,bcrA,4151
E338,bcrC,2
E338,tet(K),5
E338,dfrB1,3
E338,dfrB2,2
E338,dfrB3,1
E338,multidrug_ABC_transporter,5945
E338,dfrA2d,2
E338,dfrB6,1
E338,BUT-1,1
E338,PvrR,25
E338,cipA,2
E338,omp36,21
E338,marA,3
E338,otrA,20
E338,otrC,20
E338,arr-4,1
E338,arr-5,1
E338,Clostridium_perfringens_mprF,1
E338,arr-7,1
E338,arr-8,1
E338,PER,8
E338,Bacillus_Cluster_A_intrinsic_mph,1
E338,marR,173
E338,aph(6)-I,33
E338,aph(3')-I,36
E338,vanA,96
E338,vanB,122
E338,vanC,74
E338,vanD,308
E338,vanE,18
E338,vanG,69
E338,CMY-31,3
E338,vanH,516
E338,vanI,12
E338,aph(2'')-II,2
E338,aph(3')-V,3
E338,vanL,4
E338,vanM,4
E338,vanN,10
E338,CMY-38,3
E338,TEM-206,3
E338,optrA,82
E338,OXA-251,11
E338,vanR,3397
E338,vanS,1316
E338,vanT,60
E338,vanU,7
E338,OXA-256,11
E338,vanW,47
E338,vanX,46
E338,ugd,10
E338,vanY,146
E338,vanZ,22
E338,OXA-4,2
E338,acrA,219
E338,acrB,478
E338,tet(W/N/W),18
E338,acrD,2
E338,acrF,5
E338,norA,17
E338,norB,3
E338,cpxA,42
E338,tetB(46),43
E338,sul1,52
E338,sul2,275
E338,sul3,16
E338,sul4,14
E338,ykkC,48
E338,ykkD,33
E338,LAT-1,3
E338,MCR-1.10,11
E338,MCR-1.11,11
E338,vanWI,2
E338,MCR-1.12,11
E338,MCR-1.13,11
E338,vanKI,1
E338,kasugamycin_resistance_protein_ksgA,359
E338,rpoB2,44
E338,tetA(60),38
E338,cob(I)alamin_adenolsyltransferase,250
E338,cat_chloramphenicol_acetyltransferase,21
E338,rifampin_monooxygenase,44
E338,bifunctional_aminoglycoside_N-acetyltransferase_and_aminoglycoside_phosphotransferase,2
E338,TLA-2,1
E338,TEM-1,3
E338,oleB,71
E338,oleC,96
E338,antibiotic_resistance_rRNA_adenine_methyltransferase,9
E338,eptA,12
E338,mphA,12
E338,tcr3,2
E338,mphC,6
E338,mphD,2
E338,CTX-M-24,2
E338,mphE,1
E338,CTX-M-67,2
E338,mphG,2
E338,Burkholderia_pseudomallei_Omp38,11
E338,mphI,2
E338,LpeB,8
E338,mdtA,223
E338,mdtB,470
E338,mdtC,413
E338,mdtD,204
E338,mdtE,50
E338,mdtF,59
E338,Escherichia_coli_LamB,1
E338,mdtG,109
E338,mdtH,36
E338,Salmonella,12
E338,CatU,1
E338,mdtK,370
E338,mdtL,25
E338,mdtM,25
E338,mdtN,128
E338,mdtO,25
E338,mdtP,81
E341,OXA,69
E341,chloramphenicol_and_florfenicol_resistance,8
E341,OXA-10,3
E341,OXA-11,2
E341,bacA,300
E341,OXA-14,2
E341,chloramphenicol_exporter,44
E341,OXA-16,3
E341,OXA-17,3
E341,basS,19
E341,kdpE,14
E341,lsaC,8
E341,lsaE,8
E341,OXA-454,3
E341,OXA-140,2
E341,OXA-142,3
E341,OpmB,3
E341,tlrB_conferring_tylosin_resistance,2
E341,OpmH,2
E341,mefA,24
E341,mefC,1
E341,tet(L),4
E341,puromycin_resistance_protein,6
E341,abeM,3
E341,clbA,6
E341,clbB,9
E341,clbC,8
E341,abeS,3
E341,macA,152
E341,qacA,6
E341,macB,2386
E341,qacB,20
E341,rphA,10
E341,rphB,16
E341,transcriptional_regulatory_protein_CpxR_cpxR,198
E341,qacG,8
E341,qacH,4
E341,vgaA,101
E341,vgaB,27
E341,vgaD,22
E341,vgaE,25
E341,EmrB-QacA_family_major_facilitator_transporter,37
E341,rpsD_(ramA_or_sud2),1
E341,OXA-224,4
E341,bpeF,1
E341,penA,460
E341,arlS,10
E341,efpA,4
E341,mfpA,18
E341,otr(B),1
E341,VatI,4
E341,vanHB,9
E341,cmlA,7
E341,ErmB,2
E341,vanTG,10
E341,vanTrL,7
E341,catB,84
E341,dfrA15b,6
E341,PBP-1A,189
E341,PBP-1B,45
E341,tet31,1
E341,tet32,30
E341,tet36,22
E341,tet39,8
E341,msrA,168
E341,msrC,129
E341,msbA,23
E341,msrE,22
E341,CTX-M-31,2
E341,CTX-M-75,2
E341,ampC,4
E341,CTX-M-77,2
E341,CTX-M-111,2
E341,CTX-M-38,2
E341,evgS,37
E341,CTX-M-115,2
E341,adeB,55
E341,adeC,19
E341,adeH,6
E341,adeI,2
E341,adeJ,6
E341,aadE,1
E341,adeK,6
E341,adeL,5
E341,fmtC,23
E341,TriA,1
E341,adeN,2
E341,TriB,2
E341,TriC,7
E341,adeR,18
E341,adeS,12
E341,TolC,202
E341,tetA(46),8
E341,catB10,3
E341,RlmA(II),2
E341,rosA,10
E341,rosB,197
E341,Staphylococcys,2
E341,Staphylococcus,1
E341,opmE,2
E341,ompR,394
E341,salA,15
E341,CMX,2
E341,OprA,7
E341,Brucella_suis_mprF,1
E341,bcr-1,3
E341,patA,40
E341,catB3,6
E341,patB,3
E341,mecA,61
E341,mecB,3
E341,mecC,3
E341,mecD,4
E341,mecI,1
E341,OprZ,7
E341,AAC(6')-Ie-APH(2'')-Ia,3
E341,poxtA,39
E341,chloramphenicol_and_florfenicol_exporter,4
E341,TaeA,35
E341,MexJ,4
E341,MexK,6
E341,CTX-M-2,2
E341,MexL,3
E341,CTX-M-5,1
E341,CTX-M-9,2
E341,MexS,3
E341,vatA,2
E341,vatB,20
E341,vatC,5
E341,MexV,4
E341,vatD,2
E341,vatE,20
E341,vatF,4
E341,vatG,4
E341,ermA,1
E341,ermB,1
E341,ermC,1
E341,truncated_putative_response_regulator_ArlR,150
E341,OXA-233,2
E341,SRT-1,1
E341,SRT-2,2
E341,bacterial_regulatory_protein_LuxR,19
E341,FONA-6,1
E341,cmeA,2
E341,cmeB,274
E341,cmeC,2
E341,Staphylococcus_mupA_conferring_resistance_to_mupirocin,23
E341,floR,160
E341,srmB,25
E341,cystathionine_beta-lyase_patB,48
E341,major_facilitator_superfamily_transporter,43
E341,tet41,8
E341,tet43,3
E341,golS,1
E341,tet44,10
E341,MCR-1,12
E341,MCR-2,7
E341,MCR-3,6
E341,MCR-4,9
E341,MCR-5,6
E341,tolC,5
E341,OXA-663,2
E341,OXA-392,2
E341,CTX-M-43,2
E341,CTX-M-44,2
E341,class_A,77
E341,LlmA_23S_ribosomal_RNA_methyltransferase,1
E341,CTX-M-160,4
E341,PBP-2X,25
E341,tlcC,19
E341,class_C,30
E341,CTX-M-48,1
E341,CTX-M-121,4
E341,CTX-M-122,4
E341,CTX-M-124,2
E341,CTX-M-125,2
E341,CTX-M-126,2
E341,CTX-M-129,2
E341,mdfA,143
E341,aac(6')-I,2
E341,MvaT,1
E341,OXA-31,2
E341,oprA,4
E341,cmlA1,9
E341,OXA-33,4
E341,OXA-74,2
E341,oprC,3
E341,cmlA4,9
E341,cmlA5,9
E341,cmlA6,9
E341,AAC(6')-34,1
E341,oprJ,26
E341,smeC,6
E341,smeD,1
E341,oprM,84
E341,smeE,3
E341,oprN,125
E341,smeF,28
E341,two-component_system_response_regulator_EvgA,2
E341,baeR,25
E341,dfrA12,87
E341,baeS,36
E341,dfrA13,5
E341,dfrA14,14
E341,dfrA15,10
E341,dfrA16,5
E341,dfrA17,5
E341,CRP,2
E341,smeR,24
E341,smeS,21
E341,FOX,9
E341,QepA1,6
E341,QepA2,6
E341,CfxA3,1
E341,mexA,25
E341,mexB,38
E341,mexD,30
E341,mexE,110
E341,mexF,139
E341,mexH,36
E341,mexI,17
E341,AxyY,1
E341,abcA,1
E341,tetB(60),4
E341,dfrA1,22
E341,dfrA3,9
E341,mexT,26
E341,dfrA5,11
E341,mexW,84
E341,dfrA7,3
E341,VEB-1b,2
E341,mexX,18
E341,dfrA8,3
E341,mexY,1
E341,PmrF,6
E341,cfrC,8
E341,oqxB,3
E341,ICR-Mc,6
E341,MOX,2
E341,Moraxella_catarrhalis_M35,2
E341,dfrC,7
E341,dfrD,6
E341,dfrE,4
E341,TRU-1,1
E341,dfrF,3
E341,dfrG,7
E341,arnA,325
E341,dfrK,9
E341,RbpA,1
E341,OXA-240,2
E341,SME-2,1
E341,SME-3,1
E341,OXA-246,3
E341,tetA,233
E341,tetB,19
E341,tetC,10
E341,efrA,5
E341,efrB,3
E341,tetG,3
E341,tetH,14
E341,lsa,277
E341,tetJ,8
E341,tetM,248
E341,tetO,42
E341,tetP,86
E341,tetQ,64
E341,MuxA,3
E341,tetR,76
E341,MuxB,5
E341,tetS,28
E341,MuxC,9
E341,tetT,56
E341,tetV,7
E341,tetW,241
E341,tetX,36
E341,cmrA,4
E341,bicyclomycin-multidrug_efflux_protein_bcr,111
E341,qepA,24
E341,vanRI,27
E341,carA,28
E341,carO,2
E341,myrA,1
E341,lrfA,5
E341,Bacillus_Cluster_B_intrinsic_mph,1
E341,cAMP-regulatory_protein,36
E341,mecR1,7
E341,CTX-M-90,4
E341,CTX-M-51,2
E341,CTX-M-92,2
E341,AAC(6')-Ib7,4
E341,OXA-320,4
E341,emrA,298
E341,CTX-M-13,2
E341,amrB,13
E341,CTX-M-95,1
E341,emrB,308
E341,CTX-M-56,2
E341,emrD,83
E341,CTX-M-130,4
E341,CTX-M-98,6
E341,emrE,34
E341,CTX-M-99,2
E341,CTX-M-131,2
E341,CTX-M-59,2
E341,OXA-368,2
E341,CTX-M-19,2
E341,emrK,77
E341,tcmA,59
E341,mdsA,1
E341,mdsB,1
E341,mdsC,7
E341,VEB-1,4
E341,VEB-2,2
E341,VEB-3,2
E341,VEB-4,2
E341,VEB-5,2
E341,emrY,3
E341,VEB-6,2
E341,VEB-7,2
E341,VEB-8,2
E341,VEB-9,1
E341,mel,25
E341,hp1181,3
E341,Pseudomonas_aeruginosa_emrE,4
E341,chrB,1
E341,tetA(48),39
E341,LRA,2
E341,farA,3
E341,OXA-47,2
E341,dfrA20,6
E341,opcM,45
E341,dfrA21,8
E341,dfrA22,8
E341,MCR-1.2,12
E341,MCR-1.3,6
E341,MCR-1.4,6
E341,dfrA24,1
E341,YojI,4
E341,MCR-1.5,6
E341,dfrA25,6
E341,MCR-1.6,6
E341,MCR-1.7,6
E341,MCR-1.8,6
E341,MCR-1.9,6
E341,dfrA29,5
E341,mtrA,46
E341,mtrD,1
E341,mtrE,94
E341,pmrA,48
E341,lmrA,9
E341,lmrB,1
E341,lmrC,8
E341,lmrD,10
E341,mtrR,1
E341,CTX-M,28
E341,bcrA,1290
E341,bcrC,2
E341,tap,2
E341,tet(K),2
E341,multidrug_ABC_transporter,1354
E341,dfrA2d,1
E341,tet(33),1
E341,PvrR,15
E341,cipA,1
E341,otrA,14
E341,otrC,8
E341,Clostridium_perfringens_mprF,1
E341,Bacillus_Cluster_A_intrinsic_mph,1
E341,marR,91
E341,aph(6)-I,1
E341,aph(3')-I,2
E341,vanA,35
E341,vanB,28
E341,vanC,40
E341,vanD,95
E341,vanE,10
E341,vanG,41
E341,vanH,183
E341,vanI,7
E341,vanL,4
E341,vanM,1
E341,vanN,6
E341,optrA,40
E341,OXA-251,2
E341,vanR,810
E341,vanS,288
E341,vanT,42
E341,OXA-256,2
E341,vanW,42
E341,ugd,3
E341,vanX,68
E341,vanY,17
E341,OXA-1,4
E341,OXA-4,4
E341,acrA,36
E341,acrB,112
E341,tet(W/N/W),7
E341,acrF,1
E341,norA,2
E341,cpxA,13
E341,tetB(46),6
E341,sul1,19
E341,sul2,214
E341,sul3,9
E341,sul4,8
E341,ykkC,49
E341,ykkD,27
E341,MCR-1.10,6
E341,MCR-1.11,6
E341,MCR-1.12,6
E341,MCR-1.13,6
E341,kasugamycin_resistance_protein_ksgA,200
E341,rpoB2,20
E341,tetA(60),4
E341,cob(I)alamin_adenolsyltransferase,26
E341,cat_chloramphenicol_acetyltransferase,23
E341,TLA-1,1
E341,rifampin_monooxygenase,48
E341,bifunctional_aminoglycoside_N-acetyltransferase_and_aminoglycoside_phosphotransferase,2
E341,TLA-2,1
E341,TLA-3,1
E341,oleB,29
E341,oleC,42
E341,antibiotic_resistance_rRNA_adenine_methyltransferase,5
E341,oleI,1
E341,aac(6')-II,2
E341,eptA,6
E341,tcr3,2
E341,mphA,12
E341,mphC,6
E341,mphD,2
E341,CTX-M-24,3
E341,CTX-M-65,2
E341,mphE,1
E341,CTX-M-67,6
E341,mphG,2
E341,CTX-M-27,2
E341,CTX-M-141,2
E341,mphI,2
E341,CTX-M-102,2
E341,CTX-M-104,2
E341,CTX-M-105,6
E341,CTX-M-148,2
E341,LpeB,4
E341,mdtA,198
E341,mdtB,308
E341,mdtC,285
E341,mdtD,105
E341,mdtE,11
E341,mdtF,5
E341,mdtG,14
E341,mdtH,2
E341,Salmonella,9
E341,mdtK,123
E341,mdtN,51
E341,mdtP,6
E344,aph(3'')-I,4
E344,OXA,297
E344,chloramphenicol_and_florfenicol_resistance,10
E344,CMY-133,3
E344,OXA-10,10
E344,OXA-11,9
E344,bacA,550
E344,IND,43
E344,OXA-14,9
E344,chloramphenicol_exporter,54
E344,OXA-16,9
E344,OXA-17,8
E344,basS,29
E344,kdpE,39
E344,lsaC,15
E344,lsaE,27
E344,ADP-ribosylating_transferase_arr,5
E344,OXA-454,8
E344,OXA-142,7
E344,OpmB,2
E344,OpmD,1
E344,tlrB_conferring_tylosin_resistance,4
E344,IMP-26,3
E344,OpmH,3
E344,AAC(6')-Ib,4
E344,mefA,24
E344,mefC,4
E344,puromycin_resistance_protein,3
E344,abeM,10
E344,clbA,9
E344,clbB,10
E344,clbC,8
E344,abeS,6
E344,MUS-1,4
E344,AAC(6')-30/AAC(6')-Ib',2
E344,MUS-2,4
E344,macA,487
E344,macB,6310
E344,rphA,8
E344,rphB,15
E344,transcriptional_regulatory_protein_CpxR_cpxR,438
E344,qacG,28
E344,blt,2
E344,qacH,6
E344,VIM-14,1
E344,vgaA,206
E344,vgaB,41
E344,vgaD,41
E344,vgaE,44
E344,NDM-1,6
E344,NDM-2,6
E344,NDM-3,6
E344,NDM-4,6
E344,NDM-5,6
E344,NDM-6,6
E344,CMY-40,6
E344,CMY-42,1
E344,NDM-9,6
E344,CMY-43,3
E344,CMY-45,3
E344,CMY-46,9
E344,EmrB-QacA_family_major_facilitator_transporter,45
E344,VIM-1,1
E344,rpsD_(ramA_or_sud2),1
E344,OXA-224,2
E344,VIM-4,1
E344,VIM-5,1
E344,bpeF,64
E344,penA,759
E344,arlS,18
E344,efpA,2
E344,fosB,4
E344,Listeria_monocytogenes_mprF,2
E344,ADC-12,2
E344,VatI,2
E344,vanHB,8
E344,cmlA,12
E344,ErmB,8
E344,ADC-16,1
E344,ErmC,2
E344,ADC-17,2
E344,vanTG,14
E344,vanXI,2
E344,ADC-19,1
E344,vanTrL,10
E344,fosX,21
E344,catA,2
E344,catB,52
E344,ErmT,2
E344,dfrA15b,4
E344,PBP-1A,357
E344,PBP-1B,85
E344,tet32,53
E344,tet34,13
E344,tet36,27
E344,tet39,2
E344,msrA,237
E344,msrC,179
E344,msbA,33
E344,msrE,21
E344,Erm(30),1
E344,ampC,33
E344,CTX-M-110,2
E344,CTX-M-38,2
E344,evgS,100
E344,CTX-M-113,2
E344,adeA,3
E344,adeB,297
E344,adeC,30
E344,aadA,22
E344,adeF,11
E344,adeH,4
E344,adeI,4
E344,adeJ,32
E344,aadE,3
E344,adeK,8
E344,fmtC,25
E344,adeL,12
E344,TriA,3
E344,adeN,2
E344,ACC-5,3
E344,TriB,1
E344,TriC,16
E344,adeR,37
E344,adeS,23
E344,TolC,349
E344,CMY-102,3
E344,tetA(46),18
E344,catB10,2
E344,CMY-108,7
E344,ceoB,37
E344,RlmA(II),3
E344,rosA,20
E344,rosB,349
E344,aph(3')-IIb,4
E344,Staphylococcys,4
E344,ADC-1,1
E344,opmD,2
E344,Staphylococcus,4
E344,opmE,2
E344,ADC-2,1
E344,ADC-3,1
E344,ADC-4,1
E344,ADC-5,1
E344,KHM-1,1
E344,ADC-7,1
E344,sdiA,48
E344,ompR,954
E344,salA,36
E344,APH(6)-Id,1
E344,CMX,52
E344,Acinetobacter_baumannii_ampC_beta-lactamase,1
E344,KLUY-2,1
E344,OprA,10
E344,Brucella_suis_mprF,1
E344,bcr-1,7
E344,IMP-38,3
E344,sdeY,1
E344,gadX,1
E344,patA,64
E344,catB3,4
E344,patB,2
E344,mecA,94
E344,mecB,13
E344,mecC,8
E344,mecD,5
E344,mecI,1
E344,OprZ,5
E344,poxtA,56
E344,chloramphenicol_and_florfenicol_exporter,2
E344,metallo-beta-lactamase,21
E344,VIM,2
E344,ANT(3'')-Ii-AAC(6')-IId,4
E344,TaeA,70
E344,MexJ,8
E344,MexK,25
E344,MexL,7
E344,CTX-M-5,1
E344,VIM-26,1
E344,VIM-27,1
E344,VIM-28,1
E344,MexS,3
E344,vatB,6
E344,vatC,2
E344,MexV,2
E344,vatE,16
E344,vatF,2
E344,vatG,2
E344,CMY-12,3
E344,ermA,3
E344,CMY-95,3
E344,CMY-13,12
E344,ermB,17
E344,CMY-55,3
E344,ereA,10
E344,ermC,16
E344,CMY-56,3
E344,ereB,2
E344,CMY-57,3
E344,CMY-16,6
E344,CMY-17,3
E344,CMY-99,4
E344,ermF,8
E344,CMY-59,3
E344,ermG,1
E344,truncated_putative_response_regulator_ArlR,335
E344,OXA-233,8
E344,SRT-1,2
E344,SRT-2,4
E344,bacterial_regulatory_protein_LuxR,27
E344,ermT,6
E344,CMY-2,3
E344,CMY-5,3
E344,CMY-6,3
E344,CMY-7,3
E344,Chryseobacterium_meningosepticum_BlaB,3
E344,tetB(48),1
E344,ADC-20,1
E344,ADC-21,2
E344,ADC-22,2
E344,ADC-25,1
E344,cmeB,235
E344,Staphylococcus_mupA_conferring_resistance_to_mupirocin,30
E344,floR,60
E344,srmB,60
E344,cystathionine_beta-lyase_patB,38
E344,aac(6')-31,4
E344,major_facilitator_superfamily_transporter,34
E344,tet41,6
E344,golS,6
E344,tet44,19
E344,MCR-1,20
E344,MCR-2,11
E344,MCR-3,9
E344,MCR-4,10
E344,MCR-5,10
E344,tolC,3
E344,OXA-663,10
E344,CTX-M-84,2
E344,class_A,27
E344,class_B,4
E344,tlcC,54
E344,class_C,123
E344,CTX-M-48,2
E344,CTX-M-122,2
E344,APH(3')-Ia,1
E344,CTX-M-125,2
E344,mdfA,127
E344,aac(6')-I,13
E344,CMY-118,6
E344,CMY-119,6
E344,aac(6')-30-aac(6')-Ib',1
E344,cmlA1,9
E344,oprA,4
E344,OXA-33,2
E344,OXA-74,8
E344,oprC,15
E344,cmlA4,9
E344,cmlA5,9
E344,cmlA6,9
E344,oprJ,79
E344,smeB,27
E344,smeC,9
E344,smeD,8
E344,oprM,165
E344,smeE,19
E344,oprN,44
E344,smeF,71
E344,two-component_system_response_regulator_EvgA,7
E344,baeR,55
E344,dfrA12,98
E344,baeS,44
E344,dfrA13,7
E344,dfrA14,20
E344,dfrA15,4
E344,dfrA17,3
E344,CRP,3
E344,TUS-1,4
E344,smeR,55
E344,smeS,36
E344,FOX,7
E344,ant(3'')-Ih-aac(6')-IId,6
E344,QepA1,3
E344,CfxA2,11
E344,QepA2,3
E344,CfxA3,2
E344,mexA,10
E344,Rhodobacter_sphaeroides_ampC_beta-lactamase,1
E344,mexB,119
E344,mexC,21
E344,CfxA6,1
E344,mepA,43
E344,mexD,405
E344,mexE,188
E344,mexF,822
E344,thiostrepton_resistance_methylase_tsnR,1
E344,mexH,68
E344,mexI,61
E344,AxyY,7
E344,abcA,1
E344,mexM,1
E344,mexN,21
E344,tetB(60),12
E344,mexQ,11
E344,dfrA1,21
E344,dfrA3,11
E344,mexT,47
E344,dfrA5,8
E344,AAC(6')-Ib10,3
E344,mexW,327
E344,VEB-1b,4
E344,mexX,76
E344,dfrA8,6
E344,mexY,9
E344,AcrE,2
E344,AcrF,3
E344,PmrF,14
E344,cfrC,10
E344,oqxA,3
E344,oqxB,18
E344,ICR-Mc,10
E344,DHA,4
E344,VIM-32,1
E344,VIM-33,1
E344,VIM-34,1
E344,VIM-35,1
E344,VIM-37,1
E344,VIM-38,1
E344,Moraxella_catarrhalis_M35,1
E344,VIM-39,1
E344,dfrC,9
E344,dfrD,8
E344,dfrE,6
E344,TRU-1,1
E344,dfrF,3
E344,CMY-60,3
E344,dfrG,8
E344,CMY-61,1
E344,CMY-20,1
E344,CMY-21,6
E344,CMY-63,3
E344,arnA,518
E344,CMY-23,3
E344,CMY-64,3
E344,dfrK,10
E344,ACT,14
E344,CMY-28,3
E344,CMY-29,3
E344,OXA-240,10
E344,SME-2,1
E344,SME-3,1
E344,OXA-246,10
E344,tetA,271
E344,tetB,19
E344,tetC,11
E344,efrA,23
E344,efrB,11
E344,lsa,361
E344,tetM,319
E344,tetO,134
E344,tetP,154
E344,tetQ,115
E344,MuxA,2
E344,tetR,102
E344,MuxB,10
E344,tetS,12
E344,MuxC,28
E344,tetT,82
E344,tetV,3
E344,ADC-74,1
E344,tetW,479
E344,ADC-75,1
E344,Bacillus_subtilis_mprF,1
E344,tetX,62
E344,cmrA,6
E344,ADC-77,1
E344,bicyclomycin-multidrug_efflux_protein_bcr,268
E344,ADC-78,1
E344,ADC-79,1
E344,ADC-39,1
E344,qepA,12
E344,vanRI,55
E344,carA,84
E344,carO,2
E344,myrA,4
E344,AAC(6')-Ib',5
E344,hmrM,1
E344,lrfA,1
E344,Bacillus_Cluster_B_intrinsic_mph,1
E344,APH(3')-IIa,1
E344,cAMP-regulatory_protein,54
E344,AAC(6')-Ib3,4
E344,AAC(6')-Ib4,4
E344,OXA-320,2
E344,AAC(6')-Ib7,5
E344,emrA,255
E344,amrB,103
E344,AAC(6')-Ib8,1
E344,emrB,389
E344,CTX-M-14,2
E344,emrD,1
E344,CTX-M-130,2
E344,emrE,65
E344,CTX-M-17,2
E344,OXA-368,9
E344,emrK,20
E344,tcmA,18
E344,mdsA,1
E344,mdsB,20
E344,mdsC,8
E344,VEB-1,7
E344,VEB-2,4
E344,VEB-3,4
E344,VEB-4,4
E344,emrY,1
E344,VEB-5,4
E344,VEB-6,4
E344,VEB-7,4
E344,VEB-8,4
E344,VEB-9,2
E344,mel,28
E344,hp1181,4
E344,Pseudomonas_aeruginosa_emrE,5
E344,chrB,4
E344,tetA(48),86
E344,LRA,2
E344,farA,4
E344,farB,3
E344,OCH,5
E344,dfrA20,9
E344,opcM,37
E344,dfrA21,10
E344,dfrA22,10
E344,MCR-1.2,20
E344,MCR-1.3,10
E344,MCR-1.4,10
E344,dfrA24,1
E344,YojI,11
E344,MCR-1.5,10
E344,dfrA25,5
E344,MCR-1.6,10
E344,MCR-1.7,10
E344,MCR-1.8,10
E344,dfrA29,4
E344,MCR-1.9,10
E344,mtrA,93
E344,mtrD,9
E344,mtrE,144
E344,lmrA,2
E344,Erm(44),1
E344,lmrC,17
E344,lmrD,25
E344,NmcR,6
E344,GIM-1,1
E344,GIM-2,1
E344,LCR-1,1
E344,PEDO-2,1
E344,PEDO-3,3
E344,blaB,3
E344,CTX-M,15
E344,erm(35),1
E344,bcrA,3043
E344,bcrC,2
E344,multidrug_ABC_transporter,2445
E344,BUT-1,2
E344,PvrR,34
E344,cipA,2
E344,otrA,30
E344,otrC,17
E344,arr-4,1
E344,arr-5,1
E344,ccrA,1
E344,Clostridium_perfringens_mprF,1
E344,arr-7,1
E344,arr-8,1
E344,IMP-4,3
E344,PER,8
E344,Bacillus_Cluster_A_intrinsic_mph,1
E344,marR,199
E344,VIM-42,1
E344,VIM-43,1
E344,aph(6)-I,25
E344,aph(3')-I,18
E344,vanA,88
E344,vanB,64
E344,vanC,63
E344,vanD,198
E344,vanE,17
E344,vanG,48
E344,CMY-31,3
E344,vanH,258
E344,CMY-32,3
E344,vanI,12
E344,aph(3')-V,3
E344,vanL,8
E344,vanM,6
E344,vanN,13
E344,optrA,61
E344,OXA-251,10
E344,vanR,1585
E344,vanS,458
E344,vanT,35
E344,vanU,1
E344,OXA-256,10
E344,vanW,21
E344,ugd,13
E344,vanX,74
E344,vanY,2
E344,OXA-1,2
E344,OXA-4,2
E344,acrA,96
E344,acrB,525
E344,tet(W/N/W),7
E344,acrD,5
E344,acrF,5
E344,norA,25
E344,cpxA,25
E344,ADC-80,1
E344,tetB(46),10
E344,sul1,26
E344,ADC-82,1
E344,ADC-41,2
E344,sul2,251
E344,ADC-42,1
E344,sul3,16
E344,ADC-43,1
E344,sul4,19
E344,ykkC,78
E344,ykkD,23
E344,LAT-1,3
E344,MCR-1.10,10
E344,MCR-1.11,10
E344,MCR-1.12,10
E344,MCR-1.13,10
E344,kasugamycin_resistance_protein_ksgA,301
E344,rpoB2,48
E344,tetA(60),18
E344,cob(I)alamin_adenolsyltransferase,130
E344,cat_chloramphenicol_acetyltransferase,11
E344,TLA-1,3
E344,rifampin_monooxygenase,56
E344,TLA-2,2
E344,TLA-3,3
E344,oleB,53
E344,oleC,84
E344,antibiotic_resistance_rRNA_adenine_methyltransferase,6
E344,JOHN-1,3
E344,aac(6')-II,1
E344,eptA,9
E344,CGB-1,3
E344,mphA,12
E344,mphC,6
E344,mphD,2
E344,CTX-M-24,2
E344,mphE,1
E344,CTX-M-67,2
E344,mphG,2
E344,Burkholderia_pseudomallei_Omp38,5
E344,mphI,2
E344,LpeB,20
E344,mdtA,141
E344,mdtB,567
E344,mdtC,528
E344,mdtD,174
E344,mdtE,40
E344,mdtF,49
E344,NDM-10,6
E344,NDM-11,4
E344,Salmonella,9
E344,NDM-12,2
E344,mdtK,338
E344,NDM-13,6
E344,mdtL,4
E344,mdtM,5
E344,mdtN,100
E344,NDM-17,6
E344,mdtP,31
E346,tetB(60),2
E346,class_C,12
E346,AAC(6')-Ib,4
E346,bcr-1,1
E346,dfrB6,4
E346,gadX,1
E346,dfrA29,2
E346,TRU-1,1
E346,PDC,20
E346,tlcC,12
E346,Staphylococcus,1
E346,vanTrL,1
E346,emrA,46
E346,aac(6')-30-aac(6')-Ib',1
E346,mdtA,55
E346,OXA-74,1
E346,CMX,17
E346,emrB,49
E346,qacG,2
E346,mdtB,46
E346,IMP-38,1
E346,qacH,3
E346,mdtC,161
E346,TEM-156,1
E346,OXA-368,2
E346,emrE,16
E346,cpxA,5
E346,patA,15
E346,mdtF,25
E346,EmrB-QacA_family_major_facilitator_transporter,12
E346,patB,1
E346,cmlA1,3
E346,mdtG,14
E346,hp1181,1
E346,baeR,19
E346,poxtA,15
E346,cmlA4,3
E346,tet41,2
E346,baeS,19
E346,cmlA5,3
E346,emrK,3
E346,mdtK,57
E346,NmcR,2
E346,Staphylococcys,1
E346,cmlA6,3
E346,mdtL,1
E346,mel,10
E346,CMY-12,3
E346,tet44,2
E346,Pseudomonas_aeruginosa_emrE,2
E346,CMY-13,3
E346,CGB-1,1
E346,bcrA,528
E346,kasugamycin_resistance_protein_ksgA,101
E346,PBP-1A,105
E346,TEM-215,3
E346,CMY-16,3
E346,blaB,1
E346,JOHN-1,1
E346,cat_chloramphenicol_acetyltransferase,3
E346,vanA,23
E346,PBP-1B,17
E346,TEM-196,3
E346,CMY-17,3
E346,cAMP-regulatory_protein,18
E346,vanB,19
E346,TEM-217,3
E346,NDM-10,2
E346,vanC,14
E346,NDM-11,2
E346,bpeF,10
E346,vanD,56
E346,aac(6')-I,15
E346,vanE,3
E346,TEM-90,3
E346,NDM-13,2
E346,IMP-4,1
E346,lsa,77
E346,vanG,9
E346,lmrC,2
E346,OXA-233,1
E346,lmrD,3
E346,vanH,16
E346,NDM-1,2
E346,vanI,2
E346,NDM-17,2
E346,NDM-2,2
E346,NDM-3,2
E346,NDM-4,2
E346,vanL,1
E346,TUS-1,1
E346,NDM-5,2
E346,OXA-251,1
E346,Chryseobacterium_meningosepticum_BlaB,1
E346,vanM,1
E346,NDM-6,2
E346,vanN,2
E346,floR,57
E346,MUS-1,1
E346,CMY-57,3
E346,tet(59),1
E346,MUS-2,1
E346,tcmA,3
E346,NDM-9,2
E346,farA,1
E346,mecA,12
E346,kdpE,7
E346,msrA,81
E346,OXA-256,1
E346,ACT,12
E346,mecB,3
E346,vanR,334
E346,norA,8
E346,AAC(6')-Ib',1
E346,mecC,2
E346,cipA,1
E346,otrA,8
E346,msrC,48
E346,vanS,129
E346,CMY-108,3
E346,AcrF,1
E346,mecD,2
E346,vanT,9
E346,OXA,40
E346,rifampin_monooxygenase,31
E346,otrC,2
E346,dfrA2d,4
E346,msrE,5
E346,vatA,1
E346,vatB,6
E346,vatC,1
E346,vanX,64
E346,vatD,1
E346,vatE,4
E346,ant(3'')-Ih-aac(6')-IId,3
E346,evgS,35
E346,vatF,1
E346,acrA,17
E346,vatG,1
E346,mexB,12
E346,cob(I)alamin_adenolsyltransferase,25
E346,smeB,5
E346,acrB,134
E346,PEDO-3,1
E346,abeM,3
E346,mexD,22
E346,cmeB,55
E346,acrD,2
E346,AAC(6')-Ib3,4
E346,mexE,14
E346,dfrA12,33
E346,CMY-99,3
E346,AAC(6')-Ib4,1
E346,smeF,12
E346,mexF,106
E346,dfrA1,5
E346,dfrA13,1
E346,tolC,1
E346,tetA,32
E346,salA,14
E346,dfrA14,10
E346,TEM-106,3
E346,dfrA15,2
E346,rosA,10
E346,VatI,1
E346,mexH,6
E346,dfrA3,3
E346,tetB,5
E346,tetC,2
E346,AAC(6')-Ib7,5
E346,mexI,8
E346,rosB,71
E346,abeS,2
E346,dfrA5,2
E346,dfrA17,8
E346,oprC,2
E346,AAC(6')-Ib8,1
E346,truncated_putative_response_regulator_ArlR,72
E346,AAC(6')-Ib9,3
E346,TolC,70
E346,dfrA7,4
E346,blt,1
E346,OprA,2
E346,major_facilitator_superfamily_transporter,5
E346,tetG,4
E346,dfrA8,2
E346,mexM,1
E346,MexJ,1
E346,mexN,3
E346,MexK,8
E346,TEM,22
E346,oprJ,33
E346,mexQ,1
E346,efrA,2
E346,basS,11
E346,AAC(6')-Ib10,3
E346,efrB,4
E346,smeR,11
E346,IMP-26,1
E346,TriA,1
E346,smeS,14
E346,tetM,55
E346,mtrA,33
E346,Staphylococcus_mupA_conferring_resistance_to_mupirocin,12
E346,OXA-142,1
E346,TriB,1
E346,mdsB,2
E346,oprM,24
E346,mexT,24
E346,oprN,2
E346,tetO,20
E346,TriC,3
E346,mdsC,2
E346,vanRI,11
E346,ampC,9
E346,mtrD,2
E346,macA,77
E346,tetA(46),2
E346,tetP,38
E346,ErmB,2
E346,ermF,1
E346,mtrE,21
E346,mexW,44
E346,tetQ,29
E346,MexS,2
E346,macB,1901
E346,TEM-148,3
E346,tetS,3
E346,mexY,2
E346,MexV,2
E346,vanTG,4
E346,lsaC,4
E346,arnA,150
E346,tetT,16
E346,aadE,1
E346,clbA,2
E346,amrB,13
E346,lsaE,5
E346,clbB,4
E346,tet32,4
E346,tetW,112
E346,tetA(48),19
E346,clbC,3
E346,carA,16
E346,multidrug_ABC_transporter,521
E346,dfrC,1
E346,TEM-183,3
E346,CRP,1
E346,tet36,5
E346,dfrD,1
E346,vgaA,53
E346,dfrF,1
E346,bacterial_regulatory_protein_LuxR,7
E346,vgaB,14
E346,tet39,1
E346,dfrG,1
E346,mdfA,2
E346,two-component_system_response_regulator_EvgA,1
E346,OprZ,2
E346,vgaD,12
E346,TaeA,21
E346,arlS,4
E346,catB,2
E346,vgaE,14
E346,transcriptional_regulatory_protein_CpxR_cpxR,110
E346,dfrK,2
E346,OXA-663,1
E346,AER-1,1
E346,metallo-beta-lactamase,3
E346,chloramphenicol_and_florfenicol_resistance,4
E346,tetB(46),2
E346,vanXI,1
E346,antibiotic_resistance_rRNA_adenine_methyltransferase,2
E346,oleB,15
E346,sul1,27
E346,CARB,1
E346,hmrM,1
E346,srmB,12
E346,oleC,20
E346,sul2,70
E346,QepA1,2
E346,CMY-42,3
E346,cfrC,4
E346,sul3,2
E346,QepA2,2
E346,OXA-454,1
E346,OXA-240,1
E346,dfrA15b,2
E346,Erm(30),1
E346,sul4,4
E346,CMY-44,1
E346,aac(6')-II,1
E346,PmrF,3
E346,adeB,43
E346,IND,14
E346,qepA,8
E346,adeC,4
E346,FOX,4
E346,OXA-246,1
E346,CMY-64,3
E346,AxyY,2
E346,adeH,1
E346,penA,132
E346,Salmonella,3
E346,chloramphenicol_and_florfenicol_exporter,3
E346,opmD,1
E346,tet(W/N/W),1
E346,PvrR,8
E346,adeK,2
E346,tetA(60),2
E346,opmE,2
E346,oqxB,2
E346,adeL,8
E346,OpmB,1
E346,rpoB2,14
E346,CMY-118,3
E346,OpmD,1
E346,rphA,2
E346,ompR,246
E346,CMY-119,3
E346,OXA-10,1
E346,rphB,4
E346,msbA,12
E346,OXA-11,1
E346,bicyclomycin-multidrug_efflux_protein_bcr,75
E346,adeR,10
E346,AAC(6')-Ib-Suzhou,4
E346,catB3,1
E346,OpmH,1
E346,adeS,6
E346,OXA-14,1
E346,ugd,3
E346,mefC,1
E346,OXA-16,1
E346,TEM-110,3
E346,AAC(6')-30/AAC(6')-Ib',2
E346,OXA-17,1
E346,puromycin_resistance_protein,1
E346,ceoB,10
E346,optrA,17
E346,dfrA20,1
E346,LpeB,4
E346,bacA,50
E346,dfrA21,2
E346,cystathionine_beta-lyase_patB,1
E346,MuxA,1
E346,dfrA22,3
E346,MuxB,2
E346,aac(6')-31,2
E346,dfrB1,12
E346,chloramphenicol_exporter,6
E346,dfrB2,8
E346,MuxC,7
E346,catB10,1
E346,dfrA25,2
E346,class_A,1
E346,dfrB3,4
E350,aph(3'')-I,4
E350,OXA,347
E350,CMY-132,3
E350,chloramphenicol_and_florfenicol_resistance,22
E350,CMY-133,6
E350,OXA-10,11
E350,OXA-11,11
E350,bacA,825
E350,OXA-14,11
E350,chloramphenicol_exporter,139
E350,OXA-16,11
E350,OXA-17,10
E350,AER-1,3
E350,basS,38
E350,mycinamicin-resistance_protein_myrB,1
E350,kdpE,57
E350,lsaC,21
E350,lsaE,48
E350,ADP-ribosylating_transferase_arr,5
E350,TEM-135,1
E350,OXA-454,11
E350,OXA-142,10
E350,OpmB,6
E350,OpmD,2
E350,tlrB_conferring_tylosin_resistance,9
E350,OpmH,6
E350,mefA,133
E350,mefC,2
E350,tet(L),6
E350,puromycin_resistance_protein,3
E350,abeM,12
E350,clbA,15
E350,clbB,19
E350,clbC,21
E350,abeS,18
E350,TEM-90,3
E350,TEM-92,3
E350,TEM-93,1
E350,TEM-52,3
E350,TEM-94,3
E350,macA,649
E350,qacA,4
E350,macB,7920
E350,qacB,14
E350,rphA,14
E350,rphB,21
E350,TEM-57,3
E350,transcriptional_regulatory_protein_CpxR_cpxR,724
E350,qacG,59
E350,blt,1
E350,qacH,17
E350,vgaA,306
E350,vgaB,55
E350,vgaD,47
E350,vgaE,52
E350,lnuB,9
E350,CMY-46,6
E350,EmrB-QacA_family_major_facilitator_transporter,71
E350,TEM-215,3
E350,lnuF,3
E350,lnuG,3
E350,TEM-217,3
E350,AAC(3)-Ib/AAC(6')-Ib'',2
E350,OXA-224,2
E350,bpeF,40
E350,KPC-10,3
E350,penA,1010
E350,KPC-12,3
E350,arlS,31
E350,efpA,3
E350,KPC-14,3
E350,Listeria_monocytogenes_mprF,2
E350,ADC-12,3
E350,VatI,4
E350,ADC-13,3
E350,ADC-14,2
E350,ADC-15,1
E350,vanHB,25
E350,ErmB,4
E350,ADC-16,3
E350,ErmC,1
E350,vanTG,31
E350,ADC-17,3
E350,ADC-18,1
E350,vanXI,4
E350,ADC-19,3
E350,vanTrL,19
E350,TEM,29
E350,cdeA,5
E350,catA,1
E350,catB,193
E350,ErmT,2
E350,dfrA15b,7
E350,PBP-1A,496
E350,PBP-1B,172
E350,tet32,71
E350,tet34,1
E350,tet35,1
E350,tet36,36
E350,tet37,1
E350,tet39,2
E350,msrA,583
E350,SHV-97,5
E350,msrC,328
E350,msbA,75
E350,msrE,33
E350,Erm(30),1
E350,ampC,7
E350,CTX-M-110,2
E350,CTX-M-38,2
E350,evgS,91
E350,CTX-M-113,2
E350,RTG-4,6
E350,RTG-5,3
E350,adeA,11
E350,adeB,244
E350,adeC,55
E350,aadA,21
E350,adeF,5
E350,adeG,1
E350,adeH,9
E350,adeI,10
E350,aadE,2
E350,adeJ,39
E350,adeK,18
E350,aac(3)-I,23
E350,adeL,43
E350,fmtC,45
E350,TriA,7
E350,adeN,5
E350,TriC,27
E350,aadK,24
E350,adeR,55
E350,adeS,30
E350,TolC,568
E350,vanXYL,3
E350,tetA(46),28
E350,catB10,8
E350,CMY-108,6
E350,ceoB,29
E350,RlmA(II),8
E350,rosA,70
E350,rosB,551
E350,aph(3')-IIb,4
E350,Staphylococcys,5
E350,opmD,4
E350,Staphylococcus,3
E350,opmE,5
E350,ADC-2,3
E350,ADC-3,3
E350,APH(3')-VIa,1
E350,ADC-5,3
E350,ADC-6,1
E350,ADC-7,3
E350,ompR,1282
E350,salA,60
E350,GES-2,1
E350,APH(6)-Id,1
E350,TEM-183,3
E350,CMX,4
E350,GES-4,1
E350,TEM-102,3
E350,Acinetobacter_baumannii_ampC_beta-lactamase,3
E350,GES-5,1
E350,GES-6,1
E350,KLUY-2,1
E350,TEM-106,6
E350,GES-9,1
E350,TEM-148,3
E350,OprA,16
E350,Brucella_suis_mprF,3
E350,bcr-1,10
E350,mef(B),3
E350,sdeY,1
E350,patA,78
E350,catB3,12
E350,patB,6
E350,mecA,135
E350,mecB,11
E350,mecC,4
E350,mecD,6
E350,aac(3)-Ib-aac(6')-Ib,1
E350,MSI-1,1
E350,OprZ,6
E350,poxtA,106
E350,SHV-103,5
E350,metallo-beta-lactamase,6
E350,SHV-104,5
E350,TEM-20,3
E350,TEM-21,3
E350,ANT(3'')-Ii-AAC(6')-IId,4
E350,TaeA,99
E350,MexJ,11
E350,MexK,27
E350,MexL,6
E350,CTX-M-5,1
E350,MexS,5
E350,vatA,2
E350,vatB,21
E350,vatC,4
E350,MexV,3
E350,vatD,2
E350,vatE,12
E350,GES-11,1
E350,vatF,3
E350,vatG,5
E350,GES-13,1
E350,MexZ,1
E350,GES-14,1
E350,GES-15,1
E350,GES-16,1
E350,CMY-12,3
E350,ermA,5
E350,GES-17,1
E350,CMY-13,6
E350,ermB,10
E350,ermC,10
E350,ereA,10
E350,GES-19,1
E350,CMY-56,1
E350,ereB,2
E350,CMY-16,3
E350,ermE,2
E350,CMY-99,6
E350,ermF,7
E350,ermG,5
E350,truncated_putative_response_regulator_ArlR,526
E350,OXA-233,10
E350,SRT-1,1
E350,SRT-2,2
E350,bacterial_regulatory_protein_LuxR,40
E350,ermT,6
E350,efmA,2
E350,CMY-5,6
E350,CMY-6,3
E350,CMY-7,3
E350,ESP-1,2
E350,vanYA,3
E350,ADC-20,3
E350,ADC-21,3
E350,ADC-22,3
E350,ADC-23,3
E350,ADC-25,3
E350,cmeB,224
E350,Staphylococcus_mupA_conferring_resistance_to_mupirocin,42
E350,floR,54
E350,srmB,78
E350,GOB-18,2
E350,cystathionine_beta-lyase_patB,83
E350,major_facilitator_superfamily_transporter,57
E350,tet41,2
E350,golS,16
E350,tet44,28
E350,MCR-1,32
E350,GOB-1,2
E350,MCR-2,16
E350,MCR-3,15
E350,MCR-4,17
E350,MCR-5,18
E350,tolC,5
E350,OXA-663,11
E350,aph(3''')-III,5
E350,APH(3')-IX,1
E350,CTX-M-84,2
E350,LlmA_23S_ribosomal_RNA_methyltransferase,1
E350,class_A,36
E350,PBP-2X,102
E350,tlcC,90
E350,class_C,55
E350,CTX-M-48,2
E350,CTX-M-122,2
E350,APH(3')-Ia,1
E350,CTX-M-125,2
E350,linG,3
E350,mdfA,274
E350,CMY-118,7
E350,CMY-119,3
E350,OXA-31,2
E350,cmlA1,15
E350,oprA,11
E350,OXA-33,2
E350,OXA-74,8
E350,oprC,19
E350,ANT(6)-Ia,1
E350,cmlA4,15
E350,cmlA5,15
E350,cmlA6,15
E350,oprJ,131
E350,smeB,24
E350,LEN,11
E350,smeC,16
E350,oprM,257
E350,smeE,28
E350,oprN,161
E350,smeF,140
E350,two-component_system_response_regulator_EvgA,8
E350,baeR,80
E350,dfrA12,181
E350,baeS,76
E350,dfrA13,12
E350,dfrA14,31
E350,dfrA15,13
E350,dfrA17,5
E350,CRP,7
E350,TUS-1,1
E350,smeR,83
E350,smeS,67
E350,TEM-110,3
E350,Erm(47),1
E350,TEM-153,3
E350,TEM-112,3
E350,TEM-113,3
E350,TEM-196,3
E350,TEM-156,1
E350,TEM-157,3
E350,TEM-159,3
E350,QepA1,6
E350,QepA2,6
E350,mexA,84
E350,mexB,182
E350,mexC,38
E350,mepA,160
E350,KPC-4,3
E350,mexD,325
E350,mexE,250
E350,KPC-6,3
E350,mexF,436
E350,erm(34),1
E350,KPC-8,3
E350,aadA9,1
E350,mexH,38
E350,KPC-9,3
E350,mexI,25
E350,abcA,1
E350,AxyY,6
E350,mexM,1
E350,mexN,14
E350,tetB(60),23
E350,mexP,1
E350,mexQ,4
E350,dfrA1,61
E350,dfrA3,24
E350,mexT,128
E350,dfrA5,14
E350,mexW,188
E350,VEB-1b,4
E350,mexX,76
E350,dfrA8,16
E350,mexY,5
E350,AcrE,2
E350,AcrF,7
E350,PmrF,16
E350,TEM-72,3
E350,cfrC,22
E350,oqxA,2
E350,oqxB,13
E350,AcrS,2
E350,ICR-Mc,16
E350,OKP-A,7
E350,OKP-B,11
E350,MOX,2
E350,Moraxella_catarrhalis_M35,3
E350,dfrC,16
E350,GES-20,1
E350,GES,1
E350,dfrD,15
E350,GES-21,1
E350,TRU-1,1
E350,dfrE,9
E350,dfrF,6
E350,APH(3')-IIIa,1
E350,dfrG,15
E350,GES-24,1
E350,CMY-20,9
E350,CMY-21,3
E350,CMY-63,6
E350,arnA,630
E350,CMY-64,3
E350,dfrK,19
E350,ACT,12
E350,CMY-28,4
E350,CMY-29,6
E350,OXA-240,11
E350,OXA-246,11
E350,tetA,61
E350,tetB,14
E350,tetC,2
E350,efrA,47
E350,efrB,29
E350,lsa,681
E350,tetL,3
E350,tetM,442
E350,tetO,202
E350,tetP,199
E350,tetQ,155
E350,MuxA,1
E350,tetR,292
E350,MuxB,11
E350,tetS,37
E350,MuxC,23
E350,tetT,114
E350,tetW,661
E350,tetX,6
E350,Bacillus_subtilis_mprF,3
E350,ADC-75,3
E350,cmrA,15
E350,ADC-76,1
E350,aph(3'')-IV,2
E350,bicyclomycin-multidrug_efflux_protein_bcr,522
E350,ADC-77,3
E350,ADC-78,1
E350,ADC-79,3
E350,ADC-39,2
E350,qepA,24
E350,vanRI,77
E350,Streptococcus_agalactiae_mprF,4
E350,KPC,5
E350,carA,113
E350,DNA-binding_protein_H-NS,1
E350,carO,5
E350,APH(3')-VI,2
E350,myrA,10
E350,hmrM,2
E350,lrfA,7
E350,SHV-76,5
E350,Bacillus_Cluster_B_intrinsic_mph,1
E350,APH(3')-IIa,1
E350,cAMP-regulatory_protein,126
E350,mecR1,3
E350,NPS-1,1
E350,OXA-320,1
E350,FEZ-1,1
E350,emrA,544
E350,amrB,100
E350,emrB,510
E350,CTX-M-14,2
E350,emrD,4
E350,CTX-M-130,2
E350,emrE,242
E350,CTX-M-17,2
E350,OXA-368,8
E350,emrK,89
E350,tcmA,22
E350,mdsB,12
E350,APH(3')-VIII,1
E350,mdsC,13
E350,VEB-1,7
E350,VEB-2,4
E350,VEB-3,4
E350,VEB-4,4
E350,VEB-5,4
E350,emrY,2
E350,VEB-6,4
E350,VEB-7,4
E350,VEB-8,4
E350,VEB-9,2
E350,mel,35
E350,ANT(3'')-IIa,1
E350,ANT(3'')-IIb,1
E350,hp1181,10
E350,aad(6),1
E350,ANT(3'')-IIc,1
E350,Pseudomonas_aeruginosa_emrE,17
E350,chrB,10
E350,tetA(48),111
E350,LRA,16
E350,farA,6
E350,farB,6
E350,AQU-1,1
E350,MdtK,2
E350,dfrA20,13
E350,opcM,122
E350,dfrA21,20
E350,dfrA22,22
E350,MCR-1.2,32
E350,MCR-1.3,16
E350,MCR-1.4,16
E350,dfrA24,5
E350,YojI,20
E350,MCR-1.5,16
E350,dfrA25,11
E350,MCR-1.6,16
E350,MCR-1.7,16
E350,MCR-1.8,16
E350,dfrA29,9
E350,MCR-1.9,16
E350,mtrA,116
E350,mtrC,5
E350,mtrD,15
E350,mtrE,345
E350,lmrA,3
E350,Erm(44),3
E350,lmrB,2
E350,lmrC,49
E350,lmrD,50
E350,NmcR,13
E350,LCR-1,2
E350,mtrR,51
E350,aph(3')-VII,1
E350,PEDO-1,2
E350,PEDO-2,2
E350,lmrP,2
E350,CTX-M,15
E350,erm(39),1
E350,erm(35),1
E350,blaI,3
E350,bcrA,4657
E350,bcrC,2
E350,tet(K),2
E350,multidrug_ABC_transporter,4459
E350,BUT-1,1
E350,cipA,2
E350,PvrR,51
E350,otrA,31
E350,PSE-1,4
E350,otrC,22
E350,arr-4,1
E350,arr-5,1
E350,Clostridium_perfringens_mprF,1
E350,arr-7,1
E350,TEM-88,3
E350,arr-8,1
E350,PER,16
E350,Bacillus_Cluster_A_intrinsic_mph,1
E350,marR,325
E350,CARB,26
E350,aph(6)-I,25
E350,aph(3')-I,29
E350,vanA,91
E350,vanB,91
E350,vanC,113
E350,vanD,318
E350,vanE,16
E350,vanG,58
E350,vanH,518
E350,vanI,17
E350,CMY-34,4
E350,CPS-1,2
E350,SPG-1,1
E350,aph(3')-V,3
E350,vanL,5
E350,CMY-77,3
E350,vanM,2
E350,vanN,13
E350,optrA,90
E350,TEM-207,3
E350,OXA-251,11
E350,vanR,2428
E350,vanS,743
E350,vanT,84
E350,vanU,1
E350,OXA-256,11
E350,vanW,42
E350,ugd,14
E350,vanX,91
E350,vanY,68
E350,OXA-4,2
E350,acrA,310
E350,acrB,935
E350,tet(W/N/W),17
E350,acrD,3
E350,acrF,4
E350,cpxA,41
E350,ADC-80,2
E350,tetB(46),22
E350,sul1,55
E350,ADC-41,3
E350,sul2,313
E350,ADC-42,1
E350,sul3,36
E350,ADC-43,3
E350,sul4,19
E350,ykkC,80
E350,ADC-44,3
E350,ykkD,98
E350,MCR-1.10,16
E350,MCR-1.11,16
E350,vanWI,1
E350,MCR-1.12,16
E350,MCR-1.13,16
E350,vanKI,1
E350,kasugamycin_resistance_protein_ksgA,555
E350,rpoB2,42
E350,tetA(60),30
E350,cob(I)alamin_adenolsyltransferase,150
E350,cat_chloramphenicol_acetyltransferase,52
E350,TLA-1,3
E350,rifampin_monooxygenase,92
E350,TLA-2,3
E350,TLA-3,3
E350,oleB,84
E350,oleC,96
E350,antibiotic_resistance_rRNA_adenine_methyltransferase,15
E350,SHV-41,5
E350,eptA,17
E350,mphA,12
E350,CTX-M-21,2
E350,mphC,6
E350,mphD,2
E350,CTX-M-24,2
E350,mphE,1
E350,CTX-M-67,2
E350,mphG,2
E350,Burkholderia_pseudomallei_Omp38,14
E350,mphI,2
E350,CTX-M-102,2
E350,LpeB,8
E350,mdtA,301
E350,mdtB,725
E350,mdtC,487
E350,mdtD,267
E350,mdtE,52
E350,mdtF,81
E350,mdtG,25
E350,mdtH,11
E350,Salmonella,15
E350,mdtK,552
E350,mdtL,12
E350,mdtM,26
E350,mdtN,201
E350,mdtP,56
E353,lrfA,2
E353,tetB(60),3
E353,class_C,21
E353,CTX-M-51,2
E353,CTX-M-121,2
E353,bcr-1,1
E353,dfrA29,3
E353,CTX-M-122,2
E353,erm(31),1
E353,qacA,2
E353,qacB,7
E353,tlcC,15
E353,Bacillus_Cluster_B_intrinsic_mph,1
E353,vanTrL,2
E353,emrA,33
E353,mdtA,80
E353,OXA-74,1
E353,qacG,4
E353,mdtB,192
E353,emrB,103
E353,qacH,1
E353,Erm(44),1
E353,mdtC,75
E353,OXA-368,1
E353,mdtD,73
E353,emrE,18
E353,MCR-1.2,6
E353,cpxA,8
E353,mdtE,10
E353,patA,13
E353,MCR-1.3,3
E353,CTX-M-90,2
E353,CTX-M-160,2
E353,mdtF,7
E353,EmrB-QacA_family_major_facilitator_transporter,38
E353,MCR-1.4,3
E353,cmlA1,5
E353,CTX-M-148,2
E353,mdtG,14
E353,MCR-1.5,3
E353,MCR-1.6,3
E353,hp1181,3
E353,baeR,18
E353,poxtA,23
E353,MCR-1.7,3
E353,cmlA4,5
E353,otr(B),1
E353,tet41,3
E353,baeS,12
E353,MCR-1.10,3
E353,MCR-1.8,3
E353,cmlA5,5
E353,emrK,16
E353,NmcR,2
E353,mdtK,120
E353,MCR-1.9,3
E353,MCR-1.11,3
E353,Staphylococcys,2
E353,cmlA6,5
E353,mel,14
E353,MCR-1.12,3
E353,Pseudomonas_aeruginosa_emrE,1
E353,tet44,4
E353,MCR-1.13,3
E353,CTX-M-98,2
E353,mdtN,53
E353,bcrA,598
E353,chrB,1
E353,mdtP,6
E353,kasugamycin_resistance_protein_ksgA,125
E353,PBP-1A,98
E353,cat_chloramphenicol_acetyltransferase,6
E353,vanA,29
E353,PBP-1B,27
E353,cAMP-regulatory_protein,18
E353,vanB,29
E353,vanC,18
E353,OXA-1,4
E353,bpeF,12
E353,vanD,78
E353,vanHB,3
E353,lmrA,4
E353,vanE,5
E353,lsa,124
E353,OXA-4,4
E353,vanG,18
E353,lmrC,5
E353,OXA-233,1
E353,vanH,60
E353,lmrD,7
E353,vanI,5
E353,cmrA,1
E353,vanL,2
E353,OXA-251,1
E353,vanM,2
E353,vanN,3
E353,floR,105
E353,tcmA,16
E353,farA,1
E353,kdpE,10
E353,msrA,84
E353,mecA,12
E353,OXA-256,1
E353,Burkholderia_pseudomallei_Omp38,2
E353,mecB,3
E353,vanR,351
E353,otrA,5
E353,msrC,102
E353,mecC,2
E353,vanS,258
E353,rifampin_monooxygenase,13
E353,OXA,44
E353,norB,14
E353,vanT,11
E353,mecD,3
E353,otrC,4
E353,msrE,14
E353,TLA-1,1
E353,vatA,1
E353,TLA-2,1
E353,vanW,21
E353,aph(3')-I,1
E353,mecR1,7
E353,vatB,15
E353,TLA-3,1
E353,vanX,46
E353,vatC,4
E353,mphA,6
E353,vanY,7
E353,vatD,1
E353,vatE,16
E353,evgS,21
E353,mphC,3
E353,mexA,2
E353,acrA,53
E353,ykkC,16
E353,vatF,3
E353,smeB,5
E353,mexB,45
E353,mphD,1
E353,ykkD,10
E353,vatG,3
E353,acrB,228
E353,smeC,4
E353,mphE,1
E353,abeM,7
E353,acrD,1
E353,mexD,25
E353,cmeB,37
E353,smeE,9
E353,mphG,1
E353,mexE,18
E353,MCR-1,6
E353,dfrA12,42
E353,acrF,1
E353,MCR-2,3
E353,dfrA13,2
E353,smeF,33
E353,dfrA1,18
E353,mexF,94
E353,dfrA14,6
E353,tolC,1
E353,CTX-M-24,1
E353,Erm(37),1
E353,mphI,1
E353,tetA,92
E353,MCR-3,3
E353,salA,15
E353,tetB,23
E353,MCR-4,3
E353,dfrA15,6
E353,dfrA3,7
E353,VatI,3
E353,mexH,6
E353,abeS,1
E353,tetC,4
E353,MCR-5,2
E353,mexI,10
E353,rosB,179
E353,dfrA17,2
E353,oprC,3
E353,dfrA5,7
E353,efpA,4
E353,truncated_putative_response_regulator_ArlR,91
E353,CTX-M-111,2
E353,tlrB_conferring_tylosin_resistance,1
E353,TolC,99
E353,OprA,4
E353,blt,1
E353,major_facilitator_superfamily_transporter,34
E353,tetG,4
E353,dfrA8,2
E353,mexN,2
E353,MexJ,4
E353,MexK,8
E353,OXA-47,2
E353,tetJ,1
E353,MexL,2
E353,LRA,1
E353,CTX-M-130,2
E353,oprJ,39
E353,efrA,5
E353,basS,12
E353,OXA-140,2
E353,efrB,2
E353,ermA,4
E353,smeR,21
E353,CTX-M,14
E353,TriA,1
E353,ermB,1
E353,smeS,9
E353,mtrA,27
E353,tetM,59
E353,Staphylococcus_mupA_conferring_resistance_to_mupirocin,14
E353,OXA-142,2
E353,ermC,1
E353,RlmA(II),1
E353,oprM,69
E353,mexT,18
E353,mdsC,5
E353,TriC,7
E353,vanRI,13
E353,oprN,72
E353,tetO,8
E353,CTX-M-65,2
E353,ampC,1
E353,mtrD,3
E353,macA,101
E353,tetA(46),2
E353,tetP,31
E353,ErmB,2
E353,mtrE,77
E353,MexS,1
E353,mexW,48
E353,macB,1689
E353,tetQ,24
E353,CTX-M-67,2
E353,tetR,26
E353,mexX,24
E353,tetS,10
E353,vanTG,4
E353,lsaC,6
E353,MexV,2
E353,tetT,16
E353,arnA,226
E353,sdeY,1
E353,erm(34),1
E353,ICR-Mc,3
E353,marR,50
E353,lsaE,11
E353,clbA,4
E353,clbB,5
E353,tetA(48),19
E353,tetW,74
E353,tet32,17
E353,OXA-392,2
E353,multidrug_ABC_transporter,621
E353,carA,19
E353,clbC,6
E353,myrA,2
E353,dfrC,3
E353,CRP,1
E353,SRT-1,1
E353,tet36,6
E353,dfrD,4
E353,SRT-2,2
E353,erm(36),1
E353,dfrE,3
E353,vgaA,76
E353,dfrF,1
E353,bacterial_regulatory_protein_LuxR,7
E353,vgaB,22
E353,tet39,3
E353,dfrG,5
E353,OprZ,4
E353,arlS,3
E353,vgaD,13
E353,mdfA,70
E353,TaeA,26
E353,pmrA,8
E353,catB,38
E353,vgaE,15
E353,transcriptional_regulatory_protein_CpxR_cpxR,136
E353,dfrK,5
E353,OXA-663,1
E353,chloramphenicol_and_florfenicol_resistance,5
E353,tetB(46),4
E353,oleB,19
E353,antibiotic_resistance_rRNA_adenine_methyltransferase,4
E353,OXA-224,4
E353,hmrM,1
E353,srmB,14
E353,oleC,20
E353,QepA1,2
E353,sul2,69
E353,sul3,4
E353,QepA2,2
E353,cfrC,5
E353,OXA-240,1
E353,dfrA15b,3
E353,OXA-454,2
E353,Erm(30),1
E353,sul4,2
E353,PmrF,1
E353,qepA,8
E353,tetB(48),1
E353,adeC,13
E353,eptA,3
E353,OXA-246,2
E353,AxyY,2
E353,adeH,2
E353,penA,176
E353,Salmonella,5
E353,adeI,3
E353,adeJ,21
E353,YojI,1
E353,chloramphenicol_and_florfenicol_exporter,4
E353,adeK,4
E353,tcr3,1
E353,tetA(60),2
E353,PvrR,9
E353,tet(W/N/W),2
E353,opmE,1
E353,oqxB,3
E353,adeL,2
E353,adeN,1
E353,rpoB2,10
E353,rphA,3
E353,ompR,276
E353,OXA-10,2
E353,rphB,4
E353,msbA,15
E353,OXA-11,1
E353,adeR,9
E353,bicyclomycin-multidrug_efflux_protein_bcr,112
E353,catB3,3
E353,OpmH,1
E353,adeS,4
E353,OXA-14,1
E353,OXA-320,4
E353,OXA-16,2
E353,OXA-17,2
E353,ceoB,12
E353,puromycin_resistance_protein,4
E353,optrA,23
E353,OXA-31,2
E353,bacA,100
E353,dfrA20,4
E353,LpeB,3
E353,cystathionine_beta-lyase_patB,12
E353,dfrA21,5
E353,OXA-33,4
E353,dfrA22,6
E353,MuxA,1
E353,MuxB,2
E353,chloramphenicol_exporter,9
E353,dfrA24,1
E353,MuxC,2
E353,CTX-M-105,2
E353,dfrA25,4
E353,class_A,10
E356,aph(3'')-I,4
E356,OXA,171
E356,CMY-132,3
E356,chloramphenicol_and_florfenicol_resistance,7
E356,CMY-133,3
E356,OXA-10,6
E356,OXA-11,6
E356,bacA,492
E356,OXA-14,6
E356,chloramphenicol_exporter,48
E356,OXA-16,6
E356,OXA-17,3
E356,basS,21
E356,mycinamicin-resistance_protein_myrB,1
E356,kdpE,36
E356,lsaA,1
E356,lsaC,13
E356,TEM-171,3
E356,lsaE,19
E356,ADP-ribosylating_transferase_arr,5
E356,OXA-454,5
E356,OXA-142,3
E356,OpmB,4
E356,tlrB_conferring_tylosin_resistance,1
E356,OpmD,4
E356,OpmH,1
E356,mefA,200
E356,erm(36),2
E356,mefC,3
E356,mefE,1
E356,tet(L),2
E356,puromycin_resistance_protein,3
E356,abeM,3
E356,catII,1
E356,clbA,7
E356,clbB,5
E356,abeS,3
E356,clbC,11
E356,macA,257
E356,qacA,4
E356,macB,5673
E356,qacB,8
E356,rphA,5
E356,rphB,8
E356,TEM-17,1
E356,qacG,12
E356,transcriptional_regulatory_protein_CpxR_cpxR,407
E356,qacH,3
E356,vgaA,217
E356,vgaB,46
E356,vgaD,45
E356,vgaE,50
E356,lnuA,18
E356,lnuB,6
E356,lnuC,2
E356,lnuD,3
E356,EmrB-QacA_family_major_facilitator_transporter,48
E356,lnuE,2
E356,lnuF,2
E356,lnuG,2
E356,TEM-217,3
E356,OXA-224,2
E356,bpeF,63
E356,penA,284
E356,arlS,29
E356,efpA,2
E356,plasmid-encoded,2
E356,fosB,4
E356,otr(B),2
E356,ADC-12,1
E356,ADC-13,1
E356,VatI,8
E356,ADC-14,1
E356,ADC-15,1
E356,vanHB,15
E356,ErmB,4
E356,ADC-16,1
E356,ADC-17,1
E356,vanTG,12
E356,tet(42),1
E356,ADC-18,1
E356,ADC-19,1
E356,vanTrL,7
E356,TEM,25
E356,fosX,21
E356,cdeA,13
E356,catA,25
E356,catB,69
E356,ErmT,1
E356,catD,2
E356,catI,2
E356,dfrA15b,4
E356,catQ,1
E356,PBP-1A,274
E356,PBP-1B,71
E356,tet32,53
E356,tet34,9
E356,tet35,3
E356,tet36,26
E356,tet37,7
E356,tet39,3
E356,msrA,363
E356,msrC,192
E356,msbA,36
E356,msrE,31
E356,Erm(30),1
E356,ampC,1
E356,Escherichia_coli_mdfA,2
E356,CTX-M-110,2
E356,CTX-M-38,2
E356,evgS,105
E356,CTX-M-113,2
E356,adeA,9
E356,adeB,189
E356,adeC,32
E356,adeF,9
E356,aadA,22
E356,adeG,1
E356,adeH,6
E356,adeI,6
E356,aadE,5
E356,adeK,11
E356,adeL,9
E356,TriA,1
E356,TriC,14
E356,aadK,21
E356,adeR,49
E356,adeS,18
E356,TolC,147
E356,vanXYL,2
E356,tetA(46),28
E356,catB10,4
E356,RlmA(II),1
E356,ceoB,64
E356,rosA,60
E356,rosB,306
E356,aph(3')-IIb,4
E356,Staphylococcys,3
E356,opmD,8
E356,ADC-2,1
E356,opmE,3
E356,ADC-5,1
E356,ompF,92
E356,sdiA,25
E356,ompR,873
E356,salA,48
E356,APH(6)-Id,1
E356,Acinetobacter_baumannii_ampC_beta-lactamase,1
E356,Erm(42),2
E356,TEM-105,3
E356,KLUY-2,1
E356,OprA,10
E356,aadA25,1
E356,bcr-1,5
E356,mef(B),4
E356,sdeY,1
E356,DNA-binding_transcriptional_regulator_gadX,24
E356,vanYG1,1
E356,gadW,3
E356,gadX,3
E356,patA,33
E356,catB3,7
E356,patB,17
E356,mecA,235
E356,mecB,4
E356,mecC,6
E356,mecD,4
E356,mecI,2
E356,OprZ,6
E356,poxtA,63
E356,ANT(3'')-Ii-AAC(6')-IId,4
E356,catIII,2
E356,TaeA,81
E356,MexJ,9
E356,MexK,19
E356,MexL,1
E356,CTX-M-5,1
E356,MexS,3
E356,vatA,1
E356,vatB,22
E356,vatC,6
E356,MexV,1
E356,vatD,1
E356,vatE,24
E356,vatF,2
E356,vatG,8
E356,ermA,10
E356,ermB,18
E356,ereA,10
E356,ereB,2
E356,ermE,2
E356,ermG,4
E356,truncated_putative_response_regulator_ArlR,403
E356,OXA-233,3
E356,SRT-1,1
E356,SRT-2,2
E356,bacterial_regulatory_protein_LuxR,20
E356,ermT,3
E356,efmA,1
E356,CMY-7,3
E356,tetB(48),1
E356,ant(9)-I,1
E356,vanYA,3
E356,ADC-20,1
E356,ADC-21,1
E356,ADC-22,1
E356,ADC-23,1
E356,ADC-25,1
E356,cmeA,19
E356,cmeB,603
E356,cmeC,1
E356,Staphylococcus_mupA_conferring_resistance_to_mupirocin,36
E356,floR,10
E356,srmB,60
E356,cystathionine_beta-lyase_patB,226
E356,major_facilitator_superfamily_transporter,51
E356,tet40,3
E356,tet41,4
E356,golS,2
E356,tet44,16
E356,MCR-1,14
E356,MCR-2,7
E356,MCR-3,8
E356,MCR-4,8
E356,MCR-5,9
E356,tolC,2
E356,OXA-663,6
E356,OXA-392,2
E356,CTX-M-84,2
E356,class_A,55
E356,LlmA_23S_ribosomal_RNA_methyltransferase,5
E356,PBP-2X,112
E356,tlcC,65
E356,class_C,11
E356,CTX-M-48,2
E356,CTX-M-122,2
E356,APH(3')-Ia,1
E356,CTX-M-125,2
E356,linG,2
E356,mdfA,93
E356,aad(9),1
E356,cmlA1,4
E356,oprA,8
E356,OXA-74,3
E356,oprC,20
E356,ANT(6)-Ia,1
E356,cmlA4,4
E356,cmlA5,4
E356,cmlA6,4
E356,oprJ,109
E356,smeB,13
E356,smeC,11
E356,smeD,2
E356,smeE,9
E356,oprM,217
E356,oprN,71
E356,smeF,71
E356,two-component_system_response_regulator_EvgA,8
E356,baeR,55
E356,dfrA12,53
E356,baeS,64
E356,dfrA13,3
E356,dfrA14,11
E356,dfrA15,7
E356,dfrA17,5
E356,TUS-1,1
E356,CRP,1
E356,smeR,48
E356,smeS,42
E356,TEM-150,3
E356,Erm(47),1
E356,QepA1,1
E356,CfxA2,51
E356,QepA2,1
E356,CfxA3,4
E356,mexA,92
E356,mexB,58
E356,CfxA6,5
E356,mexC,38
E356,mepA,247
E356,mexD,212
E356,mexE,301
E356,mexF,552
E356,erm(34),2
E356,thiostrepton_resistance_methylase_tsnR,4
E356,mexI,29
E356,AxyY,2
E356,mexN,8
E356,tetB(60),30
E356,mexP,3
E356,mexQ,1
E356,dfrA1,25
E356,dfrA3,8
E356,mexT,36
E356,dfrA5,5
E356,mexW,152
E356,VEB-1b,6
E356,mexX,91
E356,dfrA8,3
E356,mexY,4
E356,AcrE,1
E356,AcrF,5
E356,PmrF,16
E356,cfrC,7
E356,TEM-33,3
E356,oqxA,7
E356,TEM-34,3
E356,oqxB,9
E356,AcrS,2
E356,ICR-Mc,8
E356,ramA,2
E356,dfrC,9
E356,dfrD,6
E356,dfrE,4
E356,dfrF,5
E356,dfrG,7
E356,CMY-21,3
E356,arnA,407
E356,dfrK,7
E356,CMY-28,3
E356,CMY-29,3
E356,OXA-240,6
E356,OXA-246,6
E356,tetA,77
E356,tetB,30
E356,tetC,4
E356,efrA,34
E356,tetD,4
E356,efrB,39
E356,tetH,5
E356,lsa,564
E356,tetJ,2
E356,tetM,424
E356,tetO,220
E356,tetP,128
E356,tetQ,130
E356,MuxA,1
E356,tetR,69
E356,MuxB,8
E356,tetS,40
E356,MuxC,12
E356,tetT,82
E356,tetW,565
E356,tetX,25
E356,ADC-75,1
E356,cmrA,9
E356,ADC-76,1
E356,ADC-77,1
E356,bicyclomycin-multidrug_efflux_protein_bcr,146
E356,ADC-79,1
E356,tet(40),1
E356,ADC-39,1
E356,qepA,4
E356,vanRI,81
E356,Serratia_marcescens_Omp1,4
E356,Klebsiella_pneumoniae_OmpK36,3
E356,Klebsiella_pneumoniae_OmpK37,3
E356,porin_OmpC,3
E356,carA,79
E356,DNA-binding_protein_H-NS,5
E356,myrA,3
E356,hmrM,3
E356,lrfA,2
E356,Bacillus_Cluster_B_intrinsic_mph,1
E356,APH(3')-IIa,1
E356,cAMP-regulatory_protein,18
E356,mecR1,46
E356,NPS-1,2
E356,OXA-320,2
E356,emrA,150
E356,amrB,65
E356,emrB,172
E356,CTX-M-14,2
E356,emrD,30
E356,CTX-M-130,2
E356,emrE,32
E356,CTX-M-17,2
E356,OXA-368,3
E356,emrK,41
E356,tcmA,18
E356,mdsA,3
E356,mdsB,10
E356,mdsC,13
E356,emrR,1
E356,VEB-1,13
E356,VEB-2,7
E356,VEB-3,7
E356,VEB-4,6
E356,emrY,3
E356,VEB-5,6
E356,VEB-6,6
E356,VEB-7,7
E356,VEB-8,5
E356,VEB-9,4
E356,mel,36
E356,hp1181,6
E356,aad(6),1
E356,Pseudomonas_aeruginosa_emrE,2
E356,chrB,3
E356,tetA(48),65
E356,LRA,1
E356,farA,1
E356,farB,1
E356,MdtK,2
E356,dfrA20,9
E356,opcM,100
E356,dfrA21,6
E356,dfrA22,7
E356,MCR-1.2,14
E356,MCR-1.3,7
E356,MCR-1.4,7
E356,YojI,20
E356,MCR-1.5,7
E356,dfrA25,5
E356,MCR-1.6,7
E356,MCR-1.7,7
E356,MCR-1.8,7
E356,dfrA29,4
E356,MCR-1.9,7
E356,mtrA,106
E356,blaR1,8
E356,mtrC,1
E356,mtrD,6
E356,mtrE,118
E356,lmrA,4
E356,lmrB,37
E356,Erm(44),2
E356,lmrC,34
E356,lmrD,43
E356,NmcR,3
E356,mtrR,30
E356,LCR-1,3
E356,pgpB,1
E356,CTX-M,15
E356,blaI,3
E356,erm(31),1
E356,bcrA,2846
E356,bcrC,2
E356,multidrug_ABC_transporter,3060
E356,omp36,15
E356,PvrR,28
E356,cipA,2
E356,marA,3
E356,otrA,20
E356,otrC,13
E356,arr-4,1
E356,arr-5,1
E356,arr-7,1
E356,arr-8,1
E356,PER,24
E356,Bacillus_Cluster_A_intrinsic_mph,1
E356,marR,75
E356,aph(6)-I,25
E356,aph(3')-I,13
E356,vanA,80
E356,vanB,121
E356,vanC,29
E356,vanD,195
E356,vanE,24
E356,vanG,47
E356,vanH,355
E356,vanI,5
E356,CMY-33,3
E356,aph(3')-V,3
E356,vanL,7
E356,CMY-36,3
E356,vanM,2
E356,CMY-37,1
E356,vanN,8
E356,TEM-206,3
E356,optrA,77
E356,OXA-251,6
E356,vanR,2605
E356,vanS,770
E356,vanT,22
E356,vanU,4
E356,OXA-256,6
E356,ugd,6
E356,vanY,86
E356,OXA-1,2
E356,OXA-4,2
E356,acrA,121
E356,acrB,408
E356,tet(W/N/W),10
E356,acrD,6
E356,acrF,3
E356,norB,2
E356,cpxA,17
E356,tetB(46),33
E356,ADC-41,1
E356,sul2,143
E356,ADC-42,1
E356,sul3,12
E356,ADC-43,1
E356,sul4,14
E356,ykkC,60
E356,ADC-44,1
E356,ykkD,26
E356,MCR-1.10,7
E356,MCR-1.11,7
E356,MCR-1.12,7
E356,MCR-1.13,7
E356,kasugamycin_resistance_protein_ksgA,337
E356,rpoB2,34
E356,tetA(60),29
E356,cob(I)alamin_adenolsyltransferase,126
E356,cat_chloramphenicol_acetyltransferase,30
E356,rifampin_monooxygenase,13
E356,TLA-1,5
E356,TLA-2,3
E356,TLA-3,5
E356,TEM-1,3
E356,oleB,48
E356,oleC,71
E356,antibiotic_resistance_rRNA_adenine_methyltransferase,10
E356,eptA,11
E356,tcr3,2
E356,Erm(37),1
E356,mphA,12
E356,mphC,6
E356,mphD,2
E356,CTX-M-24,2
E356,mphE,1
E356,CTX-M-67,2
E356,mphG,2
E356,Burkholderia_pseudomallei_Omp38,9
E356,mphI,2
E356,LpeB,10
E356,mdtA,201
E356,mdtB,410
E356,mdtC,257
E356,mdtD,151
E356,mdtE,188
E356,mdtF,96
E356,Escherichia_coli_LamB,1
E356,mdtG,26
E356,mdtH,25
E356,Salmonella,4
E356,CatU,2
E356,mdtK,221
E356,mdtL,50
E356,mdtM,1
E356,mdtN,78
E356,mdtO,25
E356,mdtP,100
E358,class_C,13
E358,lrfA,2
E358,tetB(60),9
E358,dfrB6,3
E358,bcr-1,6
E358,dfrA29,3
E358,Erm(42),2
E358,tlcC,45
E358,Bacillus_Cluster_B_intrinsic_mph,1
E358,vanTrL,2
E358,emrA,75
E358,mdtA,52
E358,qacG,10
E358,emrB,140
E358,mdtB,260
E358,erm(33),2
E358,qacH,3
E358,arr-4,1
E358,mdtC,260
E358,Erm(44),2
E358,emrD,15
E358,arr-5,1
E358,mdtD,88
E358,mdtE,5
E358,emrE,31
E358,MCR-1.2,4
E358,patA,21
E358,cpxA,7
E358,MCR-1.3,2
E358,cmlA,23
E358,arr-7,1
E358,mdtF,62
E358,patB,2
E358,EmrB-QacA_family_major_facilitator_transporter,45
E358,cmlA1,3
E358,MCR-1.4,2
E358,arr-8,1
E358,MCR-1.5,2
E358,MCR-1.6,2
E358,hp1181,3
E358,baeR,26
E358,poxtA,50
E358,cmlA4,3
E358,MCR-1.7,2
E358,tet41,4
E358,otr(B),7
E358,baeS,21
E358,cmlA5,3
E358,MCR-1.10,2
E358,MCR-1.8,2
E358,Bacillus_Cluster_A_intrinsic_mph,1
E358,NmcR,4
E358,mdtK,121
E358,cmlA6,3
E358,MCR-1.11,2
E358,MCR-1.9,2
E358,Staphylococcys,4
E358,mdtL,49
E358,mel,36
E358,MCR-1.12,2
E358,Pseudomonas_aeruginosa_emrE,2
E358,tet44,13
E358,MCR-1.13,2
E358,bcrA,1709
E358,chrB,1
E358,aph(6)-I,27
E358,vanYA,1
E358,mdtP,25
E358,PBP-1A,154
E358,kasugamycin_resistance_protein_ksgA,178
E358,PBP-1B,58
E358,vanA,42
E358,aadA13,1
E358,cAMP-regulatory_protein,18
E358,vanB,57
E358,vanC,34
E358,bpeF,20
E358,vanD,121
E358,vanE,12
E358,vanHB,4
E358,lmrA,4
E358,lmrB,16
E358,lsa,304
E358,vanG,23
E358,erm(39),1
E358,lmrC,14
E358,vanH,71
E358,lmrD,16
E358,emrY,1
E358,vanI,4
E358,abcA,1
E358,cmrA,1
E358,golS,2
E358,vanL,5
E358,vanM,1
E358,floR,40
E358,vanN,6
E358,ereA,10
E358,tet(59),1
E358,tcmA,19
E358,ereB,2
E358,mecA,39
E358,kdpE,20
E358,msrA,240
E358,farB,1
E358,Burkholderia_pseudomallei_Omp38,2
E358,vanR,813
E358,mecB,3
E358,mecC,1
E358,cipA,5
E358,otrA,13
E358,msrC,172
E358,vanS,236
E358,rifampin_monooxygenase,5
E358,AcrF,3
E358,vanT,15
E358,mecD,3
E358,dfrA2d,3
E358,otrC,11
E358,msrE,22
E358,TLA-1,1
E358,aph(3')-I,27
E358,APH(3')-Ia,2
E358,TLA-3,1
E358,mphA,12
E358,vanY,34
E358,evgS,28
E358,tet(42),1
E358,ykkC,32
E358,mphC,6
E358,acrA,69
E358,mexA,15
E358,mexB,16
E358,ykkD,8
E358,smeB,10
E358,mphD,2
E358,acrB,202
E358,cob(I)alamin_adenolsyltransferase,76
E358,smeC,1
E358,abeM,4
E358,mphE,1
E358,cmeB,41
E358,acrD,2
E358,mexD,116
E358,MCR-1,4
E358,mphG,2
E358,mexE,17
E358,dfrA12,118
E358,acrF,2
E358,MCR-2,2
E358,mexF,188
E358,smeF,24
E358,dfrA1,12
E358,dfrA13,10
E358,tolC,1
E358,mexG,1
E358,MCR-3,2
E358,tetA,61
E358,mphI,2
E358,dfrA14,27
E358,salA,30
E358,dfrA15,2
E358,rosA,10
E358,mexH,31
E358,oprA,6
E358,MCR-4,2
E358,dfrA3,12
E358,tetB,18
E358,AAC(6')-Ib7,4
E358,dfrA16,6
E358,abeS,3
E358,MCR-5,2
E358,mexI,19
E358,tetC,4
E358,rosB,61
E358,dfrA5,5
E358,oprC,5
E358,aph(3')-V,6
E358,dfrA17,7
E358,efpA,3
E358,truncated_putative_response_regulator_ArlR,224
E358,tlrB_conferring_tylosin_resistance,1
E358,TolC,103
E358,aph(3')-IIb,5
E358,OprA,4
E358,dfrA7,2
E358,major_facilitator_superfamily_transporter,45
E358,dfrA8,2
E358,mexN,10
E358,MexJ,3
E358,MexK,8
E358,MexL,1
E358,mexQ,5
E358,oprJ,26
E358,basS,16
E358,efrA,11
E358,ermA,21
E358,efrB,11
E358,smeR,30
E358,TriA,2
E358,smeS,22
E358,mtrA,61
E358,ermB,31
E358,Staphylococcus_mupA_conferring_resistance_to_mupirocin,35
E358,tetM,236
E358,mdsB,9
E358,oprM,59
E358,mexT,48
E358,ermC,12
E358,oprN,23
E358,TriC,7
E358,mdsC,4
E358,vanRI,23
E358,tetO,126
E358,macA,25
E358,mtrD,4
E358,ermE,2
E358,tetP,134
E358,tetA(46),7
E358,ErmB,4
E358,aadA,23
E358,mexW,108
E358,mtrE,15
E358,MexS,4
E358,ermF,7
E358,tetQ,78
E358,macB,3345
E358,ErmC,2
E358,mexX,12
E358,tetR,27
E358,ermG,1
E358,mexY,7
E358,tetS,27
E358,MexV,1
E358,vanTG,3
E358,lsaC,14
E358,arnA,151
E358,tetT,60
E358,aadE,1
E358,erm(34),4
E358,tet31,1
E358,amrB,30
E358,ICR-Mc,2
E358,tetV,21
E358,marR,75
E358,clbA,6
E358,lsaE,11
E358,clbB,5
E358,tetA(48),46
E358,tetW,385
E358,tet32,52
E358,tetX,25
E358,clbC,3
E358,carA,55
E358,multidrug_ABC_transporter,1663
E358,opcM,30
E358,myrA,1
E358,tetZ,1
E358,ermO,1
E358,dfrC,11
E358,CRP,1
E358,tet36,15
E358,dfrD,8
E358,dfrE,2
E358,vgaA,123
E358,erm(36),1
E358,bacterial_regulatory_protein_LuxR,8
E358,Erm(47),2
E358,dfrF,7
E358,vgaB,37
E358,tet(K),2
E358,PER,1
E358,tet39,5
E358,ermS,1
E358,dfrG,8
E358,two-component_system_response_regulator_EvgA,2
E358,OprZ,1
E358,ermT,6
E358,arlS,10
E358,vgaD,23
E358,TaeA,50
E358,aph(3'')-I,6
E358,vgaE,31
E358,transcriptional_regulatory_protein_CpxR_cpxR,250
E358,erm(TR),1
E358,CfxA2,11
E358,tet(33),2
E358,dfrK,9
E358,ErmT,2
E358,AER-1,1
E358,ermX,5
E358,chloramphenicol_and_florfenicol_resistance,2
E358,CfxA3,1
E358,antibiotic_resistance_rRNA_adenine_methyltransferase,5
E358,oleB,48
E358,tetB(46),5
E358,sul1,29
E358,oleC,48
E358,srmB,46
E358,QepA1,2
E358,CfxA6,1
E358,sul2,94
E358,aadA25,1
E358,sul3,2
E358,QepA2,2
E358,cfrC,2
E358,dfrA15b,2
E358,sul4,5
E358,Erm(30),2
E358,PmrF,3
E358,adeB,119
E358,qepA,9
E358,tetB(48),1
E358,adeC,6
E358,eptA,2
E358,adeF,2
E358,AxyY,3
E358,adeH,2
E358,penA,304
E358,Salmonella,3
E358,adeJ,9
E358,YojI,1
E358,chloramphenicol_and_florfenicol_exporter,5
E358,ANT(3'')-Ii-AAC(6')-IId,4
E358,adeK,2
E358,opmD,3
E358,tet(W/N/W),9
E358,tcr3,6
E358,PvrR,16
E358,tetA(60),6
E358,adeL,5
E358,oqxB,6
E358,OpmB,1
E358,rpoB2,40
E358,OpmD,2
E358,rphA,4
E358,ompR,419
E358,rphB,7
E358,msbA,26
E358,APH(6)-Id,1
E358,efmA,1
E358,bicyclomycin-multidrug_efflux_protein_bcr,81
E358,adeR,25
E358,PBP-2X,9
E358,mefA,24
E358,OpmH,2
E358,adeS,6
E358,RbpA,2
E358,ugd,3
E358,LlmA_23S_ribosomal_RNA_methyltransferase,3
E358,mefC,1
E358,ADP-ribosylating_transferase_arr,5
E358,APH(3')-IIa,2
E358,puromycin_resistance_protein,5
E358,ceoB,22
E358,optrA,41
E358,LpeB,4
E358,bacA,350
E358,dfrA20,5
E358,cystathionine_beta-lyase_patB,23
E358,dfrA21,11
E358,dfrA22,11
E358,chloramphenicol_exporter,20
E358,dfrB1,9
E358,MuxB,6
E358,dfrB2,6
E358,MuxC,9
E358,dfrA24,1
E358,dfrA25,4
E358,dfrB3,3
E358,class_A,7
E361,aph(3'')-I,4
E361,OXA,255
E361,chloramphenicol_and_florfenicol_resistance,16
E361,CMY-133,12
E361,OXA-10,10
E361,OXA-11,10
E361,bacA,775
E361,OXA-14,10
E361,chloramphenicol_exporter,114
E361,OXA-16,10
E361,OXA-17,8
E361,AER-1,1
E361,basS,44
E361,mycinamicin-resistance_protein_myrB,1
E361,kdpE,46
E361,lsaC,18
E361,lsaE,30
E361,ADP-ribosylating_transferase_arr,5
E361,OXA-454,10
E361,OXA-142,8
E361,OpmB,7
E361,OpmD,4
E361,tlrB_conferring_tylosin_resistance,7
E361,OpmH,1
E361,mefA,231
E361,erm(36),1
E361,mefC,2
E361,catA8,1
E361,tet(L),6
E361,puromycin_resistance_protein,2
E361,abeM,12
E361,catII,1
E361,clbA,14
E361,clbB,14
E361,clbC,16
E361,abeS,10
E361,TEM-92,3
E361,TEM-93,1
E361,TEM-52,3
E361,TEM-94,3
E361,macA,468
E361,qacA,6
E361,macB,7559
E361,qacB,25
E361,rphA,11
E361,rphB,20
E361,transcriptional_regulatory_protein_CpxR_cpxR,499
E361,qacG,32
E361,blt,2
E361,qacH,9
E361,vgaA,272
E361,vgaB,54
E361,vgaD,46
E361,vgaE,45
E361,lnuB,9
E361,lnuC,2
E361,lnuD,2
E361,EmrB-QacA_family_major_facilitator_transporter,85
E361,lnuF,3
E361,lnuG,3
E361,AAC(3)-Ib/AAC(6')-Ib'',2
E361,OXA-224,2
E361,bpeF,21
E361,KPC-10,2
E361,penA,731
E361,arlS,35
E361,efpA,2
E361,KPC-14,3
E361,fosB,4
E361,otr(B),3
E361,ADC-12,4
E361,Listeria_monocytogenes_mprF,2
E361,ADC-13,4
E361,VatI,5
E361,ADC-14,2
E361,vanHB,23
E361,ErmB,4
E361,ADC-16,4
E361,ErmC,2
E361,ADC-17,4
E361,vanTG,25
E361,vanXI,1
E361,ADC-18,1
E361,ADC-19,4
E361,vanTrL,14
E361,TEM,2
E361,fosX,21
E361,cdeA,5
E361,catA,1
E361,catB,192
E361,ErmT,3
E361,dfrA15b,8
E361,catP,1
E361,PBP-1A,334
E361,PBP-1B,144
E361,tet32,56
E361,tet35,2
E361,tet36,26
E361,tet37,2
E361,tet39,3
E361,msrA,517
E361,msrC,287
E361,msbA,55
E361,msrE,31
E361,ampC,2
E361,CTX-M-110,2
E361,CTX-M-38,2
E361,evgS,67
E361,CTX-M-113,2
E361,RTG-4,4
E361,RTG-5,2
E361,adeA,6
E361,adeB,196
E361,adeC,39
E361,aadA,43
E361,adeF,2
E361,adeH,5
E361,adeI,8
E361,adeJ,29
E361,aadE,2
E361,adeK,12
E361,adeL,20
E361,aac(3)-I,23
E361,fmtC,68
E361,TriA,5
E361,adeN,5
E361,TriC,14
E361,aadK,23
E361,adeR,41
E361,adeS,26
E361,TolC,378
E361,vanXYL,4
E361,tetA(46),31
E361,catB10,9
E361,CMY-108,3
E361,ceoB,16
E361,RlmA(II),5
E361,rosA,40
E361,rosB,383
E361,aph(3')-IIb,4
E361,Staphylococcys,9
E361,opmD,5
E361,Staphylococcus,3
E361,ADC-2,4
E361,opmE,2
E361,ADC-3,3
E361,APH(3')-VIa,1
E361,ADC-5,4
E361,ADC-6,1
E361,ADC-7,4
E361,ompR,947
E361,salA,52
E361,APH(6)-Id,1
E361,CMX,2
E361,Acinetobacter_baumannii_ampC_beta-lactamase,4
E361,Erm(42),1
E361,KLUY-2,1
E361,OprA,13
E361,Brucella_suis_mprF,1
E361,bcr-1,7
E361,mef(B),4
E361,DNA-binding_transcriptional_regulator_gadX,8
E361,gadX,1
E361,patA,61
E361,catB3,12
E361,patB,10
E361,mecA,143
E361,mecB,9
E361,mecC,5
E361,mecD,6
E361,aac(3)-Ib-aac(6')-Ib,1
E361,OprZ,5
E361,poxtA,85
E361,chloramphenicol_and_florfenicol_exporter,3
E361,TEM-20,3
E361,TEM-21,3
E361,ANT(3'')-Ii-AAC(6')-IId,8
E361,bmr,2
E361,catIII,1
E361,TaeA,80
E361,MexJ,10
E361,MexK,15
E361,MexL,5
E361,CTX-M-5,1
E361,vatA,1
E361,MexS,3
E361,vatB,20
E361,vatC,4
E361,vatD,1
E361,MexV,1
E361,vatE,12
E361,vatF,4
E361,vatG,5
E361,CMY-12,3
E361,ermA,6
E361,ermB,13
E361,CMY-55,9
E361,ereA,10
E361,ermC,29
E361,CMY-56,8
E361,ereB,2
E361,CMY-16,3
E361,ermE,2
E361,CMY-99,6
E361,ermG,5
E361,truncated_putative_response_regulator_ArlR,466
E361,OXA-233,8
E361,SRT-1,1
E361,SRT-2,2
E361,bacterial_regulatory_protein_LuxR,30
E361,efmA,4
E361,ermT,8
E361,CMY-2,4
E361,CMY-5,9
E361,CMY-6,3
E361,CMY-7,3
E361,vanYA,5
E361,ADC-20,4
E361,ADC-21,4
E361,ADC-22,4
E361,ADC-23,1
E361,ADC-25,4
E361,cmeB,233
E361,Staphylococcus_mupA_conferring_resistance_to_mupirocin,40
E361,floR,60
E361,srmB,61
E361,cystathionine_beta-lyase_patB,119
E361,major_facilitator_superfamily_transporter,65
E361,tet41,4
E361,golS,3
E361,tet44,28
E361,MCR-1,37
E361,MCR-2,18
E361,MCR-3,18
E361,MCR-4,20
E361,MCR-5,20
E361,tolC,3
E361,OXA-663,10
E361,APH(3')-IX,1
E361,aph(3''')-III,5
E361,CTX-M-84,2
E361,class_A,29
E361,PBP-2X,125
E361,emeA,1
E361,tlcC,73
E361,class_C,50
E361,CTX-M-121,2
E361,CTX-M-48,2
E361,CTX-M-122,2
E361,APH(3')-Ia,1
E361,CTX-M-125,2
E361,linG,3
E361,mdfA,191
E361,CMY-118,9
E361,MvaT,1
E361,cmlA1,15
E361,oprA,4
E361,OXA-33,2
E361,OXA-74,8
E361,oprC,8
E361,ANT(6)-Ia,1
E361,cmlA4,15
E361,cmlA5,16
E361,cmlA6,15
E361,oprJ,98
E361,smeB,17
E361,smeC,11
E361,smeD,1
E361,oprM,177
E361,smeE,27
E361,oprN,168
E361,smeF,96
E361,two-component_system_response_regulator_EvgA,6
E361,baeR,60
E361,dfrA12,153
E361,baeS,75
E361,dfrA13,9
E361,dfrA14,39
E361,dfrA15,17
E361,dfrA16,1
E361,dfrA17,5
E361,CRP,8
E361,smeR,65
E361,smeS,50
E361,TEM-112,3
E361,Erm(43),1
E361,TEM-113,3
E361,ant(3'')-Ih-aac(6')-IId,3
E361,QepA1,8
E361,QepA2,8
E361,CfxA3,1
E361,mexA,54
E361,mexB,141
E361,mexC,12
E361,mepA,131
E361,KPC-4,3
E361,mexD,279
E361,mexE,201
E361,KPC-6,3
E361,mexF,483
E361,erm(34),1
E361,KPC-8,3
E361,aadA9,1
E361,mexH,31
E361,KPC-9,3
E361,mexI,25
E361,abcA,2
E361,AxyY,6
E361,mexN,8
E361,tetB(60),30
E361,mexQ,3
E361,dfrA1,55
E361,dfrA3,18
E361,mexT,126
E361,dfrA5,17
E361,mexW,137
E361,VEB-1b,2
E361,mexX,99
E361,dfrA8,8
E361,mexY,9
E361,AcrE,3
E361,AcrF,3
E361,PmrF,9
E361,TEM-72,3
E361,cfrC,16
E361,oqxB,8
E361,ICR-Mc,18
E361,MOX,1
E361,Moraxella_catarrhalis_M35,6
E361,dfrC,12
E361,dfrD,10
E361,dfrE,11
E361,dfrF,8
E361,APH(3')-IIIa,1
E361,dfrG,12
E361,CMY-61,1
E361,CMY-21,9
E361,arnA,575
E361,dfrK,12
E361,ACT,1
E361,CMY-28,6
E361,RbpA,2
E361,CMY-29,12
E361,OXA-240,10
E361,SME-2,1
E361,SME-3,1
E361,OXA-246,10
E361,tetA,144
E361,tetB,17
E361,tetC,10
E361,tetD,2
E361,efrA,40
E361,efrB,33
E361,fusB,3
E361,tetH,1
E361,fusC,1
E361,lsa,544
E361,tetL,12
E361,tetM,344
E361,tetO,147
E361,tetP,170
E361,tetQ,101
E361,tetR,202
E361,MuxB,9
E361,tetS,29
E361,MuxC,18
E361,tetT,94
E361,tetV,18
E361,tetW,737
E361,ADC-75,4
E361,tetX,13
E361,Bacillus_subtilis_mprF,3
E361,cmrA,13
E361,ADC-76,3
E361,ADC-77,4
E361,bicyclomycin-multidrug_efflux_protein_bcr,419
E361,aph(3'')-IV,2
E361,ADC-78,3
E361,ADC-79,4
E361,ADC-39,2
E361,qepA,32
E361,vanRI,83
E361,Streptococcus_agalactiae_mprF,2
E361,KPC,5
E361,carA,94
E361,carO,6
E361,APH(3')-VI,2
E361,myrA,7
E361,Lactobacillus,1
E361,hmrM,3
E361,lrfA,7
E361,Bacillus_Cluster_B_intrinsic_mph,1
E361,APH(3')-IIa,1
E361,cAMP-regulatory_protein,144
E361,mecR1,23
E361,NPS-1,1
E361,OXA-320,2
E361,emrA,308
E361,CTX-M-13,2
E361,amrB,67
E361,emrB,453
E361,CTX-M-14,2
E361,emrD,25
E361,CTX-M-130,2
E361,emrE,96
E361,CTX-M-17,2
E361,OXA-368,8
E361,emrK,64
E361,tcmA,56
E361,mdsB,7
E361,APH(3')-VIII,1
E361,mdsC,10
E361,VEB-1,4
E361,VEB-2,2
E361,VEB-3,2
E361,VEB-4,2
E361,VEB-5,2
E361,emrY,5
E361,VEB-6,2
E361,VEB-7,2
E361,VEB-8,2
E361,VEB-9,1
E361,mel,43
E361,ANT(3'')-IIa,1
E361,ANT(3'')-IIb,1
E361,hp1181,6
E361,aad(6),1
E361,ANT(3'')-IIc,1
E361,Pseudomonas_aeruginosa_emrE,9
E361,chrB,7
E361,tetA(48),95
E361,LRA,2
E361,farA,3
E361,farB,3
E361,AQU-1,1
E361,MdtK,4
E361,dfrA20,7
E361,opcM,88
E361,dfrA21,16
E361,dfrA22,16
E361,MCR-1.2,37
E361,MCR-1.3,19
E361,MCR-1.4,19
E361,dfrA24,2
E361,YojI,14
E361,MCR-1.5,18
E361,dfrA25,11
E361,MCR-1.6,19
E361,MCR-1.7,19
E361,MCR-1.8,19
E361,MCR-1.9,19
E361,dfrA29,9
E361,mtrA,108
E361,blaR1,4
E361,mtrC,1
E361,mtrD,7
E361,mtrE,260
E361,lmrA,7
E361,lmrB,79
E361,Erm(44),3
E361,lmrC,54
E361,lmrD,53
E361,NmcR,5
E361,LCR-1,2
E361,aph(3')-VII,1
E361,lmrP,2
E361,CTX-M,15
E361,blaI,5
E361,bcrA,3757
E361,bcrC,2
E361,tap,1
E361,tet(K),5
E361,multidrug_ABC_transporter,4326
E361,BUT-1,1
E361,PvrR,31
E361,cipA,3
E361,otrA,24
E361,PSE-1,4
E361,otrC,22
E361,arr-4,1
E361,arr-5,1
E361,arr-7,1
E361,arr-8,1
E361,Bacillus_Cluster_A_intrinsic_mph,1
E361,marR,377
E361,CARB,18
E361,aph(6)-I,25
E361,aph(3')-I,26
E361,vanA,71
E361,vanB,75
E361,vanC,91
E361,vanD,229
E361,vanE,22
E361,vanG,70
E361,vanH,470
E361,vanI,11
E361,aph(3')-V,3
E361,vanL,8
E361,vanM,3
E361,vanN,19
E361,optrA,81
E361,OXA-251,10
E361,vanR,2277
E361,vanS,792
E361,vanT,66
E361,vanU,1
E361,OXA-256,10
E361,vanW,35
E361,ugd,11
E361,vanX,13
E361,vanY,94
E361,OXA-1,2
E361,OXA-4,2
E361,acrA,169
E361,acrB,576
E361,tet(W/N/W),16
E361,acrD,2
E361,acrF,5
E361,norA,19
E361,cpxA,46
E361,ADC-80,4
E361,tetB(46),28
E361,sul1,49
E361,ADC-41,4
E361,sul2,382
E361,ADC-42,4
E361,sul3,32
E361,ADC-43,4
E361,sul4,21
E361,ykkC,64
E361,ADC-44,4
E361,ykkD,70
E361,MCR-1.10,19
E361,MCR-1.11,19
E361,vanWI,1
E361,MCR-1.12,19
E361,MCR-1.13,19
E361,vanKI,2
E361,kasugamycin_resistance_protein_ksgA,456
E361,rpoB2,52
E361,tetA(60),31
E361,cob(I)alamin_adenolsyltransferase,150
E361,cat_chloramphenicol_acetyltransferase,65
E361,TLA-1,1
E361,rifampin_monooxygenase,50
E361,TLA-2,1
E361,TLA-3,1
E361,oleB,73
E361,Enterococcus,1
E361,oleC,94
E361,antibiotic_resistance_rRNA_adenine_methyltransferase,15
E361,eptA,20
E361,mphA,12
E361,tcr3,2
E361,CTX-M-21,2
E361,mphC,6
E361,mphD,2
E361,CTX-M-24,2
E361,mphE,1
E361,CTX-M-67,2
E361,mphG,2
E361,Burkholderia_pseudomallei_Omp38,11
E361,mphI,2
E361,CTX-M-102,2
E361,LpeB,7
E361,mdtA,212
E361,mdtB,542
E361,mdtC,465
E361,mdtD,223
E361,mdtE,49
E361,mdtF,49
E361,Escherichia_coli_LamB,1
E361,mdtG,51
E361,mdtH,36
E361,Salmonella,15
E361,mdtK,455
E361,mdtL,24
E361,mdtN,75
E361,mdtP,13
E362,lrfA,3
E362,tetB(60),3
E362,class_C,34
E362,dfrB6,5
E362,dfrA29,2
E362,erm(31),1
E362,Erm(42),1
E362,TRU-1,1
E362,qacA,4
E362,PDC,22
E362,qacB,11
E362,tlcC,18
E362,SHV-62,5
E362,vanTrL,1
E362,emrA,24
E362,OXA-74,2
E362,emrB,33
E362,mdtB,36
E362,erm(33),1
E362,mdtC,95
E362,arr-4,1
E362,Erm(44),1
E362,OXA-368,2
E362,emrD,2
E362,mdtD,34
E362,arr-5,1
E362,SHV-159,5
E362,mdtE,1
E362,cpxA,6
E362,patA,7
E362,mdtF,10
E362,arr-7,1
E362,EmrB-QacA_family_major_facilitator_transporter,25
E362,cmlA1,2
E362,arr-8,1
E362,MIR,10
E362,baeR,8
E362,erm(35),1
E362,poxtA,17
E362,cmlA4,2
E362,tet41,3
E362,otr(B),2
E362,baeS,11
E362,cmlA5,2
E362,SHV-89,5
E362,Staphylococcys,2
E362,cmlA6,2
E362,tet43,2
E362,mel,10
E362,CMY-12,3
E362,Pseudomonas_aeruginosa_emrE,1
E362,tet44,3
E362,bcrA,597
E362,mepA,1
E362,vanYA,2
E362,kasugamycin_resistance_protein_ksgA,51
E362,PBP-1A,72
E362,CMY-16,3
E362,vanA,32
E362,PBP-1B,34
E362,tet(L),4
E362,vanB,60
E362,cAMP-regulatory_protein,36
E362,vanC,7
E362,bpeF,7
E362,vanD,49
E362,vanE,2
E362,lmrA,4
E362,vanHB,3
E362,lsa,39
E362,vanG,8
E362,erm(39),2
E362,lmrC,7
E362,OXA-233,2
E362,lmrD,3
E362,vanH,34
E362,vanYG1,2
E362,vanI,2
E362,HERA-1,1
E362,abcA,1
E362,vanL,1
E362,OXA-251,2
E362,vanM,2
E362,floR,4
E362,vanN,2
E362,tcmA,21
E362,farA,1
E362,OCH,1
E362,mecA,24
E362,kdpE,6
E362,msrA,82
E362,OXA-256,2
E362,ACT,5
E362,Burkholderia_pseudomallei_Omp38,1
E362,vanR,293
E362,mecB,4
E362,cipA,2
E362,otrA,6
E362,msrC,65
E362,vanS,71
E362,AcrF,1
E362,norB,18
E362,vanT,3
E362,OXA,50
E362,rifampin_monooxygenase,15
E362,mecD,2
E362,thiostrepton_resistance_methylase_tsnR,1
E362,dfrA2d,5
E362,otrC,3
E362,msrE,7
E362,CMY-77,3
E362,vanY,45
E362,Streptococcus_agalactiae_mprF,1
E362,evgS,11
E362,mexB,3
E362,acrB,13
E362,smeB,5
E362,cob(I)alamin_adenolsyltransferase,50
E362,mphE,1
E362,cmeB,13
E362,mexD,21
E362,dfrA12,79
E362,CMY-99,3
E362,acrF,1
E362,mexF,102
E362,dfrA13,6
E362,dfrA1,21
E362,RTG-4,2
E362,tetA,89
E362,Erm(37),1
E362,dfrA14,21
E362,salA,10
E362,SHV-121,5
E362,dfrA15,7
E362,MCR-4,1
E362,RTG-5,1
E362,dfrA3,8
E362,mexI,4
E362,tetC,6
E362,rosB,12
E362,dfrA17,2
E362,oprC,2
E362,dfrA5,7
E362,efpA,2
E362,truncated_putative_response_regulator_ArlR,73
E362,major_facilitator_superfamily_transporter,20
E362,dfrA7,3
E362,dfrA8,1
E362,tetH,5
E362,mexN,4
E362,MexK,2
E362,tetJ,2
E362,basS,3
E362,efrA,9
E362,tetL,15
E362,smeR,9
E362,ermA,10
E362,efrB,4
E362,TriA,1
E362,Staphylococcus_mupA_conferring_resistance_to_mupirocin,15
E362,tetM,90
E362,ermB,2
E362,mtrA,20
E362,smeS,10
E362,OXA-142,2
E362,ermC,19
E362,mdsB,2
E362,tetO,45
E362,vanRI,13
E362,macA,36
E362,ermE,6
E362,tetP,24
E362,tetA(46),2
E362,ErmB,2
E362,mexW,28
E362,tetQ,27
E362,MexS,1
E362,ermF,4
E362,macB,2094
E362,ErmC,2
E362,tetS,8
E362,ermH,2
E362,vanTG,2
E362,arnA,26
E362,tetT,14
E362,lsaC,4
E362,erm(34),1
E362,amrB,9
E362,tetV,7
E362,clbA,3
E362,lsaE,1
E362,clbB,4
E362,tetW,92
E362,tet32,5
E362,tetA(48),26
E362,clbC,2
E362,carA,19
E362,multidrug_ABC_transporter,855
E362,ermN,1
E362,tetY,2
E362,tetZ,1
E362,ermO,4
E362,dfrC,7
E362,dfrD,4
E362,tet36,3
E362,CRP,2
E362,dfrE,3
E362,erm(36),1
E362,vgaA,39
E362,bacterial_regulatory_protein_LuxR,5
E362,dfrF,3
E362,Erm(47),3
E362,vgaB,12
E362,tet39,2
E362,ermS,2
E362,dfrG,4
E362,tet(K),5
E362,mdfA,1
E362,two-component_system_response_regulator_EvgA,1
E362,arlS,4
E362,ermT,3
E362,vgaD,11
E362,TaeA,14
E362,vgaE,14
E362,CMY-23,3
E362,transcriptional_regulatory_protein_CpxR_cpxR,44
E362,dfrK,4
E362,OXA-663,2
E362,ErmT,2
E362,AER-1,1
E362,chloramphenicol_and_florfenicol_resistance,3
E362,erm(38),3
E362,antibiotic_resistance_rRNA_adenine_methyltransferase,3
E362,tetB(46),1
E362,oleB,16
E362,CARB,13
E362,oleC,25
E362,srmB,17
E362,QepA1,2
E362,sul2,24
E362,cfrC,3
E362,QepA2,2
E362,OXA-454,1
E362,OXA-240,2
E362,dfrA15b,3
E362,Erm(30),4
E362,sul4,3
E362,PmrF,8
E362,CMY-45,3
E362,adeB,33
E362,qepA,8
E362,CMY-46,3
E362,adeC,1
E362,tetB(48),2
E362,oleI,1
E362,eptA,1
E362,OXA-246,2
E362,CMY-63,3
E362,CMY-64,1
E362,AxyY,1
E362,penA,181
E362,Salmonella,2
E362,tet(W/N/W),3
E362,tcr3,2
E362,tetA(60),3
E362,vanKI,1
E362,rpoB2,15
E362,rphA,5
E362,ompR,92
E362,OXA-10,2
E362,rphB,4
E362,msbA,16
E362,OXA-11,2
E362,PSE-1,4
E362,adeR,3
E362,bicyclomycin-multidrug_efflux_protein_bcr,50
E362,PBP-2X,7
E362,adeS,4
E362,OXA-14,2
E362,LlmA_23S_ribosomal_RNA_methyltransferase,2
E362,RbpA,1
E362,ugd,2
E362,ADP-ribosylating_transferase_arr,5
E362,OXA-16,2
E362,OXA-17,2
E362,ceoB,8
E362,puromycin_resistance_protein,1
E362,optrA,13
E362,LpeB,2
E362,bacA,100
E362,dfrA20,3
E362,dfrA21,8
E362,SHV-25,5
E362,dfrA22,6
E362,MuxB,4
E362,dfrB1,19
E362,MuxC,3
E362,dfrB2,10
E362,dfrA24,2
E362,dfrA25,2
E362,class_A,3
E362,dfrB3,5
E365,aph(3'')-I,4
E365,OXA,296
E365,CMY-132,3
E365,chloramphenicol_and_florfenicol_resistance,17
E365,CMY-133,3
E365,OXA-10,12
E365,OXA-11,11
E365,bacA,755
E365,OXA-14,11
E365,chloramphenicol_exporter,105
E365,OXA-16,11
E365,OXA-17,8
E365,AER-1,2
E365,ANT(2'')-Ia,1
E365,basS,37
E365,mycinamicin-resistance_protein_myrB,2
E365,kdpE,52
E365,lsaA,1
E365,lsaC,18
E365,lsaE,40
E365,ADP-ribosylating_transferase_arr,5
E365,TEM-135,1
E365,OXA-454,12
E365,OXA-142,7
E365,OpmB,4
E365,OpmD,2
E365,tlrB_conferring_tylosin_resistance,5
E365,OpmH,3
E365,AAC(6')-Ib,4
E365,mefA,158
E365,erm(36),2
E365,mefC,3
E365,mefE,1
E365,catA8,2
E365,tet(L),2
E365,puromycin_resistance_protein,3
E365,abeM,11
E365,catII,2
E365,clbA,13
E365,clbB,18
E365,clbC,16
E365,abeS,12
E365,TEM-90,3
E365,macA,509
E365,macB,7613
E365,rphA,11
E365,rphB,19
E365,TEM-57,3
E365,transcriptional_regulatory_protein_CpxR_cpxR,646
E365,qacG,44
E365,blt,1
E365,qacH,12
E365,vgaA,306
E365,vgaB,59
E365,vgaD,56
E365,vgaE,59
E365,lnuB,9
E365,lnuC,2
E365,CMY-46,6
E365,lnuD,2
E365,EmrB-QacA_family_major_facilitator_transporter,66
E365,TEM-215,3
E365,lnuF,3
E365,lnuG,3
E365,TEM-217,3
E365,AAC(3)-Ib/AAC(6')-Ib'',2
E365,OXA-224,2
E365,bpeF,27
E365,penA,961
E365,arlS,38
E365,efpA,3
E365,KPC-16,3
E365,plasmid-encoded,2
E365,fosB,4
E365,otr(B),1
E365,ADC-12,2
E365,Listeria_monocytogenes_mprF,1
E365,ADC-13,2
E365,VatI,3
E365,ADC-14,2
E365,ADC-15,1
E365,cmlA,12
E365,vanHB,22
E365,ErmB,8
E365,ADC-16,2
E365,ErmC,2
E365,ADC-17,2
E365,vanTG,22
E365,ADC-18,1
E365,ADC-19,2
E365,vanTrL,14
E365,TEM,27
E365,fosX,21
E365,cdeA,9
E365,catA,16
E365,catB,48
E365,ErmT,3
E365,catD,2
E365,catI,2
E365,dfrA15b,4
E365,catP,1
E365,catQ,1
E365,PBP-1A,454
E365,PBP-1B,132
E365,tet32,78
E365,tet34,9
E365,catV,2
E365,tet35,5
E365,tet36,30
E365,tet37,2
E365,tet39,2
E365,msrA,498
E365,msrC,359
E365,msbA,61
E365,msrE,43
E365,ampC,7
E365,Escherichia_coli_mdfA,1
E365,CTX-M-110,7
E365,CTX-M-111,2
E365,CTX-M-38,8
E365,CTX-M-112,2
E365,evgS,101
E365,CTX-M-113,4
E365,RTG-4,3
E365,RTG-5,1
E365,adeA,4
E365,adeB,142
E365,adeC,49
E365,adeF,3
E365,aadA,59
E365,aadB,1
E365,adeH,5
E365,adeI,9
E365,aadE,4
E365,adeJ,36
E365,adeK,14
E365,adeL,29
E365,aac(3)-I,23
E365,TriA,5
E365,adeN,3
E365,TriC,18
E365,aadK,46
E365,adeR,54
E365,adeS,32
E365,TolC,391
E365,vanXYL,1
E365,tetA(46),42
E365,catB10,1
E365,CMY-108,6
E365,ceoB,14
E365,RlmA(II),4
E365,rosA,60
E365,rosB,410
E365,aph(3')-IIb,4
E365,Staphylococcys,5
E365,opmD,3
E365,Staphylococcus,3
E365,ADC-2,2
E365,opmE,2
E365,ADC-3,2
E365,ADC-5,2
E365,ADC-6,1
E365,ADC-7,2
E365,ompF,50
E365,sdiA,25
E365,ompR,1226
E365,salA,56
E365,ROB-1,1
E365,GES-2,1
E365,APH(6)-Id,1
E365,TEM-183,3
E365,CMX,4
E365,TEM-102,3
E365,GES-4,1
E365,Acinetobacter_baumannii_ampC_beta-lactamase,2
E365,Erm(42),1
E365,GES-5,1
E365,GES-6,1
E365,KLUY-2,3
E365,TEM-106,6
E365,KLUY-3,2
E365,GES-9,1
E365,TEM-148,3
E365,KLUY-4,1
E365,OprA,16
E365,aadA25,1
E365,Brucella_suis_mprF,2
E365,bcr-1,8
E365,mef(B),4
E365,sdeY,1
E365,DNA-binding_transcriptional_regulator_gadX,16
E365,gadW,1
E365,gadX,2
E365,patA,57
E365,catB3,3
E365,patB,20
E365,mecA,205
E365,mecB,8
E365,mecC,7
E365,mecD,5
E365,PC1,2
E365,aac(3)-Ib-aac(6')-Ib,2
E365,MSI-1,1
E365,OprZ,7
E365,poxtA,87
E365,chloramphenicol_and_florfenicol_exporter,1
E365,metallo-beta-lactamase,7
E365,ANT(3'')-Ii-AAC(6')-IId,12
E365,bmr,2
E365,catIII,2
E365,TaeA,104
E365,MexJ,7
E365,MexK,19
E365,MexL,4
E365,CTX-M-5,1
E365,MexS,4
E365,vatA,1
E365,vatB,23
E365,vatC,3
E365,MexV,1
E365,vatD,1
E365,vatE,12
E365,GES-11,1
E365,vatF,2
E365,vatG,4
E365,GES-13,1
E365,MexZ,2
E365,GES-14,1
E365,GES-15,1
E365,GES-16,1
E365,ermA,13
E365,GES-17,1
E365,CMY-13,6
E365,ermB,25
E365,ermC,15
E365,ereA,30
E365,GES-19,1
E365,ereB,4
E365,ermE,2
E365,CMY-99,3
E365,ermF,21
E365,ermG,5
E365,truncated_putative_response_regulator_ArlR,543
E365,OXA-233,8
E365,bacterial_regulatory_protein_LuxR,26
E365,efmA,2
E365,ermT,9
E365,CMY-5,3
E365,CMY-7,3
E365,ESP-1,1
E365,vanYA,2
E365,ADC-20,2
E365,ADC-21,2
E365,ADC-22,2
E365,ADC-23,2
E365,ADC-25,2
E365,cmeB,181
E365,Staphylococcus_mupA_conferring_resistance_to_mupirocin,53
E365,floR,42
E365,srmB,77
E365,GOB-18,1
E365,ant(2'')-I,3
E365,cystathionine_beta-lyase_patB,134
E365,major_facilitator_superfamily_transporter,65
E365,tet40,3
E365,tet41,2
E365,golS,12
E365,tet44,21
E365,MCR-1,22
E365,GOB-1,1
E365,MCR-2,11
E365,MCR-3,12
E365,MCR-4,12
E365,MCR-5,13
E365,tolC,5
E365,OXA-663,12
E365,CTX-M-84,3
E365,LlmA_23S_ribosomal_RNA_methyltransferase,3
E365,class_A,59
E365,CTX-M-46,2
E365,CTX-M-160,2
E365,PBP-2X,160
E365,emeA,1
E365,tlcC,86
E365,class_C,32
E365,CTX-M-47,2
E365,CTX-M-48,4
E365,CTX-M-121,4
E365,CTX-M-122,4
E365,APH(3')-Ia,1
E365,CTX-M-125,4
E365,linG,3
E365,mdfA,158
E365,aac(6')-I,18
E365,CMY-118,4
E365,CMY-119,3
E365,aac(6')-30-aac(6')-Ib',1
E365,cmlA1,5
E365,oprA,9
E365,OXA-33,2
E365,OXA-74,7
E365,oprC,9
E365,ANT(6)-Ia,2
E365,cmlA4,5
E365,cmlA5,5
E365,cmlA6,5
E365,oprJ,96
E365,smeB,11
E365,smeC,12
E365,smeD,9
E365,oprM,200
E365,smeE,30
E365,oprN,106
E365,smeF,95
E365,two-component_system_response_regulator_EvgA,5
E365,baeR,87
E365,dfrA12,153
E365,baeS,78
E365,dfrA13,10
E365,dfrA14,22
E365,dfrA15,8
E365,dfrA17,2
E365,CRP,6
E365,smeR,66
E365,smeS,62
E365,TEM-110,3
E365,Erm(47),1
E365,TEM-153,3
E365,TEM-196,3
E365,TEM-156,1
E365,TEM-157,3
E365,ant(3'')-Ih-aac(6')-IId,3
E365,TEM-159,3
E365,CfxA2,22
E365,QepA1,2
E365,CfxA3,2
E365,QepA2,2
E365,mexA,98
E365,mexB,154
E365,CfxA6,2
E365,mexC,13
E365,mepA,330
E365,mexD,275
E365,mexE,282
E365,mexF,324
E365,erm(34),2
E365,mexG,1
E365,mexH,50
E365,aadA9,1
E365,mexI,21
E365,abcA,2
E365,AxyY,6
E365,mexM,1
E365,mexN,11
E365,tetB(60),40
E365,mexP,1
E365,mexQ,1
E365,dfrA1,39
E365,dfrA3,19
E365,mexT,103
E365,dfrA5,11
E365,mexW,141
E365,VEB-1b,6
E365,mexX,78
E365,dfrA8,12
E365,mexY,8
E365,AcrE,1
E365,AcrF,4
E365,PmrF,12
E365,cfrC,18
E365,oqxA,2
E365,oqxB,6
E365,AcrS,4
E365,ICR-Mc,11
E365,OKP-A,7
E365,MOX,3
E365,Moraxella_catarrhalis_M35,2
E365,ramA,1
E365,dfrC,13
E365,GES-20,1
E365,GES,1
E365,dfrD,10
E365,GES-21,1
E365,TRU-1,1
E365,dfrE,11
E365,dfrF,7
E365,dfrG,11
E365,GES-24,1
E365,CMY-20,9
E365,CMY-21,3
E365,CMY-63,6
E365,Escherichia_coli_mipA,1
E365,arnA,682
E365,CMY-64,3
E365,dfrK,12
E365,ACT,12
E365,CMY-28,4
E365,RbpA,1
E365,CMY-29,3
E365,OXA-240,12
E365,OXA-246,12
E365,tetA,99
E365,tetB,43
E365,tetC,4
E365,tetD,2
E365,efrA,54
E365,efrB,46
E365,fusC,1
E365,lsa,698
E365,tetL,17
E365,tetM,440
E365,tetO,253
E365,tetP,185
E365,tetQ,161
E365,tetR,151
E365,MuxB,9
E365,tetS,35
E365,MuxC,16
E365,tetT,96
E365,vanVB,1
E365,tetW,711
E365,ADC-75,2
E365,tetX,50
E365,Bacillus_subtilis_mprF,1
E365,cmrA,12
E365,ADC-77,2
E365,bicyclomycin-multidrug_efflux_protein_bcr,329
E365,ADC-79,2
E365,tet(40),1
E365,ADC-39,2
E365,qepA,8
E365,vanRI,108
E365,Serratia_marcescens_Omp1,2
E365,Klebsiella_pneumoniae_OmpK36,1
E365,Klebsiella_pneumoniae_OmpK37,1
E365,Streptococcus_agalactiae_mprF,1
E365,KPC,1
E365,porin_OmpC,1
E365,carA,111
E365,DNA-binding_protein_H-NS,5
E365,carO,4
E365,myrA,6
E365,Lactobacillus,2
E365,AAC(6')-Ib',1
E365,hmrM,2
E365,lrfA,1
E365,Bacillus_Cluster_B_intrinsic_mph,1
E365,APH(3')-IIa,1
E365,cAMP-regulatory_protein,108
E365,mecR1,45
E365,AAC(6')-Ib3,2
E365,AAC(6')-Ib4,4
E365,CTX-M-50,4
E365,NPS-1,2
E365,OXA-320,2
E365,AAC(6')-Ib7,6
E365,FEZ-1,1
E365,emrA,407
E365,CTX-M-13,4
E365,AAC(6')-Ib8,5
E365,amrB,75
E365,emrB,360
E365,AAC(6')-Ib9,3
E365,CTX-M-14,6
E365,emrD,50
E365,CTX-M-130,6
E365,emrE,173
E365,CTX-M-17,4
E365,OXA-368,7
E365,CTX-M-134,4
E365,emrK,24
E365,tcmA,2
E365,mdsB,4
E365,mdsC,13
E365,ACI-1,1
E365,emrR,1
E365,VEB-1,9
E365,VEB-2,5
E365,VEB-3,5
E365,VEB-4,5
E365,emrY,1
E365,VEB-5,5
E365,VEB-6,5
E365,VEB-7,6
E365,VEB-8,5
E365,VEB-9,3
E365,mel,57
E365,ANT(3'')-IIa,1
E365,ANT(3'')-IIb,1
E365,hp1181,10
E365,aad(6),2
E365,ANT(3'')-IIc,1
E365,Pseudomonas_aeruginosa_emrE,13
E365,chrB,6
E365,tetA(48),130
E365,LRA,9
E365,farA,5
E365,farB,5
E365,AQU-1,1
E365,MdtK,4
E365,dfrA20,13
E365,opcM,47
E365,dfrA21,15
E365,dfrA22,17
E365,MCR-1.2,22
E365,MCR-1.3,11
E365,MCR-1.4,11
E365,dfrA24,3
E365,YojI,26
E365,MCR-1.5,11
E365,dfrA25,8
E365,MCR-1.6,11
E365,MCR-1.7,11
E365,AAC(6')-Ib-Hangzhou,4
E365,MCR-1.8,11
E365,dfrA29,6
E365,MCR-1.9,11
E365,mtrA,125
E365,blaR1,8
E365,mtrC,2
E365,mtrD,8
E365,mtrE,232
E365,lmrB,64
E365,Erm(44),2
E365,lmrC,80
E365,lmrD,68
E365,NmcR,14
E365,mtrR,85
E365,LCR-1,3
E365,PEDO-1,1
E365,PEDO-2,1
E365,lmrP,2
E365,CTX-M,57
E365,erm(35),2
E365,blaI,5
E365,bcrA,4567
E365,bcrC,2
E365,tet(K),3
E365,multidrug_ABC_transporter,5442
E365,BUT-1,1
E365,omp36,5
E365,PvrR,46
E365,cipA,5
E365,otrA,25
E365,otrC,22
E365,arr-4,1
E365,arr-5,1
E365,Clostridium_perfringens_mprF,1
E365,arr-7,1
E365,TEM-88,3
E365,arr-8,1
E365,PER,25
E365,Bacillus_Cluster_A_intrinsic_mph,1
E365,marR,224
E365,CARB,8
E365,aph(6)-I,32
E365,aph(3')-I,19
E365,vanA,103
E365,vanB,103
E365,vanC,78
E365,vanD,320
E365,vanE,16
E365,vanG,58
E365,vanH,466
E365,vanI,11
E365,CMY-34,4
E365,CPS-1,1
E365,aph(3')-V,3
E365,SPG-1,1
E365,vanL,4
E365,CMY-77,3
E365,vanM,2
E365,vanN,11
E365,optrA,95
E365,TEM-207,3
E365,OXA-251,12
E365,vanR,3232
E365,vanS,1069
E365,vanT,77
E365,vanU,10
E365,OXA-256,12
E365,ugd,11
E365,vanX,26
E365,vanY,77
E365,OXA-1,2
E365,vanZ,15
E365,OXA-4,2
E365,acrA,328
E365,acrB,774
E365,tet(W/N/W),17
E365,acrD,8
E365,acrF,7
E365,norA,19
E365,cpxA,43
E365,ADC-80,1
E365,tetB(46),38
E365,sul1,52
E365,ADC-41,2
E365,sul2,338
E365,sul3,33
E365,ADC-43,2
E365,sul4,21
E365,ykkC,80
E365,ADC-44,2
E365,ykkD,47
E365,MCR-1.10,11
E365,MCR-1.11,11
E365,vanWI,1
E365,MCR-1.12,11
E365,MCR-1.13,11
E365,kasugamycin_resistance_protein_ksgA,361
E365,rpoB2,48
E365,tetA(60),29
E365,cob(I)alamin_adenolsyltransferase,200
E365,cat_chloramphenicol_acetyltransferase,35
E365,TLA-1,5
E365,rifampin_monooxygenase,38
E365,TLA-2,4
E365,TLA-3,4
E365,oleB,84
E365,Enterococcus,1
E365,oleC,82
E365,antibiotic_resistance_rRNA_adenine_methyltransferase,13
E365,eptA,12
E365,tcr3,1
E365,mphA,12
E365,CTX-M-21,2
E365,mphC,6
E365,mphD,2
E365,CTX-M-65,2
E365,CTX-M-24,6
E365,mphE,1
E365,CTX-M-67,6
E365,mphG,2
E365,Burkholderia_pseudomallei_Omp38,10
E365,mphI,2
E365,CTX-M-148,2
E365,LpeB,5
E365,mdtA,255
E365,mdtB,446
E365,mdtC,327
E365,mdtD,221
E365,mdtE,74
E365,mdtF,150
E365,Escherichia_coli_LamB,1
E365,mdtG,101
E365,mdtH,11
E365,Salmonella,5
E365,CatU,1
E365,mdtK,472
E365,mdtL,8
E365,mdtM,26
E365,mdtN,78
E365,mdtO,25
E365,mdtP,106
E369,OXA,19
E369,chloramphenicol_and_florfenicol_resistance,5
E369,CMY-133,3
E369,OXA-10,1
E369,bacA,159
E369,chloramphenicol_exporter,21
E369,OXA-16,1
E369,OXA-17,1
E369,basS,8
E369,kdpE,5
E369,lsaC,3
E369,lsaE,2
E369,OXA-454,1
E369,OXA-140,2
E369,OXA-142,1
E369,OpmB,1
E369,OpmD,1
E369,tlrB_conferring_tylosin_resistance,1
E369,mefA,24
E369,mefC,1
E369,abeM,3
E369,clbA,3
E369,clbB,5
E369,clbC,5
E369,abeS,2
E369,macA,78
E369,macB,1192
E369,rphA,4
E369,rphB,7
E369,transcriptional_regulatory_protein_CpxR_cpxR,72
E369,qacG,4
E369,qacH,2
E369,vgaA,67
E369,vgaB,16
E369,vgaD,13
E369,vgaE,17
E369,EmrB-QacA_family_major_facilitator_transporter,3
E369,rpsD_(ramA_or_sud2),1
E369,OXA-224,2
E369,bpeF,17
E369,penA,354
E369,arlS,1
E369,efpA,1
E369,ADC-12,1
E369,VatI,3
E369,ADC-13,1
E369,ADC-14,1
E369,vanHB,4
E369,cmlA,7
E369,ErmB,2
E369,ADC-16,1
E369,vanTG,3
E369,ADC-17,1
E369,ADC-19,1
E369,vanTrL,3
E369,catB,57
E369,dfrA15b,3
E369,PBP-1A,94
E369,PBP-1B,19
E369,tet31,1
E369,tet32,10
E369,tet36,5
E369,tet39,3
E369,msrA,124
E369,msrC,75
E369,msbA,10
E369,msrE,8
E369,CTX-M-30,3
E369,CTX-M-31,2
E369,CTX-M-74,1
E369,CTX-M-75,2
E369,CTX-M-35,1
E369,CTX-M-76,2
E369,CTX-M-77,2
E369,CTX-M-111,2
E369,CTX-M-38,4
E369,evgS,15
E369,CTX-M-115,2
E369,adeB,8
E369,adeC,13
E369,adeF,2
E369,adeH,2
E369,adeI,2
E369,adeJ,6
E369,adeK,4
E369,adeL,3
E369,adeN,1
E369,TriB,1
E369,TriC,8
E369,adeR,8
E369,adeS,3
E369,TolC,100
E369,tetA(46),3
E369,catB10,1
E369,ceoB,14
E369,RlmA(II),1
E369,rosB,126
E369,opmD,2
E369,opmE,2
E369,ADC-2,1
E369,ADC-3,1
E369,ADC-5,1
E369,ADC-7,1
E369,ompR,156
E369,salA,14
E369,Acinetobacter_baumannii_ampC_beta-lactamase,1
E369,OprA,6
E369,patA,9
E369,catB3,4
E369,patB,3
E369,mecA,41
E369,mecB,5
E369,mecC,5
E369,mecD,5
E369,OprZ,5
E369,AAC(6')-Ie-APH(2'')-Ia,3
E369,poxtA,20
E369,chloramphenicol_and_florfenicol_exporter,2
E369,TaeA,22
E369,MexJ,1
E369,MexK,8
E369,CTX-M-2,2
E369,MexL,1
E369,CTX-M-4,2
E369,CTX-M-5,2
E369,CTX-M-6,2
E369,CTX-M-7,2
E369,vatA,2
E369,vatB,15
E369,vatC,4
E369,MexV,4
E369,vatD,1
E369,vatE,16
E369,vatF,3
E369,vatG,3
E369,ermA,1
E369,CMY-55,3
E369,ereA,10
E369,CMY-56,3
E369,ereB,2
E369,truncated_putative_response_regulator_ArlR,47
E369,bacterial_regulatory_protein_LuxR,5
E369,CMY-2,3
E369,CMY-5,3
E369,ADC-20,1
E369,ADC-21,1
E369,ADC-22,1
E369,FONA-6,1
E369,ADC-25,1
E369,cmeA,2
E369,cmeB,217
E369,cmeC,1
E369,Staphylococcus_mupA_conferring_resistance_to_mupirocin,16
E369,floR,98
E369,srmB,12
E369,cystathionine_beta-lyase_patB,36
E369,major_facilitator_superfamily_transporter,14
E369,tet41,4
E369,tet44,3
E369,MCR-1,2
E369,MCR-2,1
E369,MCR-3,1
E369,MCR-4,2
E369,MCR-5,1
E369,tolC,1
E369,OXA-392,2
E369,CTX-M-43,2
E369,class_A,44
E369,CTX-M-44,2
E369,PBP-2X,25
E369,CTX-M-160,2
E369,tlcC,16
E369,CTX-M-122,2
E369,CTX-M-124,2
E369,mdfA,100
E369,aac(6')-I,2
E369,tet(59),1
E369,CMY-118,3
E369,MvaT,1
E369,OXA-31,2
E369,oprA,14
E369,cmlA1,5
E369,OXA-33,2
E369,oprC,8
E369,cmlA4,5
E369,cmlA5,5
E369,cmlA6,5
E369,AAC(6')-34,1
E369,oprJ,23
E369,smeC,3
E369,oprM,77
E369,smeE,6
E369,oprN,66
E369,smeF,12
E369,baeR,9
E369,dfrA12,44
E369,baeS,8
E369,dfrA13,2
E369,dfrA14,6
E369,dfrA15,3
E369,dfrA16,4
E369,CRP,3
E369,dfrA17,10
E369,smeR,9
E369,smeS,5
E369,QepA1,1
E369,QepA2,1
E369,mexA,1
E369,mexB,6
E369,mexD,43
E369,mexE,6
E369,mexF,211
E369,mexG,1
E369,mexH,30
E369,mexI,12
E369,AxyY,2
E369,mexN,4
E369,tetB(60),3
E369,mexQ,1
E369,dfrA1,7
E369,dfrA3,5
E369,mexT,3
E369,dfrA5,3
E369,mexW,47
E369,dfrA7,3
E369,mexX,38
E369,dfrA8,3
E369,mexY,1
E369,AcrE,1
E369,PmrF,2
E369,cfrC,5
E369,oqxB,6
E369,ICR-Mc,1
E369,dfrC,3
E369,dfrD,4
E369,dfrE,2
E369,dfrF,1
E369,dfrG,4
E369,CMY-61,1
E369,CMY-21,3
E369,arnA,175
E369,dfrK,4
E369,CMY-29,3
E369,OXA-246,1
E369,tetA,45
E369,tetB,10
E369,efrA,2
E369,efrB,3
E369,tetH,15
E369,lsa,112
E369,tetJ,6
E369,tetM,61
E369,tetO,11
E369,tetP,40
E369,tetQ,20
E369,MuxA,1
E369,tetR,50
E369,MuxB,4
E369,tetS,15
E369,MuxC,1
E369,tetT,20
E369,tetW,138
E369,ADC-74,1
E369,ADC-75,1
E369,cmrA,2
E369,ADC-76,1
E369,bicyclomycin-multidrug_efflux_protein_bcr,16
E369,tetZ,2
E369,ADC-77,1
E369,ADC-78,1
E369,ADC-79,1
E369,qepA,4
E369,ADC-39,1
E369,vanRI,8
E369,carA,17
E369,carO,1
E369,myrA,1
E369,hmrM,1
E369,Bacillus_Cluster_B_intrinsic_mph,1
E369,cAMP-regulatory_protein,54
E369,mecR1,7
E369,CTX-M-90,2
E369,CTX-M-51,2
E369,CTX-M-92,2
E369,OXA-320,2
E369,emrA,188
E369,amrB,10
E369,CTX-M-95,2
E369,emrB,103
E369,CTX-M-14,2
E369,emrD,49
E369,CTX-M-56,2
E369,CTX-M-130,2
E369,emrE,28
E369,CTX-M-17,1
E369,CTX-M-131,2
E369,CTX-M-59,2
E369,emrK,16
E369,tcmA,8
E369,mdsA,1
E369,mdsB,1
E369,mdsC,4
E369,mel,14
E369,Pseudomonas_aeruginosa_emrE,2
E369,chrB,1
E369,tetA(48),22
E369,LRA,1
E369,farA,1
E369,OXA-47,2
E369,dfrA20,2
E369,opcM,51
E369,dfrA21,4
E369,dfrA22,4
E369,MCR-1.2,2
E369,MCR-1.3,1
E369,dfrA24,1
E369,YojI,1
E369,MCR-1.4,1
E369,dfrA25,3
E369,MCR-1.5,1
E369,MCR-1.6,1
E369,MCR-1.7,1
E369,MCR-1.8,1
E369,dfrA29,3
E369,mtrA,18
E369,MCR-1.9,1
E369,mtrE,20
E369,pmrA,60
E369,lmrC,1
E369,lmrD,7
E369,pgpB,1
E369,CTX-M,28
E369,bcrA,570
E369,dfrB1,12
E369,dfrB2,6
E369,dfrB3,3
E369,Toho-1,1
E369,multidrug_ABC_transporter,403
E369,dfrA2d,3
E369,dfrB6,3
E369,tet(33),2
E369,PvrR,5
E369,otrA,7
E369,otrC,2
E369,Bacillus_Cluster_A_intrinsic_mph,1
E369,aph(3')-I,1
E369,vanA,30
E369,vanB,21
E369,vanC,13
E369,vanD,58
E369,vanE,3
E369,vanG,15
E369,vanH,79
E369,vanI,3
E369,vanL,1
E369,vanM,1
E369,vanN,2
E369,optrA,19
E369,vanR,213
E369,vanS,217
E369,vanT,14
E369,vanX,23
E369,vanY,11
E369,OXA-1,2
E369,OXA-4,2
E369,acrA,24
E369,acrB,64
E369,tet(W/N/W),1
E369,acrD,1
E369,acrF,1
E369,norA,1
E369,cpxA,4
E369,ADC-80,1
E369,tetB(46),1
E369,ADC-41,1
E369,sul2,115
E369,sul3,6
E369,ADC-43,1
E369,sul4,4
E369,ykkD,5
E369,MCR-1.10,1
E369,MCR-1.11,1
E369,MCR-1.12,1
E369,MCR-1.13,1
E369,kasugamycin_resistance_protein_ksgA,224
E369,rpoB2,12
E369,tetA(60),2
E369,cat_chloramphenicol_acetyltransferase,10
E369,rifampin_monooxygenase,20
E369,bifunctional_aminoglycoside_N-acetyltransferase_and_aminoglycoside_phosphotransferase,2
E369,oleB,14
E369,oleC,16
E369,antibiotic_resistance_rRNA_adenine_methyltransferase,3
E369,aac(6')-II,2
E369,eptA,2
E369,CTX-M-20,2
E369,mphA,12
E369,mphC,6
E369,mphD,2
E369,CTX-M-24,2
E369,CTX-M-65,2
E369,mphE,1
E369,CTX-M-67,2
E369,mphG,2
E369,CTX-M-141,2
E369,mphI,2
E369,CTX-M-102,2
E369,CTX-M-105,1
E369,LpeB,6
E369,CTX-M-148,2
E369,mdtA,85
E369,mdtB,79
E369,mdtC,143
E369,mdtD,49
E369,mdtE,10
E369,mdtF,17
E369,mdtG,14
E369,Salmonella,4
E369,mdtK,48
E376,aph(3'')-I,4
E376,OXA,235
E376,chloramphenicol_and_florfenicol_resistance,6
E376,OXA-10,7
E376,OXA-11,7
E376,bacA,327
E376,OXA-14,7
E376,chloramphenicol_exporter,37
E376,OXA-16,7
E376,OXA-17,5
E376,basS,28
E376,mycinamicin-resistance_protein_myrB,1
E376,kdpE,38
E376,lsaA,1
E376,lsaC,13
E376,lsaE,13
E376,ADP-ribosylating_transferase_arr,5
E376,OXA-454,5
E376,OXA-140,2
E376,OXA-142,5
E376,OpmB,2
E376,OpmD,3
E376,tlrB_conferring_tylosin_resistance,1
E376,OpmH,5
E376,mefA,201
E376,mefC,2
E376,puromycin_resistance_protein,1
E376,abeM,5
E376,catII,1
E376,clbA,6
E376,clbB,6
E376,clbC,10
E376,abeS,9
E376,macA,210
E376,macB,4520
E376,rphA,6
E376,rphB,12
E376,transcriptional_regulatory_protein_CpxR_cpxR,410
E376,qacG,36
E376,qacH,8
E376,vgaA,141
E376,vgaB,35
E376,vgaD,32
E376,vgaE,29
E376,lnuA,9
E376,lnuB,3
E376,lnuC,1
E376,lnuD,2
E376,EmrB-QacA_family_major_facilitator_transporter,24
E376,lnuE,1
E376,lnuF,1
E376,lnuG,1
E376,rpsD_(ramA_or_sud2),1
E376,OXA-224,2
E376,bpeF,18
E376,penA,436
E376,arlS,22
E376,efpA,1
E376,fosB,4
E376,otr(B),1
E376,ADC-12,1
E376,ADC-56,1
E376,vanHB,12
E376,cmlA,11
E376,ErmB,6
E376,ADC-16,1
E376,ErmC,1
E376,ADC-17,1
E376,vanTG,8
E376,vanXI,1
E376,tet(42),1
E376,ADC-19,1
E376,vanTrL,5
E376,fosX,21
E376,cdeA,3
E376,catA,8
E376,catB,18
E376,ErmT,2
E376,dfrA15b,2
E376,catQ,1
E376,PBP-1A,276
E376,PBP-1B,71
E376,tet32,55
E376,tet35,1
E376,tet36,18
E376,tet37,3
E376,tet39,2
E376,msrA,235
E376,msrC,180
E376,msbA,32
E376,msrE,18
E376,ampC,1
E376,Escherichia_coli_mdfA,1
E376,CTX-M-110,2
E376,CTX-M-38,2
E376,evgS,66
E376,CTX-M-113,2
E376,adeA,3
E376,adeB,164
E376,adeC,27
E376,adeH,4
E376,adeI,3
E376,aadE,4
E376,adeJ,14
E376,adeK,10
E376,adeL,12
E376,TriA,3
E376,adeN,1
E376,TriC,9
E376,aadK,21
E376,adeR,38
E376,adeS,18
E376,TolC,265
E376,vanXYL,1
E376,tetA(46),12
E376,catB10,1
E376,ceoB,14
E376,RlmA(II),1
E376,rosA,30
E376,rosB,332
E376,aph(3')-IIb,4
E376,Staphylococcys,2
E376,ADC-1,1
E376,opmD,6
E376,ADC-2,1
E376,opmE,2
E376,ADC-3,1
E376,ADC-4,1
E376,ADC-6,1
E376,ADC-7,1
E376,ompF,24
E376,sdiA,25
E376,ompR,729
E376,salA,29
E376,APH(6)-Id,1
E376,Acinetobacter_baumannii_ampC_beta-lactamase,1
E376,Erm(42),1
E376,KLUY-2,1
E376,OprA,12
E376,bcr-1,8
E376,mef(B),4
E376,sdeY,1
E376,DNA-binding_transcriptional_regulator_gadX,8
E376,gadX,1
E376,patA,34
E376,catB3,1
E376,patB,5
E376,mecA,162
E376,mecB,4
E376,mecC,5
E376,mecD,6
E376,mecI,1
E376,OprZ,8
E376,poxtA,53
E376,chloramphenicol_and_florfenicol_exporter,1
E376,catIII,1
E376,TaeA,56
E376,MexJ,7
E376,MexK,12
E376,MexL,2
E376,CTX-M-5,1
E376,MexS,3
E376,vatB,1
E376,SPM-1,1
E376,ermA,10
E376,ermB,25
E376,CMY-55,3
E376,ermC,15
E376,ereA,10
E376,CMY-56,3
E376,ereB,2
E376,ermE,4
E376,ermF,7
E376,ermG,1
E376,truncated_putative_response_regulator_ArlR,347
E376,OXA-233,5
E376,SRT-1,1
E376,SRT-2,2
E376,bacterial_regulatory_protein_LuxR,24
E376,efmA,1
E376,ermT,6
E376,CMY-2,3
E376,CMY-5,3
E376,vanYA,1
E376,ADC-20,1
E376,ADC-21,1
E376,ADC-22,1
E376,ADC-25,1
E376,cmeA,1
E376,cmeB,183
E376,Staphylococcus_mupA_conferring_resistance_to_mupirocin,19
E376,floR,22
E376,srmB,40
E376,cystathionine_beta-lyase_patB,48
E376,major_facilitator_superfamily_transporter,22
E376,tet41,2
E376,golS,5
E376,tet44,13
E376,MCR-1,16
E376,MCR-2,9
E376,MCR-3,10
E376,MCR-4,11
E376,MCR-5,10
E376,OXA-663,7
E376,OXA-392,4
E376,CTX-M-84,2
E376,class_A,28
E376,class_B,1
E376,PBP-2X,75
E376,tlcC,42
E376,class_C,21
E376,CTX-M-48,2
E376,CTX-M-122,2
E376,APH(3')-Ia,1
E376,CTX-M-125,2
E376,linG,1
E376,mdfA,75
E376,CMY-118,3
E376,OXA-31,2
E376,cmlA1,6
E376,oprA,14
E376,OXA-33,2
E376,OXA-74,5
E376,oprC,5
E376,ANT(6)-Ia,1
E376,cmlA4,5
E376,cmlA5,6
E376,cmlA6,6
E376,oprJ,86
E376,smeB,10
E376,smeC,11
E376,oprM,198
E376,smeE,9
E376,oprN,29
E376,smeF,73
E376,two-component_system_response_regulator_EvgA,7
E376,baeR,56
E376,dfrA12,45
E376,baeS,42
E376,dfrA13,3
E376,dfrA14,11
E376,dfrA15,3
E376,CRP,7
E376,smeR,48
E376,smeS,32
E376,QepA1,2
E376,CfxA2,22
E376,QepA2,2
E376,CfxA3,2
E376,mexA,48
E376,mexB,98
E376,CfxA6,2
E376,mexC,35
E376,mepA,76
E376,mexD,230
E376,mexE,111
E376,mexF,275
E376,erm(34),1
E376,thiostrepton_resistance_methylase_tsnR,1
E376,mexH,25
E376,mexI,28
E376,abcA,1
E376,AxyY,4
E376,mexN,9
E376,tetB(60),18
E376,dfrA1,25
E376,dfrA3,9
E376,mexT,79
E376,dfrA5,6
E376,mexW,152
E376,VEB-1b,2
E376,mexX,68
E376,dfrA8,5
E376,mexY,3
E376,AcrE,1
E376,AcrF,5
E376,PmrF,8
E376,cfrC,6
E376,oqxA,2
E376,oqxB,7
E376,ICR-Mc,10
E376,dfrC,6
E376,dfrD,6
E376,dfrE,2
E376,dfrF,1
E376,dfrG,8
E376,CMY-21,3
E376,arnA,232
E376,Escherichia_coli_mipA,1
E376,dfrK,10
E376,CMY-28,3
E376,CMY-29,3
E376,OXA-240,7
E376,OXA-246,7
E376,tetA,59
E376,tetB,8
E376,tetC,4
E376,efrA,15
E376,efrB,14
E376,lsa,377
E376,tetM,237
E376,tetO,98
E376,tetP,140
E376,tetQ,95
E376,tetR,102
E376,MuxB,8
E376,tetS,17
E376,MuxC,15
E376,tetT,68
E376,tetW,394
E376,ADC-75,1
E376,tetX,25
E376,cmrA,4
E376,ADC-77,1
E376,bicyclomycin-multidrug_efflux_protein_bcr,221
E376,ADC-78,1
E376,ADC-79,1
E376,ADC-39,1
E376,qepA,8
E376,vanRI,61
E376,Klebsiella_pneumoniae_OmpK37,1
E376,carA,57
E376,myrA,1
E376,lrfA,2
E376,Bacillus_Cluster_B_intrinsic_mph,1
E376,APH(3')-IIa,1
E376,cAMP-regulatory_protein,124
E376,mecR1,24
E376,NPS-1,2
E376,OXA-320,4
E376,emrA,103
E376,amrB,28
E376,emrB,182
E376,CTX-M-14,2
E376,emrD,2
E376,CTX-M-130,2
E376,emrE,114
E376,CTX-M-17,2
E376,OXA-368,5
E376,emrK,21
E376,tcmA,4
E376,mdsB,7
E376,mdsC,9
E376,emrR,1
E376,VEB-1,3
E376,VEB-2,2
E376,VEB-3,2
E376,VEB-4,2
E376,VEB-5,2
E376,VEB-6,2
E376,VEB-7,2
E376,VEB-8,2
E376,VEB-9,1
E376,mel,29
E376,hp1181,9
E376,aad(6),1
E376,Pseudomonas_aeruginosa_emrE,8
E376,chrB,1
E376,tetA(48),60
E376,LRA,1
E376,farA,1
E376,farB,3
E376,OXA-47,4
E376,dfrA20,5
E376,opcM,51
E376,dfrA21,8
E376,dfrA22,8
E376,MCR-1.2,16
E376,MCR-1.3,8
E376,MCR-1.4,8
E376,YojI,5
E376,MCR-1.5,8
E376,dfrA25,3
E376,MCR-1.6,8
E376,MCR-1.7,8
E376,MCR-1.8,8
E376,dfrA29,2
E376,MCR-1.9,8
E376,mtrA,94
E376,blaR1,4
E376,mtrC,1
E376,mtrD,8
E376,mtrE,85
E376,lmrB,1
E376,Erm(44),1
E376,lmrC,22
E376,lmrD,24
E376,NmcR,6
E376,LCR-1,3
E376,lmrP,1
E376,CTX-M,15
E376,erm(35),1
E376,blaI,3
E376,bcrA,2123
E376,bcrC,2
E376,multidrug_ABC_transporter,2036
E376,PvrR,31
E376,otrA,15
E376,otrC,10
E376,arr-4,1
E376,arr-5,1
E376,arr-7,1
E376,arr-8,1
E376,PER,11
E376,Bacillus_Cluster_A_intrinsic_mph,1
E376,marR,100
E376,aph(6)-I,25
E376,aph(3')-I,15
E376,vanA,91
E376,vanB,67
E376,vanC,49
E376,vanD,161
E376,vanE,11
E376,vanG,39
E376,vanH,242
E376,vanI,9
E376,CMY-33,1
E376,aph(3')-V,3
E376,vanL,2
E376,vanM,5
E376,vanN,2
E376,optrA,49
E376,OXA-251,7
E376,vanR,1774
E376,vanS,392
E376,vanT,30
E376,vanU,1
E376,OXA-256,7
E376,ugd,8
E376,vanX,61
E376,vanY,31
E376,OXA-1,4
E376,OXA-4,4
E376,acrA,140
E376,acrB,461
E376,tet(W/N/W),9
E376,acrD,1
E376,acrF,5
E376,cpxA,21
E376,ADC-80,1
E376,tetB(46),14
E376,ADC-82,1
E376,ADC-41,1
E376,sul2,111
E376,sul3,20
E376,ADC-43,1
E376,sul4,10
E376,ykkC,32
E376,ykkD,14
E376,vanSD,1
E376,MCR-1.10,8
E376,MCR-1.11,8
E376,vanWI,1
E376,MCR-1.12,8
E376,MCR-1.13,8
E376,kasugamycin_resistance_protein_ksgA,284
E376,rpoB2,42
E376,tetA(60),12
E376,cob(I)alamin_adenolsyltransferase,75
E376,cat_chloramphenicol_acetyltransferase,7
E376,TLA-1,2
E376,rifampin_monooxygenase,13
E376,TLA-2,2
E376,TLA-3,2
E376,oleB,44
E376,oleC,60
E376,antibiotic_resistance_rRNA_adenine_methyltransferase,7
E376,eptA,9
E376,mphA,12
E376,mphC,6
E376,mphD,2
E376,CTX-M-24,2
E376,mphE,1
E376,CTX-M-67,2
E376,mphG,2
E376,Burkholderia_pseudomallei_Omp38,9
E376,mphI,2
E376,LpeB,7
E376,mdtA,173
E376,mdtB,457
E376,mdtC,297
E376,mdtD,36
E376,mdtE,39
E376,mdtF,97
E376,Escherichia_coli_LamB,1
E376,mdtG,25
E376,Salmonella,5
E376,CatU,1
E376,mdtK,195
E376,mdtN,25
E376,mdtP,25
E379,tetB(60),7
E379,bcr-1,1
E379,dfrA29,3
E379,Erm(42),1
E379,tlcC,13
E379,vanTrL,1
E379,mdtA,74
E379,emrA,21
E379,qacG,11
E379,mdtB,93
E379,qacH,3
E379,mdtC,44
E379,emrD,1
E379,mdtD,17
E379,mdtE,1
E379,emrE,47
E379,cpxA,1
E379,patA,9
E379,MCR-1.2,2
E379,MCR-1.3,1
E379,patB,1
E379,mdtF,8
E379,cmlA1,3
E379,MCR-1.4,1
E379,MCR-1.5,1
E379,MCR-1.6,1
E379,hp1181,1
E379,poxtA,13
E379,baeR,17
E379,cmlA4,2
E379,MCR-1.7,1
E379,tet41,3
E379,baeS,9
E379,cmlA5,3
E379,MCR-1.10,1
E379,MCR-1.8,1
E379,emrK,27
E379,cmlA6,3
E379,MCR-1.11,1
E379,MCR-1.9,1
E379,mel,9
E379,MCR-1.12,1
E379,Pseudomonas_aeruginosa_emrE,3
E379,tet44,3
E379,MCR-1.13,1
E379,bcrA,368
E379,mdtP,3
E379,kasugamycin_resistance_protein_ksgA,50
E379,PBP-1A,36
E379,vanA,37
E379,PBP-1B,16
E379,vanB,13
E379,vanC,8
E379,OXA-1,2
E379,bpeF,4
E379,vanD,26
E379,vanHB,1
E379,vanE,5
E379,lsa,64
E379,OXA-4,2
E379,vanG,15
E379,lmrC,4
E379,vanH,27
E379,lmrD,4
E379,vanI,2
E379,vanL,1
E379,golS,1
E379,vanM,1
E379,floR,52
E379,vanN,1
E379,mecA,14
E379,kdpE,6
E379,msrA,102
E379,mecB,1
E379,Burkholderia_pseudomallei_Omp38,2
E379,vanR,363
E379,RSA-2,1
E379,msrC,39
E379,norA,1
E379,otrA,8
E379,vanS,67
E379,OXA,72
E379,vanT,3
E379,msrE,5
E379,otrC,3
E379,dfrA2d,1
E379,vanY,20
E379,evgS,18
E379,acrA,16
E379,mexB,10
E379,acrB,8
E379,smeC,2
E379,cmeB,76
E379,mexD,106
E379,mexE,26
E379,MCR-1,2
E379,dfrA12,44
E379,mexF,77
E379,MCR-2,1
E379,dfrA1,23
E379,smeF,6
E379,dfrA13,2
E379,tolC,3
E379,salA,8
E379,dfrA14,17
E379,tetA,38
E379,MCR-3,1
E379,mexH,30
E379,dfrA15,8
E379,tetB,12
E379,MCR-4,1
E379,dfrA3,7
E379,abeS,3
E379,rosB,54
E379,mexI,10
E379,MCR-5,1
E379,dfrA17,2
E379,oprC,1
E379,dfrA5,7
E379,truncated_putative_response_regulator_ArlR,86
E379,TolC,135
E379,major_facilitator_superfamily_transporter,3
E379,OprA,2
E379,dfrA8,3
E379,tetH,5
E379,MexK,7
E379,OXA-47,2
E379,tetJ,8
E379,mexQ,1
E379,basS,4
E379,oprJ,22
E379,efrA,4
E379,OXA-140,2
E379,ermA,2
E379,smeR,12
E379,Staphylococcus_mupA_conferring_resistance_to_mupirocin,6
E379,ermB,1
E379,tetM,108
E379,smeS,10
E379,mtrA,25
E379,TriB,1
E379,mexT,23
E379,mdsB,4
E379,oprM,24
E379,oprN,1
E379,TriC,5
E379,tetO,34
E379,vanRI,10
E379,macA,38
E379,tetA(46),4
E379,mtrD,1
E379,tetP,46
E379,mtrE,21
E379,mexW,21
E379,tetQ,34
E379,macB,1368
E379,tetR,25
E379,mexX,2
E379,tetS,10
E379,MexV,1
E379,vanTG,1
E379,lsaC,3
E379,arnA,125
E379,tetT,15
E379,lsaE,2
E379,marR,25
E379,ICR-Mc,1
E379,clbB,2
E379,tet32,8
E379,tetA(48),15
E379,tetW,99
E379,OXA-392,2
E379,clbC,2
E379,multidrug_ABC_transporter,586
E379,carA,12
E379,ermO,1
E379,tetZ,1
E379,dfrC,2
E379,dfrD,2
E379,tet36,4
E379,vgaA,39
E379,dfrE,3
E379,Erm(47),1
E379,bacterial_regulatory_protein_LuxR,1
E379,vgaB,12
E379,dfrF,2
E379,dfrG,2
E379,tet39,4
E379,mdfA,2
E379,two-component_system_response_regulator_EvgA,1
E379,catA,10
E379,vgaD,5
E379,TaeA,15
E379,OprZ,1
E379,vgaE,10
E379,pmrA,16
E379,transcriptional_regulatory_protein_CpxR_cpxR,82
E379,catD,2
E379,tet(33),1
E379,dfrK,3
E379,chloramphenicol_and_florfenicol_resistance,2
E379,antibiotic_resistance_rRNA_adenine_methyltransferase,1
E379,oleB,8
E379,tetB(46),5
E379,OXA-224,2
E379,blaR1,2
E379,sul1,27
E379,srmB,14
E379,oleC,19
E379,cfrC,2
E379,dfrA15b,2
E379,Erm(30),1
E379,PmrF,1
E379,catII,2
E379,adeB,75
E379,adeC,3
E379,eptA,1
E379,adeF,1
E379,AxyY,2
E379,penA,103
E379,Salmonella,2
E379,chloramphenicol_and_florfenicol_exporter,1
E379,YojI,1
E379,adeK,1
E379,tetA(60),5
E379,PvrR,10
E379,tet(W/N/W),4
E379,opmE,1
E379,adeL,1
E379,oqxB,1
E379,rpoB2,17
E379,rphA,2
E379,ompR,191
E379,rphB,2
E379,msbA,8
E379,bicyclomycin-multidrug_efflux_protein_bcr,50
E379,adeR,10
E379,OpmH,3
E379,adeS,1
E379,ugd,1
E379,LlmA_23S_ribosomal_RNA_methyltransferase,2
E379,OXA-320,2
E379,ceoB,3
E379,optrA,10
E379,OXA-31,2
E379,LpeB,1
E379,bacA,105
E379,dfrA20,2
E379,cystathionine_beta-lyase_patB,12
E379,dfrA21,3
E379,OXA-33,2
E379,dfrA22,2
E379,MuxB,2
E379,chloramphenicol_exporter,5
E379,MuxC,1
E379,dfrB2,2
E379,dfrA25,3
E379,dfrB3,1
E382,aph(3'')-I,4
E382,OXA,50
E382,CMY-132,1
E382,chloramphenicol_and_florfenicol_resistance,7
E382,OXA-10,4
E382,OXA-11,3
E382,bacA,350
E382,OXA-14,3
E382,chloramphenicol_exporter,39
E382,OXA-16,3
E382,OXA-17,1
E382,basS,26
E382,mycinamicin-resistance_protein_myrB,2
E382,kdpE,29
E382,lsaA,1
E382,lsaC,15
E382,TEM-171,3
E382,lsaE,19
E382,ADP-ribosylating_transferase_arr,5
E382,OXA-454,4
E382,OpmB,3
E382,OpmD,3
E382,tlrB_conferring_tylosin_resistance,2
E382,OpmH,1
E382,mefA,127
E382,erm(36),1
E382,mefC,1
E382,mefE,1
E382,puromycin_resistance_protein,1
E382,abeM,4
E382,catII,1
E382,clbA,5
E382,clbB,7
E382,clbC,8
E382,abeS,3
E382,macA,220
E382,macB,4944
E382,rphA,6
E382,rphB,9
E382,transcriptional_regulatory_protein_CpxR_cpxR,326
E382,qacG,12
E382,qacH,3
E382,vgaA,134
E382,vgaB,37
E382,vgaD,30
E382,vgaE,31
E382,CMY-40,6
E382,CMY-42,3
E382,lnuA,9
E382,lnuB,6
E382,lnuC,1
E382,CMY-46,6
E382,lnuD,2
E382,TEM-214,3
E382,EmrB-QacA_family_major_facilitator_transporter,42
E382,lnuE,1
E382,lnuF,1
E382,lnuG,2
E382,TEM-217,3
E382,bpeF,38
E382,penA,299
E382,arlS,19
E382,efpA,1
E382,plasmid-encoded,1
E382,fosB,4
E382,vanHB,10
E382,ErmB,6
E382,ErmC,2
E382,vanTG,14
E382,vanTrL,7
E382,TEM,25
E382,fosX,21
E382,cdeA,9
E382,BIL-1,3
E382,catA,20
E382,ErmT,3
E382,catI,1
E382,dfrA15b,4
E382,catQ,1
E382,PBP-1A,252
E382,PBP-1B,62
E382,tet32,46
E382,tet34,9
E382,tet35,2
E382,tet36,20
E382,tet37,3
E382,tet39,1
E382,msrA,251
E382,msrC,176
E382,msbA,48
E382,msrE,20
E382,ampC,2
E382,Escherichia_coli_mdfA,1
E382,CTX-M-110,2
E382,CTX-M-38,2
E382,evgS,54
E382,CTX-M-113,2
E382,adeB,124
E382,adeC,26
E382,adeF,5
E382,aadA,46
E382,adeH,3
E382,adeI,3
E382,aadE,4
E382,adeJ,3
E382,adeK,9
E382,adeL,9
E382,TriC,11
E382,aadK,21
E382,adeR,32
E382,adeS,15
E382,TolC,152
E382,vanXYL,1
E382,tetA(46),26
E382,CMY-108,9
E382,ceoB,37
E382,RlmA(II),2
E382,rosA,10
E382,rosB,161
E382,aph(3')-IIb,4
E382,Staphylococcys,4
E382,opmD,5
E382,Staphylococcus,1
E382,opmE,2
E382,ompF,135
E382,sdiA,25
E382,ompR,659
E382,salA,37
E382,APH(6)-Id,1
E382,CMX,21
E382,Erm(42),1
E382,TEM-105,3
E382,KLUY-2,1
E382,OprA,11
E382,Brucella_suis_mprF,1
E382,aadA25,1
E382,bcr-1,5
E382,mef(B),4
E382,DNA-binding_transcriptional_regulator_gadX,16
E382,gadW,1
E382,gadX,2
E382,patA,29
E382,patB,7
E382,mecA,162
E382,mecB,6
E382,mecC,7
E382,mecD,6
E382,mecI,1
E382,OprZ,8
E382,poxtA,43
E382,ANT(3'')-Ii-AAC(6')-IId,8
E382,bmr,1
E382,catIII,2
E382,TaeA,52
E382,MexJ,3
E382,MexK,11
E382,CTX-M-5,1
E382,MexS,1
E382,MexV,1
E382,MexZ,1
E382,CMY-53,3
E382,CMY-12,3
E382,ermA,9
E382,CMY-13,6
E382,ermB,25
E382,ereA,10
E382,ermC,15
E382,CMY-15,3
E382,ereB,2
E382,ermE,2
E382,ermF,14
E382,ermG,5
E382,truncated_putative_response_regulator_ArlR,322
E382,OXA-233,1
E382,bacterial_regulatory_protein_LuxR,13
E382,efmA,2
E382,ermT,9
E382,vanYA,1
E382,cmeA,2
E382,cmeB,211
E382,Staphylococcus_mupA_conferring_resistance_to_mupirocin,34
E382,floR,29
E382,srmB,47
E382,cystathionine_beta-lyase_patB,84
E382,major_facilitator_superfamily_transporter,32
E382,tet40,3
E382,tet41,1
E382,golS,4
E382,tet44,16
E382,MCR-1,10
E382,MCR-2,5
E382,MCR-3,5
E382,MCR-4,5
E382,MCR-5,5
E382,tolC,2
E382,OXA-663,4
E382,CTX-M-84,2
E382,class_A,30
E382,LlmA_23S_ribosomal_RNA_methyltransferase,1
E382,PBP-2X,95
E382,tlcC,43
E382,class_C,76
E382,CTX-M-48,2
E382,CTX-M-122,2
E382,APH(3')-Ia,1
E382,CTX-M-125,2
E382,linG,1
E382,mdfA,25
E382,CMY-118,12
E382,cmlA1,7
E382,oprA,11
E382,OXA-74,1
E382,oprC,10
E382,ANT(6)-Ia,1
E382,cmlA4,7
E382,cmlA5,7
E382,cmlA6,7
E382,oprJ,103
E382,smeB,11
E382,smeC,12
E382,smeD,10
E382,smeE,12
E382,oprM,171
E382,oprN,81
E382,smeF,56
E382,two-component_system_response_regulator_EvgA,6
E382,baeR,56
E382,dfrA12,56
E382,baeS,48
E382,dfrA13,4
E382,dfrA14,19
E382,dfrA15,9
E382,dfrA17,1
E382,CRP,2
E382,smeR,49
E382,smeS,43
E382,TEM-150,3
E382,ant(3'')-Ih-aac(6')-IId,3
E382,QepA1,1
E382,CfxA2,22
E382,QepA2,1
E382,CfxA3,2
E382,mexA,62
E382,mexB,81
E382,CfxA6,2
E382,mepA,276
E382,mexD,159
E382,mexE,223
E382,mexF,370
E382,erm(34),1
E382,mexG,1
E382,mexH,1
E382,mexI,15
E382,AxyY,3
E382,abcA,2
E382,mexN,8
E382,tetB(60),23
E382,mexQ,2
E382,dfrA1,10
E382,dfrA3,8
E382,mexT,66
E382,dfrA5,9
E382,mexW,107
E382,VEB-1b,4
E382,mexX,90
E382,dfrA8,1
E382,mexY,10
E382,AcrE,1
E382,AcrF,2
E382,PmrF,13
E382,cfrC,7
E382,TEM-33,3
E382,oqxA,4
E382,TEM-34,1
E382,oqxB,13
E382,AcrS,3
E382,ICR-Mc,5
E382,ramA,2
E382,dfrC,7
E382,dfrD,7
E382,dfrE,8
E382,dfrF,4
E382,dfrG,7
E382,CMY-20,3
E382,CMY-21,3
E382,CMY-63,9
E382,arnA,283
E382,Escherichia_coli_mipA,1
E382,CMY-23,3
E382,CMY-64,6
E382,dfrK,8
E382,CMY-28,4
E382,CMY-29,3
E382,OXA-240,4
E382,OXA-246,4
E382,tetA,61
E382,tetB,32
E382,tetC,2
E382,efrA,29
E382,tetD,4
E382,efrB,32
E382,tetH,5
E382,lsa,360
E382,tetJ,2
E382,tetM,375
E382,tetO,195
E382,tetP,95
E382,tetQ,113
E382,MuxA,1
E382,tetR,85
E382,MuxB,6
E382,tetS,25
E382,MuxC,14
E382,tetT,66
E382,tetW,500
E382,Bacillus_subtilis_mprF,1
E382,cmrA,5
E382,bicyclomycin-multidrug_efflux_protein_bcr,197
E382,tet(40),1
E382,qepA,4
E382,vanRI,53
E382,Serratia_marcescens_Omp1,7
E382,Klebsiella_pneumoniae_OmpK35,1
E382,Klebsiella_pneumoniae_OmpK36,6
E382,Klebsiella_pneumoniae_OmpK37,6
E382,Streptococcus_agalactiae_mprF,1
E382,CFE-1,1
E382,porin_OmpC,5
E382,carA,60
E382,DNA-binding_protein_H-NS,10
E382,myrA,3
E382,hmrM,3
E382,lrfA,1
E382,Bacillus_Cluster_B_intrinsic_mph,1
E382,APH(3')-IIa,1
E382,cAMP-regulatory_protein,36
E382,mecR1,44
E382,emrA,109
E382,amrB,50
E382,emrB,130
E382,CTX-M-14,2
E382,emrD,29
E382,CTX-M-130,2
E382,emrE,32
E382,CTX-M-17,2
E382,OXA-368,1
E382,emrK,16
E382,tcmA,10
E382,mdsB,7
E382,mdsC,9
E382,emrR,1
E382,VEB-1,7
E382,VEB-2,4
E382,VEB-3,4
E382,VEB-4,4
E382,VEB-5,4
E382,emrY,2
E382,VEB-6,4
E382,VEB-7,4
E382,VEB-8,4
E382,VEB-9,2
E382,mel,35
E382,hp1181,4
E382,aad(6),1
E382,Pseudomonas_aeruginosa_emrE,2
E382,chrB,3
E382,tetA(48),57
E382,LRA,2
E382,MdtK,3
E382,dfrA20,4
E382,opcM,61
E382,dfrA21,7
E382,dfrA22,7
E382,MCR-1.2,10
E382,MCR-1.3,5
E382,dfrA23,2
E382,MCR-1.4,5
E382,YojI,14
E382,dfrA25,4
E382,MCR-1.5,5
E382,MCR-1.6,5
E382,MCR-1.7,5
E382,MCR-1.8,5
E382,dfrA29,4
E382,MCR-1.9,5
E382,mtrA,84
E382,blaR1,8
E382,mtrD,8
E382,mtrE,55
E382,lmrB,29
E382,Erm(44),2
E382,lmrC,40
E382,lmrD,41
E382,NmcR,6
E382,mtrR,33
E382,LCR-1,1
E382,CTX-M,15
E382,erm(35),1
E382,blaI,3
E382,bcrA,2032
E382,bcrC,2
E382,tet(K),2
E382,multidrug_ABC_transporter,2601
E382,PvrR,23
E382,cipA,2
E382,omp36,25
E382,marA,2
E382,otrA,14
E382,otrC,11
E382,arr-4,1
E382,arr-5,1
E382,Clostridium_perfringens_mprF,1
E382,arr-7,1
E382,arr-8,1
E382,PER,10
E382,marR,50
E382,aph(6)-I,27
E382,aph(3')-I,13
E382,vanA,65
E382,vanB,77
E382,vanC,42
E382,vanD,186
E382,vanE,16
E382,vanG,36
E382,vanH,231
E382,vanI,7
E382,CMY-35,6
E382,aph(3')-V,3
E382,vanL,4
E382,CMY-77,2
E382,vanM,3
E382,vanN,2
E382,CMY-38,3
E382,TEM-206,3
E382,optrA,53
E382,OXA-251,4
E382,vanR,1787
E382,vanS,586
E382,vanT,32
E382,vanU,2
E382,OXA-256,4
E382,ugd,9
E382,vanX,22
E382,vanY,40
E382,vanZ,11
E382,acrA,150
E382,acrB,344
E382,tet(W/N/W),14
E382,acrD,2
E382,acrF,7
E382,cpxA,17
E382,tetB(46),24
E382,sul1,29
E382,sul2,137
E382,sul3,12
E382,sul4,10
E382,ykkC,59
E382,ykkD,18
E382,LAT-1,3
E382,MCR-1.10,5
E382,MCR-1.11,5
E382,vanWI,1
E382,MCR-1.12,5
E382,MCR-1.13,5
E382,kasugamycin_resistance_protein_ksgA,161
E382,rpoB2,32
E382,tetA(60),17
E382,cob(I)alamin_adenolsyltransferase,102
E382,cat_chloramphenicol_acetyltransferase,6
E382,TLA-1,3
E382,rifampin_monooxygenase,1
E382,TLA-2,1
E382,TLA-3,3
E382,TEM-1,3
E382,oleB,44
E382,oleC,58
E382,antibiotic_resistance_rRNA_adenine_methyltransferase,5
E382,eptA,7
E382,tcr3,1
E382,mphA,6
E382,mphC,3
E382,mphD,1
E382,CTX-M-24,2
E382,mphE,1
E382,CTX-M-67,2
E382,mphG,1
E382,Burkholderia_pseudomallei_Omp38,6
E382,mphI,1
E382,LpeB,5
E382,mdtA,166
E382,mdtB,247
E382,mdtC,322
E382,mdtD,133
E382,mdtE,65
E382,mdtF,28
E382,Escherichia_coli_LamB,1
E382,mdtG,26
E382,mdtH,25
E382,Salmonella,6
E382,CatU,1
E382,mdtK,260
E382,mdtL,25
E382,mdtN,75
E382,mdtO,25
E382,mdtP,56
E385,class_B,1
E385,tetB(60),8
E385,class_C,1
E385,lrfA,2
E385,CTX-M-38,2
E385,dfrB6,1
E385,bcr-1,8
E385,CTX-M-122,2
E385,CTX-M-125,2
E385,fmtC,23
E385,tlcC,35
E385,SHV-62,5
E385,mdtA,99
E385,emrA,122
E385,OXA-74,5
E385,AIM-1,1
E385,CMX,2
E385,qacG,28
E385,emrB,146
E385,mdtB,260
E385,qacH,7
E385,mdtC,99
E385,OXA-368,5
E385,mdtD,25
E385,emrD,7
E385,SHV-159,5
E385,emrE,96
E385,MCR-1.2,14
E385,mdtE,51
E385,patA,14
E385,cpxA,15
E385,MCR-1.3,7
E385,mdtF,18
E385,EmrB-QacA_family_major_facilitator_transporter,51
E385,cmlA1,4
E385,MCR-1.4,7
E385,fosX,21
E385,MCR-1.5,7
E385,MCR-1.6,7
E385,hp1181,4
E385,poxtA,25
E385,baeR,45
E385,cmlA4,4
E385,MCR-1.7,7
E385,otr(B),1
E385,tet41,4
E385,baeS,19
E385,cmlA5,4
E385,MCR-1.10,7
E385,MCR-1.8,7
E385,NmcR,5
E385,emrK,29
E385,mdtK,84
E385,KPC-22,6
E385,SHV-89,5
E385,cmlA6,4
E385,Staphylococcys,6
E385,MCR-1.11,7
E385,MCR-1.9,7
E385,mel,15
E385,tet43,1
E385,MCR-1.12,7
E385,Pseudomonas_aeruginosa_emrE,7
E385,tet44,3
E385,MCR-1.13,7
E385,bcrA,1219
E385,kasugamycin_resistance_protein_ksgA,150
E385,PBP-1A,167
E385,CTX-M-5,1
E385,cat_chloramphenicol_acetyltransferase,3
E385,vanA,32
E385,PBP-1B,54
E385,THIN-B,1
E385,vanB,52
E385,vanC,35
E385,bpeF,27
E385,vanD,99
E385,KPC-1,2
E385,vanHB,3
E385,lsa,120
E385,KPC-3,3
E385,vanG,6
E385,lmrC,8
E385,KPC-4,3
E385,OXA-233,5
E385,lmrD,12
E385,vanH,61
E385,KPC-5,3
E385,KPC,14
E385,vanI,7
E385,KPC-6,6
E385,HERA-1,1
E385,rpsD_(ramA_or_sud2),1
E385,cmrA,4
E385,KPC-8,3
E385,TUS-1,1
E385,golS,6
E385,KPC-9,6
E385,OXA-251,5
E385,floR,33
E385,tcmA,10
E385,SMB-1,1
E385,msrA,68
E385,mecA,40
E385,kdpE,21
E385,farA,3
E385,OXA-256,5
E385,farB,3
E385,Clostridium_perfringens_mprF,1
E385,ACT,19
E385,Burkholderia_pseudomallei_Omp38,12
E385,mecB,3
E385,vanR,925
E385,AcrE,1
E385,msrC,76
E385,mecC,2
E385,Brucella_suis_mprF,2
E385,otrA,13
E385,vanS,336
E385,AcrF,1
E385,mecD,2
E385,rifampin_monooxygenase,15
E385,OXA,125
E385,dfrA2d,2
E385,msrE,8
E385,otrC,5
E385,KLUY-2,1
E385,vanX,12
E385,vanY,6
E385,evgS,61
E385,ykkC,12
E385,tet(42),2
E385,mexA,87
E385,acrA,57
E385,smeB,5
E385,mexB,15
E385,cob(I)alamin_adenolsyltransferase,75
E385,ykkD,9
E385,acrB,221
E385,mexC,13
E385,smeC,9
E385,abeM,5
E385,smeD,4
E385,acrD,3
E385,mexD,357
E385,MSI-1,1
E385,dfrA12,11
E385,smeE,6
E385,MCR-1,14
E385,mexE,99
E385,acrF,1
E385,GOB-18,1
E385,MCR-2,7
E385,mexF,194
E385,smeF,39
E385,dfrA1,15
E385,CTX-M-24,2
E385,RTG-4,2
E385,dfrA14,13
E385,salA,15
E385,MCR-3,7
E385,tetA,99
E385,SHV-121,5
E385,rosA,10
E385,tetB,3
E385,RTG-5,1
E385,oprA,13
E385,dfrA15,7
E385,MCR-4,6
E385,mexH,82
E385,dfrA3,8
E385,tetC,3
E385,abeS,7
E385,MCR-5,7
E385,mexI,21
E385,rosB,230
E385,CTX-M-110,2
E385,dfrA5,4
E385,efpA,3
E385,oprC,9
E385,truncated_putative_response_regulator_ArlR,213
E385,TolC,237
E385,OprA,9
E385,major_facilitator_superfamily_transporter,22
E385,CTX-M-113,2
E385,dfrA8,7
E385,Bacillus_subtilis_mprF,1
E385,mexN,8
E385,MexJ,4
E385,MexK,9
E385,MexL,1
E385,LRA,4
E385,CTX-M-130,2
E385,efrA,8
E385,basS,31
E385,mexQ,3
E385,oprJ,74
E385,CTX-M-48,2
E385,CTX-M,10
E385,tetL,4
E385,efrB,10
E385,smeR,42
E385,Staphylococcus_mupA_conferring_resistance_to_mupirocin,8
E385,TriA,1
E385,tetM,119
E385,mtrA,80
E385,smeS,38
E385,OXA-142,4
E385,mdsB,9
E385,oprM,140
E385,mexT,40
E385,mtrC,3
E385,oprN,114
E385,TriC,7
E385,tetO,41
E385,mdsC,5
E385,vanRI,34
E385,ampC,7
E385,macA,125
E385,tetP,69
E385,tetA(46),10
E385,mtrD,5
E385,mtrE,38
E385,tetQ,32
E385,MexS,5
E385,mexW,135
E385,macB,2681
E385,CTX-M-67,2
E385,mexX,45
E385,tetR,50
E385,mexY,6
E385,tetS,6
E385,lsaC,4
E385,MexV,5
E385,vanTG,4
E385,tetT,38
E385,arnA,125
E385,GOB-1,1
E385,CTX-M-84,2
E385,marR,75
E385,lsaE,8
E385,amrB,77
E385,ICR-Mc,7
E385,clbA,3
E385,KPC-11,3
E385,tet32,15
E385,clbB,5
E385,tetW,233
E385,tetA(48),42
E385,tetX,25
E385,carA,35
E385,clbC,7
E385,multidrug_ABC_transporter,1107
E385,opcM,25
E385,dfrC,5
E385,tetZ,2
E385,tet36,10
E385,dfrD,3
E385,KPC-16,6
E385,vgaA,65
E385,dfrE,5
E385,KPC-17,6
E385,dfrF,2
E385,BJP-1,1
E385,vgaB,18
E385,bacterial_regulatory_protein_LuxR,6
E385,tet(K),3
E385,tet39,2
E385,dfrG,3
E385,KPC-19,3
E385,OprZ,4
E385,vgaD,15
E385,TaeA,27
E385,two-component_system_response_regulator_EvgA,3
E385,arlS,5
E385,catB,14
E385,vgaE,12
E385,transcriptional_regulatory_protein_CpxR_cpxR,308
E385,dfrK,4
E385,OXA-663,5
E385,AER-1,1
E385,metallo-beta-lactamase,3
E385,chloramphenicol_and_florfenicol_resistance,7
E385,vanXI,1
E385,oleB,26
E385,tetB(46),8
E385,antibiotic_resistance_rRNA_adenine_methyltransferase,2
E385,sul1,27
E385,CARB,13
E385,srmB,24
E385,oleC,34
E385,QepA1,2
E385,sul2,133
E385,QepA2,2
E385,cfrC,7
E385,sul3,15
E385,dfrA15b,2
E385,OXA-454,3
E385,OXA-240,5
E385,sul4,8
E385,adeA,3
E385,PmrF,7
E385,adeB,159
E385,qepA,8
E385,adeC,8
E385,eptA,7
E385,OXA-246,5
E385,adeF,2
E385,adeH,2
E385,AxyY,5
E385,penA,299
E385,Salmonella,4
E385,adeI,1
E385,BRP(MBL),1
E385,adeJ,3
E385,YojI,8
E385,chloramphenicol_and_florfenicol_exporter,1
E385,opmD,4
E385,tcr3,3
E385,adeK,3
E385,PvrR,32
E385,tetA(60),8
E385,tet(W/N/W),8
E385,opmE,1
E385,adeL,9
E385,oqxB,5
E385,OpmB,2
E385,Listeria_monocytogenes_mprF,1
E385,rpoB2,13
E385,rphA,2
E385,OpmD,2
E385,ompR,587
E385,OXA-10,5
E385,rphB,3
E385,msbA,17
E385,OXA-11,4
E385,PSE-1,4
E385,bicyclomycin-multidrug_efflux_protein_bcr,211
E385,adeR,25
E385,catB3,1
E385,OpmH,7
E385,adeS,17
E385,OXA-14,4
E385,ugd,3
E385,LlmA_23S_ribosomal_RNA_methyltransferase,2
E385,CTX-M-14,2
E385,OXA-16,4
E385,OXA-17,5
E385,optrA,23
E385,ceoB,20
E385,puromycin_resistance_protein,2
E385,CTX-M-17,2
E385,fosB,4
E385,bacA,125
E385,LpeB,3
E385,dfrA20,8
E385,dfrA21,4
E385,SHV-25,5
E385,dfrA22,5
E385,dfrA23,2
E385,dfrB1,3
E385,MuxB,5
E385,chloramphenicol_exporter,29
E385,Rm3,1
E385,dfrB2,2
E385,MuxC,7
E385,dfrB3,1
E385,class_A,51
E387,aph(3'')-I,5
E387,OXA,124
E387,chloramphenicol_and_florfenicol_resistance,8
E387,OXA-10,4
E387,OXA-11,4
E387,bacA,375
E387,OXA-14,4
E387,chloramphenicol_exporter,56
E387,OXA-16,4
E387,OXA-17,2
E387,basS,35
E387,mycinamicin-resistance_protein_myrB,2
E387,EdeQ,1
E387,kdpE,36
E387,lsaA,1
E387,lsaC,19
E387,lsaE,23
E387,ADP-ribosylating_transferase_arr,30
E387,OXA-454,4
E387,OXA-142,2
E387,OpmB,3
E387,OpmD,3
E387,tlrB_conferring_tylosin_resistance,3
E387,OpmH,2
E387,mefA,109
E387,erm(36),2
E387,mefC,2
E387,catA8,1
E387,tet(L),2
E387,puromycin_resistance_protein,3
E387,abeM,6
E387,catII,1
E387,clbA,7
E387,clbB,8
E387,abeS,3
E387,clbC,8
E387,macA,323
E387,qacA,2
E387,macB,5735
E387,qacB,7
E387,rphA,8
E387,rphB,13
E387,transcriptional_regulatory_protein_CpxR_cpxR,389
E387,qacG,19
E387,qacH,3
E387,MIR,2
E387,vgaA,199
E387,vgaB,57
E387,AIM-1,2
E387,vgaD,39
E387,vgaE,43
E387,CMY-44,3
E387,lnuB,12
E387,CMY-45,3
E387,CMY-46,3
E387,EmrB-QacA_family_major_facilitator_transporter,71
E387,lnuF,2
E387,lnuG,4
E387,rpsD_(ramA_or_sud2),2
E387,AAC(3)-Ib/AAC(6')-Ib'',2
E387,bpeF,38
E387,penA,588
E387,arlS,23
E387,efpA,3
E387,plasmid-encoded,1
E387,THIN-B,2
E387,fosB,4
E387,otr(B),7
E387,Listeria_monocytogenes_mprF,1
E387,VatI,2
E387,vanHB,13
E387,cmlA,29
E387,ErmB,4
E387,ErmC,1
E387,vanTG,18
E387,tet(42),2
E387,vanTrL,9
E387,fosX,21
E387,cdeA,2
E387,catA,11
E387,catB,46
E387,ErmT,1
E387,catD,2
E387,ErmU,1
E387,ErmX,1
E387,catI,1
E387,dfrA15b,6
E387,PBP-1A,340
E387,PBP-1B,90
E387,tet32,42
E387,catV,1
E387,tet34,8
E387,tet36,16
E387,tet37,1
E387,tet39,3
E387,msrA,334
E387,msrC,220
E387,msbA,34
E387,msrE,27
E387,Erm(30),1
E387,CTX-M-75,1
E387,CTX-M-76,1
E387,ampC,18
E387,CTX-M-110,2
E387,CTX-M-38,2
E387,evgS,66
E387,CTX-M-113,4
E387,CTX-M-115,1
E387,adeA,6
E387,adeB,207
E387,adeC,20
E387,adeF,7
E387,adeH,6
E387,adeI,2
E387,adeJ,18
E387,aadE,4
E387,adeK,4
E387,BRP(MBL),2
E387,aac(3)-I,23
E387,adeL,9
E387,fmtC,45
E387,TriA,5
E387,TriB,2
E387,adeN,2
E387,ACC-5,1
E387,TriC,18
E387,aadK,23
E387,adeR,40
E387,adeS,17
E387,TolC,249
E387,vanXYL,5
E387,tetA(46),27
E387,catB10,1
E387,ceoB,27
E387,RlmA(II),4
E387,rosA,50
E387,rosB,268
E387,aph(3')-IIb,9
E387,Staphylococcys,5
E387,opmD,5
E387,Staphylococcus,3
E387,opmE,2
E387,ompR,767
E387,salA,34
E387,APH(6)-Id,1
E387,CMX,5
E387,KLUY-2,1
E387,OprA,7
E387,Brucella_suis_mprF,2
E387,bcr-1,7
E387,mef(B),3
E387,patA,52
E387,catB3,3
E387,patB,5
E387,mecA,133
E387,mecB,10
E387,mecC,6
E387,mecD,5
E387,mecI,5
E387,aac(3)-Ib-aac(6')-Ib,1
E387,OprZ,5
E387,poxtA,67
E387,chloramphenicol_and_florfenicol_exporter,5
E387,metallo-beta-lactamase,20
E387,catIII,1
E387,TaeA,73
E387,MexJ,7
E387,CTX-M-2,1
E387,MexK,30
E387,MexL,9
E387,CTX-M-5,1
E387,MexS,4
E387,vatA,1
E387,vatB,7
E387,vatC,1
E387,MexV,8
E387,vatD,1
E387,vatE,8
E387,vatF,2
E387,vatG,1
E387,CMY-12,4
E387,ermA,1
E387,CMY-13,3
E387,ermB,10
E387,CMY-14,3
E387,ereA,10
E387,ermC,10
E387,CMY-15,1
E387,ereB,2
E387,CMY-16,9
E387,ermE,3
E387,CMY-99,7
E387,ermG,1
E387,ermH,1
E387,truncated_putative_response_regulator_ArlR,325
E387,OXA-233,2
E387,SRT-1,2
E387,SRT-2,4
E387,bacterial_regulatory_protein_LuxR,26
E387,efmA,2
E387,ermT,3
E387,CMY-4,3
E387,ermX,12
E387,CMY-7,3
E387,tetB(48),1
E387,vanYA,5
E387,cmeB,177
E387,Staphylococcus_mupA_conferring_resistance_to_mupirocin,36
E387,floR,45
E387,srmB,60
E387,cystathionine_beta-lyase_patB,50
E387,major_facilitator_superfamily_transporter,76
E387,tet40,3
E387,tet41,6
E387,tet43,1
E387,golS,8
E387,tet44,13
E387,MCR-1,13
E387,MCR-2,6
E387,MCR-3,7
E387,MCR-4,7
E387,MCR-5,7
E387,tolC,3
E387,OXA-663,4
E387,CTX-M-43,1
E387,CTX-M-84,2
E387,CTX-M-44,1
E387,class_A,27
E387,LlmA_23S_ribosomal_RNA_methyltransferase,1
E387,PBP-2X,79
E387,tlcC,62
E387,class_C,70
E387,CTX-M-121,2
E387,CTX-M-48,4
E387,CTX-M-122,4
E387,APH(3')-Ia,2
E387,CTX-M-124,1
E387,CTX-M-125,2
E387,linG,2
E387,mdfA,64
E387,CMY-118,6
E387,cmlA1,9
E387,oprA,13
E387,OXA-74,2
E387,oprC,9
E387,ANT(6)-Ia,1
E387,cmlA4,9
E387,cmlA5,9
E387,cmlA6,9
E387,oprJ,71
E387,smeB,24
E387,smeC,5
E387,oprM,140
E387,smeE,13
E387,oprN,104
E387,smeF,48
E387,two-component_system_response_regulator_EvgA,5
E387,baeR,53
E387,dfrA12,131
E387,baeS,52
E387,dfrA13,10
E387,dfrA14,22
E387,dfrA15,11
E387,dfrA16,1
E387,dfrA17,3
E387,CRP,5
E387,smeR,48
E387,smeS,47
E387,FOX,6
E387,QepA1,6
E387,QepA2,6
E387,mexA,21
E387,mexB,66
E387,mexC,8
E387,mepA,166
E387,mexD,242
E387,mexE,192
E387,erm(38),3
E387,mexF,509
E387,mexG,1
E387,thiostrepton_resistance_methylase_tsnR,1
E387,mexH,48
E387,mexI,45
E387,AxyY,1
E387,abcA,1
E387,mexM,1
E387,mexN,16
E387,tetB(60),17
E387,mexQ,11
E387,dfrA1,36
E387,dfrA3,13
E387,mexT,18
E387,dfrA5,9
E387,mexW,271
E387,mexX,21
E387,dfrA8,6
E387,mexY,8
E387,PmrF,16
E387,PDC,2
E387,cfrC,9
E387,oqxA,2
E387,oqxB,14
E387,ICR-Mc,7
E387,MOX,11
E387,dfrC,9
E387,dfrD,12
E387,TRU-1,1
E387,dfrE,6
E387,dfrF,4
E387,dfrG,11
E387,CMY-21,3
E387,CMY-63,3
E387,arnA,408
E387,CMY-64,3
E387,dfrK,11
E387,CMY-27,3
E387,ACT,27
E387,CMY-28,3
E387,RbpA,2
E387,CMY-29,6
E387,OXA-240,4
E387,OXA-246,4
E387,tetA,214
E387,tetB,28
E387,tetC,9
E387,efrA,34
E387,efrB,15
E387,tetE,1
E387,lsa,522
E387,tetL,11
E387,tetM,193
E387,tetO,139
E387,tetP,127
E387,tetQ,109
E387,MuxA,2
E387,tetR,28
E387,MuxB,11
E387,tetS,27
E387,MuxC,24
E387,tetT,72
E387,tetV,14
E387,tetW,533
E387,tetX,2
E387,Bacillus_subtilis_mprF,1
E387,cmrA,5
E387,bicyclomycin-multidrug_efflux_protein_bcr,236
E387,tetZ,1
E387,qepA,24
E387,tet(40),1
E387,vanRI,56
E387,Streptococcus_agalactiae_mprF,1
E387,carA,78
E387,carO,1
E387,myrA,4
E387,Lactobacillus,1
E387,hmrM,5
E387,BEL,3
E387,lrfA,4
E387,Bacillus_Cluster_B_intrinsic_mph,1
E387,APH(3')-IIa,2
E387,cAMP-regulatory_protein,90
E387,CTX-M-92,1
E387,emrA,169
E387,amrB,19
E387,emrB,259
E387,CTX-M-14,2
E387,CTX-M-56,1
E387,emrD,77
E387,CTX-M-130,2
E387,emrE,49
E387,CTX-M-131,1
E387,CTX-M-17,2
E387,OXA-368,2
E387,emrK,16
E387,tcmA,65
E387,mdsA,1
E387,mdsB,11
E387,mdsC,6
E387,emrY,8
E387,mel,36
E387,hp1181,2
E387,aad(6),1
E387,Pseudomonas_aeruginosa_emrE,3
E387,chrB,4
E387,tetA(48),87
E387,LRA,2
E387,farA,1
E387,farB,3
E387,OCH,2
E387,AQU-1,2
E387,MdtK,3
E387,dfrA20,4
E387,opcM,90
E387,dfrA21,13
E387,dfrA22,13
E387,MCR-1.2,13
E387,MCR-1.3,7
E387,MCR-1.4,7
E387,dfrA24,1
E387,YojI,13
E387,MCR-1.5,7
E387,dfrA25,5
E387,MCR-1.6,7
E387,MCR-1.7,7
E387,MCR-1.8,7
E387,MCR-1.9,7
E387,dfrA29,5
E387,mtrA,85
E387,mtrD,3
E387,mtrE,75
E387,pmrA,1
E387,lmrA,9
E387,lmrB,24
E387,Erm(44),1
E387,lmrC,44
E387,lmrD,40
E387,NmcR,8
E387,LCR-1,1
E387,lmrP,3
E387,CTX-M,22
E387,erm(39),1
E387,erm(31),1
E387,blaI,2
E387,bcrA,3006
E387,bcrC,2
E387,tet(K),6
E387,dfrB1,6
E387,dfrB2,2
E387,dfrB3,1
E387,multidrug_ABC_transporter,3328
E387,dfrA2d,1
E387,dfrB6,1
E387,BUT-1,1
E387,PvrR,26
E387,cipA,2
E387,otrA,21
E387,otrC,26
E387,arr-4,6
E387,arr-5,6
E387,Clostridium_perfringens_mprF,1
E387,arr-7,6
E387,arr-8,6
E387,marR,149
E387,aph(6)-I,31
E387,aph(3')-I,28
E387,vanA,56
E387,vanB,117
E387,vanC,49
E387,vanD,185
E387,vanE,14
E387,vanG,24
E387,vanH,276
E387,vanI,11
E387,aph(3')-V,3
E387,vanL,3
E387,CMY-77,3
E387,vanM,2
E387,vanN,10
E387,CMY-38,3
E387,optrA,66
E387,OXA-251,4
E387,vanR,1621
E387,vanS,536
E387,vanT,45
E387,vanU,1
E387,OXA-256,4
E387,ugd,10
E387,vanX,2
E387,SMB-1,1
E387,vanY,90
E387,acrA,95
E387,acrB,380
E387,tet(W/N/W),13
E387,acrD,6
E387,acrF,1
E387,norA,25
E387,norB,12
E387,cpxA,19
E387,tetB(46),19
E387,sul1,30
E387,sul2,249
E387,sul3,19
E387,sul4,15
E387,ykkC,47
E387,ykkD,30
E387,MCR-1.10,7
E387,MCR-1.11,7
E387,MCR-1.12,7
E387,MCR-1.13,7
E387,kasugamycin_resistance_protein_ksgA,331
E387,rpoB2,34
E387,tetA(60),15
E387,cob(I)alamin_adenolsyltransferase,126
E387,cat_chloramphenicol_acetyltransferase,20
E387,rifampin_monooxygenase,63
E387,oleB,71
E387,oleC,59
E387,antibiotic_resistance_rRNA_adenine_methyltransferase,7
E387,eptA,7
E387,tcr3,4
E387,mphA,12
E387,mphC,3
E387,mphD,2
E387,CTX-M-24,2
E387,mphE,1
E387,CTX-M-67,4
E387,mphG,2
E387,CTX-M-141,1
E387,Burkholderia_pseudomallei_Omp38,8
E387,mphI,1
E387,CTX-M-102,2
E387,CTX-M-105,2
E387,LpeB,8
E387,Rm3,1
E387,mdtA,117
E387,mdtB,649
E387,mdtC,516
E387,mdtD,170
E387,mdtE,17
E387,mdtF,19
E387,Escherichia_coli_LamB,2
E387,mdtG,53
E387,mdtH,11
E387,Salmonella,9
E387,mdtK,176
E387,mdtL,4
E387,mdtN,25
E387,mdtP,36
E389,CTX-M-50,2
E389,CTX-M-38,2
E389,bcr-1,3
E389,dfrB6,2
E389,dfrA29,1
E389,tlcC,5
E389,CTX-M-126,2
E389,Staphylococcus,2
E389,emrA,58
E389,mdtA,50
E389,emrB,26
E389,mdtB,1
E389,mdtC,93
E389,emrD,46
E389,mdtD,34
E389,mdtE,2
E389,patA,1
E389,CTX-M-147,2
E389,CTX-M-160,2
E389,EmrB-QacA_family_major_facilitator_transporter,1
E389,mdtF,16
E389,cmlA,6
E389,patB,1
E389,cmlA1,3
E389,poxtA,4
E389,cmlA4,3
E389,tet41,3
E389,cmlA5,3
E389,emrK,29
E389,cmlA6,3
E389,mel,4
E389,tet44,1
E389,bcrA,58
E389,mdtP,22
E389,PBP-1A,24
E389,kasugamycin_resistance_protein_ksgA,50
E389,PBP-1B,4
E389,cat_chloramphenicol_acetyltransferase,8
E389,vanB,1
E389,lsa,31
E389,lmrC,1
E389,vanG,5
E389,vanH,14
E389,vanL,1
E389,ADC-12,1
E389,floR,46
E389,tcmA,4
E389,ADC-15,1
E389,msrA,18
E389,vanR,1
E389,msrC,8
E389,ADC-18,1
E389,msrE,1
E389,dfrA2d,2
E389,KLUY-2,1
E389,vatB,4
E389,vatC,1
E389,KLUY-3,1
E389,KLUY-4,1
E389,acrB,19
E389,cmeA,2
E389,smeC,1
E389,mexD,25
E389,cmeB,97
E389,acrF,2
E389,smeF,4
E389,mexF,64
E389,dfrA1,3
E389,tolC,1
E389,FONA-6,1
E389,tetA,56
E389,salA,2
E389,dfrA3,4
E389,tetC,3
E389,truncated_putative_response_regulator_ArlR,1
E389,TolC,50
E389,CTX-M-112,2
E389,major_facilitator_superfamily_transporter,6
E389,OprA,3
E389,CTX-M-113,2
E389,mexN,1
E389,tetJ,3
E389,CTX-M-47,2
E389,efrA,2
E389,CTX-M-48,2
E389,CTX-M,19
E389,CTX-M-49,2
E389,tetM,5
E389,Staphylococcus_mupA_conferring_resistance_to_mupirocin,4
E389,TriB,1
E389,oprM,12
E389,tetO,3
E389,TriC,2
E389,mdsC,1
E389,oprN,17
E389,tetP,7
E389,ErmB,2
E389,tetQ,2
E389,mexW,17
E389,macB,197
E389,tetT,2
E389,arnA,22
E389,clbA,1
E389,marR,1
E389,clbB,2
E389,tetW,29
E389,tet32,3
E389,tetA(48),6
E389,CTX-M-86,1
E389,clbC,2
E389,carA,1
E389,multidrug_ABC_transporter,176
E389,tetZ,1
E389,dfrC,1
E389,tet36,1
E389,vgaA,3
E389,dfrE,1
E389,vgaB,1
E389,dfrF,1
E389,tet39,2
E389,dfrG,1
E389,vgaD,2
E389,TaeA,4
E389,OprZ,1
E389,mdfA,53
E389,vgaE,3
E389,pmrA,24
E389,catB,39
E389,tet(33),1
E389,chloramphenicol_and_florfenicol_resistance,2
E389,antibiotic_resistance_rRNA_adenine_methyltransferase,1
E389,oleB,2
E389,oleC,5
E389,cfrC,2
E389,adeC,3
E389,adeF,1
E389,ADC-20,1
E389,penA,89
E389,ADC-22,1
E389,Salmonella,3
E389,ADC-23,1
E389,adeK,1
E389,tet(W/N/W),1
E389,PvrR,1
E389,opmE,1
E389,rpoB2,5
E389,rphA,1
E389,ADC-42,1
E389,rphB,1
E389,msbA,5
E389,ADC-44,1
E389,bicyclomycin-multidrug_efflux_protein_bcr,5
E389,catB3,4
E389,CTX-M-14,2
E389,FosA5,1
E389,fosA,22
E389,FosA6,1
E389,optrA,5
E389,LpeB,3
E389,dfrA20,1
E389,cystathionine_beta-lyase_patB,12
E389,CTX-M-19,2
E389,FosA,1
E389,MuxB,1
E389,chloramphenicol_exporter,5
E389,dfrB1,6
E389,dfrB2,4
E389,catB10,2
E389,class_A,2
E389,dfrA25,2
E389,dfrB3,2
E393,aph(3'')-I,4
E393,OXA,227
E393,CMY-132,3
E393,chloramphenicol_and_florfenicol_resistance,17
E393,CMY-133,6
E393,OXA-10,10
E393,OXA-11,9
E393,bacA,700
E393,OXA-14,10
E393,chloramphenicol_exporter,141
E393,OXA-16,10
E393,OXA-17,7
E393,AER-1,1
E393,OXY,13
E393,basS,36
E393,mycinamicin-resistance_protein_myrB,2
E393,kdpE,39
E393,lsaA,1
E393,lsaC,15
E393,TEM-171,3
E393,lsaE,26
E393,ADP-ribosylating_transferase_arr,5
E393,OXA-454,10
E393,OXA-142,7
E393,OpmB,8
E393,OpmD,3
E393,tlrB_conferring_tylosin_resistance,5
E393,OpmH,2
E393,mefA,205
E393,erm(36),3
E393,mefC,3
E393,catA8,1
E393,tet(L),6
E393,puromycin_resistance_protein,2
E393,abeM,8
E393,catII,1
E393,clbA,10
E393,clbB,17
E393,clbC,16
E393,abeS,12
E393,SHV-134,5
E393,SHV-135,5
E393,TEM-90,3
E393,SHV-137,5
E393,qacA,4
E393,macA,506
E393,macB,7808
E393,qacB,11
E393,rphA,11
E393,rphB,18
E393,TEM-17,1
E393,transcriptional_regulatory_protein_CpxR_cpxR,568
E393,qacG,51
E393,blt,1
E393,qacH,13
E393,Vibrio_cholerae_varG,1
E393,vgaA,232
E393,vgaB,56
E393,vgaD,46
E393,vgaE,46
E393,viomycin_phosphotransferase,6
E393,CMY-40,1
E393,CMY-42,6
E393,lnuB,9
E393,lnuC,2
E393,CMY-46,12
E393,lnuD,2
E393,EmrB-QacA_family_major_facilitator_transporter,95
E393,TEM-215,3
E393,lnuF,3
E393,lnuG,3
E393,TEM-217,6
E393,AAC(3)-Ib/AAC(6')-Ib'',4
E393,OXA-224,2
E393,bpeE,2
E393,bpeF,38
E393,penA,916
E393,arlS,35
E393,efpA,2
E393,plasmid-encoded,1
E393,Listeria_monocytogenes_mprF,3
E393,ADC-12,3
E393,VatI,2
E393,ADC-13,2
E393,ADC-14,1
E393,ADC-56,1
E393,cmlA,12
E393,ADC-15,1
E393,vanHB,25
E393,ErmB,4
E393,ADC-16,2
E393,ErmC,1
E393,vanTG,25
E393,ADC-17,3
E393,tet(42),1
E393,ADC-19,3
E393,vanTrL,11
E393,TEM,45
E393,cdeA,11
E393,BIL-1,9
E393,catA,2
E393,catB,95
E393,ErmT,3
E393,catD,1
E393,ErmX,2
E393,catI,1
E393,dfrA15b,8
E393,catP,1
E393,catQ,1
E393,PBP-1A,456
E393,PBP-1B,136
E393,tet32,68
E393,catV,1
E393,tet34,18
E393,tet35,5
E393,SHV-92,5
E393,tet36,28
E393,SHV-52,5
E393,tet37,2
E393,tet39,1
E393,msrA,436
E393,IBC-2,1
E393,msrC,275
E393,msbA,79
E393,msrE,30
E393,CTX-M-31,1
E393,Erm(30),2
E393,CTX-M-74,1
E393,CTX-M-33,3
E393,CTX-M-75,1
E393,CTX-M-76,1
E393,CTX-M-35,1
E393,ampC,10
E393,CTX-M-77,1
E393,Escherichia_coli_mdfA,1
E393,CTX-M-110,2
E393,CTX-M-38,2
E393,evgS,99
E393,CTX-M-113,2
E393,CTX-M-114,3
E393,RTG-4,2
E393,RTG-5,1
E393,adeA,8
E393,adeB,203
E393,adeC,47
E393,aadA,21
E393,adeF,5
E393,adeH,5
E393,adeI,5
E393,adeJ,18
E393,aadE,1
E393,adeK,11
E393,aac(3)-I,42
E393,adeL,32
E393,fmtC,44
E393,TriA,5
E393,adeN,2
E393,ACC-5,1
E393,TriC,14
E393,aadK,25
E393,adeR,41
E393,adeS,36
E393,TolC,228
E393,vanXYL,3
E393,erm(TR),1
E393,tetA(46),42
E393,catB10,5
E393,CMY-108,12
E393,ceoB,29
E393,RlmA(II),5
E393,rosA,60
E393,rosB,558
E393,aph(3')-IIb,9
E393,Staphylococcys,9
E393,ADC-1,1
E393,opmD,6
E393,Staphylococcus,4
E393,opmE,2
E393,ADC-2,3
E393,ADC-3,3
E393,ADC-4,1
E393,ADC-5,3
E393,ADC-6,1
E393,ADC-7,2
E393,ompF,156
E393,ADC-8,1
E393,sdiA,25
E393,ompR,1165
E393,salA,49
E393,GES-1,1
E393,GES-2,1
E393,APH(6)-Id,1
E393,GES-3,1
E393,TEM-183,3
E393,CMX,32
E393,GES-4,1
E393,Erm(42),1
E393,Acinetobacter_baumannii_ampC_beta-lactamase,2
E393,GES-5,1
E393,GES-6,1
E393,GES-7,1
E393,TEM-105,3
E393,KLUY-2,1
E393,GES-8,1
E393,TEM-106,3
E393,GES-9,1
E393,TEM-148,3
E393,OprA,19
E393,Brucella_suis_mprF,2
E393,bcr-1,12
E393,mef(B),6
E393,sdeY,1
E393,DNA-binding_transcriptional_regulator_gadX,24
E393,gadW,1
E393,gadX,3
E393,patA,68
E393,catB3,7
E393,patB,14
E393,mecA,174
E393,mecB,8
E393,mecC,6
E393,mecD,5
E393,mecI,19
E393,aac(3)-Ib-aac(6')-Ib,2
E393,OprZ,8
E393,AAC(6')-Ie-APH(2'')-Ia,3
E393,poxtA,82
E393,SHV-140,5
E393,chloramphenicol_and_florfenicol_exporter,2
E393,SHV-108,5
E393,ANT(3'')-Ii-AAC(6')-IId,4
E393,APH(2'')-If,1
E393,bmr,1
E393,catIII,1
E393,SHV,5
E393,TaeA,82
E393,MexJ,5
E393,CTX-M-2,1
E393,MexK,15
E393,MexL,2
E393,CTX-M-5,2
E393,vatA,2
E393,MexS,3
E393,vatB,14
E393,vatC,2
E393,SPM-1,1
E393,MexV,2
E393,vatD,2
E393,GES-10,1
E393,vatE,8
E393,GES-11,1
E393,vatF,2
E393,GES-12,1
E393,vatG,2
E393,GES-13,1
E393,MexZ,1
E393,GES-14,1
E393,GES-15,1
E393,GES-16,1
E393,CMY-53,3
E393,ermA,13
E393,GES-17,1
E393,CMY-13,9
E393,ermB,9
E393,GES-18,1
E393,CMY-55,9
E393,ereA,10
E393,GES-19,1
E393,CMY-56,9
E393,ereB,2
E393,ermE,3
E393,CMY-99,3
E393,ermF,14
E393,ermG,8
E393,Mrx,2
E393,truncated_putative_response_regulator_ArlR,446
E393,OXA-233,7
E393,SRT-1,1
E393,SRT-2,2
E393,bacterial_regulatory_protein_LuxR,27
E393,efmA,3
E393,ermT,6
E393,CMY-2,3
E393,CMY-5,6
E393,ermX,24
E393,vanYA,4
E393,ADC-61,1
E393,ADC-20,3
E393,ADC-21,3
E393,ADC-22,2
E393,ADC-23,1
E393,ADC-25,3
E393,cmeB,159
E393,Staphylococcus_mupA_conferring_resistance_to_mupirocin,50
E393,floR,71
E393,srmB,71
E393,cystathionine_beta-lyase_patB,145
E393,major_facilitator_superfamily_transporter,63
E393,tet40,3
E393,tet41,2
E393,tet43,1
E393,golS,11
E393,tet44,24
E393,SHV-60,4
E393,MCR-1,28
E393,SHV-64,10
E393,MCR-2,14
E393,MCR-3,16
E393,MCR-4,14
E393,MCR-5,15
E393,tolC,2
E393,OXA-663,10
E393,APH(3')-IX,1
E393,CTX-M-43,1
E393,CTX-M-84,2
E393,class_A,38
E393,LlmA_23S_ribosomal_RNA_methyltransferase,6
E393,PBP-2X,101
E393,tlcC,75
E393,class_C,81
E393,CTX-M-48,2
E393,CTX-M-122,2
E393,APH(3')-Ia,2
E393,CTX-M-124,1
E393,CTX-M-125,2
E393,linG,3
E393,mdfA,127
E393,aac(6')-I,1
E393,tet(59),1
E393,CMY-118,16
E393,CMY-119,3
E393,cmlA1,13
E393,oprA,9
E393,OXA-33,2
E393,OXA-74,6
E393,oprC,15
E393,ANT(6)-Ia,1
E393,cmlA4,13
E393,cmlA5,13
E393,cmlA6,13
E393,AAC(6')-34,1
E393,oprJ,117
E393,smeB,9
E393,LEN,19
E393,smeC,13
E393,smeD,7
E393,oprM,242
E393,smeE,20
E393,oprN,89
E393,smeF,99
E393,two-component_system_response_regulator_EvgA,4
E393,baeR,87
E393,dfrA12,154
E393,baeS,72
E393,dfrA13,9
E393,dfrA14,37
E393,dfrA15,16
E393,dfrA16,4
E393,dfrA17,5
E393,TUS-1,1
E393,CRP,7
E393,smeR,78
E393,smeS,82
E393,TEM-150,3
E393,TEM-110,3
E393,Erm(47),2
E393,TEM-196,3
E393,TEM-156,1
E393,CfxA2,11
E393,QepA1,5
E393,CfxA3,1
E393,QepA2,5
E393,mexA,76
E393,mexB,119
E393,CfxA6,1
E393,mexC,55
E393,mepA,340
E393,mexD,157
E393,mexE,328
E393,erm(38),3
E393,mexF,480
E393,erm(34),2
E393,mexG,1
E393,aadA9,1
E393,mexH,50
E393,mexI,24
E393,abcA,1
E393,AxyY,6
E393,mexM,1
E393,mexN,11
E393,tetB(60),47
E393,mexQ,3
E393,dfrA1,60
E393,dfrA3,21
E393,mexT,124
E393,dfrA5,16
E393,VEB-1b,4
E393,mexW,174
E393,mexX,143
E393,dfrA8,11
E393,mexY,10
E393,AcrE,4
E393,AcrF,6
E393,PmrF,12
E393,SHV-157,5
E393,PDC,11
E393,cfrC,17
E393,TEM-33,3
E393,oqxA,3
E393,TEM-34,3
E393,oqxB,9
E393,AcrS,4
E393,ICR-Mc,15
E393,OKP-B,1
E393,MOX,4
E393,Moraxella_catarrhalis_M35,1
E393,ramA,2
E393,dfrC,19
E393,GES-20,1
E393,GES,22
E393,dfrD,14
E393,GES-21,1
E393,dfrE,12
E393,TRU-1,1
E393,GES-22,1
E393,dfrF,8
E393,GES-23,1
E393,dfrG,13
E393,GES-24,1
E393,CMY-61,1
E393,CMY-20,3
E393,CMY-21,7
E393,GES-26,1
E393,CMY-63,12
E393,arnA,584
E393,Escherichia_coli_mipA,1
E393,CMY-23,3
E393,CMY-64,6
E393,dfrK,14
E393,CMY-25,1
E393,ACT,3
E393,CMY-28,2
E393,RbpA,1
E393,CMY-29,9
E393,OXA-240,10
E393,OXA-246,9
E393,tetA,133
E393,tetB,42
E393,tetC,4
E393,efrA,55
E393,tetD,5
E393,tetE,4
E393,efrB,40
E393,tetG,5
E393,tetH,5
E393,lsa,704
E393,tetJ,4
E393,tetL,17
E393,tetM,398
E393,tetO,253
E393,tetP,193
E393,tetQ,180
E393,MuxA,3
E393,tetR,204
E393,MuxB,13
E393,tetS,44
E393,MuxC,21
E393,tetT,98
E393,ADC-31,1
E393,tetV,7
E393,tetW,707
E393,tetX,2
E393,Bacillus_subtilis_mprF,2
E393,ADC-75,3
E393,cmrA,16
E393,ADC-76,2
E393,aph(3'')-IV,2
E393,bicyclomycin-multidrug_efflux_protein_bcr,393
E393,ADC-77,3
E393,ADC-78,2
E393,ADC-79,3
E393,tet(40),1
E393,qepA,20
E393,ADC-39,2
E393,vanRI,99
E393,Serratia_marcescens_Omp1,8
E393,Klebsiella_pneumoniae_OmpK35,1
E393,Klebsiella_pneumoniae_OmpK36,7
E393,Klebsiella_pneumoniae_OmpK37,6
E393,Streptococcus_agalactiae_mprF,3
E393,CFE-1,2
E393,porin_OmpC,5
E393,carA,99
E393,DNA-binding_protein_H-NS,10
E393,carO,3
E393,myrA,6
E393,Lactobacillus,1
E393,hmrM,2
E393,lrfA,5
E393,Bacillus_Cluster_B_intrinsic_mph,2
E393,APH(3')-IIa,2
E393,cAMP-regulatory_protein,126
E393,mecR1,43
E393,CTX-M-92,1
E393,OXA-320,2
E393,emrA,336
E393,AAC(6')-Ib8,5
E393,amrB,101
E393,emrB,380
E393,CTX-M-14,2
E393,CTX-M-56,1
E393,emrD,94
E393,CTX-M-130,2
E393,emrE,199
E393,CTX-M-131,1
E393,CTX-M-17,2
E393,CTX-M-59,1
E393,OXA-368,6
E393,mgtA,1
E393,emrK,59
E393,tcmA,19
E393,mdsB,9
E393,mdsC,11
E393,emrR,1
E393,VEB-1,7
E393,VEB-2,4
E393,VEB-3,4
E393,VEB-4,4
E393,VEB-5,4
E393,emrY,3
E393,VEB-6,4
E393,VEB-7,6
E393,VEB-8,4
E393,VEB-9,2
E393,mel,49
E393,ANT(3'')-IIa,1
E393,ANT(3'')-IIb,1
E393,hp1181,6
E393,aad(6),1
E393,ANT(3'')-IIc,1
E393,Pseudomonas_aeruginosa_emrE,13
E393,chrB,6
E393,tetA(48),109
E393,LRA,3
E393,farA,5
E393,farB,5
E393,MdtK,4
E393,dfrA20,13
E393,opcM,122
E393,dfrA21,15
E393,dfrA22,17
E393,MCR-1.2,28
E393,MCR-1.3,14
E393,MCR-1.4,14
E393,dfrA24,2
E393,YojI,21
E393,MCR-1.5,14
E393,dfrA25,10
E393,MCR-1.6,14
E393,MCR-1.7,14
E393,MCR-1.8,14
E393,MCR-1.9,14
E393,dfrA29,8
E393,mtrA,115
E393,blaR1,8
E393,mtrC,3
E393,mtrD,10
E393,mtrE,241
E393,lmrA,2
E393,lmrB,82
E393,Erm(44),3
E393,lmrC,77
E393,lmrD,72
E393,NmcR,13
E393,LCR-1,1
E393,mtrR,64
E393,lmrP,2
E393,CTX-M,21
E393,erm(39),2
E393,erm(35),1
E393,erm(31),1
E393,blaI,5
E393,bcrA,4306
E393,bcrC,4
E393,tet(K),5
E393,multidrug_ABC_transporter,5282
E393,dfrA2d,2
E393,BUT-1,1
E393,PvrR,30
E393,cipA,3
E393,omp36,27
E393,marA,3
E393,otrA,24
E393,otrC,22
E393,arr-4,1
E393,arr-5,1
E393,Clostridium_perfringens_mprF,2
E393,arr-7,1
E393,arr-8,1
E393,PER,9
E393,Bacillus_Cluster_A_intrinsic_mph,2
E393,marR,223
E393,CARB,6
E393,aph(6)-I,33
E393,aph(3')-I,33
E393,vanA,110
E393,vanB,147
E393,vanC,73
E393,vanD,335
E393,vanE,17
E393,vanG,61
E393,vanH,585
E393,vanI,11
E393,aph(2'')-II,2
E393,CMY-35,3
E393,aph(3')-V,3
E393,vanL,8
E393,CMY-77,6
E393,CMY-36,3
E393,vanM,2
E393,CMY-37,6
E393,vanN,10
E393,TEM-206,3
E393,optrA,84
E393,OXA-251,9
E393,vanR,2880
E393,vanS,1184
E393,vanT,68
E393,vanU,7
E393,OXA-256,10
E393,vanW,21
E393,ugd,12
E393,vanX,25
E393,vanY,115
E393,OXA-1,2
E393,vanZ,13
E393,OXA-4,2
E393,acrA,249
E393,acrB,701
E393,tet(W/N/W),16
E393,acrD,4
E393,acrF,8
E393,norB,3
E393,cpxA,49
E393,ADC-80,3
E393,tetB(46),42
E393,sul1,65
E393,ADC-82,1
E393,ADC-41,3
E393,sul2,445
E393,ADC-42,2
E393,sul3,28
E393,ADC-43,3
E393,sul4,20
E393,ykkC,65
E393,ADC-44,2
E393,ykkD,50
E393,LAT-1,3
E393,MCR-1.10,14
E393,MCR-1.11,14
E393,vanWI,1
E393,MCR-1.12,14
E393,MCR-1.13,14
E393,vanKI,1
E393,kasugamycin_resistance_protein_ksgA,386
E393,rpoB2,44
E393,tetA(60),33
E393,cob(I)alamin_adenolsyltransferase,232
E393,cat_chloramphenicol_acetyltransferase,48
E393,TLA-1,3
E393,rifampin_monooxygenase,76
E393,bifunctional_aminoglycoside_N-acetyltransferase_and_aminoglycoside_phosphotransferase,2
E393,TLA-2,2
E393,TLA-3,3
E393,TEM-1,3
E393,oleB,72
E393,Enterococcus,1
E393,oleC,79
E393,antibiotic_resistance_rRNA_adenine_methyltransferase,13
E393,SHV-41,5
E393,eptA,17
E393,mphA,24
E393,tcr3,1
E393,mphB,3
E393,mphC,12
E393,mphD,4
E393,CTX-M-24,2
E393,mphE,1
E393,CTX-M-67,2
E393,mphG,4
E393,CTX-M-141,1
E393,Burkholderia_pseudomallei_Omp38,9
E393,mphI,3
E393,LpeB,16
E393,mdtA,310
E393,mdtB,593
E393,mdtC,666
E393,mdtD,301
E393,mdtE,73
E393,mdtF,50
E393,Escherichia_coli_LamB,1
E393,mdtG,51
E393,mdtH,36
E393,Salmonella,12
E393,CatU,1
E393,mdtK,411
E393,mdtL,38
E393,mdtM,49
E393,mdtN,157
E393,mdtO,25
E393,mdtP,81
E396,OXA,44
E396,chloramphenicol_and_florfenicol_resistance,7
E396,OXA-10,2
E396,OXA-11,1
E396,bacA,250
E396,OXA-14,1
E396,chloramphenicol_exporter,36
E396,OXA-16,2
E396,OXA-17,2
E396,OXY,3
E396,basS,19
E396,kdpE,14
E396,lsaC,7
E396,lsaE,7
E396,OXA-454,2
E396,OXA-140,2
E396,OXA-142,2
E396,OpmB,2
E396,tlrB_conferring_tylosin_resistance,1
E396,mefA,24
E396,mefC,1
E396,tet(L),4
E396,puromycin_resistance_protein,7
E396,abeM,3
E396,clbA,6
E396,clbB,5
E396,clbC,7
E396,abeS,3
E396,macA,55
E396,qacA,10
E396,macB,1874
E396,qacB,34
E396,rphA,4
E396,rphB,7
E396,transcriptional_regulatory_protein_CpxR_cpxR,187
E396,qacG,4
E396,qacH,3
E396,vgaA,85
E396,vgaB,23
E396,vgaD,15
E396,vgaE,19
E396,EmrB-QacA_family_major_facilitator_transporter,36
E396,rpsD_(ramA_or_sud2),1
E396,OXA-224,2
E396,bpeF,13
E396,penA,376
E396,arlS,7
E396,efpA,5
E396,mfpA,18
E396,KPC-16,3
E396,KPC-17,3
E396,otr(B),3
E396,Listeria_monocytogenes_mprF,1
E396,VatI,4
E396,vanHB,9
E396,cmlA,11
E396,ErmB,2
E396,vanTG,4
E396,tet(42),2
E396,vanTrL,4
E396,catB,79
E396,dfrA15b,3
E396,PBP-1A,195
E396,PBP-1B,39
E396,tet31,1
E396,tet32,20
E396,tet36,15
E396,tet39,7
E396,msrA,131
E396,msrC,98
E396,msbA,16
E396,msrE,17
E396,CTX-M-31,2
E396,CTX-M-75,2
E396,CTX-M-76,1
E396,ampC,2
E396,CTX-M-77,2
E396,CTX-M-38,4
E396,CTX-M-111,2
E396,evgS,46
E396,CTX-M-113,2
E396,CTX-M-115,2
E396,adeB,50
E396,adeC,27
E396,adeF,1
E396,adeH,3
E396,adeI,2
E396,adeJ,12
E396,adeK,7
E396,adeL,4
E396,fmtC,22
E396,adeN,2
E396,TriB,1
E396,TriC,8
E396,adeR,21
E396,adeS,12
E396,TolC,185
E396,tetA(46),6
E396,catB10,3
E396,ceoB,9
E396,RlmA(II),1
E396,rosA,10
E396,rosB,233
E396,Staphylococcys,1
E396,Staphylococcus,1
E396,opmE,1
E396,ompR,354
E396,salA,20
E396,CMX,3
E396,OprA,11
E396,Brucella_suis_mprF,1
E396,bcr-1,3
E396,patA,28
E396,catB3,5
E396,patB,2
E396,mecA,25
E396,mecB,1
E396,mecC,2
E396,mecD,3
E396,mecI,26
E396,OprZ,6
E396,AAC(6')-Ie-APH(2'')-Ia,3
E396,poxtA,30
E396,chloramphenicol_and_florfenicol_exporter,3
E396,TaeA,32
E396,MexJ,3
E396,CTX-M-2,2
E396,MexK,8
E396,MexL,3
E396,CTX-M-5,1
E396,CTX-M-9,2
E396,MexS,3
E396,vatA,2
E396,vatB,20
E396,vatC,5
E396,MexV,2
E396,vatD,2
E396,vatE,20
E396,vatF,4
E396,vatG,5
E396,ermA,1
E396,ermB,1
E396,ermC,1
E396,ereA,10
E396,ereB,2
E396,truncated_putative_response_regulator_ArlR,118
E396,OXA-233,1
E396,SRT-1,1
E396,SRT-2,2
E396,bacterial_regulatory_protein_LuxR,9
E396,KPC-22,3
E396,FONA-6,1
E396,cmeA,2
E396,cmeB,268
E396,cmeC,1
E396,Staphylococcus_mupA_conferring_resistance_to_mupirocin,19
E396,floR,126
E396,srmB,18
E396,cystathionine_beta-lyase_patB,36
E396,major_facilitator_superfamily_transporter,36
E396,tet41,7
E396,tet43,2
E396,golS,2
E396,tet44,9
E396,MCR-1,6
E396,MCR-2,3
E396,MCR-3,3
E396,MCR-4,3
E396,MCR-5,3
E396,tolC,3
E396,OXA-663,1
E396,CTX-M-43,2
E396,OXA-392,4
E396,CTX-M-84,2
E396,CTX-M-44,2
E396,class_A,79
E396,LlmA_23S_ribosomal_RNA_methyltransferase,1
E396,CTX-M-160,4
E396,tlcC,20
E396,class_C,23
E396,CTX-M-48,1
E396,CTX-M-121,6
E396,CTX-M-122,4
E396,CTX-M-124,2
E396,CTX-M-125,2
E396,CTX-M-126,2
E396,CTX-M-129,2
E396,mdfA,137
E396,aac(6')-I,2
E396,OXA-31,2
E396,oprA,4
E396,cmlA1,8
E396,OXA-33,2
E396,OXA-74,1
E396,oprC,4
E396,cmlA4,8
E396,cmlA5,8
E396,cmlA6,8
E396,AAC(6')-34,1
E396,oprJ,54
E396,smeB,5
E396,smeC,9
E396,smeD,3
E396,oprM,114
E396,smeE,13
E396,oprN,142
E396,smeF,32
E396,baeR,23
E396,dfrA12,53
E396,baeS,29
E396,dfrA13,2
E396,dfrA14,4
E396,dfrA15,3
E396,dfrA17,1
E396,CRP,1
E396,smeR,23
E396,smeS,22
E396,QepA1,7
E396,QepA2,7
E396,mexA,6
E396,mexB,37
E396,mexC,23
E396,KPC-4,3
E396,mexD,73
E396,mexE,106
E396,KPC-6,3
E396,mexF,306
E396,KPC-8,2
E396,mexH,6
E396,mexI,16
E396,AxyX,1
E396,AxyY,1
E396,abcA,1
E396,mexN,1
E396,tetB(60),5
E396,mexQ,2
E396,dfrA1,21
E396,dfrA3,7
E396,mexT,29
E396,dfrA5,4
E396,mexW,109
E396,mexX,26
E396,dfrA8,2
E396,mexY,3
E396,AcrF,1
E396,PmrF,4
E396,cfrC,7
E396,oqxB,3
E396,ICR-Mc,3
E396,Moraxella_catarrhalis_M35,1
E396,dfrC,3
E396,dfrD,3
E396,dfrE,1
E396,dfrF,2
E396,dfrG,5
E396,arnA,250
E396,dfrK,4
E396,RbpA,1
E396,OXA-240,1
E396,OXA-246,2
E396,tetA,166
E396,tetB,14
E396,tetC,6
E396,efrA,5
E396,efrB,5
E396,tetH,11
E396,lsa,216
E396,tetM,210
E396,tetO,45
E396,tetP,59
E396,tetQ,55
E396,MuxA,1
E396,tetR,51
E396,MuxB,4
E396,tetS,9
E396,MuxC,5
E396,tetT,40
E396,tetV,10
E396,tetW,200
E396,tetX,9
E396,cmrA,3
E396,tetY,2
E396,bicyclomycin-multidrug_efflux_protein_bcr,147
E396,tetZ,1
E396,qepA,28
E396,vanRI,22
E396,KPC,5
E396,carA,23
E396,carO,2
E396,myrA,2
E396,lrfA,7
E396,cAMP-regulatory_protein,18
E396,mecR1,7
E396,CTX-M-90,4
E396,CTX-M-92,2
E396,CTX-M-51,2
E396,OXA-320,4
E396,emrA,222
E396,CTX-M-13,2
E396,CTX-M-95,1
E396,amrB,11
E396,emrB,274
E396,CTX-M-56,2
E396,emrD,69
E396,CTX-M-130,4
E396,CTX-M-98,4
E396,emrE,19
E396,CTX-M-99,2
E396,CTX-M-131,2
E396,CTX-M-59,2
E396,CTX-M-19,2
E396,OXA-368,1
E396,mgtA,1
E396,emrK,74
E396,tcmA,49
E396,mdsA,1
E396,mdsB,2
E396,mdsC,10
E396,emrY,1
E396,mel,17
E396,hp1181,2
E396,Pseudomonas_aeruginosa_emrE,2
E396,chrB,2
E396,tetA(48),28
E396,LRA,2
E396,farA,2
E396,OXA-47,4
E396,dfrA20,4
E396,opcM,37
E396,dfrA21,4
E396,dfrA22,5
E396,MCR-1.2,6
E396,MCR-1.3,3
E396,dfrA24,1
E396,YojI,3
E396,MCR-1.4,3
E396,MCR-1.5,3
E396,dfrA25,3
E396,MCR-1.6,3
E396,MCR-1.7,3
E396,MCR-1.8,3
E396,mtrA,37
E396,MCR-1.9,3
E396,dfrA29,2
E396,mtrD,1
E396,mtrE,81
E396,pmrA,40
E396,lmrA,6
E396,lmrB,1
E396,lmrC,5
E396,lmrD,10
E396,NmcR,2
E396,CTX-M,35
E396,blaI,1
E396,bcrA,834
E396,bcrC,2
E396,tap,1
E396,tet(K),2
E396,multidrug_ABC_transporter,898
E396,tet(33),1
E396,PvrR,9
E396,cipA,1
E396,otrA,6
E396,otrC,7
E396,Clostridium_perfringens_mprF,1
E396,Bacillus_Cluster_A_intrinsic_mph,1
E396,marR,99
E396,aph(6)-I,1
E396,aph(3')-I,2
E396,vanA,43
E396,vanB,35
E396,vanC,38
E396,vanD,113
E396,vanE,6
E396,vanG,21
E396,vanH,156
E396,vanI,8
E396,vanL,3
E396,vanM,1
E396,vanN,3
E396,optrA,30
E396,OXA-251,1
E396,vanR,491
E396,vanS,340
E396,vanT,20
E396,OXA-256,1
E396,ugd,7
E396,vanX,23
E396,vanY,1
E396,OXA-1,4
E396,OXA-4,4
E396,acrA,64
E396,acrB,144
E396,tet(W/N/W),6
E396,acrD,1
E396,acrF,1
E396,norA,2
E396,cpxA,12
E396,tetB(46),4
E396,sul1,27
E396,sul2,141
E396,sul3,3
E396,sul4,6
E396,ykkC,65
E396,ykkD,33
E396,MCR-1.10,3
E396,MCR-1.11,3
E396,MCR-1.12,3
E396,MCR-1.13,3
E396,kasugamycin_resistance_protein_ksgA,150
E396,rpoB2,13
E396,tetA(60),4
E396,cat_chloramphenicol_acetyltransferase,23
E396,rifampin_monooxygenase,48
E396,bifunctional_aminoglycoside_N-acetyltransferase_and_aminoglycoside_phosphotransferase,2
E396,oleB,22
E396,oleC,28
E396,antibiotic_resistance_rRNA_adenine_methyltransferase,7
E396,oleI,1
E396,aac(6')-II,2
E396,eptA,3
E396,CTX-M-20,1
E396,tcr3,5
E396,mphA,6
E396,mphC,3
E396,mphD,2
E396,CTX-M-65,2
E396,CTX-M-24,3
E396,CTX-M-67,4
E396,mphG,1
E396,CTX-M-27,2
E396,CTX-M-141,2
E396,mphI,1
E396,CTX-M-102,4
E396,CTX-M-104,2
E396,CTX-M-105,6
E396,LpeB,6
E396,CTX-M-148,2
E396,mdtA,109
E396,mdtB,219
E396,mdtC,106
E396,mdtD,107
E396,mdtE,11
E396,mdtF,19
E396,mdtG,14
E396,mdtH,2
E396,Salmonella,8
E396,mdtK,73
E396,mdtN,53
E396,mdtP,20
E399,aph(3'')-I,4
E399,OXA,249
E399,CMY-132,3
E399,chloramphenicol_and_florfenicol_resistance,19
E399,CMY-133,9
E399,OXA-10,9
E399,OXA-11,9
E399,bacA,739
E399,OXA-14,9
E399,chloramphenicol_exporter,95
E399,OXA-16,9
E399,OXA-17,8
E399,AER-1,1
E399,basS,42
E399,kdpE,66
E399,lsaC,21
E399,lsaE,30
E399,ADP-ribosylating_transferase_arr,5
E399,OXA-454,9
E399,OXA-142,8
E399,OpmB,5
E399,OpmD,3
E399,tlrB_conferring_tylosin_resistance,9
E399,OpmH,7
E399,mefA,109
E399,mefC,2
E399,tet(L),6
E399,puromycin_resistance_protein,3
E399,abeM,16
E399,clbA,16
E399,clbB,19
E399,clbC,21
E399,abeS,15
E399,TEM-92,3
E399,TEM-93,1
E399,TEM-52,3
E399,TEM-94,3
E399,macA,683
E399,qacA,4
E399,macB,8045
E399,qacB,14
E399,rphA,15
E399,rphB,27
E399,transcriptional_regulatory_protein_CpxR_cpxR,688
E399,qacG,52
E399,qacH,16
E399,vgaA,277
E399,vgaB,59
E399,vgaD,46
E399,vgaE,45
E399,lnuB,3
E399,CMY-46,3
E399,EmrB-QacA_family_major_facilitator_transporter,54
E399,lnuF,1
E399,lnuG,1
E399,AAC(3)-Ib/AAC(6')-Ib'',2
E399,OXA-224,2
E399,bpeF,27
E399,penA,992
E399,arlS,23
E399,efpA,4
E399,plasmid-encoded,1
E399,fosB,4
E399,otr(B),1
E399,ADC-12,3
E399,ADC-13,3
E399,VatI,6
E399,ADC-14,2
E399,vanHB,18
E399,cmlA,20
E399,ErmB,6
E399,ADC-16,3
E399,ErmC,1
E399,ADC-17,3
E399,vanTG,26
E399,ADC-18,2
E399,vanXI,1
E399,ADC-19,3
E399,vanTrL,18
E399,TEM,2
E399,fosX,21
E399,cdeA,2
E399,catA,8
E399,catB,196
E399,ErmT,1
E399,catD,2
E399,catI,1
E399,dfrA15b,9
E399,PBP-1A,481
E399,PBP-1B,155
E399,catS,1
E399,tet32,87
E399,tet34,9
E399,tet36,35
E399,tet37,1
E399,tet39,3
E399,msrA,407
E399,msrC,302
E399,msbA,68
E399,msrE,29
E399,ampC,1
E399,CTX-M-110,2
E399,CTX-M-111,2
E399,CTX-M-38,2
E399,evgS,107
E399,CTX-M-113,2
E399,RTG-4,2
E399,RTG-5,1
E399,adeB,182
E399,adeC,70
E399,adeF,4
E399,aadA,67
E399,adeH,10
E399,adeI,11
E399,adeJ,39
E399,adeK,16
E399,adeL,21
E399,aac(3)-I,23
E399,TriA,6
E399,adeN,5
E399,TriC,19
E399,adeR,63
E399,adeS,34
E399,TolC,397
E399,vanXYL,1
E399,tetA(46),30
E399,catB10,10
E399,CMY-108,6
E399,ceoB,21
E399,RlmA(II),7
E399,rosA,80
E399,rosB,466
E399,aph(3')-IIb,4
E399,Staphylococcys,7
E399,opmD,4
E399,Staphylococcus,2
E399,ADC-2,3
E399,opmE,1
E399,ADC-3,2
E399,APH(3')-VIa,2
E399,ADC-5,3
E399,ADC-7,3
E399,ompR,1234
E399,salA,52
E399,APH(6)-Id,1
E399,Acinetobacter_baumannii_ampC_beta-lactamase,3
E399,KLUY-2,1
E399,OprA,15
E399,aadA25,1
E399,Brucella_suis_mprF,1
E399,bcr-1,8
E399,mef(B),3
E399,patA,68
E399,catB3,12
E399,patB,7
E399,mecA,240
E399,mecB,6
E399,mecC,4
E399,mecD,6
E399,mecI,1
E399,aac(3)-Ib-aac(6')-Ib,1
E399,OprZ,9
E399,poxtA,87
E399,chloramphenicol_and_florfenicol_exporter,2
E399,TEM-20,3
E399,TEM-21,3
E399,ANT(3'')-Ii-AAC(6')-IId,12
E399,catIII,1
E399,TaeA,92
E399,MexJ,12
E399,MexK,20
E399,MexL,8
E399,CTX-M-5,1
E399,MexS,5
E399,vatA,2
E399,vatB,22
E399,vatC,5
E399,MexV,4
E399,vatD,2
E399,vatE,12
E399,vatF,3
E399,vatG,5
E399,MexZ,1
E399,CMY-53,1
E399,ermA,4
E399,CMY-13,3
E399,ermB,11
E399,CMY-55,6
E399,ereA,10
E399,ermC,11
E399,CMY-56,3
E399,ereB,2
E399,ermE,2
E399,CMY-99,1
E399,CMY-17,3
E399,ermG,1
E399,truncated_putative_response_regulator_ArlR,529
E399,OXA-233,8
E399,SRT-1,1
E399,SRT-2,2
E399,bacterial_regulatory_protein_LuxR,29
E399,efmA,1
E399,ermT,3
E399,CMY-2,3
E399,CMY-5,9
E399,CMY-7,3
E399,vanYA,1
E399,ADC-20,3
E399,ADC-21,3
E399,ADC-22,3
E399,ADC-23,2
E399,ADC-25,3
E399,cmeB,338
E399,cmeC,1
E399,Staphylococcus_mupA_conferring_resistance_to_mupirocin,46
E399,floR,103
E399,srmB,75
E399,cystathionine_beta-lyase_patB,72
E399,major_facilitator_superfamily_transporter,53
E399,tet41,3
E399,golS,7
E399,tet44,29
E399,MCR-1,40
E399,MCR-2,20
E399,MCR-3,21
E399,MCR-4,22
E399,MCR-5,20
E399,tolC,3
E399,OXA-663,9
E399,APH(3')-IX,2
E399,aph(3''')-III,5
E399,CTX-M-84,2
E399,class_A,27
E399,CTX-M-160,2
E399,PBP-2X,95
E399,tlcC,78
E399,class_C,66
E399,CTX-M-121,2
E399,CTX-M-48,2
E399,CTX-M-122,4
E399,APH(3')-Ia,1
E399,CTX-M-125,2
E399,linG,1
E399,mdfA,237
E399,CMY-118,7
E399,OXA-31,2
E399,cmlA1,20
E399,oprA,16
E399,OXA-33,2
E399,OXA-74,7
E399,oprC,11
E399,cmlA4,20
E399,cmlA5,20
E399,cmlA6,20
E399,oprJ,130
E399,smeB,26
E399,smeC,14
E399,smeD,8
E399,oprM,277
E399,smeE,28
E399,oprN,141
E399,smeF,131
E399,two-component_system_response_regulator_EvgA,6
E399,baeR,82
E399,dfrA12,164
E399,baeS,83
E399,dfrA13,10
E399,dfrA14,39
E399,dfrA15,16
E399,dfrA17,5
E399,CRP,7
E399,TUS-1,2
E399,smeR,79
E399,smeS,63
E399,FOX,2
E399,TEM-112,3
E399,TEM-113,3
E399,ant(3'')-Ih-aac(6')-IId,3
E399,CfxA2,11
E399,QepA1,6
E399,CfxA3,1
E399,QepA2,6
E399,mexA,41
E399,mexB,117
E399,mexC,23
E399,mepA,139
E399,mexD,345
E399,mexE,209
E399,mexF,409
E399,aadA9,1
E399,mexH,37
E399,mexI,39
E399,AxyY,7
E399,mexN,11
E399,tetB(60),21
E399,mexQ,4
E399,dfrA1,42
E399,dfrA3,20
E399,mexT,140
E399,dfrA5,19
E399,mexW,274
E399,VEB-1b,4
E399,mexX,70
E399,dfrA8,10
E399,mexY,7
E399,AcrE,3
E399,AcrF,5
E399,PmrF,17
E399,TEM-72,3
E399,cfrC,20
E399,oqxA,1
E399,oqxB,5
E399,AcrS,2
E399,ICR-Mc,20
E399,Moraxella_catarrhalis_M35,5
E399,dfrC,14
E399,dfrD,14
E399,dfrE,7
E399,dfrF,7
E399,APH(3')-IIIa,1
E399,dfrG,16
E399,CMY-20,3
E399,CMY-61,1
E399,CMY-21,6
E399,CMY-63,6
E399,arnA,630
E399,Escherichia_coli_mipA,1
E399,CMY-64,3
E399,dfrK,17
E399,CMY-28,3
E399,CMY-29,9
E399,OXA-240,9
E399,SME-2,1
E399,SME-3,1
E399,OXA-246,9
E399,tetA,198
E399,tetB,7
E399,tetC,6
E399,efrA,32
E399,efrB,23
E399,lsa,680
E399,tetM,502
E399,tetO,136
E399,tetP,148
E399,tetQ,150
E399,MuxA,3
E399,tetR,195
E399,MuxB,16
E399,tetS,42
E399,MuxC,26
E399,tetT,106
E399,tetV,7
E399,tetW,731
E399,ADC-75,3
E399,tetX,33
E399,cmrA,10
E399,ADC-76,1
E399,ADC-77,3
E399,bicyclomycin-multidrug_efflux_protein_bcr,501
E399,aph(3'')-IV,4
E399,ADC-78,1
E399,ADC-79,3
E399,ADC-39,3
E399,qepA,24
E399,vanRI,74
E399,carA,103
E399,carO,8
E399,APH(3')-VI,4
E399,myrA,10
E399,hmrM,3
E399,lrfA,5
E399,Bacillus_Cluster_B_intrinsic_mph,1
E399,APH(3')-IIa,1
E399,cAMP-regulatory_protein,126
E399,CTX-M-90,2
E399,CTX-M-51,2
E399,OXA-320,2
E399,emrA,452
E399,amrB,103
E399,emrB,524
E399,CTX-M-14,2
E399,emrD,22
E399,CTX-M-98,2
E399,CTX-M-130,4
E399,emrE,167
E399,CTX-M-17,2
E399,OXA-368,7
E399,emrK,46
E399,tcmA,30
E399,mdsB,12
E399,APH(3')-VIII,2
E399,mdsC,11
E399,emrR,1
E399,VEB-1,8
E399,VEB-2,4
E399,VEB-3,4
E399,VEB-4,4
E399,VEB-5,4
E399,emrY,4
E399,VEB-6,4
E399,VEB-7,4
E399,VEB-8,4
E399,VEB-9,2
E399,mel,36
E399,ANT(3'')-IIa,1
E399,ANT(3'')-IIb,1
E399,hp1181,8
E399,ANT(3'')-IIc,1
E399,Pseudomonas_aeruginosa_emrE,16
E399,chrB,10
E399,tetA(48),83
E399,LRA,6
E399,farA,4
E399,farB,6
E399,OCH,5
E399,MdtK,1
E399,dfrA20,12
E399,opcM,70
E399,dfrA21,18
E399,dfrA22,18
E399,MCR-1.2,40
E399,MCR-1.3,20
E399,MCR-1.4,20
E399,dfrA24,3
E399,YojI,16
E399,MCR-1.5,20
E399,dfrA25,12
E399,MCR-1.6,20
E399,MCR-1.7,20
E399,MCR-1.8,20
E399,MCR-1.9,20
E399,dfrA29,10
E399,mtrA,128
E399,mtrC,1
E399,mtrD,10
E399,mtrE,368
E399,lmrA,7
E399,lmrB,19
E399,Erm(44),1
E399,lmrC,39
E399,lmrD,45
E399,NmcR,7
E399,LCR-1,1
E399,mtrR,49
E399,pgpB,1
E399,aph(3')-VII,2
E399,CTX-M,29
E399,blaI,3
E399,bcrA,3867
E399,bcrC,4
E399,multidrug_ABC_transporter,3797
E399,cipA,1
E399,PvrR,42
E399,otrA,29
E399,PSE-1,4
E399,otrC,19
E399,arr-4,1
E399,arr-5,1
E399,arr-7,1
E399,arr-8,1
E399,Bacillus_Cluster_A_intrinsic_mph,1
E399,marR,385
E399,CARB,15
E399,aph(6)-I,25
E399,aph(3')-I,26
E399,vanA,127
E399,vanB,91
E399,vanC,71
E399,vanD,309
E399,vanE,17
E399,vanG,54
E399,vanH,374
E399,vanI,16
E399,CMY-34,3
E399,CMY-35,3
E399,aph(3')-V,3
E399,vanL,4
E399,CMY-77,3
E399,vanM,6
E399,vanN,11
E399,optrA,84
E399,OXA-251,9
E399,vanR,2575
E399,vanS,902
E399,vanT,89
E399,vanU,1
E399,OXA-256,9
E399,vanW,42
E399,ugd,14
E399,vanX,64
E399,vanY,45
E399,OXA-4,2
E399,acrA,277
E399,acrB,762
E399,tet(W/N/W),24
E399,acrD,8
E399,acrF,3
E399,cpxA,48
E399,ADC-80,3
E399,tetB(46),25
E399,sul1,49
E399,ADC-41,3
E399,sul2,343
E399,ADC-42,2
E399,sul3,27
E399,ADC-43,3
E399,sul4,20
E399,ykkC,32
E399,ADC-44,3
E399,ykkD,73
E399,MCR-1.10,20
E399,MCR-1.11,20
E399,vanWI,1
E399,MCR-1.12,20
E399,MCR-1.13,20
E399,kasugamycin_resistance_protein_ksgA,581
E399,rpoB2,40
E399,tetA(60),26
E399,cob(I)alamin_adenolsyltransferase,225
E399,cat_chloramphenicol_acetyltransferase,62
E399,TLA-1,2
E399,rifampin_monooxygenase,74
E399,TLA-2,1
E399,TLA-3,2
E399,oleB,64
E399,oleC,83
E399,antibiotic_resistance_rRNA_adenine_methyltransferase,14
E399,eptA,21
E399,mphA,12
E399,mphC,6
E399,mphD,2
E399,CTX-M-65,2
E399,CTX-M-24,3
E399,mphE,1
E399,CTX-M-67,4
E399,mphG,2
E399,Burkholderia_pseudomallei_Omp38,12
E399,mphI,2
E399,CTX-M-105,2
E399,CTX-M-148,2
E399,LpeB,12
E399,mdtA,217
E399,mdtB,781
E399,mdtC,569
E399,mdtD,192
E399,mdtE,51
E399,mdtF,76
E399,mdtG,39
E399,Salmonella,20
E399,mdtK,488
E399,mdtL,37
E399,mdtN,101
E399,mdtP,12
E401,OXA,117
E401,chloramphenicol_and_florfenicol_resistance,5
E401,OXA-10,4
E401,bacA,125
E401,OXA-11,3
E401,IND,15
E401,chloramphenicol_exporter,9
E401,OXA-14,3
E401,OXA-16,3
E401,OXA-17,3
E401,OXY,12
E401,basS,14
E401,kdpE,6
E401,lsaC,8
E401,lsaE,5
E401,OXA-454,3
E401,OXA-140,2
E401,OXA-142,2
E401,tlrB_conferring_tylosin_resistance,1
E401,IMP-26,1
E401,OpmH,2
E401,AAC(6')-Ib,4
E401,puromycin_resistance_protein,1
E401,abeM,1
E401,clbA,2
E401,clbB,4
E401,clbC,3
E401,abeS,3
E401,MUS-1,2
E401,AAC(6')-30/AAC(6')-Ib',2
E401,MUS-2,2
E401,macA,50
E401,macB,1824
E401,rphA,5
E401,rphB,8
E401,transcriptional_regulatory_protein_CpxR_cpxR,102
E401,qacG,6
E401,blt,1
E401,qacH,3
E401,vgaA,57
E401,vgaB,18
E401,AIM-1,1
E401,vgaD,15
E401,vgaE,24
E401,NDM-1,2
E401,NDM-2,2
E401,NDM-3,2
E401,NDM-4,2
E401,NDM-5,2
E401,NDM-6,2
E401,NDM-9,2
E401,EmrB-QacA_family_major_facilitator_transporter,20
E401,OXA-224,2
E401,bpeF,6
E401,penA,131
E401,arlS,7
E401,efpA,1
E401,THIN-B,1
E401,fosA,25
E401,VatI,1
E401,vanHB,2
E401,cmlA,2
E401,ErmB,2
E401,vanTG,4
E401,vanXI,1
E401,vanTrL,2
E401,catB,18
E401,dfrA15b,1
E401,PBP-1A,107
E401,PBP-1B,18
E401,tet32,19
E401,tet36,4
E401,tet39,2
E401,msrA,189
E401,msrC,98
E401,msbA,22
E401,msrE,10
E401,CTX-M-31,1
E401,CTX-M-32,3
E401,CTX-M-75,1
E401,ampC,11
E401,CTX-M-77,1
E401,CTX-M-111,2
E401,evgS,25
E401,CTX-M-115,1
E401,CTX-M-158,2
E401,adeB,28
E401,adeC,7
E401,adeF,1
E401,adeH,2
E401,adeI,1
E401,adeJ,6
E401,aadE,1
E401,adeK,3
E401,adeL,4
E401,adeN,1
E401,TriC,6
E401,adeR,12
E401,adeS,6
E401,TolC,131
E401,tetA(46),6
E401,catB10,1
E401,ceoB,9
E401,RlmA(II),1
E401,rosA,10
E401,rosB,115
E401,Staphylococcys,2
E401,Staphylococcus,2
E401,ompR,248
E401,salA,22
E401,CMX,21
E401,OprA,2
E401,bcr-1,4
E401,IMP-38,1
E401,gadX,1
E401,patA,21
E401,catB3,1
E401,patB,2
E401,mecA,18
E401,mecB,2
E401,mecC,3
E401,mecD,2
E401,MSI-1,1
E401,OprZ,1
E401,poxtA,26
E401,AAC(6')-Ib-cr,4
E401,chloramphenicol_and_florfenicol_exporter,3
E401,metallo-beta-lactamase,21
E401,TaeA,32
E401,CTX-M-1,3
E401,MexJ,1
E401,CTX-M-2,1
E401,MexK,6
E401,MexL,1
E401,MexS,1
E401,vatA,1
E401,vatB,5
E401,vatC,1
E401,MexV,2
E401,vatD,1
E401,vatE,4
E401,vatF,1
E401,vatG,1
E401,CMY-13,3
E401,truncated_putative_response_regulator_ArlR,93
E401,OXA-233,3
E401,SRT-1,2
E401,SRT-2,6
E401,bacterial_regulatory_protein_LuxR,9
E401,Chryseobacterium_meningosepticum_BlaB,1
E401,cmeB,189
E401,Staphylococcus_mupA_conferring_resistance_to_mupirocin,17
E401,floR,87
E401,BJP-1,1
E401,srmB,21
E401,cystathionine_beta-lyase_patB,13
E401,aac(6')-31,4
E401,major_facilitator_superfamily_transporter,8
E401,tet41,2
E401,tet44,7
E401,MCR-1,4
E401,MCR-2,2
E401,MCR-3,2
E401,MCR-4,2
E401,MCR-5,2
E401,tolC,2
E401,OXA-663,4
E401,CTX-M-43,1
E401,OXA-392,2
E401,CTX-M-44,1
E401,class_A,23
E401,CTX-M-160,2
E401,tlcC,18
E401,class_C,53
E401,CTX-M-121,2
E401,CTX-M-122,2
E401,CTX-M-124,1
E401,mdfA,77
E401,aac(6')-I,13
E401,CMY-118,3
E401,aac(6')-30-aac(6')-Ib',1
E401,OXA-31,2
E401,cmlA1,5
E401,OXA-33,2
E401,oprC,1
E401,OXA-74,3
E401,cmlA4,5
E401,cmlA5,5
E401,cmlA6,5
E401,oprJ,1
E401,smeB,9
E401,oprM,32
E401,smeE,6
E401,oprN,37
E401,smeF,7
E401,two-component_system_response_regulator_EvgA,1
E401,baeR,16
E401,dfrA12,12
E401,baeS,15
E401,dfrA13,1
E401,dfrA14,2
E401,dfrA15,5
E401,CRP,2
E401,dfrA17,4
E401,TUS-1,2
E401,smeR,15
E401,smeS,9
E401,ant(3'')-Ih-aac(6')-IId,3
E401,QepA1,2
E401,QepA2,2
E401,mexA,3
E401,mexB,37
E401,mexC,11
E401,mexD,69
E401,mexE,14
E401,mexF,109
E401,mexH,31
E401,mexI,12
E401,AxyY,1
E401,abcA,6
E401,mexN,1
E401,tetB(60),6
E401,dfrA1,15
E401,dfrA3,3
E401,mexT,27
E401,dfrA5,1
E401,AAC(6')-Ib10,3
E401,mexW,76
E401,dfrA7,3
E401,dfrA8,1
E401,mexY,3
E401,AcrF,2
E401,PmrF,5
E401,PDC,20
E401,cfrC,4
E401,oqxB,3
E401,ICR-Mc,2
E401,dfrC,2
E401,dfrD,3
E401,dfrE,1
E401,TRU-1,1
E401,dfrG,3
E401,arnA,125
E401,CMY-64,3
E401,dfrK,3
E401,ACT,17
E401,OXA-240,4
E401,OXA-246,4
E401,tetA,40
E401,tetB,8
E401,tetC,4
E401,efrA,7
E401,efrB,6
E401,lsa,134
E401,tetM,79
E401,tetO,43
E401,tetP,62
E401,tetQ,22
E401,MuxA,1
E401,tetR,25
E401,MuxB,3
E401,tetS,7
E401,MuxC,5
E401,tetT,28
E401,tetW,150
E401,bicyclomycin-multidrug_efflux_protein_bcr,117
E401,tetZ,1
E401,qepA,8
E401,vanRI,17
E401,carA,21
E401,myrA,1
E401,AAC(6')-Ib',5
E401,hmrM,2
E401,cAMP-regulatory_protein,36
E401,mecR1,3
E401,AAC(6')-Ib3,4
E401,CTX-M-90,2
E401,AAC(6')-Ib4,4
E401,CTX-M-92,1
E401,CTX-M-51,2
E401,OXA-320,2
E401,AAC(6')-Ib7,5
E401,emrA,86
E401,CTX-M-95,1
E401,amrB,6
E401,AAC(6')-Ib8,1
E401,emrB,74
E401,CTX-M-56,1
E401,CTX-M-130,2
E401,CTX-M-98,2
E401,emrE,39
E401,CTX-M-131,1
E401,CTX-M-59,1
E401,OXA-368,3
E401,emrK,19
E401,tcmA,7
E401,mdsB,2
E401,mdsC,2
E401,mel,14
E401,hp1181,2
E401,Pseudomonas_aeruginosa_emrE,3
E401,chrB,1
E401,tetA(48),27
E401,LRA,4
E401,farA,1
E401,OXA-47,2
E401,dfrA20,5
E401,dfrA21,1
E401,dfrA22,1
E401,MCR-1.2,4
E401,MCR-1.3,2
E401,dfrA24,2
E401,MCR-1.4,2
E401,dfrA25,1
E401,MCR-1.5,2
E401,MCR-1.6,2
E401,MCR-1.7,2
E401,MCR-1.8,2
E401,dfrA29,1
E401,mtrA,26
E401,MCR-1.9,2
E401,mtrE,15
E401,pmrA,24
E401,lmrC,7
E401,lmrD,6
E401,NmcR,1
E401,PEDO-3,2
E401,blaB,1
E401,CTX-M,14
E401,RSA-2,1
E401,bcrA,880
E401,dfrB1,15
E401,dfrB2,10
E401,dfrB3,5
E401,multidrug_ABC_transporter,993
E401,dfrA2d,5
E401,dfrB6,5
E401,tet(33),1
E401,PvrR,4
E401,cipA,1
E401,otrA,13
E401,otrC,5
E401,IMP-4,1
E401,marR,50
E401,aph(3')-I,2
E401,vanA,22
E401,vanB,16
E401,vanC,8
E401,vanD,28
E401,vanE,5
E401,vanG,15
E401,vanH,75
E401,vanI,1
E401,vanL,2
E401,SPG-1,1
E401,vanM,2
E401,vanN,4
E401,optrA,27
E401,vanR,470
E401,OXA-251,4
E401,vanS,158
E401,vanT,16
E401,OXA-256,4
E401,ugd,1
E401,vanX,22
E401,SMB-1,1
E401,vanY,6
E401,OXA-1,2
E401,OXA-4,2
E401,acrA,26
E401,acrB,153
E401,tet(W/N/W),5
E401,cpxA,4
E401,tetB(46),5
E401,sul2,46
E401,sul3,2
E401,sul4,4
E401,ykkD,2
E401,MCR-1.10,2
E401,MCR-1.11,2
E401,MCR-1.12,2
E401,MCR-1.13,2
E401,kasugamycin_resistance_protein_ksgA,125
E401,rpoB2,11
E401,tetA(60),7
E401,cob(I)alamin_adenolsyltransferase,25
E401,cat_chloramphenicol_acetyltransferase,7
E401,rifampin_monooxygenase,15
E401,oleB,25
E401,oleC,28
E401,antibiotic_resistance_rRNA_adenine_methyltransferase,4
E401,JOHN-1,2
E401,aac(6')-II,1
E401,eptA,2
E401,CGB-1,2
E401,CTX-M-20,1
E401,CTX-M-65,2
E401,CTX-M-24,1
E401,CTX-M-67,2
E401,CTX-M-69,3
E401,CTX-M-105,2
E401,LpeB,5
E401,CTX-M-148,2
E401,Rm3,1
E401,mdtA,55
E401,mdtB,57
E401,mdtC,89
E401,mdtD,17
E401,mdtE,4
E401,mdtF,23
E401,mdtG,14
E401,NDM-10,2
E401,NDM-11,2
E401,Salmonella,5
E401,mdtK,57
E401,NDM-13,2
E401,mdtL,25
E401,mdtM,23
E401,mdtN,25
E401,NDM-17,2
E405,aph(3'')-I,4
E405,OXA,275
E405,chloramphenicol_and_florfenicol_resistance,15
E405,CMY-133,6
E405,OXA-10,11
E405,OXA-11,10
E405,bacA,830
E405,OXA-14,10
E405,chloramphenicol_exporter,106
E405,OXA-16,10
E405,OXA-17,9
E405,AER-1,2
E405,basS,43
E405,mycinamicin-resistance_protein_myrB,1
E405,kdpE,66
E405,lsaC,16
E405,lsaE,29
E405,ADP-ribosylating_transferase_arr,5
E405,OXA-454,11
E405,OXA-142,8
E405,OpmB,5
E405,OpmD,3
E405,tlrB_conferring_tylosin_resistance,6
E405,OpmH,6
E405,mefA,208
E405,mefC,2
E405,mefE,1
E405,tet(L),2
E405,puromycin_resistance_protein,1
E405,abeM,14
E405,clbA,10
E405,clbB,15
E405,clbC,17
E405,abeS,16
E405,TEM-90,3
E405,TEM-92,3
E405,TEM-93,1
E405,TEM-52,3
E405,TEM-94,3
E405,qacA,2
E405,macA,597
E405,qacB,7
E405,macB,6401
E405,rphA,15
E405,rphB,24
E405,transcriptional_regulatory_protein_CpxR_cpxR,610
E405,qacG,58
E405,blt,1
E405,qacH,16
E405,vgaA,228
E405,vgaB,61
E405,vgaD,48
E405,vgaE,42
E405,lnuB,9
E405,lnuC,2
E405,CMY-46,3
E405,lnuD,2
E405,EmrB-QacA_family_major_facilitator_transporter,59
E405,TEM-215,3
E405,lnuF,3
E405,lnuG,3
E405,TEM-217,3
E405,AAC(3)-Ib/AAC(6')-Ib'',2
E405,OXA-224,2
E405,bpeE,2
E405,bpeF,60
E405,penA,764
E405,arlS,16
E405,efpA,1
E405,otr(B),1
E405,ADC-12,3
E405,Listeria_monocytogenes_mprF,2
E405,ADC-13,3
E405,VatI,3
E405,ADC-14,2
E405,ADC-15,1
E405,vanHB,20
E405,cmlA,12
E405,ErmB,2
E405,ADC-16,3
E405,ErmC,1
E405,ADC-17,3
E405,vanTG,22
E405,ADC-18,1
E405,vanXI,1
E405,ADC-19,3
E405,vanTrL,8
E405,TEM,22
E405,cdeA,7
E405,catB,21
E405,ErmT,2
E405,dfrA15b,5
E405,PBP-1A,506
E405,PBP-1B,127
E405,tet32,78
E405,tet34,9
E405,tet35,1
E405,tet36,34
E405,tet37,2
E405,tet39,1
E405,msrA,416
E405,SHV-97,5
E405,msrC,284
E405,msbA,60
E405,msrE,35
E405,CTX-M-110,4
E405,CTX-M-38,4
E405,evgS,81
E405,CTX-M-113,2
E405,RTG-4,2
E405,RTG-5,1
E405,adeA,3
E405,adeB,165
E405,adeC,51
E405,aadA,45
E405,adeF,9
E405,adeG,1
E405,adeH,6
E405,adeI,11
E405,aadE,6
E405,adeJ,27
E405,adeK,15
E405,adeL,30
E405,aac(3)-I,23
E405,TriA,5
E405,adeN,3
E405,TriC,25
E405,aadK,19
E405,adeR,49
E405,adeS,24
E405,TolC,504
E405,vanXYL,2
E405,tetA(46),28
E405,CMY-108,3
E405,ceoB,44
E405,RlmA(II),5
E405,rosA,70
E405,rosB,441
E405,aph(3')-IIb,4
E405,Staphylococcys,7
E405,opmD,5
E405,ADC-2,3
E405,opmE,3
E405,ADC-3,3
E405,ADC-4,1
E405,ADC-5,3
E405,ADC-6,1
E405,ompF,32
E405,ADC-7,3
E405,ompR,1140
E405,salA,53
E405,APH(6)-Id,1
E405,TEM-183,3
E405,Acinetobacter_baumannii_ampC_beta-lactamase,3
E405,Erm(42),2
E405,KLUY-2,1
E405,TEM-106,3
E405,TEM-148,3
E405,OprA,16
E405,aadA25,1
E405,Brucella_suis_mprF,3
E405,bcr-1,10
E405,mef(B),6
E405,sdeY,2
E405,vanYG1,2
E405,patA,59
E405,catB3,2
E405,patB,8
E405,mecA,170
E405,mecB,8
E405,mecC,6
E405,mecD,5
E405,aac(3)-Ib-aac(6')-Ib,1
E405,OprZ,9
E405,poxtA,83
E405,chloramphenicol_and_florfenicol_exporter,1
E405,SHV-104,5
E405,TEM-20,3
E405,TEM-21,3
E405,ANT(3'')-Ii-AAC(6')-IId,8
E405,bmr,1
E405,TaeA,97
E405,MexJ,10
E405,MexK,29
E405,MexL,6
E405,CTX-M-5,1
E405,MexS,7
E405,vatA,3
E405,vatB,15
E405,vatC,3
E405,MexV,1
E405,vatD,1
E405,vatE,12
E405,vatF,3
E405,vatG,3
E405,MexZ,1
E405,ermA,8
E405,CMY-13,3
E405,ermB,10
E405,CMY-55,3
E405,ermC,10
E405,ereA,10
E405,CMY-56,3
E405,ereB,2
E405,ermE,4
E405,CMY-99,3
E405,ermG,5
E405,truncated_putative_response_regulator_ArlR,545
E405,OXA-233,9
E405,bacterial_regulatory_protein_LuxR,32
E405,efmA,2
E405,ermT,6
E405,CMY-2,3
E405,CMY-5,6
E405,CMY-7,3
E405,vanYA,6
E405,ADC-20,3
E405,ADC-21,3
E405,ADC-22,3
E405,ADC-23,2
E405,ADC-25,3
E405,cmeB,295
E405,Staphylococcus_mupA_conferring_resistance_to_mupirocin,48
E405,floR,43
E405,srmB,70
E405,cystathionine_beta-lyase_patB,85
E405,major_facilitator_superfamily_transporter,48
E405,tet40,3
E405,tet41,1
E405,golS,16
E405,tet44,16
E405,MCR-1,30
E405,MCR-2,15
E405,MCR-3,15
E405,MCR-4,15
E405,MCR-5,15
E405,tolC,5
E405,OXA-663,11
E405,CTX-M-84,2
E405,class_A,26
E405,LlmA_23S_ribosomal_RNA_methyltransferase,3
E405,PBP-2X,96
E405,tlcC,75
E405,CTX-M-48,4
E405,CTX-M-122,2
E405,APH(3')-Ia,1
E405,CTX-M-125,2
E405,linG,3
E405,mdfA,100
E405,CMY-118,4
E405,cmlA1,10
E405,oprA,19
E405,OXA-33,2
E405,OXA-74,8
E405,oprC,21
E405,ANT(6)-Ia,1
E405,cmlA4,10
E405,cmlA5,10
E405,cmlA6,10
E405,oprJ,109
E405,smeB,28
E405,LEN,1
E405,smeC,15
E405,smeD,1
E405,oprM,277
E405,smeE,25
E405,oprN,124
E405,smeF,114
E405,two-component_system_response_regulator_EvgA,8
E405,baeR,74
E405,dfrA12,111
E405,baeS,69
E405,dfrA13,7
E405,dfrA14,29
E405,dfrA15,13
E405,dfrA17,3
E405,CRP,5
E405,TUS-1,1
E405,smeR,68
E405,smeS,55
E405,TEM-110,3
E405,TEM-112,3
E405,Erm(43),1
E405,TEM-113,3
E405,TEM-196,3
E405,TEM-156,1
E405,QepA1,3
E405,QepA2,3
E405,mexA,138
E405,mexB,150
E405,mexC,19
E405,mepA,211
E405,mexD,243
E405,mexE,266
E405,mexF,371
E405,erm(34),1
E405,mexG,1
E405,aadA9,1
E405,mexI,23
E405,AxyY,5
E405,mexM,1
E405,mexN,11
E405,tetB(60),29
E405,mexQ,6
E405,dfrA1,33
E405,dfrA3,17
E405,mexT,104
E405,dfrA5,9
E405,mexW,156
E405,mexX,135
E405,dfrA8,10
E405,mexY,8
E405,AcrE,3
E405,AcrF,7
E405,PmrF,14
E405,TEM-72,3
E405,cfrC,15
E405,oqxA,3
E405,oqxB,10
E405,AcrS,1
E405,ICR-Mc,15
E405,Moraxella_catarrhalis_M35,2
E405,dfrC,12
E405,dfrD,8
E405,dfrE,8
E405,dfrF,5
E405,dfrG,9
E405,CMY-61,1
E405,CMY-20,6
E405,CMY-21,6
E405,CMY-63,3
E405,arnA,532
E405,CMY-64,3
E405,dfrK,11
E405,CMY-28,3
E405,CMY-29,6
E405,OXA-240,11
E405,SME-1,1
E405,SME-2,1
E405,SME-3,1
E405,SME-4,1
E405,OXA-246,11
E405,SME-5,1
E405,tetA,57
E405,tetB,38
E405,tetC,4
E405,tetD,2
E405,efrA,42
E405,efrB,27
E405,lsa,666
E405,tetL,3
E405,tetM,309
E405,tetO,293
E405,tetP,161
E405,tetQ,221
E405,MuxA,1
E405,tetR,192
E405,MuxB,13
E405,tetS,33
E405,MuxC,25
E405,tetT,122
E405,tetW,443
E405,ADC-75,3
E405,tetX,2
E405,Bacillus_subtilis_mprF,2
E405,cmrA,12
E405,ADC-76,1
E405,ADC-77,3
E405,bicyclomycin-multidrug_efflux_protein_bcr,424
E405,ADC-79,3
E405,ADC-39,3
E405,qepA,12
E405,tet(40),1
E405,vanRI,88
E405,Serratia_marcescens_Omp1,2
E405,Klebsiella_pneumoniae_OmpK36,2
E405,Klebsiella_pneumoniae_OmpK37,2
E405,Streptococcus_agalactiae_mprF,2
E405,porin_OmpC,2
E405,carA,100
E405,carO,1
E405,myrA,7
E405,hmrM,2
E405,lrfA,4
E405,SHV-76,1
E405,Bacillus_Cluster_B_intrinsic_mph,1
E405,APH(3')-IIa,1
E405,cAMP-regulatory_protein,90
E405,mecR1,22
E405,OXA-320,2
E405,emrA,317
E405,amrB,91
E405,emrB,340
E405,CTX-M-14,2
E405,emrD,58
E405,CTX-M-130,4
E405,emrE,223
E405,CTX-M-17,2
E405,OXA-368,8
E405,CTX-M-134,2
E405,emrK,78
E405,tcmA,13
E405,mdsB,10
E405,mdsC,16
E405,emrR,1
E405,emrY,2
E405,mel,34
E405,ANT(3'')-IIa,1
E405,ANT(3'')-IIb,1
E405,hp1181,12
E405,aad(6),1
E405,ANT(3'')-IIc,1
E405,Pseudomonas_aeruginosa_emrE,16
E405,chrB,7
E405,tetA(48),112
E405,LRA,2
E405,farA,6
E405,farB,7
E405,MdtK,2
E405,dfrA20,10
E405,opcM,100
E405,dfrA21,13
E405,dfrA22,14
E405,MCR-1.2,30
E405,MCR-1.3,15
E405,MCR-1.4,15
E405,dfrA24,2
E405,YojI,19
E405,MCR-1.5,15
E405,dfrA25,7
E405,MCR-1.6,15
E405,MCR-1.7,15
E405,MCR-1.8,15
E405,dfrA29,6
E405,MCR-1.9,15
E405,mtrA,111
E405,blaR1,4
E405,mtrC,3
E405,mtrD,14
E405,mtrE,197
E405,lmrA,2
E405,lmrB,14
E405,Erm(44),3
E405,lmrC,53
E405,lmrD,57
E405,NmcR,10
E405,mtrR,51
E405,LCR-1,1
E405,pgpB,1
E405,CTX-M,16
E405,blaI,3
E405,bcrA,3637
E405,bcrC,2
E405,tet(K),2
E405,multidrug_ABC_transporter,4082
E405,omp36,10
E405,PvrR,48
E405,cipA,1
E405,otrA,36
E405,PSE-1,4
E405,otrC,16
E405,arr-4,1
E405,arr-5,1
E405,Clostridium_perfringens_mprF,1
E405,arr-7,1
E405,arr-8,1
E405,Bacillus_Cluster_A_intrinsic_mph,1
E405,marR,272
E405,CARB,18
E405,aph(6)-I,25
E405,aph(3')-I,20
E405,vanA,120
E405,vanB,160
E405,vanC,87
E405,vanD,304
E405,vanE,8
E405,vanG,57
E405,vanH,378
E405,vanI,16
E405,CMY-34,4
E405,aph(3')-V,3
E405,vanL,2
E405,CMY-77,3
E405,vanM,3
E405,vanN,6
E405,optrA,87
E405,OXA-251,11
E405,vanR,2823
E405,vanS,713
E405,vanT,50
E405,vanU,3
E405,OXA-256,11
E405,ugd,15
E405,vanX,45
E405,vanY,142
E405,OXA-1,2
E405,vanZ,11
E405,OXA-4,2
E405,acrA,229
E405,acrB,944
E405,tet(W/N/W),7
E405,acrD,5
E405,acrF,7
E405,norA,1
E405,cpxA,30
E405,ADC-80,2
E405,tetB(46),35
E405,sul1,49
E405,ADC-41,3
E405,sul2,317
E405,ADC-42,1
E405,sul3,32
E405,ADC-43,3
E405,sul4,23
E405,ykkC,32
E405,ADC-44,3
E405,ykkD,30
E405,MCR-1.10,15
E405,MCR-1.11,15
E405,vanWI,3
E405,MCR-1.12,15
E405,MCR-1.13,15
E405,kasugamycin_resistance_protein_ksgA,387
E405,rpoB2,50
E405,tetA(60),21
E405,cob(I)alamin_adenolsyltransferase,200
E405,cat_chloramphenicol_acetyltransferase,4
E405,rifampin_monooxygenase,28
E405,oleB,70
E405,oleC,63
E405,antibiotic_resistance_rRNA_adenine_methyltransferase,10
E405,eptA,17
E405,mphA,12
E405,mphC,6
E405,mphD,3
E405,CTX-M-24,4
E405,mphE,1
E405,CTX-M-67,4
E405,mphG,3
E405,Burkholderia_pseudomallei_Omp38,13
E405,mphI,2
E405,LpeB,5
E405,mdtA,361
E405,mdtB,682
E405,mdtC,425
E405,mdtD,215
E405,mdtE,53
E405,mdtF,98
E405,Escherichia_coli_LamB,2
E405,mdtG,51
E405,Salmonella,10
E405,mdtK,455
E405,mdtL,8
E405,mdtM,25
E405,mdtN,150
E405,mdtP,81
E408,OXA,92
E408,chloramphenicol_and_florfenicol_resistance,5
E408,OXA-10,4
E408,OXA-11,3
E408,bacA,175
E408,OXA-14,3
E408,chloramphenicol_exporter,21
E408,OXA-16,4
E408,OXA-17,3
E408,basS,14
E408,kdpE,11
E408,lsaC,4
E408,lsaE,10
E408,OXA-454,4
E408,OXA-140,2
E408,OXA-142,3
E408,OpmB,3
E408,OpmD,1
E408,tlrB_conferring_tylosin_resistance,3
E408,OpmH,1
E408,mefA,24
E408,mefC,1
E408,puromycin_resistance_protein,3
E408,abeM,5
E408,clbA,4
E408,clbB,5
E408,clbC,6
E408,abeS,1
E408,macA,112
E408,macB,2212
E408,rphA,4
E408,rphB,8
E408,transcriptional_regulatory_protein_CpxR_cpxR,213
E408,qacG,4
E408,blt,1
E408,qacH,1
E408,vgaA,89
E408,vgaB,21
E408,vgaD,18
E408,vgaE,14
E408,EmrB-QacA_family_major_facilitator_transporter,35
E408,AAC(3)-Ib/AAC(6')-Ib'',2
E408,OXA-224,4
E408,bpeF,6
E408,penA,267
E408,arlS,5
E408,efpA,5
E408,fosB,4
E408,otr(B),1
E408,VatI,3
E408,vanHB,4
E408,ErmB,2
E408,vanTG,7
E408,vanTrL,5
E408,fosX,21
E408,catB,87
E408,dfrA15b,3
E408,PBP-1A,110
E408,PBP-1B,37
E408,tet32,20
E408,tet36,13
E408,tet39,1
E408,msrA,133
E408,msrC,120
E408,msbA,14
E408,msrE,11
E408,CTX-M-110,2
E408,CTX-M-38,2
E408,CTX-M-111,2
E408,evgS,23
E408,CTX-M-113,2
E408,adeB,45
E408,adeC,13
E408,adeF,1
E408,adeH,6
E408,adeI,3
E408,adeJ,12
E408,adeK,4
E408,adeL,7
E408,aac(3)-I,19
E408,TriA,2
E408,adeN,2
E408,TriC,8
E408,adeR,18
E408,adeS,8
E408,TolC,124
E408,tetA(46),3
E408,catB10,2
E408,ceoB,4
E408,RlmA(II),3
E408,rosB,143
E408,opmD,2
E408,Staphylococcys,2
E408,Staphylococcus,1
E408,opmE,1
E408,ompR,388
E408,salA,14
E408,OprA,4
E408,bcr-1,2
E408,patA,24
E408,catB3,6
E408,mecA,14
E408,mecB,2
E408,mecC,2
E408,mecD,3
E408,aac(3)-Ib-aac(6')-Ib,1
E408,OprZ,4
E408,AAC(6')-Ie-APH(2'')-Ia,3
E408,poxtA,26
E408,chloramphenicol_and_florfenicol_exporter,4
E408,TaeA,26
E408,MexJ,4
E408,MexK,8
E408,MexL,3
E408,CTX-M-5,1
E408,MexS,1
E408,vatA,2
E408,vatB,20
E408,vatC,4
E408,MexV,4
E408,vatD,1
E408,vatE,20
E408,vatF,3
E408,vatG,3
E408,ermB,1
E408,ermC,1
E408,ereA,10
E408,ereB,2
E408,truncated_putative_response_regulator_ArlR,141
E408,OXA-233,2
E408,bacterial_regulatory_protein_LuxR,11
E408,cmeB,162
E408,cmeC,1
E408,Staphylococcus_mupA_conferring_resistance_to_mupirocin,11
E408,floR,106
E408,srmB,19
E408,cystathionine_beta-lyase_patB,12
E408,major_facilitator_superfamily_transporter,29
E408,tet41,2
E408,tet43,1
E408,tet44,8
E408,MCR-1,10
E408,MCR-2,6
E408,MCR-3,5
E408,MCR-4,5
E408,MCR-5,5
E408,tolC,1
E408,OXA-663,3
E408,CTX-M-84,2
E408,OXA-392,2
E408,class_A,35
E408,CTX-M-160,2
E408,tlcC,21
E408,CTX-M-48,2
E408,CTX-M-121,2
E408,CTX-M-122,4
E408,CTX-M-125,2
E408,mdfA,104
E408,aac(6')-I,2
E408,tet(59),1
E408,OXA-31,2
E408,oprA,4
E408,cmlA1,5
E408,OXA-74,2
E408,OXA-33,4
E408,oprC,4
E408,cmlA4,5
E408,cmlA5,5
E408,cmlA6,5
E408,AAC(6')-34,1
E408,oprJ,59
E408,smeB,2
E408,smeC,4
E408,oprM,89
E408,smeE,6
E408,oprN,77
E408,smeF,42
E408,two-component_system_response_regulator_EvgA,1
E408,baeR,25
E408,dfrA12,55
E408,baeS,19
E408,dfrA13,3
E408,dfrA14,7
E408,dfrA15,5
E408,dfrA17,2
E408,CRP,4
E408,smeR,23
E408,smeS,13
E408,QepA1,4
E408,QepA2,4
E408,CfxA3,1
E408,mexA,11
E408,mexB,33
E408,mexD,56
E408,mexE,25
E408,mexF,132
E408,mexH,6
E408,mexI,14
E408,AxyY,1
E408,mexN,3
E408,tetB(60),6
E408,dfrA1,16
E408,dfrA3,6
E408,mexT,24
E408,dfrA5,7
E408,mexW,113
E408,VEB-1b,2
E408,mexX,2
E408,dfrA8,3
E408,AcrF,1
E408,PmrF,3
E408,cfrC,5
E408,oqxB,3
E408,ICR-Mc,6
E408,Moraxella_catarrhalis_M35,2
E408,dfrC,2
E408,dfrD,5
E408,dfrE,2
E408,dfrF,2
E408,dfrG,5
E408,arnA,175
E408,dfrK,5
E408,OXA-240,3
E408,SME-2,1
E408,SME-3,1
E408,OXA-246,4
E408,tetA,64
E408,tetB,7
E408,tetC,4
E408,efrA,7
E408,efrB,5
E408,lsa,175
E408,tetM,133
E408,tetO,27
E408,tetP,49
E408,tetQ,35
E408,MuxA,1
E408,tetR,76
E408,MuxB,5
E408,tetS,12
E408,MuxC,8
E408,tetT,28
E408,tetW,166
E408,tetX,12
E408,cmrA,3
E408,bicyclomycin-multidrug_efflux_protein_bcr,112
E408,qepA,16
E408,vanRI,22
E408,carA,27
E408,carO,2
E408,myrA,2
E408,lrfA,3
E408,Bacillus_Cluster_B_intrinsic_mph,1
E408,cAMP-regulatory_protein,72
E408,mecR1,7
E408,CTX-M-90,2
E408,NPS-1,1
E408,CTX-M-51,2
E408,OXA-320,4
E408,emrA,118
E408,amrB,5
E408,emrB,211
E408,CTX-M-14,2
E408,CTX-M-130,4
E408,CTX-M-98,2
E408,emrE,6
E408,CTX-M-17,2
E408,OXA-368,2
E408,emrK,7
E408,tcmA,23
E408,mdsB,2
E408,mdsC,6
E408,VEB-1,4
E408,VEB-2,2
E408,VEB-3,2
E408,VEB-4,2
E408,VEB-5,2
E408,emrY,2
E408,VEB-6,2
E408,VEB-7,2
E408,VEB-8,2
E408,VEB-9,1
E408,mel,15
E408,hp1181,3
E408,Pseudomonas_aeruginosa_emrE,1
E408,chrB,2
E408,tetA(48),29
E408,LRA,3
E408,OXA-47,2
E408,dfrA20,5
E408,opcM,45
E408,dfrA21,6
E408,dfrA22,6
E408,MCR-1.2,11
E408,MCR-1.3,6
E408,dfrA24,2
E408,YojI,1
E408,MCR-1.4,5
E408,dfrA25,4
E408,MCR-1.5,5
E408,MCR-1.6,5
E408,MCR-1.7,5
E408,MCR-1.8,5
E408,dfrA29,3
E408,MCR-1.9,5
E408,mtrA,34
E408,mtrD,2
E408,mtrE,101
E408,pmrA,4
E408,lmrA,4
E408,lmrC,5
E408,lmrD,9
E408,NmcR,2
E408,LCR-1,1
E408,CTX-M,20
E408,bcrA,956
E408,bcrC,2
E408,dfrB1,3
E408,dfrB2,2
E408,dfrB3,1
E408,multidrug_ABC_transporter,774
E408,dfrA2d,1
E408,dfrB6,1
E408,PvrR,12
E408,otrA,8
E408,otrC,7
E408,marR,149
E408,aph(3')-I,4
E408,vanA,23
E408,vanB,29
E408,vanC,21
E408,vanD,90
E408,vanE,3
E408,vanG,13
E408,vanH,87
E408,vanI,6
E408,vanL,1
E408,vanM,1
E408,vanN,2
E408,optrA,29
E408,OXA-251,3
E408,vanR,604
E408,vanS,227
E408,vanT,23
E408,OXA-256,3
E408,vanW,21
E408,ugd,2
E408,vanX,46
E408,vanY,5
E408,OXA-1,4
E408,OXA-4,4
E408,acrA,84
E408,acrB,199
E408,tet(W/N/W),5
E408,acrD,1
E408,acrF,1
E408,norB,13
E408,cpxA,10
E408,tetB(46),7
E408,sul1,40
E408,sul2,99
E408,sul3,6
E408,sul4,5
E408,ykkC,16
E408,ykkD,10
E408,MCR-1.10,5
E408,MCR-1.11,6
E408,MCR-1.12,6
E408,MCR-1.13,5
E408,kasugamycin_resistance_protein_ksgA,153
E408,rpoB2,14
E408,tetA(60),2
E408,cob(I)alamin_adenolsyltransferase,25
E408,cat_chloramphenicol_acetyltransferase,20
E408,TLA-1,1
E408,rifampin_monooxygenase,33
E408,bifunctional_aminoglycoside_N-acetyltransferase_and_aminoglycoside_phosphotransferase,2
E408,TLA-2,1
E408,TLA-3,1
E408,oleB,23
E408,oleC,29
E408,antibiotic_resistance_rRNA_adenine_methyltransferase,5
E408,aac(6')-II,2
E408,eptA,5
E408,mphA,6
E408,mphC,3
E408,mphD,1
E408,CTX-M-65,2
E408,CTX-M-24,3
E408,mphE,1
E408,CTX-M-67,4
E408,mphG,2
E408,Burkholderia_pseudomallei_Omp38,2
E408,mphI,1
E408,CTX-M-105,2
E408,LpeB,3
E408,CTX-M-148,2
E408,mdtA,107
E408,mdtB,221
E408,mdtC,201
E408,mdtD,107
E408,mdtE,10
E408,mdtF,41
E408,mdtG,14
E408,Salmonella,5
E408,mdtK,106
E408,mdtL,1
E408,mdtN,75
E408,mdtP,6
E411,aph(3'')-I,4
E411,OXA,270
E411,CMY-132,3
E411,chloramphenicol_and_florfenicol_resistance,10
E411,CMY-133,9
E411,OXA-10,8
E411,OXA-11,7
E411,bacA,452
E411,OXA-14,8
E411,chloramphenicol_exporter,72
E411,OXA-16,8
E411,OXA-17,5
E411,basS,41
E411,mycinamicin-resistance_protein_myrB,1
E411,kdpE,46
E411,lsaA,1
E411,lsaC,20
E411,TEM-171,3
E411,lsaE,25
E411,OXA-454,8
E411,OXA-140,6
E411,OXA-142,5
E411,OpmB,4
E411,OpmD,2
E411,tlrB_conferring_tylosin_resistance,5
E411,OpmH,3
E411,mefA,204
E411,erm(36),1
E411,mefC,3
E411,tet(L),2
E411,puromycin_resistance_protein,2
E411,abeM,9
E411,clbA,10
E411,clbB,9
E411,clbC,10
E411,abeS,8
E411,qacA,2
E411,macA,327
E411,qacB,7
E411,macB,6143
E411,rphA,7
E411,rphB,11
E411,TEM-17,1
E411,transcriptional_regulatory_protein_CpxR_cpxR,540
E411,qacG,32
E411,blt,2
E411,qacH,9
E411,vgaA,154
E411,vgaB,43
E411,vgaD,33
E411,vgaE,37
E411,CMY-42,6
E411,lnuB,6
E411,CMY-46,9
E411,EmrB-QacA_family_major_facilitator_transporter,39
E411,lnuF,2
E411,lnuG,2
E411,TEM-217,3
E411,AAC(3)-Ib/AAC(6')-Ib'',2
E411,OXA-224,6
E411,bpeF,24
E411,penA,445
E411,arlS,22
E411,efpA,3
E411,fosB,4
E411,ADC-12,4
E411,ADC-13,3
E411,ADC-14,3
E411,ADC-56,1
E411,ADC-15,2
E411,vanHB,18
E411,ErmB,6
E411,ADC-16,4
E411,ErmC,1
E411,vanTG,17
E411,ADC-17,4
E411,tet(42),1
E411,ADC-18,3
E411,ADC-19,4
E411,vanTrL,10
E411,TEM,25
E411,fosX,21
E411,cdeA,5
E411,BIL-1,3
E411,catB,73
E411,ErmT,2
E411,dfrA15b,7
E411,PBP-1A,455
E411,PBP-1B,95
E411,tet32,61
E411,tet34,18
E411,tet35,3
E411,tet36,18
E411,tet37,2
E411,tet39,1
E411,msrA,291
E411,msrC,203
E411,msbA,66
E411,msrE,27
E411,ampC,8
E411,CTX-M-110,2
E411,CTX-M-38,2
E411,evgS,94
E411,CTX-M-113,2
E411,adeA,6
E411,adeB,150
E411,adeC,32
E411,aadA,21
E411,adeF,1
E411,adeH,4
E411,adeI,6
E411,adeJ,20
E411,adeK,7
E411,adeL,19
E411,aac(3)-I,23
E411,fmtC,23
E411,TriA,3
E411,ACC-5,1
E411,adeN,2
E411,TriC,14
E411,adeR,42
E411,adeS,30
E411,TolC,318
E411,vanXYL,2
E411,tetA(46),30
E411,catB10,3
E411,CMY-108,9
E411,ceoB,18
E411,RlmA(II),7
E411,rosA,40
E411,rosB,378
E411,aph(3')-IIb,4
E411,Staphylococcys,4
E411,opmD,4
E411,ADC-1,1
E411,Staphylococcus,2
E411,opmE,1
E411,ADC-2,4
E411,ADC-3,3
E411,ADC-4,1
E411,ADC-5,4
E411,ADC-6,1
E411,ompF,80
E411,ADC-7,4
E411,ompR,1056
E411,salA,38
E411,APH(6)-Id,1
E411,CMX,22
E411,Acinetobacter_baumannii_ampC_beta-lactamase,3
E411,Erm(42),1
E411,TEM-105,3
E411,KLUY-2,1
E411,OprA,12
E411,Brucella_suis_mprF,2
E411,bcr-1,9
E411,mef(B),3
E411,DNA-binding_transcriptional_regulator_gadX,8
E411,gadW,1
E411,gadX,1
E411,patA,50
E411,catB3,4
E411,patB,12
E411,mecA,161
E411,mecB,4
E411,mecC,5
E411,mecD,4
E411,aac(3)-Ib-aac(6')-Ib,1
E411,OprZ,8
E411,poxtA,62
E411,ANT(3'')-Ii-AAC(6')-IId,4
E411,bmr,2
E411,TaeA,59
E411,MexJ,5
E411,MexK,13
E411,MexL,4
E411,CTX-M-5,1
E411,MexS,5
E411,MexV,2
E411,CMY-53,3
E411,ermA,6
E411,CMY-13,7
E411,ermB,19
E411,CMY-55,9
E411,ermC,10
E411,ereA,10
E411,CMY-56,9
E411,ereB,2
E411,ermE,2
E411,CMY-99,3
E411,ermF,7
E411,ermG,5
E411,truncated_putative_response_regulator_ArlR,451
E411,OXA-233,4
E411,bacterial_regulatory_protein_LuxR,26
E411,efmA,1
E411,ermT,6
E411,CMY-2,2
E411,CMY-5,6
E411,CMY-7,3
E411,vanYA,3
E411,ADC-61,1
E411,ADC-20,4
E411,ADC-21,3
E411,ADC-22,3
E411,ADC-23,3
E411,ADC-25,4
E411,cmeA,1
E411,cmeB,325
E411,Staphylococcus_mupA_conferring_resistance_to_mupirocin,36
E411,floR,20
E411,srmB,47
E411,cystathionine_beta-lyase_patB,84
E411,major_facilitator_superfamily_transporter,40
E411,tet41,1
E411,golS,5
E411,tet44,19
E411,MCR-1,23
E411,MCR-2,11
E411,MCR-3,12
E411,MCR-4,12
E411,MCR-5,12
E411,tolC,5
E411,OXA-663,8
E411,OXA-392,4
E411,CTX-M-84,2
E411,class_A,22
E411,PBP-2X,171
E411,emeA,1
E411,tlcC,46
E411,class_C,42
E411,CTX-M-48,2
E411,CTX-M-122,2
E411,APH(3')-Ia,1
E411,CTX-M-125,2
E411,linG,2
E411,mdfA,176
E411,CMY-118,16
E411,CMY-119,3
E411,MvaT,3
E411,OXA-31,6
E411,cmlA1,9
E411,oprA,12
E411,OXA-33,6
E411,OXA-74,4
E411,oprC,7
E411,cmlA4,9
E411,cmlA5,9
E411,cmlA6,9
E411,oprJ,79
E411,smeB,15
E411,smeC,12
E411,smeD,2
E411,oprM,202
E411,smeE,20
E411,oprN,134
E411,smeF,78
E411,two-component_system_response_regulator_EvgA,8
E411,baeR,79
E411,dfrA12,119
E411,baeS,65
E411,dfrA13,7
E411,dfrA14,33
E411,dfrA15,16
E411,dfrA16,3
E411,CRP,7
E411,dfrA17,6
E411,smeR,64
E411,smeS,46
E411,TEM-150,3
E411,CfxA2,11
E411,QepA1,4
E411,CfxA3,1
E411,QepA2,4
E411,mexA,76
E411,mexB,115
E411,mexC,21
E411,CfxA6,1
E411,mepA,207
E411,mexD,212
E411,mexE,180
E411,mexF,361
E411,erm(34),1
E411,thiostrepton_resistance_methylase_tsnR,2
E411,aadA9,1
E411,mexH,24
E411,mexI,29
E411,AxyY,4
E411,abcA,1
E411,mexN,9
E411,tetB(60),27
E411,mexQ,2
E411,dfrA1,35
E411,dfrA3,13
E411,mexT,127
E411,dfrA5,14
E411,mexW,252
E411,VEB-1b,4
E411,mexX,132
E411,dfrA8,4
E411,mexY,6
E411,AcrE,2
E411,AcrF,5
E411,PmrF,10
E411,cfrC,10
E411,TEM-33,3
E411,oqxA,4
E411,TEM-34,3
E411,oqxB,2
E411,AcrS,4
E411,ICR-Mc,12
E411,ramA,3
E411,dfrC,9
E411,dfrD,10
E411,dfrE,7
E411,dfrF,6
E411,dfrG,11
E411,CMY-61,3
E411,CMY-20,7
E411,CMY-21,10
E411,CMY-63,9
E411,Escherichia_coli_mipA,2
E411,arnA,382
E411,CMY-23,3
E411,CMY-64,9
E411,dfrK,11
E411,CMY-25,3
E411,CMY-28,7
E411,CMY-29,9
E411,OXA-240,7
E411,OXA-246,7
E411,tetA,58
E411,tetB,39
E411,tetC,4
E411,efrA,27
E411,tetD,8
E411,efrB,29
E411,lsa,430
E411,tetL,1
E411,tetM,243
E411,tetO,179
E411,tetP,113
E411,tetQ,111
E411,MuxA,1
E411,tetR,117
E411,MuxB,13
E411,tetS,41
E411,MuxC,16
E411,tetT,66
E411,tetW,572
E411,ADC-75,4
E411,cmrA,8
E411,bicyclomycin-multidrug_efflux_protein_bcr,343
E411,ADC-77,4
E411,ADC-78,2
E411,ADC-79,4
E411,ADC-39,3
E411,qepA,17
E411,vanRI,82
E411,Serratia_marcescens_Omp1,3
E411,Klebsiella_pneumoniae_OmpK36,2
E411,Klebsiella_pneumoniae_OmpK37,2
E411,porin_OmpC,2
E411,CFE-1,1
E411,carA,67
E411,DNA-binding_protein_H-NS,20
E411,carO,3
E411,myrA,6
E411,hmrM,1
E411,lrfA,4
E411,Bacillus_Cluster_B_intrinsic_mph,2
E411,APH(3')-IIa,1
E411,cAMP-regulatory_protein,126
E411,mecR1,25
E411,NPS-1,3
E411,OXA-320,6
E411,emrA,180
E411,amrB,47
E411,emrB,236
E411,CTX-M-14,2
E411,emrD,50
E411,CTX-M-130,2
E411,emrE,121
E411,CTX-M-17,2
E411,OXA-368,4
E411,emrK,59
E411,tcmA,12
E411,mdsB,6
E411,mdsC,10
E411,emrR,1
E411,VEB-1,8
E411,VEB-2,4
E411,VEB-3,4
E411,VEB-4,4
E411,VEB-5,4
E411,emrY,4
E411,VEB-6,4
E411,VEB-7,4
E411,VEB-8,4
E411,VEB-9,2
E411,mel,34
E411,ANT(3'')-IIa,1
E411,ANT(3'')-IIb,1
E411,hp1181,8
E411,ANT(3'')-IIc,1
E411,Pseudomonas_aeruginosa_emrE,8
E411,chrB,6
E411,tetA(48),66
E411,LRA,3
E411,farA,2
E411,OXA-47,4
E411,MdtK,4
E411,dfrA20,6
E411,opcM,30
E411,dfrA21,12
E411,dfrA22,12
E411,MCR-1.2,23
E411,MCR-1.3,12
E411,MCR-1.4,12
E411,dfrA24,1
E411,YojI,15
E411,MCR-1.5,12
E411,dfrA25,11
E411,MCR-1.6,12
E411,MCR-1.7,12
E411,MCR-1.8,12
E411,MCR-1.9,12
E411,dfrA29,8
E411,mtrA,112
E411,blaR1,4
E411,mtrD,3
E411,mtrE,107
E411,lmrA,2
E411,lmrB,14
E411,Erm(44),2
E411,lmrC,40
E411,lmrD,36
E411,NmcR,8
E411,mtrR,33
E411,LCR-1,3
E411,CTX-M,15
E411,blaI,2
E411,bcrA,2823
E411,bcrC,2
E411,tet(K),2
E411,multidrug_ABC_transporter,3264
E411,PvrR,37
E411,cipA,2
E411,omp36,10
E411,marA,3
E411,otrA,16
E411,otrC,14
E411,Clostridium_perfringens_mprF,2
E411,PER,15
E411,Bacillus_Cluster_A_intrinsic_mph,1
E411,marR,180
E411,aph(6)-I,25
E411,aph(3')-I,17
E411,vanA,97
E411,vanB,98
E411,vanC,56
E411,vanD,222
E411,vanE,21
E411,vanG,51
E411,vanH,383
E411,vanI,11
E411,CMY-34,3
E411,CMY-35,3
E411,aph(3')-V,3
E411,vanL,3
E411,CMY-77,6
E411,vanM,5
E411,vanN,6
E411,TEM-206,3
E411,optrA,68
E411,OXA-251,7
E411,vanR,2607
E411,vanS,668
E411,vanT,66
E411,vanU,10
E411,OXA-256,7
E411,ugd,9
E411,vanX,23
E411,vanY,81
E411,OXA-1,6
E411,vanZ,7
E411,OXA-4,6
E411,acrA,191
E411,acrB,723
E411,tet(W/N/W),16
E411,acrD,8
E411,acrF,6
E411,norA,19
E411,cpxA,39
E411,ADC-80,2
E411,tetB(46),28
E411,sul1,29
E411,ADC-41,3
E411,ADC-82,1
E411,sul2,272
E411,ADC-42,2
E411,sul3,24
E411,ADC-43,4
E411,sul4,13
E411,ykkC,80
E411,ADC-44,4
E411,ykkD,44
E411,LAT-1,3
E411,MCR-1.10,12
E411,MCR-1.11,12
E411,vanWI,1
E411,MCR-1.12,12
E411,MCR-1.13,12
E411,kasugamycin_resistance_protein_ksgA,258
E411,rpoB2,37
E411,tetA(60),22
E411,cob(I)alamin_adenolsyltransferase,150
E411,cat_chloramphenicol_acetyltransferase,24
E411,TLA-1,1
E411,rifampin_monooxygenase,40
E411,TLA-2,2
E411,AAC(3)-VIa,1
E411,TLA-3,1
E411,TEM-1,3
E411,oleB,50
E411,oleC,66
E411,antibiotic_resistance_rRNA_adenine_methyltransferase,10
E411,eptA,14
E411,tcr3,1
E411,mphA,18
E411,mphB,2
E411,mphC,12
E411,mphD,3
E411,CTX-M-24,2
E411,mphE,1
E411,CTX-M-67,2
E411,mphG,3
E411,Burkholderia_pseudomallei_Omp38,6
E411,mphI,3
E411,LpeA,1
E411,LpeB,14
E411,mdtA,162
E411,mdtB,415
E411,mdtC,500
E411,mdtD,153
E411,mdtE,50
E411,mdtF,89
E411,Escherichia_coli_LamB,1
E411,mdtG,26
E411,mdtH,75
E411,Salmonella,9
E411,mdtK,357
E411,mdtL,29
E411,mdtN,150
E411,mdtO,50
E411,mdtP,81
E413,dfrB6,4
E413,dfrA29,2
E413,tlcC,2
E413,SHV-62,5
E413,emrA,24
E413,OXA-74,1
E413,mdtB,24
E413,emrB,49
E413,OXA-368,1
E413,SHV-159,5
E413,MCR-1.2,2
E413,cpxA,1
E413,patA,2
E413,MCR-1.3,1
E413,mdtF,22
E413,MCR-1.4,1
E413,MCR-1.5,1
E413,MCR-1.6,1
E413,poxtA,2
E413,baeR,1
E413,hp1181,1
E413,MCR-1.7,1
E413,MCR-1.8,1
E413,MCR-1.10,1
E413,NmcR,1
E413,MCR-1.11,1
E413,MCR-1.9,1
E413,Staphylococcys,1
E413,SHV-89,5
E413,mel,3
E413,MCR-1.12,1
E413,MCR-1.13,1
E413,bcrA,65
E413,kasugamycin_resistance_protein_ksgA,25
E413,mdtP,25
E413,cat_chloramphenicol_acetyltransferase,5
E413,vanB,2
E413,bpeF,4
E413,lsa,15
E413,OXA-233,1
E413,HERA-1,1
E413,OXA-251,1
E413,kdpE,1
E413,msrA,6
E413,farA,1
E413,OXA-256,1
E413,vanR,46
E413,msrC,12
E413,vanS,2
E413,OXA,25
E413,msrE,1
E413,dfrA2d,4
E413,acrA,19
E413,mexB,10
E413,acrB,5
E413,mexD,3
E413,MCR-1,2
E413,mexE,6
E413,dfrA12,21
E413,MCR-2,1
E413,mexF,1
E413,dfrA1,11
E413,smeF,4
E413,dfrA13,1
E413,MCR-3,1
E413,salA,2
E413,RTG-4,2
E413,dfrA14,11
E413,SHV-121,5
E413,dfrA15,2
E413,MCR-4,1
E413,RTG-5,1
E413,dfrA3,3
E413,MCR-5,1
E413,rosB,7
E413,dfrA17,2
E413,dfrA5,2
E413,oprC,1
E413,truncated_putative_response_regulator_ArlR,16
E413,major_facilitator_superfamily_transporter,1
E413,dfrA7,2
E413,OprA,1
E413,dfrA8,1
E413,basS,1
E413,oprJ,11
E413,tetM,5
E413,mtrA,4
E413,OXA-142,1
E413,oprM,9
E413,vanRI,1
E413,tetP,4
E413,tetQ,6
E413,macB,192
E413,mexW,9
E413,tetT,2
E413,arnA,19
E413,ICR-Mc,1
E413,amrB,10
E413,tetW,9
E413,tet32,3
E413,tetA(48),2
E413,carA,2
E413,multidrug_ABC_transporter,49
E413,dfrC,4
E413,tet36,1
E413,dfrD,1
E413,vgaA,9
E413,dfrE,2
E413,vgaB,2
E413,dfrF,3
E413,dfrG,4
E413,TaeA,2
E413,vgaD,2
E413,vgaE,3
E413,catB,19
E413,transcriptional_regulatory_protein_CpxR_cpxR,11
E413,dfrK,4
E413,OXA-663,1
E413,AER-1,1
E413,oleB,1
E413,tetB(46),1
E413,srmB,2
E413,sul1,2
E413,oleC,1
E413,CARB,13
E413,OXA-240,1
E413,OXA-454,1
E413,dfrA15b,2
E413,eptA,1
E413,OXA-246,1
E413,PvrR,3
E413,rpoB2,3
E413,ompR,29
E413,OXA-10,1
E413,rphB,1
E413,OXA-11,1
E413,PSE-1,4
E413,adeR,2
E413,catB3,1
E413,OXA-14,1
E413,ugd,2
E413,OXA-16,1
E413,OXA-17,1
E413,optrA,2
E413,ceoB,4
E413,bacA,25
E413,dfrA20,3
E413,dfrA21,2
E413,SHV-25,5
E413,dfrA22,2
E413,MuxB,1
E413,dfrB1,15
E413,catB10,1
E413,dfrB2,8
E413,dfrA25,2
E413,class_A,3
E413,dfrB3,4
E416,aph(3'')-I,4
E416,OXA,349
E416,chloramphenicol_and_florfenicol_resistance,20
E416,CMY-133,12
E416,OXA-10,13
E416,OXA-11,13
E416,bacA,827
E416,OXA-14,13
E416,chloramphenicol_exporter,160
E416,OXA-16,13
E416,OXA-17,10
E416,AER-1,1
E416,basS,46
E416,mycinamicin-resistance_protein_myrB,1
E416,kdpE,55
E416,lsaA,1
E416,lsaC,14
E416,lsaE,31
E416,ADP-ribosylating_transferase_arr,5
E416,OXA-454,14
E416,OXA-142,10
E416,OpmB,8
E416,OpmD,7
E416,tlrB_conferring_tylosin_resistance,10
E416,OpmH,5
E416,mefA,280
E416,erm(36),3
E416,mefC,2
E416,tet(L),8
E416,puromycin_resistance_protein,3
E416,abeM,13
E416,clbA,18
E416,clbB,18
E416,clbC,19
E416,abeS,16
E416,TEM-92,3
E416,TEM-93,1
E416,TEM-52,3
E416,TEM-94,3
E416,qacA,6
E416,macA,514
E416,macB,8950
E416,qacB,26
E416,rphA,14
E416,rphB,22
E416,transcriptional_regulatory_protein_CpxR_cpxR,697
E416,qacG,45
E416,blt,2
E416,qacH,15
E416,Vibrio_cholerae_varG,1
E416,vgaA,322
E416,vgaB,62
E416,vgaD,56
E416,vgaE,58
E416,CMY-40,6
E416,CMY-42,3
E416,lnuB,12
E416,lnuC,2
E416,CMY-46,6
E416,lnuD,2
E416,EmrB-QacA_family_major_facilitator_transporter,143
E416,lnuF,4
E416,lnuG,4
E416,AAC(3)-Ib/AAC(6')-Ib'',2
E416,OXA-224,4
E416,bpeF,43
E416,penA,954
E416,arlS,46
E416,efpA,3
E416,THIN-B,1
E416,aac(3)-VI,2
E416,fosB,4
E416,otr(B),4
E416,Listeria_monocytogenes_mprF,2
E416,ADC-12,4
E416,VatI,3
E416,ADC-13,5
E416,ADC-14,3
E416,vanHB,28
E416,cmlA,16
E416,ErmB,10
E416,ADC-16,5
E416,ErmC,3
E416,vanTG,32
E416,ADC-17,4
E416,vanXI,1
E416,ADC-18,2
E416,ADC-19,4
E416,vanTrL,19
E416,TEM,2
E416,fosX,21
E416,cdeA,8
E416,BIL-1,3
E416,catB,174
E416,ErmT,4
E416,dfrA15b,11
E416,PBP-1A,446
E416,PBP-1B,151
E416,tet32,79
E416,tet34,9
E416,tet35,3
E416,tet36,32
E416,tet37,2
E416,tet39,3
E416,msrA,578
E416,msrC,327
E416,msbA,80
E416,msrE,46
E416,apmA,1
E416,Erm(30),1
E416,ampC,4
E416,Escherichia_coli_mdfA,1
E416,CTX-M-110,2
E416,CTX-M-38,2
E416,evgS,114
E416,CTX-M-113,2
E416,RTG-4,2
E416,RTG-5,1
E416,adeA,3
E416,adeB,257
E416,adeC,57
E416,aadA,45
E416,adeF,4
E416,adeH,8
E416,adeI,9
E416,aadE,1
E416,adeJ,26
E416,adeK,16
E416,aac(3)-I,23
E416,adeL,30
E416,fmtC,91
E416,TriA,6
E416,TriB,1
E416,adeN,5
E416,TriC,20
E416,aadK,24
E416,adeR,67
E416,adeS,43
E416,TolC,497
E416,vanXYL,6
E416,CMY-102,3
E416,tetA(46),51
E416,aac(3)-X,1
E416,catB10,8
E416,CMY-108,15
E416,ceoB,23
E416,RlmA(II),8
E416,rosA,70
E416,rosB,504
E416,aph(2'')-III,1
E416,aph(3')-IIb,9
E416,Staphylococcys,10
E416,ADC-1,1
E416,opmD,11
E416,Staphylococcus,4
E416,opmE,4
E416,ADC-2,5
E416,ADC-3,4
E416,ADC-4,1
E416,APH(3')-VIa,1
E416,ADC-5,5
E416,ADC-6,1
E416,ompF,119
E416,ADC-7,5
E416,sdiA,75
E416,ompR,1259
E416,salA,62
E416,APH(6)-Id,1
E416,CMX,20
E416,Erm(42),1
E416,Acinetobacter_baumannii_ampC_beta-lactamase,5
E416,KLUY-2,1
E416,OprA,21
E416,aadA25,1
E416,Brucella_suis_mprF,3
E416,bcr-1,7
E416,mef(B),4
E416,sdeY,1
E416,DNA-binding_transcriptional_regulator_gadX,32
E416,gadW,2
E416,gadX,4
E416,patA,89
E416,catB3,12
E416,patB,20
E416,mecA,235
E416,mecB,10
E416,mecC,9
E416,mecD,9
E416,aac(3)-Ib-aac(6')-Ib,1
E416,OprZ,6
E416,poxtA,102
E416,metallo-beta-lactamase,21
E416,chloramphenicol_and_florfenicol_exporter,5
E416,TEM-20,3
E416,TEM-21,3
E416,ANT(3'')-Ii-AAC(6')-IId,8
E416,bmr,2
E416,MexG,1
E416,TaeA,107
E416,MexJ,12
E416,MexK,23
E416,MexL,8
E416,CTX-M-5,1
E416,SAT-2,1
E416,SAT-4,1
E416,vatA,1
E416,MexS,6
E416,vatB,18
E416,vatC,3
E416,vatD,1
E416,MexV,3
E416,vatE,12
E416,vatF,3
E416,vatG,6
E416,MexZ,1
E416,CMY-53,3
E416,CMY-12,6
E416,ermA,13
E416,ermB,28
E416,CMY-55,9
E416,ereA,10
E416,ermC,33
E416,CMY-56,7
E416,CMY-15,3
E416,ereB,2
E416,CMY-16,6
E416,ermE,2
E416,CMY-99,4
E416,ermF,22
E416,ermG,5
E416,truncated_putative_response_regulator_ArlR,606
E416,OXA-233,10
E416,SRT-1,1
E416,SRT-2,2
E416,bacterial_regulatory_protein_LuxR,43
E416,efmA,5
E416,ermT,11
E416,CMY-2,4
E416,CMY-5,12
E416,CMY-6,3
E416,CMY-7,3
E416,SFH-1,1
E416,tetB(48),1
E416,vanYA,7
E416,ADC-20,4
E416,ADC-21,5
E416,ADC-22,4
E416,ADC-23,3
E416,ADC-25,5
E416,cmeB,156
E416,Staphylococcus_mupA_conferring_resistance_to_mupirocin,53
E416,floR,97
E416,srmB,83
E416,cystathionine_beta-lyase_patB,203
E416,major_facilitator_superfamily_transporter,117
E416,tet41,3
E416,tet43,2
E416,golS,9
E416,tet44,28
E416,MCR-1,30
E416,MCR-2,15
E416,MCR-3,15
E416,MCR-4,16
E416,MCR-5,13
E416,tolC,9
E416,OXA-663,13
E416,APH(3')-IX,1
E416,aph(3''')-III,5
E416,CTX-M-84,2
E416,LlmA_23S_ribosomal_RNA_methyltransferase,3
E416,class_A,21
E416,class_B,7
E416,PBP-2X,236
E416,emeA,1
E416,tlcC,107
E416,class_C,94
E416,CTX-M-48,2
E416,CTX-M-122,2
E416,APH(3')-Ia,2
E416,CTX-M-125,2
E416,linG,4
E416,mdfA,254
E416,CMY-118,18
E416,CMY-119,4
E416,MvaT,3
E416,OXA-31,2
E416,cmlA1,17
E416,oprA,26
E416,OXA-33,4
E416,OXA-74,9
E416,oprC,14
E416,ANT(6)-Ia,1
E416,cmlA4,17
E416,cmlA5,19
E416,cmlA6,17
E416,oprJ,101
E416,smeB,18
E416,smeC,13
E416,oprM,295
E416,smeE,26
E416,oprN,258
E416,smeF,133
E416,two-component_system_response_regulator_EvgA,8
E416,baeR,99
E416,dfrA12,205
E416,baeS,99
E416,dfrA13,15
E416,dfrA14,51
E416,dfrA15,26
E416,dfrA16,2
E416,dfrA17,10
E416,CRP,11
E416,smeR,88
E416,smeS,75
E416,Erm(47),1
E416,TEM-112,3
E416,Erm(43),1
E416,TEM-113,3
E416,QepA1,8
E416,CfxA3,1
E416,QepA2,8
E416,mexA,78
E416,mexB,187
E416,mexC,9
E416,mepA,253
E416,mexD,243
E416,mexE,383
E416,mexF,716
E416,mexG,1
E416,erm(34),2
E416,aadA9,1
E416,mexH,104
E416,mexI,38
E416,AxyY,4
E416,mexM,1
E416,mexN,12
E416,tetB(60),49
E416,mexP,3
E416,mexQ,7
E416,dfrA1,74
E416,dfrA3,26
E416,mexT,204
E416,dfrA5,24
E416,VEB-1b,4
E416,mexW,209
E416,mexX,153
E416,dfrA8,9
E416,mexY,9
E416,AcrE,3
E416,AcrF,9
E416,PmrF,16
E416,TEM-72,3
E416,cfrC,20
E416,oqxA,2
E416,oqxB,10
E416,AcrS,3
E416,ICR-Mc,14
E416,Moraxella_catarrhalis_M35,4
E416,ramA,2
E416,dfrC,19
E416,dfrD,17
E416,dfrE,15
E416,dfrF,8
E416,APH(3')-IIIa,1
E416,dfrG,20
E416,CMY-61,1
E416,CMY-20,6
E416,CMY-21,12
E416,CMY-63,6
E416,Escherichia_coli_mipA,1
E416,arnA,678
E416,CMY-64,6
E416,CMY-23,3
E416,dfrK,20
E416,CMY-28,7
E416,RbpA,4
E416,CMY-29,18
E416,OXA-240,13
E416,SME-2,1
E416,SME-3,1
E416,OXA-246,13
E416,tetA,156
E416,tetB,43
E416,tetC,8
E416,tetD,8
E416,efrA,61
E416,efrB,51
E416,fusB,3
E416,tetH,1
E416,fusC,1
E416,lsa,741
E416,tetL,32
E416,tetM,441
E416,tetO,216
E416,tetP,179
E416,tetQ,131
E416,MuxA,2
E416,tetR,207
E416,MuxB,11
E416,tetS,32
E416,MuxC,25
E416,tetT,96
E416,tetV,18
E416,ADC-74,1
E416,tetW,766
E416,tetX,34
E416,Bacillus_subtilis_mprF,3
E416,ADC-75,5
E416,cmrA,21
E416,ADC-76,3
E416,bicyclomycin-multidrug_efflux_protein_bcr,422
E416,ADC-77,5
E416,aph(3'')-IV,4
E416,ADC-78,4
E416,ADC-79,5
E416,qepA,33
E416,ADC-39,2
E416,vanRI,112
E416,Serratia_marcescens_Omp1,6
E416,Klebsiella_pneumoniae_OmpK36,5
E416,Klebsiella_pneumoniae_OmpK37,5
E416,Streptococcus_agalactiae_mprF,2
E416,porin_OmpC,4
E416,CFE-1,1
E416,carA,124
E416,DNA-binding_protein_H-NS,10
E416,carO,7
E416,APH(3')-VI,2
E416,myrA,11
E416,hmrM,2
E416,lrfA,11
E416,Bacillus_Cluster_B_intrinsic_mph,1
E416,APH(3')-IIa,2
E416,cAMP-regulatory_protein,198
E416,mecR1,28
E416,NPS-1,1
E416,OXA-320,3
E416,emrA,551
E416,amrB,63
E416,emrB,533
E416,CTX-M-14,2
E416,emrD,102
E416,CTX-M-130,2
E416,emrE,151
E416,CTX-M-17,2
E416,OXA-368,9
E416,emrK,93
E416,tcmA,97
E416,mdsA,3
E416,mdsB,14
E416,APH(3')-VIII,1
E416,mdsC,13
E416,emrR,1
E416,VEB-1,7
E416,VEB-2,4
E416,VEB-3,4
E416,VEB-4,4
E416,VEB-5,4
E416,emrY,5
E416,VEB-6,4
E416,VEB-7,4
E416,VEB-8,4
E416,VEB-9,2
E416,mel,62
E416,ANT(3'')-IIa,1
E416,ANT(3'')-IIb,1
E416,hp1181,9
E416,aad(6),1
E416,ANT(3'')-IIc,1
E416,Pseudomonas_aeruginosa_emrE,15
E416,chrB,10
E416,tetA(48),119
E416,LRA,2
E416,farA,6
E416,farB,2
E416,OCH,4
E416,MdtK,6
E416,dfrA20,17
E416,opcM,91
E416,dfrA21,21
E416,dfrA22,21
E416,MCR-1.2,30
E416,MCR-1.3,15
E416,MCR-1.4,15
E416,dfrA24,2
E416,YojI,21
E416,MCR-1.5,15
E416,dfrA25,18
E416,MCR-1.6,15
E416,MCR-1.7,15
E416,MCR-1.8,15
E416,MCR-1.9,15
E416,dfrA29,15
E416,mtrA,124
E416,blaR1,4
E416,mtrD,6
E416,mtrE,294
E416,lmrA,7
E416,lmrB,104
E416,Erm(44),3
E416,lmrC,83
E416,lmrD,85
E416,NmcR,12
E416,LCR-1,2
E416,mtrR,63
E416,aph(3')-VII,1
E416,lmrP,2
E416,CTX-M,15
E416,erm(35),3
E416,blaI,5
E416,bcrA,4755
E416,bcrC,2
E416,tap,1
E416,tet(K),5
E416,multidrug_ABC_transporter,5932
E416,dfrA2d,2
E416,aac(3)-VII,1
E416,omp36,20
E416,PvrR,47
E416,cipA,5
E416,marA,3
E416,otrA,31
E416,PSE-1,4
E416,otrC,33
E416,arr-4,1
E416,arr-5,1
E416,Clostridium_perfringens_mprF,1
E416,arr-7,1
E416,arr-8,1
E416,PER,8
E416,Bacillus_Cluster_A_intrinsic_mph,1
E416,marR,447
E416,CARB,15
E416,aph(6)-I,25
E416,aac(3)-IIIa,1
E416,aph(3')-I,42
E416,aac(3)-VIII,3
E416,vanA,157
E416,vanB,172
E416,vanC,108
E416,vanD,413
E416,vanE,36
E416,vanG,123
E416,vanH,633
E416,vanI,20
E416,CMY-34,4
E416,CMY-35,1
E416,aph(3')-V,3
E416,vanL,12
E416,CMY-77,3
E416,vanM,7
E416,vanN,24
E416,optrA,101
E416,OXA-251,13
E416,vanR,3640
E416,vanS,1207
E416,vanT,85
E416,vanU,6
E416,OXA-256,13
E416,vanW,35
E416,vanX,43
E416,ugd,14
E416,vanY,148
E416,OXA-1,2
E416,vanZ,4
E416,OXA-4,4
E416,acrA,258
E416,acrB,759
E416,tet(W/N/W),18
E416,acrD,6
E416,acrF,7
E416,norA,19
E416,norB,18
E416,cpxA,75
E416,ADC-80,5
E416,tetB(46),43
E416,ADC-81,1
E416,sul1,53
E416,ADC-82,1
E416,ADC-41,5
E416,sul2,525
E416,ADC-42,4
E416,sul3,36
E416,ADC-43,5
E416,sul4,26
E416,ykkC,112
E416,ADC-44,4
E416,ykkD,71
E416,LAT-1,3
E416,MCR-1.10,15
E416,MCR-1.11,15
E416,vanWI,1
E416,MCR-1.12,15
E416,MCR-1.13,15
E416,vanKI,3
E416,kasugamycin_resistance_protein_ksgA,408
E416,aac(3)-IV,3
E416,rpoB2,49
E416,tetA(60),40
E416,cob(I)alamin_adenolsyltransferase,250
E416,cat_chloramphenicol_acetyltransferase,43
E416,TLA-1,1
E416,rifampin_monooxygenase,111
E416,TLA-2,2
E416,AAC(3)-VIa,1
E416,TLA-3,1
E416,oleB,80
E416,oleC,90
E416,antibiotic_resistance_rRNA_adenine_methyltransferase,17
E416,eptA,15
E416,mphA,12
E416,tcr3,4
E416,mphC,6
E416,mphD,2
E416,CTX-M-24,2
E416,mphE,1
E416,CTX-M-67,2
E416,mphG,2
E416,Burkholderia_pseudomallei_Omp38,8
E416,mphI,2
E416,LpeB,13
E416,mdtA,314
E416,mdtB,559
E416,mdtC,464
E416,mdtD,318
E416,mdtE,108
E416,mdtF,89
E416,Escherichia_coli_LamB,2
E416,mdtG,101
E416,mdtH,86
E416,Salmonella,16
E416,mdtK,521
E416,mdtL,53
E416,mdtM,32
E416,mdtN,178
E416,mdtO,25
E416,mdtP,106
E417,lrfA,3
E417,class_C,25
E417,tetB(60),5
E417,dfrB6,2
E417,bcr-1,3
E417,dfrA29,2
E417,erm(31),1
E417,Erm(42),1
E417,qacA,5
E417,PDC,21
E417,qacB,19
E417,tlcC,31
E417,Staphylococcus,1
E417,vanTrL,1
E417,emrA,75
E417,mdtA,25
E417,OXA-74,3
E417,erm(33),1
E417,emrB,74
E417,mdtB,97
E417,mdtC,134
E417,Erm(44),3
E417,arr-4,1
E417,OXA-368,3
E417,mdtD,30
E417,emrD,27
E417,arr-5,1
E417,mdtE,2
E417,cpxA,13
E417,patA,15
E417,patB,2
E417,mdtF,6
E417,arr-7,1
E417,EmrB-QacA_family_major_facilitator_transporter,35
E417,cmlA1,6
E417,arr-8,1
E417,hp1181,2
E417,baeR,25
E417,poxtA,30
E417,cmlA4,6
E417,otr(B),2
E417,tet41,3
E417,baeS,21
E417,cmlA5,6
E417,NmcR,1
E417,Staphylococcys,2
E417,cmlA6,6
E417,tet43,2
E417,mel,21
E417,tet44,6
E417,bcrA,1215
E417,mepA,26
E417,chrB,1
E417,vanYA,2
E417,kasugamycin_resistance_protein_ksgA,51
E417,PBP-1A,107
E417,PBP-1B,53
E417,vanA,71
E417,tet(L),6
E417,cAMP-regulatory_protein,18
E417,vanB,108
E417,vanC,12
E417,OXA-1,2
E417,bpeF,13
E417,vanD,86
E417,vanE,5
E417,lmrA,4
E417,vanHB,5
E417,lmrB,28
E417,lsa,171
E417,OXA-4,2
E417,erm(39),1
E417,vanG,17
E417,lmrC,13
E417,OXA-233,2
E417,vanH,90
E417,lmrD,10
E417,emrY,1
E417,vanYG1,2
E417,vanI,3
E417,abcA,3
E417,cmrA,1
E417,vanL,1
E417,golS,1
E417,OXA-251,3
E417,vanM,1
E417,vanN,1
E417,floR,53
E417,tet(59),1
E417,tcmA,21
E417,mecA,9
E417,msrA,127
E417,kdpE,22
E417,OXA-256,3
E417,Burkholderia_pseudomallei_Omp38,2
E417,mecB,10
E417,vanR,715
E417,mecC,1
E417,norA,2
E417,cipA,2
E417,msrC,80
E417,vanS,239
E417,otrA,13
E417,norB,18
E417,OXA,100
E417,rifampin_monooxygenase,32
E417,mecD,3
E417,dfrA2d,2
E417,otrC,9
E417,msrE,13
E417,vatA,1
E417,vatB,5
E417,vatC,1
E417,Laribacter_hongkongensis_ampC_beta-lactamase,1
E417,vanY,53
E417,Streptococcus_agalactiae_mprF,1
E417,vatE,4
E417,evgS,42
E417,vatF,1
E417,acrA,22
E417,tet(42),1
E417,mexB,1
E417,vatG,1
E417,smeB,5
E417,acrB,32
E417,cob(I)alamin_adenolsyltransferase,50
E417,mexC,9
E417,mphE,1
E417,cmeB,119
E417,mexD,72
E417,smeE,3
E417,cdeA,1
E417,mexE,18
E417,dfrA12,44
E417,smeF,4
E417,dfrA13,4
E417,dfrA1,5
E417,mexF,239
E417,MCR-3,1
E417,mexG,1
E417,dfrA14,9
E417,tetA,92
E417,salA,16
E417,Erm(37),1
E417,MCR-4,1
E417,VatI,1
E417,dfrA15,8
E417,dfrA3,4
E417,mexH,75
E417,MCR-5,1
E417,tetC,3
E417,mexI,19
E417,rosB,53
E417,dfrA17,9
E417,dfrA5,3
E417,oprC,4
E417,efpA,3
E417,truncated_putative_response_regulator_ArlR,148
E417,tlrB_conferring_tylosin_resistance,1
E417,TolC,54
E417,dfrA7,2
E417,OprA,2
E417,major_facilitator_superfamily_transporter,28
E417,dfrA8,1
E417,MexJ,1
E417,mexN,6
E417,tetH,9
E417,MexK,5
E417,aph(4)-I,2
E417,OXA-47,2
E417,LRA,1
E417,tetJ,6
E417,mexQ,4
E417,oprJ,15
E417,basS,17
E417,efrA,7
E417,OXA-140,2
E417,tetL,25
E417,smeR,28
E417,ermA,5
E417,efrB,8
E417,ermB,4
E417,TriA,2
E417,Staphylococcus_mupA_conferring_resistance_to_mupirocin,19
E417,smeS,24
E417,mtrA,44
E417,tetM,165
E417,OXA-142,2
E417,mexT,14
E417,ermC,55
E417,mdsB,6
E417,oprM,12
E417,Erm(43),2
E417,mtrC,1
E417,TriC,4
E417,tetO,119
E417,vanRI,29
E417,ampC,1
E417,macA,99
E417,ermE,6
E417,tetA(46),3
E417,tetP,90
E417,ErmB,6
E417,mexW,76
E417,MexS,2
E417,tetQ,77
E417,macB,3023
E417,ErmC,3
E417,mexX,5
E417,tetR,25
E417,mexY,11
E417,tetS,9
E417,ermH,2
E417,lsaC,7
E417,arnA,100
E417,MexV,1
E417,vanTG,1
E417,tetT,38
E417,erm(34),1
E417,tetV,14
E417,lsaE,4
E417,amrB,51
E417,clbA,3
E417,clbB,2
E417,tet32,21
E417,tetW,176
E417,tetA(48),38
E417,OXA-392,2
E417,clbC,2
E417,carA,40
E417,multidrug_ABC_transporter,1336
E417,opcM,15
E417,myrA,1
E417,ermO,4
E417,dfrC,4
E417,dfrD,2
E417,tet36,8
E417,CRP,1
E417,SRT-2,2
E417,erm(36),1
E417,dfrE,1
E417,vgaA,52
E417,Erm(47),2
E417,dfrF,2
E417,bacterial_regulatory_protein_LuxR,17
E417,vgaB,26
E417,tet(K),4
E417,dfrG,3
E417,ermS,2
E417,tet39,2
E417,ermT,6
E417,OprZ,2
E417,two-component_system_response_regulator_EvgA,3
E417,arlS,6
E417,vgaD,20
E417,TaeA,33
E417,vgaE,20
E417,transcriptional_regulatory_protein_CpxR_cpxR,152
E417,dfrK,3
E417,ErmT,4
E417,OXA-663,3
E417,ermX,10
E417,erm(38),3
E417,chloramphenicol_and_florfenicol_resistance,2
E417,tetB(46),2
E417,antibiotic_resistance_rRNA_adenine_methyltransferase,3
E417,oleB,32
E417,OXA-224,2
E417,oleC,35
E417,srmB,32
E417,QepA1,2
E417,sul2,139
E417,sul3,5
E417,QepA2,2
E417,cfrC,2
E417,OXA-454,3
E417,dfrA15b,3
E417,OXA-240,4
E417,Erm(30),4
E417,sul4,10
E417,PmrF,13
E417,adeB,69
E417,qepA,8
E417,adeC,3
E417,tetB(48),2
E417,oleI,1
E417,eptA,1
E417,OXA-246,3
E417,adeF,3
E417,AxyY,6
E417,penA,243
E417,Salmonella,5
E417,adeJ,3
E417,chloramphenicol_and_florfenicol_exporter,2
E417,YojI,3
E417,BRP(MBL),1
E417,PvrR,5
E417,tcr3,2
E417,tet(W/N/W),5
E417,tetA(60),8
E417,oqxB,5
E417,adeL,5
E417,vanKI,2
E417,rpoB2,24
E417,rphA,11
E417,ompR,253
E417,OXA-10,3
E417,rphB,12
E417,msbA,25
E417,OXA-11,2
E417,efmA,1
E417,adeR,16
E417,PBP-2X,32
E417,bicyclomycin-multidrug_efflux_protein_bcr,75
E417,OpmH,3
E417,mefA,4
E417,adeS,12
E417,OXA-14,2
E417,RbpA,2
E417,ugd,3
E417,OXA-320,2
E417,ADP-ribosylating_transferase_arr,5
E417,OXA-16,3
E417,OXA-17,3
E417,LpeA,1
E417,puromycin_resistance_protein,1
E417,ceoB,16
E417,optrA,28
E417,OXA-31,2
E417,LpeB,5
E417,dfrA20,2
E417,bacA,268
E417,cystathionine_beta-lyase_patB,34
E417,dfrA21,4
E417,OXA-33,2
E417,dfrA22,3
E417,MuxB,4
E417,chloramphenicol_exporter,5
E417,dfrB1,9
E417,MuxC,4
E417,dfrB2,4
E417,dfrA25,2
E417,dfrB3,2
E417,class_A,1
E420,aph(3'')-I,4
E420,OXA,270
E420,CMY-132,6
E420,chloramphenicol_and_florfenicol_resistance,18
E420,CMY-133,9
E420,OXA-10,10
E420,OXA-11,9
E420,bacA,656
E420,OXA-14,9
E420,chloramphenicol_exporter,89
E420,OXA-16,9
E420,OXA-17,6
E420,AER-1,2
E420,basS,35
E420,mycinamicin-resistance_protein_myrB,2
E420,kdpE,52
E420,lsaC,16
E420,lsaE,26
E420,ADP-ribosylating_transferase_arr,5
E420,OXA-454,10
E420,OXA-140,4
E420,OXA-142,5
E420,OpmB,4
E420,OpmD,1
E420,tlrB_conferring_tylosin_resistance,6
E420,OpmH,3
E420,AAC(6')-Ib,4
E420,mefA,147
E420,erm(36),2
E420,mefC,2
E420,mefE,1
E420,tet(L),2
E420,puromycin_resistance_protein,2
E420,abeM,8
E420,clbA,13
E420,clbB,18
E420,clbC,16
E420,abeS,12
E420,TEM-90,3
E420,macA,477
E420,macB,7768
E420,rphA,12
E420,rphB,20
E420,transcriptional_regulatory_protein_CpxR_cpxR,614
E420,qacG,41
E420,blt,2
E420,qacH,13
E420,vgaA,219
E420,vgaB,62
E420,vgaD,48
E420,vgaE,44
E420,lnuB,9
E420,lnuC,2
E420,CMY-46,6
E420,lnuD,2
E420,EmrB-QacA_family_major_facilitator_transporter,84
E420,TEM-215,3
E420,lnuF,3
E420,lnuG,3
E420,TEM-217,3
E420,AAC(3)-Ib/AAC(6')-Ib'',2
E420,OXA-224,6
E420,bpeF,24
E420,penA,892
E420,arlS,29
E420,efpA,3
E420,ADC-12,3
E420,Listeria_monocytogenes_mprF,1
E420,VatI,3
E420,ADC-13,3
E420,ADC-14,2
E420,ADC-15,1
E420,vanHB,23
E420,ErmB,8
E420,ADC-16,3
E420,ErmC,2
E420,ADC-17,3
E420,vanTG,22
E420,ADC-18,1
E420,ADC-19,3
E420,vanTrL,10
E420,TEM,20
E420,cdeA,13
E420,catB,10
E420,ErmT,3
E420,dfrA15b,4
E420,PBP-1A,433
E420,PBP-1B,118
E420,tet32,71
E420,tet34,36
E420,tet35,5
E420,tet36,29
E420,tet37,2
E420,tet39,1
E420,msrA,368
E420,msrC,286
E420,msbA,75
E420,msrE,27
E420,ampC,7
E420,CTX-M-110,6
E420,CTX-M-38,6
E420,evgS,94
E420,CTX-M-113,4
E420,RTG-4,4
E420,RTG-5,2
E420,adeA,3
E420,adeB,86
E420,adeC,42
E420,adeF,3
E420,aadA,45
E420,adeH,3
E420,adeI,6
E420,adeJ,19
E420,adeK,11
E420,adeL,32
E420,aac(3)-I,23
E420,TriA,3
E420,ACC-5,1
E420,adeN,2
E420,TriC,20
E420,adeR,45
E420,adeS,29
E420,TolC,429
E420,vanXYL,2
E420,tetA(46),39
E420,CMY-108,6
E420,ceoB,23
E420,RlmA(II),4
E420,rosA,60
E420,rosB,374
E420,Staphylococcys,7
E420,opmD,2
E420,Staphylococcus,1
E420,opmE,1
E420,ADC-2,3
E420,ADC-3,3
E420,ADC-4,1
E420,ADC-5,3
E420,ADC-6,1
E420,ompF,34
E420,ADC-7,3
E420,sdiA,26
E420,ompR,1097
E420,salA,46
E420,ROB-1,1
E420,GES-2,1
E420,APH(6)-Id,1
E420,TEM-183,3
E420,CMX,1
E420,GES-4,1
E420,Acinetobacter_baumannii_ampC_beta-lactamase,3
E420,Erm(42),1
E420,GES-5,1
E420,GES-6,1
E420,KLUY-2,2
E420,TEM-106,3
E420,KLUY-3,1
E420,GES-9,1
E420,TEM-148,3
E420,OprA,17
E420,aadA25,1
E420,Brucella_suis_mprF,2
E420,bcr-1,7
E420,mef(B),1
E420,sdeY,1
E420,Vibrio_cholerae_OmpU,1
E420,DNA-binding_transcriptional_regulator_gadX,24
E420,gadW,1
E420,gadX,3
E420,patA,50
E420,catB3,1
E420,patB,20
E420,mecA,219
E420,mecB,8
E420,mecC,6
E420,mecD,5
E420,PC1,2
E420,aac(3)-Ib-aac(6')-Ib,2
E420,OprZ,10
E420,poxtA,77
E420,ANT(3'')-Ii-AAC(6')-IId,12
E420,bmr,2
E420,SHV,4
E420,TaeA,96
E420,MexJ,7
E420,MexK,27
E420,MexL,4
E420,CTX-M-5,1
E420,MexS,6
E420,vatA,2
E420,vatB,27
E420,vatC,3
E420,MexV,1
E420,vatD,1
E420,vatE,12
E420,GES-11,1
E420,vatF,2
E420,vatG,3
E420,GES-13,1
E420,MexZ,2
E420,GES-14,1
E420,GES-15,1
E420,GES-16,1
E420,ermA,12
E420,GES-17,1
E420,CMY-13,9
E420,ermB,25
E420,CMY-55,6
E420,ereA,20
E420,ermC,15
E420,GES-19,1
E420,CMY-56,6
E420,ereB,2
E420,ermE,4
E420,CMY-99,3
E420,ermF,14
E420,ermG,5
E420,truncated_putative_response_regulator_ArlR,480
E420,OXA-233,6
E420,bacterial_regulatory_protein_LuxR,26
E420,efmA,1
E420,ermT,9
E420,CMY-2,4
E420,CMY-5,6
E420,CMY-7,3
E420,vanYA,2
E420,ADC-20,3
E420,ADC-21,3
E420,ADC-22,3
E420,ADC-23,2
E420,ADC-25,3
E420,cmeB,206
E420,Staphylococcus_mupA_conferring_resistance_to_mupirocin,46
E420,floR,34
E420,srmB,62
E420,cystathionine_beta-lyase_patB,123
E420,major_facilitator_superfamily_transporter,69
E420,tet40,3
E420,tet41,1
E420,golS,15
E420,tet44,18
E420,MCR-1,22
E420,SHV-64,5
E420,MCR-2,11
E420,MCR-3,11
E420,MCR-4,10
E420,MCR-5,10
E420,tolC,5
E420,OXA-663,10
E420,OXA-392,4
E420,CTX-M-84,3
E420,class_A,63
E420,LlmA_23S_ribosomal_RNA_methyltransferase,4
E420,CTX-M-160,2
E420,class_C,40
E420,PBP-2X,147
E420,emeA,1
E420,tlcC,81
E420,CTX-M-48,4
E420,CTX-M-121,2
E420,CTX-M-122,6
E420,CTX-M-125,6
E420,linG,3
E420,mdfA,82
E420,aac(6')-I,17
E420,CMY-118,10
E420,CMY-119,6
E420,aac(6')-30-aac(6')-Ib',1
E420,OXA-31,6
E420,cmlA1,7
E420,oprA,18
E420,OXA-33,6
E420,OXA-74,6
E420,oprC,8
E420,cmlA4,7
E420,cmlA5,7
E420,cmlA6,7
E420,oprJ,129
E420,smeB,23
E420,smeC,14
E420,smeD,4
E420,oprM,268
E420,smeE,19
E420,oprN,106
E420,smeF,94
E420,two-component_system_response_regulator_EvgA,5
E420,baeR,82
E420,dfrA12,132
E420,baeS,78
E420,dfrA13,12
E420,dfrA14,24
E420,dfrA15,9
E420,dfrA16,1
E420,dfrA17,2
E420,CRP,3
E420,smeR,61
E420,smeS,48
E420,TEM-110,3
E420,TEM-196,3
E420,TEM-156,1
E420,ant(3'')-Ih-aac(6')-IId,3
E420,QepA1,2
E420,CfxA2,22
E420,QepA2,2
E420,CfxA3,2
E420,mexA,108
E420,mexB,82
E420,mexC,23
E420,CfxA6,2
E420,mepA,243
E420,mexD,166
E420,mexE,203
E420,mexF,304
E420,erm(34),1
E420,aadA9,1
E420,mexI,30
E420,AxyX,1
E420,AxyY,4
E420,abcA,2
E420,mexM,1
E420,mexN,12
E420,tetB(60),40
E420,mexQ,5
E420,dfrA1,25
E420,dfrA3,19
E420,mexT,90
E420,dfrA5,9
E420,AAC(6')-Ib10,3
E420,mexW,166
E420,VEB-1b,8
E420,mexX,115
E420,dfrA8,9
E420,mexY,3
E420,AcrE,3
E420,AcrF,5
E420,PmrF,13
E420,cfrC,18
E420,oqxA,2
E420,oqxB,4
E420,AcrS,4
E420,ICR-Mc,11
E420,OKP-A,15
E420,Moraxella_catarrhalis_M35,2
E420,ramA,2
E420,dfrC,14
E420,GES-20,1
E420,GES,1
E420,dfrD,12
E420,GES-21,1
E420,dfrE,11
E420,dfrF,4
E420,dfrG,13
E420,GES-24,1
E420,CMY-61,4
E420,CMY-20,9
E420,CMY-21,6
E420,CMY-63,6
E420,Escherichia_coli_mipA,1
E420,arnA,532
E420,CMY-64,3
E420,dfrK,15
E420,CMY-28,4
E420,RbpA,2
E420,CMY-29,6
E420,OXA-240,10
E420,OXA-246,10
E420,tetA,76
E420,tetB,32
E420,tetC,4
E420,tetD,2
E420,efrA,51
E420,efrB,44
E420,fusC,1
E420,lsa,624
E420,tetL,17
E420,tetM,314
E420,tetO,211
E420,tetP,195
E420,tetQ,175
E420,MuxA,1
E420,tetR,228
E420,MuxB,10
E420,tetS,39
E420,MuxC,23
E420,tetT,98
E420,tetV,7
E420,tetW,677
E420,ADC-75,3
E420,tetX,27
E420,Bacillus_subtilis_mprF,1
E420,cmrA,9
E420,ADC-76,1
E420,ADC-77,3
E420,bicyclomycin-multidrug_efflux_protein_bcr,325
E420,ADC-79,3
E420,tet(40),1
E420,ADC-39,3
E420,qepA,8
E420,vanRI,86
E420,Serratia_marcescens_Omp1,1
E420,Streptococcus_agalactiae_mprF,1
E420,carA,88
E420,DNA-binding_protein_H-NS,10
E420,carO,3
E420,myrA,6
E420,AAC(6')-Ib',1
E420,hmrM,2
E420,SHV-72,5
E420,SHV-74,5
E420,lrfA,2
E420,Bacillus_Cluster_B_intrinsic_mph,2
E420,APH(3')-IIa,1
E420,cAMP-regulatory_protein,54
E420,mecR1,48
E420,AAC(6')-Ib4,4
E420,NPS-1,2
E420,OXA-320,6
E420,AAC(6')-Ib7,4
E420,emrA,294
E420,CTX-M-13,4
E420,AAC(6')-Ib8,5
E420,amrB,58
E420,emrB,325
E420,AAC(6')-Ib9,3
E420,CTX-M-14,5
E420,emrD,52
E420,CTX-M-130,6
E420,emrE,182
E420,CTX-M-17,2
E420,OXA-368,6
E420,CTX-M-134,2
E420,emrK,32
E420,tcmA,2
E420,mdsB,8
E420,mdsC,16
E420,ACI-1,1
E420,emrR,1
E420,VEB-1,12
E420,VEB-2,7
E420,VEB-3,7
E420,VEB-4,7
E420,VEB-5,7
E420,emrY,1
E420,VEB-6,7
E420,HERA-1,1
E420,VEB-7,8
E420,VEB-8,7
E420,VEB-9,4
E420,mel,49
E420,ANT(3'')-IIa,1
E420,ANT(3'')-IIb,1
E420,hp1181,10
E420,ANT(3'')-IIc,1
E420,Pseudomonas_aeruginosa_emrE,13
E420,chrB,7
E420,tetA(48),111
E420,LRA,3
E420,farA,5
E420,farB,5
E420,OXA-47,4
E420,MdtK,5
E420,dfrA20,12
E420,opcM,47
E420,dfrA21,15
E420,dfrA22,16
E420,MCR-1.2,22
E420,MCR-1.3,11
E420,MCR-1.4,11
E420,dfrA24,2
E420,YojI,25
E420,MCR-1.5,11
E420,dfrA25,8
E420,MCR-1.6,11
E420,MCR-1.7,11
E420,MCR-1.8,11
E420,dfrA29,6
E420,MCR-1.9,11
E420,mtrA,114
E420,blaR1,8
E420,mtrC,3
E420,mtrD,8
E420,mtrE,197
E420,lmrB,97
E420,Erm(44),2
E420,lmrC,75
E420,lmrD,58
E420,NmcR,15
E420,mtrR,82
E420,LCR-1,4
E420,lmrP,1
E420,CTX-M,37
E420,erm(35),1
E420,blaI,4
E420,bcrA,4261
E420,bcrC,2
E420,tet(K),3
E420,multidrug_ABC_transporter,4948
E420,PvrR,46
E420,cipA,6
E420,marA,1
E420,SHV-168,5
E420,otrA,19
E420,PSE-1,3
E420,otrC,21
E420,arr-4,1
E420,arr-5,1
E420,Clostridium_perfringens_mprF,1
E420,arr-7,1
E420,arr-8,1
E420,PER,23
E420,Bacillus_Cluster_A_intrinsic_mph,1
E420,marR,155
E420,CARB,21
E420,aph(6)-I,25
E420,aph(3')-I,12
E420,vanA,126
E420,vanB,110
E420,vanC,80
E420,vanD,352
E420,vanE,18
E420,vanG,72
E420,vanH,528
E420,vanI,12
E420,CMY-34,4
E420,aph(3')-V,3
E420,vanL,5
E420,CMY-77,3
E420,vanM,2
E420,vanN,9
E420,optrA,92
E420,TEM-207,3
E420,OXA-251,10
E420,vanR,2897
E420,vanS,1038
E420,vanT,78
E420,vanU,7
E420,OXA-256,10
E420,ugd,10
E420,vanX,26
E420,vanY,72
E420,OXA-1,4
E420,vanZ,8
E420,OXA-4,6
E420,acrA,289
E420,acrB,781
E420,tet(W/N/W),14
E420,acrD,8
E420,acrF,6
E420,norA,19
E420,cpxA,43
E420,ADC-80,2
E420,tetB(46),35
E420,sul1,31
E420,ADC-41,3
E420,sul2,319
E420,ADC-42,1
E420,sul3,28
E420,ADC-43,3
E420,sul4,17
E420,ykkC,58
E420,ADC-44,3
E420,ykkD,36
E420,MCR-1.10,11
E420,MCR-1.11,11
E420,vanWI,1
E420,MCR-1.12,11
E420,MCR-1.13,11
E420,kasugamycin_resistance_protein_ksgA,339
E420,rpoB2,43
E420,tetA(60),36
E420,cob(I)alamin_adenolsyltransferase,225
E420,cat_chloramphenicol_acetyltransferase,2
E420,rifampin_monooxygenase,27
E420,TLA-1,4
E420,TLA-2,3
E420,TLA-3,4
E420,oleB,73
E420,oleC,74
E420,antibiotic_resistance_rRNA_adenine_methyltransferase,12
E420,SHV-86,5
E420,eptA,12
E420,mphA,18
E420,CTX-M-21,2
E420,mphB,2
E420,mphC,12
E420,mphD,3
E420,CTX-M-24,6
E420,mphE,1
E420,CTX-M-67,6
E420,mphG,3
E420,Burkholderia_pseudomallei_Omp38,10
E420,mphI,3
E420,LpeB,4
E420,mdtA,241
E420,mdtB,438
E420,mdtC,425
E420,mdtD,204
E420,mdtE,59
E420,mdtF,83
E420,Escherichia_coli_LamB,1
E420,mdtG,76
E420,Salmonella,7
E420,mdtK,420
E420,mdtL,60
E420,mdtM,26
E420,mdtN,101
E420,mdtO,25
E420,mdtP,102
E425,aph(3'')-I,4
E425,OXA,191
E425,CMY-132,3
E425,chloramphenicol_and_florfenicol_resistance,16
E425,CMY-133,3
E425,OXA-10,6
E425,OXA-11,4
E425,bacA,775
E425,OXA-14,4
E425,chloramphenicol_exporter,80
E425,OXA-16,5
E425,OXA-17,5
E425,AER-1,1
E425,basS,39
E425,mycinamicin-resistance_protein_myrB,1
E425,kdpE,48
E425,lsaC,16
E425,lsaE,35
E425,ADP-ribosylating_transferase_arr,10
E425,OXA-454,6
E425,OXA-140,2
E425,OXA-142,4
E425,OpmB,3
E425,OpmD,3
E425,tlrB_conferring_tylosin_resistance,1
E425,OpmH,13
E425,mefA,88
E425,mefC,4
E425,tet(L),4
E425,puromycin_resistance_protein,8
E425,abeM,5
E425,clbA,9
E425,clbB,17
E425,clbC,17
E425,abeS,13
E425,TEM-90,3
E425,macA,433
E425,qacA,8
E425,macB,6984
E425,qacB,31
E425,rphA,12
E425,rphB,26
E425,transcriptional_regulatory_protein_CpxR_cpxR,631
E425,qacG,52
E425,blt,1
E425,qacH,14
E425,vgaA,253
E425,vgaB,61
E425,vgaD,50
E425,vgaE,50
E425,lnuB,6
E425,CMY-46,3
E425,AAC(2')-Ie,1
E425,EmrB-QacA_family_major_facilitator_transporter,118
E425,TEM-215,3
E425,lnuF,2
E425,lnuG,2
E425,TEM-217,3
E425,AAC(3)-Ib/AAC(6')-Ib'',2
E425,OXA-224,2
E425,bpeE,2
E425,bpeF,57
E425,penA,1057
E425,arlS,24
E425,efpA,10
E425,otr(B),1
E425,ADC-12,1
E425,Listeria_monocytogenes_mprF,1
E425,ADC-13,1
E425,VatI,3
E425,vanHB,12
E425,cmlA,24
E425,ErmB,4
E425,ADC-16,1
E425,ErmC,1
E425,ADC-17,1
E425,vanTG,18
E425,tet(42),2
E425,vanXI,4
E425,ADC-19,1
E425,vanTrL,8
E425,TEM,20
E425,cdeA,3
E425,catB,29
E425,ErmT,1
E425,dfrA15b,1
E425,PBP-1A,564
E425,PBP-1B,147
E425,tet31,1
E425,tet32,75
E425,tet34,9
E425,tet36,32
E425,tet37,1
E425,tet39,5
E425,msrA,409
E425,msrC,350
E425,msbA,60
E425,msrE,24
E425,CTX-M-30,3
E425,Erm(30),3
E425,ampC,7
E425,CTX-M-36,3
E425,CTX-M-111,2
E425,evgS,115
E425,adeA,2
E425,adeB,221
E425,adeC,42
E425,aadA,22
E425,adeF,4
E425,adeG,1
E425,adeH,4
E425,adeI,6
E425,adeJ,11
E425,aadE,1
E425,adeK,16
E425,adeL,33
E425,aac(3)-I,23
E425,TriA,6
E425,ACC-5,1
E425,adeN,1
E425,TriC,22
E425,adeR,52
E425,adeS,26
E425,TolC,644
E425,tetA(46),32
E425,catB10,2
E425,CMY-108,3
E425,ceoB,37
E425,rosA,50
E425,rosB,501
E425,aph(3')-IIb,4
E425,Staphylococcys,8
E425,opmD,6
E425,ADC-2,1
E425,opmE,3
E425,ADC-3,1
E425,ADC-5,1
E425,ADC-7,1
E425,sdiA,25
E425,ompR,1295
E425,salA,53
E425,APH(6)-Id,1
E425,TEM-183,3
E425,Acinetobacter_baumannii_ampC_beta-lactamase,1
E425,TEM-106,3
E425,TEM-148,3
E425,OprA,26
E425,Brucella_suis_mprF,2
E425,bcr-1,16
E425,mef(B),3
E425,sdeY,1
E425,patA,55
E425,catB3,2
E425,patB,6
E425,mecA,128
E425,mecB,11
E425,mecC,5
E425,mecD,10
E425,aac(3)-Ib-aac(6')-Ib,1
E425,OprZ,14
E425,AAC(6')-Ie-APH(2'')-Ia,3
E425,poxtA,87
E425,chloramphenicol_and_florfenicol_exporter,2
E425,ANT(3'')-Ii-AAC(6')-IId,4
E425,TaeA,83
E425,CTX-M-1,3
E425,MexJ,9
E425,MexK,26
E425,MexL,2
E425,CTX-M-9,2
E425,MexS,10
E425,vatA,1
E425,vatB,16
E425,vatC,3
E425,MexV,6
E425,vatD,2
E425,vatE,12
E425,vatF,3
E425,vatG,3
E425,MexZ,2
E425,ermA,11
E425,CMY-13,3
E425,ermB,11
E425,CMY-55,3
E425,ereA,10
E425,ermC,10
E425,CMY-56,3
E425,ereB,2
E425,ermE,9
E425,ermF,7
E425,ermG,1
E425,ermH,1
E425,truncated_putative_response_regulator_ArlR,554
E425,OXA-233,4
E425,ermO,4
E425,bacterial_regulatory_protein_LuxR,35
E425,ermS,1
E425,efmA,2
E425,ermT,3
E425,CMY-2,3
E425,CMY-5,3
E425,Chryseobacterium_meningosepticum_BlaB,1
E425,tetB(48),2
E425,ADC-20,1
E425,ADC-21,1
E425,ADC-22,1
E425,ADC-25,1
E425,cmeA,2
E425,cmeB,215
E425,Staphylococcus_mupA_conferring_resistance_to_mupirocin,47
E425,floR,78
E425,srmB,80
E425,cystathionine_beta-lyase_patB,108
E425,major_facilitator_superfamily_transporter,77
E425,tet41,3
E425,tet43,4
E425,golS,11
E425,tet44,17
E425,MCR-1,34
E425,MCR-2,17
E425,MCR-3,16
E425,MCR-4,16
E425,MCR-5,16
E425,tolC,5
E425,OXA-663,5
E425,CTX-M-42,3
E425,OXA-392,2
E425,class_A,40
E425,LlmA_23S_ribosomal_RNA_methyltransferase,1
E425,CTX-M-160,2
E425,PBP-2X,107
E425,tlcC,87
E425,class_C,72
E425,CTX-M-121,2
E425,CTX-M-122,2
E425,APH(3')-Ia,1
E425,linG,2
E425,mdfA,73
E425,aac(6')-I,2
E425,tet(59),1
E425,CMY-118,6
E425,CMY-119,3
E425,OXA-31,2
E425,cmlA1,17
E425,oprA,21
E425,OXA-33,2
E425,OXA-74,4
E425,oprC,17
E425,cmlA4,17
E425,cmlA5,17
E425,cmlA6,17
E425,AAC(6')-34,1
E425,oprJ,144
E425,smeB,31
E425,smeC,28
E425,oprM,363
E425,smeE,18
E425,oprN,145
E425,smeF,134
E425,two-component_system_response_regulator_EvgA,9
E425,baeR,84
E425,dfrA12,77
E425,baeS,56
E425,dfrA13,8
E425,dfrA14,2
E425,dfrA15,1
E425,dfrA17,1
E425,CRP,5
E425,TUS-1,1
E425,smeR,80
E425,smeS,73
E425,FOX,4
E425,TEM-110,3
E425,Erm(47),1
E425,TEM-196,3
E425,TEM-156,1
E425,ant(3'')-Ih-aac(6')-IId,3
E425,CfxA2,11
E425,QepA1,7
E425,CfxA3,1
E425,QepA2,7
E425,Rhodobacter_sphaeroides_ampC_beta-lactamase,1
E425,mexA,164
E425,mexB,164
E425,CfxA6,1
E425,mexC,20
E425,mepA,145
E425,mexD,486
E425,mexE,285
E425,mexF,404
E425,erm(34),2
E425,thiostrepton_resistance_methylase_tsnR,1
E425,mexH,81
E425,mexI,60
E425,AxyY,2
E425,abcA,3
E425,mexM,1
E425,mexN,18
E425,tetB(60),19
E425,mexQ,10
E425,dfrA1,21
E425,dfrA3,18
E425,mexT,102
E425,dfrA5,1
E425,mexW,271
E425,VEB-1b,2
E425,mexX,69
E425,dfrA8,10
E425,mexY,3
E425,AcrE,3
E425,AcrF,2
E425,PmrF,25
E425,PDC,21
E425,cfrC,16
E425,oqxA,3
E425,oqxB,8
E425,AcrS,3
E425,ICR-Mc,17
E425,MOX,3
E425,dfrC,13
E425,dfrD,5
E425,TRU-1,1
E425,dfrE,3
E425,dfrF,5
E425,dfrG,6
E425,CMY-20,3
E425,CMY-61,1
E425,CMY-21,3
E425,CMY-63,3
E425,arnA,725
E425,dfrK,10
E425,ACT,13
E425,CMY-28,1
E425,RbpA,2
E425,CMY-29,3
E425,OXA-240,5
E425,OXA-246,6
E425,tetA,158
E425,tetB,25
E425,tetC,5
E425,efrA,37
E425,efrB,15
E425,tetH,10
E425,lsa,578
E425,tetJ,7
E425,tetL,17
E425,tetM,365
E425,fusH,4
E425,tetO,212
E425,tetP,191
E425,tetQ,161
E425,MuxA,2
E425,tetR,343
E425,MuxB,11
E425,tetS,22
E425,MuxC,23
E425,tetT,103
E425,tetV,14
E425,tetW,764
E425,ADC-75,1
E425,tetX,2
E425,Bacillus_subtilis_mprF,2
E425,cmrA,8
E425,ADC-76,1
E425,ADC-77,1
E425,bicyclomycin-multidrug_efflux_protein_bcr,554
E425,ADC-78,1
E425,ADC-79,1
E425,ADC-39,1
E425,qepA,32
E425,vanRI,73
E425,Streptococcus_agalactiae_mprF,3
E425,carA,95
E425,carO,1
E425,myrA,1
E425,hmrM,2
E425,lrfA,8
E425,Bacillus_Cluster_B_intrinsic_mph,1
E425,APH(3')-IIa,1
E425,cAMP-regulatory_protein,90
E425,mecR1,9
E425,CTX-M-90,2
E425,CTX-M-51,4
E425,NPS-1,1
E425,CTX-M-12,3
E425,OXA-320,2
E425,emrA,431
E425,amrB,71
E425,emrB,425
E425,emrD,30
E425,CTX-M-130,2
E425,CTX-M-98,2
E425,emrE,172
E425,CTX-M-58,3
E425,OXA-368,4
E425,emrK,32
E425,tcmA,47
E425,mdsB,20
E425,mdsC,25
E425,emrR,1
E425,VEB-1,4
E425,VEB-2,2
E425,VEB-3,2
E425,VEB-4,2
E425,VEB-5,2
E425,emrY,3
E425,VEB-6,2
E425,VEB-7,2
E425,VEB-8,2
E425,VEB-9,1
E425,mel,43
E425,hp1181,12
E425,Pseudomonas_aeruginosa_emrE,11
E425,chrB,1
E425,tetA(48),110
E425,LRA,2
E425,farA,8
E425,farB,5
E425,OCH,1
E425,AQU-1,1
E425,OXA-47,2
E425,dfrA20,13
E425,opcM,109
E425,dfrA21,14
E425,dfrA22,16
E425,MCR-1.2,34
E425,MCR-1.3,17
E425,MCR-1.4,17
E425,dfrA24,2
E425,YojI,20
E425,MCR-1.5,17
E425,dfrA25,3
E425,MCR-1.6,17
E425,MCR-1.7,17
E425,MCR-1.8,17
E425,dfrA29,2
E425,MCR-1.9,17
E425,mtrA,133
E425,mtrC,4
E425,mtrD,16
E425,mtrE,169
E425,pmrA,20
E425,lmrA,9
E425,lmrB,1
E425,Erm(44),1
E425,lmrC,52
E425,lmrD,42
E425,NmcR,13
E425,LCR-1,2
E425,mtrR,68
E425,pgpB,1
E425,blaB,1
E425,CTX-M,14
E425,erm(35),1
E425,blaI,2
E425,bcrA,4065
E425,bcrC,2
E425,tap,1
E425,tet(K),2
E425,dfrB1,9
E425,dfrB2,4
E425,dfrB3,2
E425,multidrug_ABC_transporter,3541
E425,dfrB6,2
E425,BUT-1,1
E425,PvrR,59
E425,otrA,33
E425,otrC,21
E425,arr-4,2
E425,arr-5,2
E425,Clostridium_perfringens_mprF,1
E425,arr-7,2
E425,arr-8,2
E425,Bacillus_Cluster_A_intrinsic_mph,1
E425,marR,199
E425,CARB,3
E425,aph(6)-I,26
E425,aph(3')-I,15
E425,vanA,118
E425,vanB,180
E425,vanC,92
E425,vanD,300
E425,vanE,13
E425,vanG,56
E425,vanH,277
E425,vanI,17
E425,aph(3')-V,3
E425,vanL,3
E425,vanM,3
E425,vanN,3
E425,optrA,80
E425,OXA-251,5
E425,vanR,2316
E425,vanS,724
E425,vanT,42
E425,OXA-256,5
E425,ugd,12
E425,vanX,89
E425,vanY,20
E425,OXA-1,2
E425,OXA-4,2
E425,acrA,230
E425,acrB,730
E425,tet(W/N/W),23
E425,acrD,5
E425,acrF,4
E425,norB,14
E425,cpxA,37
E425,ADC-80,1
E425,tetB(46),21
E425,sul1,33
E425,ADC-41,1
E425,sul2,255
E425,ADC-42,1
E425,sul3,22
E425,ADC-43,1
E425,sul4,19
E425,ykkC,28
E425,ADC-44,1
E425,ykkD,23
E425,MCR-1.10,17
E425,MCR-1.11,17
E425,MCR-1.12,17
E425,MCR-1.13,17
E425,kasugamycin_resistance_protein_ksgA,481
E425,rpoB2,60
E425,tetA(60),20
E425,cob(I)alamin_adenolsyltransferase,250
E425,cat_chloramphenicol_acetyltransferase,10
E425,TLA-1,1
E425,rifampin_monooxygenase,61
E425,bifunctional_aminoglycoside_N-acetyltransferase_and_aminoglycoside_phosphotransferase,2
E425,TLA-3,1
E425,oleB,77
E425,oleC,75
E425,antibiotic_resistance_rRNA_adenine_methyltransferase,8
E425,oleI,1
E425,aac(6')-II,2
E425,eptA,17
E425,CTX-M-60,3
E425,mphA,18
E425,mphC,6
E425,mphD,3
E425,CTX-M-24,1
E425,CTX-M-65,2
E425,mphE,2
E425,CTX-M-67,2
E425,mphG,3
E425,Burkholderia_pseudomallei_Omp38,10
E425,mphI,3
E425,CTX-M-105,2
E425,CTX-M-148,2
E425,LpeB,13
E425,mdtA,445
E425,mdtB,575
E425,mdtC,520
E425,mdtD,125
E425,mdtE,29
E425,mdtF,81
E425,mdtG,14
E425,mdtH,2
E425,Salmonella,17
E425,mdtK,290
E425,mdtL,4
E425,aac(2')-I,7
E425,mdtM,25
E425,mdtN,100
E425,mdtP,106
E426,aph(3'')-I,4
E426,OXA,318
E426,chloramphenicol_and_florfenicol_resistance,23
E426,CMY-133,3
E426,OXA-10,9
E426,OXA-11,7
E426,bacA,1003
E426,IND,3
E426,OXA-14,7
E426,chloramphenicol_exporter,35
E426,OXA-16,7
E426,OXA-17,8
E426,AER-1,1
E426,basS,47
E426,mycinamicin-resistance_protein_myrB,2
E426,kdpE,60
E426,lsaA,1
E426,lsaC,24
E426,lsaE,40
E426,ADP-ribosylating_transferase_arr,30
E426,OXA-454,9
E426,OXA-142,6
E426,HMB-1,2
E426,OpmB,2
E426,OpmD,1
E426,tlrB_conferring_tylosin_resistance,2
E426,IMP-26,2
E426,OpmH,6
E426,mefA,299
E426,erm(36),1
E426,mefC,5
E426,catA8,1
E426,puromycin_resistance_protein,15
E426,abeM,4
E426,catII,1
E426,clbA,21
E426,clbB,19
E426,clbC,20
E426,abeS,9
E426,MUS-1,2
E426,MUS-2,2
E426,macA,570
E426,qacA,12
E426,macB,9332
E426,qacB,45
E426,rphA,11
E426,rphB,14
E426,transcriptional_regulatory_protein_CpxR_cpxR,676
E426,qacG,32
E426,blt,1
E426,qacH,8
E426,VIM-11,1
E426,VIM-14,1
E426,vgaA,369
E426,VIM-15,1
E426,vgaB,69
E426,AIM-1,1
E426,VIM-16,1
E426,VIM-17,1
E426,vgaD,60
E426,vgaE,78
E426,VIM-19,1
E426,NDM-1,2
E426,NDM-2,2
E426,NDM-3,2
E426,NDM-5,2
E426,NDM-6,2
E426,NDM-7,2
E426,CMY-40,3
E426,NDM-8,2
E426,NDM-9,2
E426,lnuA,18
E426,lnuB,6
E426,lnuC,2
E426,lnuD,3
E426,EmrB-QacA_family_major_facilitator_transporter,109
E426,lnuE,2
E426,lnuF,2
E426,lnuG,2
E426,VIM-1,1
E426,rpsD_(ramA_or_sud2),1
E426,VIM-2,1
E426,VIM-3,1
E426,VIM-4,1
E426,OXA-224,4
E426,bpeE,8
E426,VIM-6,1
E426,bpeF,64
E426,penA,805
E426,arlS,34
E426,efpA,9
E426,plasmid-encoded,2
E426,THIN-B,1
E426,fosB,4
E426,otr(B),7
E426,ADC-12,1
E426,ADC-13,1
E426,VatI,8
E426,cmlA,25
E426,vanHB,29
E426,ErmB,4
E426,ADC-16,1
E426,ErmC,2
E426,ADC-17,1
E426,vanTG,28
E426,tet(42),4
E426,ADC-19,1
E426,vanTrL,17
E426,fosX,21
E426,cdeA,7
E426,catA,17
E426,catB,97
E426,ErmT,3
E426,catD,4
E426,catI,2
E426,dfrA15b,4
E426,catP,1
E426,catQ,2
E426,PBP-1A,598
E426,PBP-1B,164
E426,catS,1
E426,tet32,106
E426,tet34,13
E426,catV,2
E426,tet36,58
E426,tet37,6
E426,tet39,6
E426,msrA,801
E426,msrC,424
E426,msbA,74
E426,msrE,44
E426,Erm(30),7
E426,ampC,2
E426,CTX-M-110,2
E426,CTX-M-38,2
E426,evgS,155
E426,CTX-M-113,2
E426,RTG-4,2
E426,RTG-5,1
E426,adeA,6
E426,adeB,341
E426,adeC,42
E426,aadA,22
E426,adeF,10
E426,adeG,1
E426,adeH,1
E426,adeI,4
E426,adeJ,12
E426,aadE,5
E426,adeK,9
E426,adeL,16
E426,TriA,3
E426,adeN,1
E426,TriC,18
E426,aadK,21
E426,adeR,85
E426,adeS,33
E426,TolC,278
E426,vanXYL,3
E426,CMY-102,3
E426,tetA(46),31
E426,catB10,5
E426,CMY-108,3
E426,ceoB,60
E426,RlmA(II),2
E426,rosA,20
E426,rosB,305
E426,aph(3')-IIb,4
E426,Staphylococcys,8
E426,opmD,2
E426,Staphylococcus,4
E426,ADC-2,1
E426,opmE,1
E426,ADC-3,1
E426,ADC-4,1
E426,ADC-5,1
E426,ADC-7,1
E426,ompR,1173
E426,salA,77
E426,GES-2,1
E426,APH(6)-Id,1
E426,CMX,22
E426,Acinetobacter_baumannii_ampC_beta-lactamase,1
E426,Erm(42),2
E426,GES-5,1
E426,KLUY-2,1
E426,GES-8,1
E426,GES-9,1
E426,OprA,13
E426,bcr-1,14
E426,mef(B),7
E426,IMP-38,2
E426,vanYG1,2
E426,patA,75
E426,catB3,10
E426,patB,20
E426,mecA,211
E426,mecB,15
E426,erm(33),1
E426,mecC,11
E426,mecD,13
E426,mecI,3
E426,MSI-1,1
E426,OprZ,9
E426,poxtA,142
E426,metallo-beta-lactamase,30
E426,VIM,5
E426,ANT(3'')-Ii-AAC(6')-IId,4
E426,catIII,3
E426,TaeA,127
E426,VIM-20,1
E426,MexJ,4
E426,MexK,26
E426,MexL,1
E426,VIM-23,1
E426,CTX-M-5,1
E426,VIM-26,1
E426,VIM-27,1
E426,VIM-29,1
E426,MexS,11
E426,vatA,2
E426,vatB,37
E426,vatC,7
E426,vatD,2
E426,MexV,6
E426,vatE,24
E426,GES-11,1
E426,vatF,5
E426,GES-12,1
E426,vatG,8
E426,MexZ,1
E426,GES-14,1
E426,GES-15,1
E426,GES-16,1
E426,ermA,36
E426,GES-17,1
E426,ermB,17
E426,CMY-55,3
E426,ereA,20
E426,ermC,31
E426,CMY-56,3
E426,GES-19,1
E426,ereB,4
E426,ermE,17
E426,ermF,20
E426,ermG,5
E426,ermH,1
E426,truncated_putative_response_regulator_ArlR,631
E426,OXA-233,8
E426,SRT-1,1
E426,ermN,1
E426,ermO,8
E426,bacterial_regulatory_protein_LuxR,38
E426,ermS,4
E426,ermT,9
E426,CMY-2,3
E426,CMY-5,3
E426,ermX,5
E426,Chryseobacterium_meningosepticum_BlaB,3
E426,tetB(48),7
E426,vanYA,5
E426,ADC-20,1
E426,ADC-21,1
E426,ADC-22,1
E426,ADC-25,1
E426,cmeA,1
E426,cmeB,466
E426,Staphylococcus_mupA_conferring_resistance_to_mupirocin,75
E426,floR,47
E426,BJP-1,1
E426,srmB,106
E426,GOB-18,1
E426,cystathionine_beta-lyase_patB,196
E426,major_facilitator_superfamily_transporter,100
E426,tet40,3
E426,tet41,6
E426,tet43,8
E426,golS,6
E426,tet44,37
E426,SHV-62,5
E426,MCR-1,16
E426,GOB-1,1
E426,MCR-2,9
E426,MCR-3,8
E426,SHV-25,5
E426,MCR-4,12
E426,MCR-5,9
E426,tolC,1
E426,OXA-663,9
E426,OXA-392,2
E426,CTX-M-84,2
E426,class_A,30
E426,LlmA_23S_ribosomal_RNA_methyltransferase,7
E426,class_B,4
E426,PBP-2X,195
E426,tlcC,102
E426,class_C,40
E426,CTX-M-48,2
E426,CTX-M-122,2
E426,APH(3')-Ia,1
E426,CTX-M-125,2
E426,linG,2
E426,mdfA,16
E426,CMY-118,6
E426,CMY-119,3
E426,cmlA1,11
E426,oprA,21
E426,OXA-33,4
E426,OXA-74,8
E426,oprC,15
E426,ANT(6)-Ia,1
E426,cmlA4,11
E426,cmlA5,11
E426,cmlA6,11
E426,oprJ,81
E426,smeB,25
E426,smeC,17
E426,smeD,11
E426,oprM,268
E426,smeE,14
E426,oprN,104
E426,smeF,78
E426,two-component_system_response_regulator_EvgA,9
E426,baeR,78
E426,dfrA12,62
E426,baeS,72
E426,dfrA13,5
E426,dfrA14,26
E426,dfrA15,12
E426,dfrA16,6
E426,dfrA17,8
E426,TUS-1,1
E426,CRP,3
E426,smeR,81
E426,smeS,73
E426,TMB-1,1
E426,TMB-2,1
E426,Erm(47),4
E426,ant(3'')-Ih-aac(6')-IId,3
E426,CfxA2,22
E426,QepA1,12
E426,CfxA3,2
E426,QepA2,11
E426,mexA,92
E426,mexB,125
E426,CfxA6,2
E426,mexC,30
E426,mepA,206
E426,mexD,389
E426,mexE,252
E426,erm(38),3
E426,mexF,684
E426,erm(34),2
E426,mexG,1
E426,thiostrepton_resistance_methylase_tsnR,4
E426,mexH,187
E426,mexI,76
E426,AxyX,1
E426,AxyY,5
E426,abcA,1
E426,mexM,1
E426,mexN,26
E426,tetB(60),35
E426,mexP,1
E426,mexQ,7
E426,dfrA1,43
E426,dfrA3,22
E426,mexT,65
E426,dfrA5,12
E426,VEB-1b,3
E426,mexW,406
E426,Bla2,1
E426,mexX,49
E426,dfrA8,11
E426,mexY,2
E426,AcrF,1
E426,PmrF,33
E426,PDC,21
E426,SHV-159,5
E426,cfrC,22
E426,oqxA,2
E426,oqxB,13
E426,AcrS,1
E426,DHA,17
E426,ICR-Mc,8
E426,VIM-31,1
E426,VIM-32,1
E426,VIM-33,1
E426,VIM-34,1
E426,VIM-35,1
E426,MOX,7
E426,VIM-37,1
E426,VIM-39,1
E426,ramA,3
E426,dfrC,19
E426,GES-20,1
E426,dfrD,12
E426,GES-21,1
E426,dfrE,10
E426,GES-22,1
E426,dfrF,6
E426,dfrG,12
E426,CMY-61,1
E426,GES-24,1
E426,CMY-20,3
E426,CMY-21,3
E426,arnA,693
E426,CMY-23,3
E426,dfrK,17
E426,CMY-25,1
E426,RbpA,1
E426,CMY-29,3
E426,Laribacter_hongkongensis_ampC_beta-lactamase,1
E426,OXA-240,9
E426,OXA-246,9
E426,tetA,276
E426,tetB,26
E426,tetC,12
E426,efrA,47
E426,tetD,10
E426,efrB,39
E426,tetG,8
E426,tetH,10
E426,lsa,1027
E426,tetJ,7
E426,tetL,4
E426,tetM,508
E426,tetO,332
E426,tetP,315
E426,tetQ,232
E426,MuxA,3
E426,tetR,104
E426,MuxB,17
E426,tetS,35
E426,MuxC,27
E426,tetT,198
E426,ADC-74,1
E426,tetW,586
E426,ADC-75,1
E426,cmrA,3
E426,ADC-76,1
E426,ADC-77,1
E426,bicyclomycin-multidrug_efflux_protein_bcr,361
E426,tetZ,2
E426,ADC-78,1
E426,ADC-79,1
E426,ADC-39,1
E426,tet(40),1
E426,qepA,48
E426,vanRI,102
E426,Streptococcus_agalactiae_mprF,1
E426,carA,135
E426,myrA,3
E426,Lactobacillus,1
E426,hmrM,2
E426,lrfA,15
E426,Bacillus_Cluster_B_intrinsic_mph,2
E426,APH(3')-IIa,1
E426,cAMP-regulatory_protein,54
E426,mecR1,4
E426,NPS-1,3
E426,OXA-320,2
E426,emrA,221
E426,amrB,45
E426,emrB,401
E426,CTX-M-14,2
E426,emrD,24
E426,CTX-M-130,2
E426,emrE,119
E426,CTX-M-17,2
E426,OXA-368,8
E426,tcmA,60
E426,mdsB,12
E426,mdsC,16
E426,VEB-1,5
E426,VEB-2,3
E426,VEB-3,3
E426,VEB-4,3
E426,VEB-5,3
E426,emrY,4
E426,VEB-6,3
E426,VEB-7,3
E426,HERA-1,1
E426,VEB-8,3
E426,VEB-9,2
E426,mel,70
E426,hp1181,7
E426,aad(6),1
E426,Pseudomonas_aeruginosa_emrE,7
E426,chrB,3
E426,tetA(48),133
E426,LRA,3
E426,farA,2
E426,farB,5
E426,OXA-47,2
E426,MdtK,2
E426,IMP,15
E426,dfrA20,20
E426,opcM,45
E426,dfrA21,9
E426,dfrA22,11
E426,MCR-1.2,16
E426,MCR-1.3,8
E426,MCR-1.4,8
E426,dfrA24,2
E426,YojI,17
E426,MCR-1.5,8
E426,dfrA25,5
E426,MCR-1.6,8
E426,MCR-1.7,8
E426,MCR-1.8,8
E426,MCR-1.9,8
E426,dfrA29,4
E426,mtrA,154
E426,mtrC,2
E426,mtrD,8
E426,mtrE,75
E426,lmrA,14
E426,lmrB,2
E426,Erm(44),3
E426,lmrC,58
E426,lmrD,61
E426,NmcR,8
E426,GIM-1,1
E426,GIM-2,1
E426,LCR-1,4
E426,mtrR,17
E426,pgpB,2
E426,blaB,3
E426,PEDO-3,5
E426,CTX-M,10
E426,erm(39),1
E426,erm(35),2
E426,blaI,2
E426,erm(31),1
E426,bcrA,5232
E426,bcrC,2
E426,bleO,2
E426,tap,1
E426,multidrug_ABC_transporter,5006
E426,aac(3)-VII,1
E426,SHV-121,5
E426,PvrR,53
E426,cipA,12
E426,otrA,75
E426,PSE-1,4
E426,otrC,35
E426,arr-4,6
E426,ccrA,2
E426,arr-5,6
E426,arr-7,6
E426,arr-8,6
E426,IMP-4,2
E426,PER,8
E426,Bacillus_Cluster_A_intrinsic_mph,1
E426,marR,274
E426,VIM-42,1
E426,VIM-43,1
E426,CARB,13
E426,bleomycin_resistance_protein,3
E426,aph(6)-I,25
E426,aph(3')-I,14
E426,vanA,184
E426,vanB,158
E426,vanC,115
E426,vanD,337
E426,vanE,47
E426,vanG,92
E426,vanH,519
E426,vanI,14
E426,CMY-34,3
E426,aph(3')-V,3
E426,vanL,16
E426,SPG-1,1
E426,vanM,12
E426,vanN,27
E426,optrA,126
E426,OXA-251,9
E426,vanR,3383
E426,vanS,1388
E426,vanT,69
E426,vanU,1
E426,OXA-256,9
E426,vanW,11
E426,ugd,13
E426,vanX,72
E426,SMB-1,1
E426,vanY,105
E426,OXA-1,2
E426,OXA-4,4
E426,acrA,112
E426,acrB,518
E426,tet(W/N/W),12
E426,acrD,12
E426,acrF,3
E426,norA,19
E426,norB,2
E426,cpxA,42
E426,ADC-80,1
E426,tetB(46),32
E426,sul1,53
E426,ADC-41,1
E426,sul2,326
E426,sul3,28
E426,ADC-43,1
E426,sul4,30
E426,ykkC,112
E426,ykkD,49
E426,MCR-1.10,8
E426,MCR-1.11,8
E426,vanWI,1
E426,MCR-1.12,8
E426,MCR-1.13,8
E426,vanKI,6
E426,kasugamycin_resistance_protein_ksgA,462
E426,rpoB2,82
E426,tetA(60),31
E426,cob(I)alamin_adenolsyltransferase,250
E426,cat_chloramphenicol_acetyltransferase,52
E426,TLA-1,1
E426,rifampin_monooxygenase,32
E426,TLA-2,1
E426,TLA-3,1
E426,oleB,94
E426,Enterococcus,3
E426,oleC,99
E426,antibiotic_resistance_rRNA_adenine_methyltransferase,20
E426,oleI,1
E426,JOHN-1,3
E426,DIM-1,3
E426,SHV-89,5
E426,CGB-1,1
E426,eptA,12
E426,Erm(37),1
E426,mphA,18
E426,tcr3,5
E426,mphB,2
E426,mphC,12
E426,mphD,3
E426,CTX-M-24,2
E426,mphE,1
E426,CTX-M-67,2
E426,mphG,3
E426,Burkholderia_pseudomallei_Omp38,15
E426,mphI,3
E426,LpeA,1
E426,LpeB,28
E426,Rm3,1
E426,mdtA,220
E426,mdtB,797
E426,mdtC,725
E426,mdtD,33
E426,mdtE,12
E426,mdtF,47
E426,mdtG,50
E426,NDM-10,2
E426,Salmonella,11
E426,CatU,1
E426,mdtK,232
E426,NDM-13,2
E426,mdtL,11
E426,NDM-14,2
E426,mdtM,25
E426,mdtN,31
E426,mdtP,27
E430,tetB(60),3
E430,CTX-M-38,2
E430,dfrB6,1
E430,bcr-1,1
E430,dfrA29,1
E430,CTX-M-124,1
E430,tlcC,14
E430,CTX-M-56,1
E430,Bacillus_Cluster_B_intrinsic_mph,1
E430,vanTrL,2
E430,CTX-M-141,1
E430,CTX-M-59,1
E430,mdtA,73
E430,emrA,63
E430,OXA-74,1
E430,qacG,4
E430,emrB,74
E430,mdtB,57
E430,CTX-M-74,1
E430,qacH,1
E430,mdtC,118
E430,CTX-M-75,1
E430,OXA-368,1
E430,emrD,25
E430,mdtD,17
E430,CTX-M-76,1
E430,emrE,20
E430,cpxA,2
E430,mdtE,1
E430,patA,6
E430,CTX-M-90,2
E430,CTX-M-77,1
E430,cmlA,6
E430,mdtF,17
E430,patB,1
E430,EmrB-QacA_family_major_facilitator_transporter,3
E430,cmlA1,3
E430,CTX-M-92,1
E430,hp1181,1
E430,baeR,11
E430,poxtA,18
E430,cmlA4,3
E430,tet41,3
E430,baeS,3
E430,CTX-M-95,1
E430,cmlA5,3
E430,mdtK,24
E430,emrK,29
E430,cmlA6,3
E430,mel,12
E430,Pseudomonas_aeruginosa_emrE,1
E430,tet44,4
E430,CTX-M-2,1
E430,bcrA,516
E430,mepA,4
E430,kasugamycin_resistance_protein_ksgA,75
E430,PBP-1A,54
E430,CTX-M-5,1
E430,vanA,2
E430,PBP-1B,15
E430,cAMP-regulatory_protein,18
E430,vanB,4
E430,vanC,7
E430,vanD,14
E430,bpeF,9
E430,vanHB,3
E430,vanE,1
E430,lsa,84
E430,lmrC,2
E430,vanG,6
E430,OXA-233,1
E430,lmrD,4
E430,vanH,36
E430,vanI,1
E430,vanL,1
E430,OXA-251,1
E430,floR,46
E430,pgpB,1
E430,kdpE,4
E430,mecA,39
E430,msrA,72
E430,OXA-256,1
E430,farB,1
E430,mecB,2
E430,vanR,153
E430,mecC,2
E430,vanS,59
E430,otrA,5
E430,msrC,62
E430,norA,1
E430,AcrF,2
E430,mecD,1
E430,OXA,29
E430,vanT,3
E430,dfrA2d,1
E430,otrC,1
E430,msrE,7
E430,aph(3')-I,1
E430,vanX,1
E430,mphA,6
E430,vanY,1
E430,evgS,9
E430,mphC,3
E430,mexA,1
E430,acrA,34
E430,mphD,1
E430,ykkD,12
E430,mexB,26
E430,acrB,80
E430,CTX-M-20,1
E430,mphE,1
E430,abeM,1
E430,smeC,4
E430,acrD,1
E430,cmeB,153
E430,mexD,140
E430,mphG,1
E430,smeE,3
E430,mexE,26
E430,dfrA12,21
E430,cmeC,1
E430,MCR-2,1
E430,acrF,1
E430,dfrA13,2
E430,smeF,16
E430,mexF,122
E430,dfrA1,4
E430,tolC,2
E430,mphI,1
E430,FONA-6,1
E430,salA,12
E430,tetA,67
E430,dfrA14,12
E430,mexH,6
E430,oprA,10
E430,dfrA15,4
E430,dfrA3,4
E430,abeS,1
E430,rosB,36
E430,tetC,2
E430,mexI,4
E430,dfrA17,1
E430,oprC,2
E430,truncated_putative_response_regulator_ArlR,38
E430,dfrA5,5
E430,TolC,50
E430,OprA,4
E430,major_facilitator_superfamily_transporter,4
E430,CTX-M-43,1
E430,dfrA8,3
E430,CTX-M-44,1
E430,MexJ,3
E430,tetH,4
E430,mexN,3
E430,CTX-M-115,1
E430,aph(4)-I,1
E430,MexK,5
E430,LRA,1
E430,MexL,1
E430,tetJ,4
E430,mexQ,1
E430,efrA,1
E430,basS,3
E430,oprJ,22
E430,CTX-M-131,1
E430,CTX-M,10
E430,efrB,2
E430,smeR,9
E430,TriA,2
E430,smeS,4
E430,Staphylococcus_mupA_conferring_resistance_to_mupirocin,9
E430,tetM,57
E430,mtrA,13
E430,mdsB,1
E430,mexT,22
E430,TriB,1
E430,oprM,76
E430,tetO,22
E430,vanRI,5
E430,oprN,19
E430,TriC,5
E430,mdsC,3
E430,macA,53
E430,tetA(46),2
E430,tetP,32
E430,mtrD,2
E430,mtrE,22
E430,MexS,1
E430,tetQ,34
E430,mexW,29
E430,macB,794
E430,mexX,6
E430,tetS,13
E430,MexV,1
E430,tetT,16
E430,arnA,50
E430,lsaC,3
E430,vanTG,1
E430,sdeY,1
E430,ICR-Mc,1
E430,marR,50
E430,clbA,2
E430,amrB,1
E430,lsaE,4
E430,clbB,2
E430,tetW,61
E430,tet32,14
E430,tetA(48),15
E430,clbC,2
E430,carA,12
E430,multidrug_ABC_transporter,390
E430,opcM,15
E430,dfrC,3
E430,CRP,1
E430,tet36,4
E430,dfrD,2
E430,vgaA,48
E430,dfrE,1
E430,vgaB,10
E430,dfrF,1
E430,tet39,3
E430,dfrG,2
E430,arlS,1
E430,vgaD,13
E430,TaeA,17
E430,OprZ,4
E430,mdfA,52
E430,catA,5
E430,vgaE,13
E430,pmrA,28
E430,transcriptional_regulatory_protein_CpxR_cpxR,53
E430,tet(33),1
E430,dfrK,2
E430,catD,2
E430,OXA-663,1
E430,chloramphenicol_and_florfenicol_resistance,2
E430,antibiotic_resistance_rRNA_adenine_methyltransferase,1
E430,tetB(46),1
E430,oleB,13
E430,srmB,9
E430,oleC,14
E430,sul2,24
E430,cfrC,2
E430,OXA-454,1
E430,OXA-240,1
E430,dfrA15b,1
E430,sul4,2
E430,PmrF,3
E430,catII,1
E430,adeB,5
E430,adeC,12
E430,OXA-246,1
E430,adeF,2
E430,adeH,1
E430,penA,105
E430,AxyY,3
E430,Salmonella,3
E430,adeI,1
E430,adeJ,9
E430,oqxA,1
E430,tetA(60),2
E430,PvrR,4
E430,tet(W/N/W),2
E430,adeK,4
E430,adeL,2
E430,oqxB,3
E430,opmE,1
E430,OpmB,1
E430,rpoB2,12
E430,rphA,2
E430,ompR,134
E430,OXA-10,1
E430,rphB,2
E430,msbA,8
E430,PBP-2X,25
E430,bicyclomycin-multidrug_efflux_protein_bcr,2
E430,adeR,3
E430,adeS,3
E430,OXA-17,1
E430,ceoB,3
E430,optrA,17
E430,LpeB,1
E430,bacA,75
E430,dfrA20,3
E430,CTX-M-31,1
E430,dfrA21,2
E430,cystathionine_beta-lyase_patB,12
E430,dfrA22,2
E430,dfrB1,3
E430,chloramphenicol_exporter,5
E430,dfrB2,2
E430,MuxC,3
E430,dfrA24,1
E430,CTX-M-35,1
E430,CTX-M-105,2
E430,dfrA25,1
E430,dfrB3,1
E430,class_A,13
E433,aph(3'')-I,4
E433,OXA,223
E433,CMY-132,9
E433,chloramphenicol_and_florfenicol_resistance,9
E433,CMY-133,18
E433,OXA-10,8
E433,OXA-11,6
E433,bacA,541
E433,OXA-14,7
E433,chloramphenicol_exporter,85
E433,OXA-16,7
E433,OXA-17,7
E433,AER-1,1
E433,basS,37
E433,Type_A_NfxB,1
E433,mycinamicin-resistance_protein_myrB,1
E433,kdpE,39
E433,lsaC,13
E433,lsaE,24
E433,ADP-ribosylating_transferase_arr,5
E433,OXA-454,7
E433,OXA-140,2
E433,OXA-142,6
E433,OpmB,6
E433,OpmD,1
E433,tlrB_conferring_tylosin_resistance,2
E433,OpmH,5
E433,mefA,127
E433,erm(36),1
E433,mefC,2
E433,puromycin_resistance_protein,3
E433,abeM,6
E433,clbA,6
E433,clbB,7
E433,clbC,9
E433,abeS,9
E433,TEM-90,3
E433,macA,353
E433,macB,5965
E433,rphA,7
E433,rphB,12
E433,transcriptional_regulatory_protein_CpxR_cpxR,478
E433,qacG,36
E433,qacH,8
E433,vgaA,190
E433,vgaB,48
E433,vgaD,37
E433,vgaE,45
E433,CMY-40,3
E433,CMY-42,3
E433,lnuB,9
E433,CMY-46,4
E433,EmrB-QacA_family_major_facilitator_transporter,52
E433,TEM-215,3
E433,lnuF,3
E433,lnuG,3
E433,TEM-217,3
E433,AAC(3)-Ib/AAC(6')-Ib'',2
E433,OXA-224,4
E433,bpeF,64
E433,penA,671
E433,arlS,19
E433,efpA,6
E433,KPC-16,3
E433,KPC-17,3
E433,Listeria_monocytogenes_mprF,2
E433,ADC-12,6
E433,VatI,2
E433,ADC-13,5
E433,ADC-14,3
E433,cmlA,11
E433,ADC-56,1
E433,ADC-15,3
E433,vanHB,14
E433,ErmB,2
E433,ADC-16,4
E433,ErmC,1
E433,vanTG,14
E433,ADC-17,5
E433,vanXI,2
E433,tet(42),1
E433,ADC-18,1
E433,ADC-19,5
E433,vanTrL,6
E433,TEM,20
E433,cdeA,4
E433,BIL-1,3
E433,catA,1
E433,catB,77
E433,ErmT,2
E433,dfrA15b,5
E433,PBP-1A,351
E433,PBP-1B,87
E433,tet32,57
E433,tet34,27
E433,tet35,1
E433,tet36,22
E433,tet39,2
E433,msrA,313
E433,msrC,221
E433,msbA,47
E433,msrE,24
E433,Erm(30),1
E433,ampC,15
E433,CTX-M-110,2
E433,CTX-M-38,2
E433,evgS,78
E433,CTX-M-113,2
E433,adeA,4
E433,adeB,194
E433,adeC,43
E433,aadA,22
E433,adeF,8
E433,adeG,1
E433,adeH,7
E433,adeI,4
E433,adeJ,9
E433,adeK,14
E433,fmtC,24
E433,adeL,37
E433,aac(3)-I,23
E433,TriA,6
E433,ACC-5,1
E433,adeN,2
E433,TriC,20
E433,adeR,44
E433,adeS,18
E433,TolC,402
E433,vanXYL,2
E433,CMY-102,3
E433,tetA(46),27
E433,catB10,3
E433,CMY-108,3
E433,ceoB,48
E433,RlmA(II),3
E433,rosA,50
E433,rosB,355
E433,aph(3')-IIb,4
E433,Staphylococcys,4
E433,opmD,2
E433,ADC-1,2
E433,Staphylococcus,1
E433,opmE,5
E433,ADC-2,5
E433,ADC-3,4
E433,ADC-4,2
E433,ADC-5,6
E433,ADC-6,2
E433,ompF,19
E433,ADC-7,4
E433,sdiA,1
E433,ompR,911
E433,salA,32
E433,APH(6)-Id,1
E433,TEM-183,3
E433,CMX,7
E433,Acinetobacter_baumannii_ampC_beta-lactamase,5
E433,KLUY-2,1
E433,TEM-106,3
E433,TEM-148,3
E433,OprA,15
E433,Brucella_suis_mprF,5
E433,bcr-1,11
E433,mef(B),2
E433,sdeY,2
E433,Vibrio_cholerae_OmpU,1
E433,patA,48
E433,catB3,5
E433,patB,7
E433,mecA,121
E433,mecB,5
E433,mecC,6
E433,mecD,3
E433,aac(3)-Ib-aac(6')-Ib,1
E433,OprZ,8
E433,poxtA,60
E433,chloramphenicol_and_florfenicol_exporter,2
E433,ANT(3'')-Ii-AAC(6')-IId,4
E433,TaeA,67
E433,MexJ,8
E433,MexK,24
E433,MexL,3
E433,CTX-M-5,1
E433,MexS,4
E433,vatA,1
E433,vatB,10
E433,vatC,3
E433,MexV,2
E433,vatD,1
E433,vatE,8
E433,vatF,3
E433,vatG,3
E433,MexZ,1
E433,CMY-53,3
E433,CMY-12,6
E433,ermA,6
E433,CMY-13,6
E433,ermB,10
E433,CMY-55,12
E433,ereA,10
E433,ermC,11
E433,CMY-56,10
E433,ereB,2
E433,ermE,2
E433,CMY-99,4
E433,ermF,14
E433,ermG,5
E433,truncated_putative_response_regulator_ArlR,414
E433,OXA-233,6
E433,bacterial_regulatory_protein_LuxR,35
E433,KPC-22,3
E433,efmA,1
E433,ermT,6
E433,CMY-2,4
E433,CMY-5,12
E433,CMY-7,6
E433,vanYA,2
E433,ADC-61,1
E433,ADC-20,5
E433,ADC-21,5
E433,ADC-22,4
E433,ADC-23,2
E433,ADC-25,4
E433,cmeB,229
E433,Staphylococcus_mupA_conferring_resistance_to_mupirocin,26
E433,floR,97
E433,srmB,64
E433,cystathionine_beta-lyase_patB,95
E433,major_facilitator_superfamily_transporter,45
E433,tet41,2
E433,tet43,1
E433,golS,14
E433,tet44,12
E433,MCR-1,20
E433,MCR-2,10
E433,MCR-3,10
E433,MCR-4,10
E433,MCR-5,10
E433,tolC,6
E433,OXA-663,8
E433,CTX-M-84,2
E433,OXA-392,4
E433,LlmA_23S_ribosomal_RNA_methyltransferase,1
E433,class_A,14
E433,PBP-2X,77
E433,tlcC,63
E433,class_C,44
E433,CTX-M-48,2
E433,CTX-M-122,2
E433,APH(3')-Ia,1
E433,CTX-M-125,2
E433,linG,3
E433,mdfA,75
E433,tet(59),1
E433,CMY-118,12
E433,CMY-119,6
E433,cmlA1,12
E433,OXA-31,2
E433,oprA,19
E433,OXA-74,6
E433,OXA-33,2
E433,oprC,18
E433,cmlA4,12
E433,cmlA5,12
E433,cmlA6,12
E433,oprJ,140
E433,smeB,32
E433,smeC,20
E433,smeD,13
E433,oprM,265
E433,smeE,16
E433,oprN,220
E433,smeF,102
E433,two-component_system_response_regulator_EvgA,9
E433,baeR,64
E433,dfrA12,75
E433,baeS,41
E433,dfrA13,5
E433,dfrA14,14
E433,dfrA15,7
E433,dfrA16,6
E433,dfrA17,4
E433,CRP,4
E433,TUS-1,1
E433,smeR,61
E433,smeS,45
E433,FOX,1
E433,TEM-110,3
E433,Erm(47),1
E433,TEM-196,3
E433,TEM-156,1
E433,ant(3'')-Ih-aac(6')-IId,3
E433,CfxA2,11
E433,QepA1,7
E433,CfxA3,1
E433,QepA2,7
E433,mexA,147
E433,mexB,114
E433,CfxA6,1
E433,mexC,47
E433,mepA,74
E433,mexD,393
E433,mexE,251
E433,mexF,410
E433,thiostrepton_resistance_methylase_tsnR,1
E433,erm(34),1
E433,mexH,37
E433,mexI,43
E433,AxyY,7
E433,mexM,1
E433,mexN,13
E433,tetB(60),16
E433,mexP,1
E433,mexQ,8
E433,dfrA1,33
E433,dfrA3,11
E433,mexT,97
E433,dfrA5,8
E433,mexW,265
E433,mexX,96
E433,dfrA8,7
E433,mexY,5
E433,AcrE,2
E433,AcrF,3
E433,PmrF,14
E433,cfrC,9
E433,oqxA,2
E433,oqxB,10
E433,AcrS,2
E433,ICR-Mc,10
E433,MOX,7
E433,dfrC,10
E433,dfrD,5
E433,TRU-1,1
E433,dfrE,7
E433,dfrF,3
E433,dfrG,6
E433,CMY-61,4
E433,CMY-20,6
E433,CMY-21,12
E433,CMY-63,6
E433,arnA,280
E433,CMY-64,3
E433,dfrK,9
E433,CMY-25,1
E433,ACT,10
E433,CMY-28,7
E433,CMY-29,12
E433,OXA-240,6
E433,SME-1,1
E433,SME-2,1
E433,SME-3,1
E433,SME-4,1
E433,OXA-246,7
E433,SME-5,1
E433,tetA,128
E433,tetB,33
E433,tetC,4
E433,tetD,5
E433,efrA,29
E433,tetE,6
E433,efrB,26
E433,tetG,8
E433,lsa,485
E433,tetL,7
E433,tetM,309
E433,fusH,7
E433,tetO,143
E433,tetP,119
E433,tetQ,119
E433,MuxA,1
E433,tetR,212
E433,MuxB,9
E433,tetS,30
E433,MuxC,24
E433,tetT,71
E433,ADC-31,1
E433,tetW,415
E433,ADC-74,1
E433,tetX,43
E433,Bacillus_subtilis_mprF,3
E433,ADC-75,5
E433,cmrA,8
E433,tetY,2
E433,ADC-76,3
E433,bicyclomycin-multidrug_efflux_protein_bcr,295
E433,ADC-77,5
E433,ADC-78,2
E433,ADC-79,6
E433,qepA,28
E433,ADC-39,4
E433,vanRI,56
E433,Serratia_marcescens_Omp1,2
E433,Klebsiella_pneumoniae_OmpK36,2
E433,Klebsiella_pneumoniae_OmpK37,2
E433,Streptococcus_agalactiae_mprF,2
E433,porin_OmpC,2
E433,carA,77
E433,DNA-binding_protein_H-NS,15
E433,carO,3
E433,myrA,2
E433,lrfA,7
E433,Bacillus_Cluster_B_intrinsic_mph,1
E433,APH(3')-IIa,1
E433,cAMP-regulatory_protein,72
E433,mecR1,1
E433,OXA-320,4
E433,emrA,306
E433,amrB,48
E433,emrB,302
E433,CTX-M-14,2
E433,emrD,105
E433,CTX-M-130,2
E433,emrE,106
E433,CTX-M-17,2
E433,OXA-368,6
E433,emrK,40
E433,tcmA,17
E433,mdsA,1
E433,mdsB,15
E433,mdsC,17
E433,emrR,1
E433,mel,38
E433,hp1181,8
E433,Pseudomonas_aeruginosa_emrE,9
E433,chrB,2
E433,tetA(48),77
E433,LRA,3
E433,farA,5
E433,farB,3
E433,OCH,4
E433,OXA-47,2
E433,MdtK,2
E433,dfrA20,10
E433,opcM,140
E433,dfrA21,11
E433,dfrA22,11
E433,MCR-1.2,20
E433,MCR-1.3,10
E433,MCR-1.4,10
E433,YojI,18
E433,MCR-1.5,10
E433,dfrA25,6
E433,MCR-1.6,10
E433,MCR-1.7,10
E433,MCR-1.8,10
E433,MCR-1.9,10
E433,dfrA29,5
E433,mtrA,98
E433,mtrC,2
E433,mtrD,8
E433,mtrE,116
E433,lmrA,4
E433,lmrB,1
E433,Erm(44),2
E433,lmrC,36
E433,lmrD,35
E433,NmcR,17
E433,LCR-1,1
E433,mtrR,34
E433,lmrP,1
E433,CTX-M,10
E433,erm(35),1
E433,blaI,2
E433,bcrA,3357
E433,bcrC,2
E433,tap,1
E433,tet(K),4
E433,multidrug_ABC_transporter,3148
E433,omp36,10
E433,PvrR,43
E433,otrA,15
E433,otrC,13
E433,arr-4,1
E433,arr-5,1
E433,Clostridium_perfringens_mprF,2
E433,arr-7,1
E433,arr-8,1
E433,Bacillus_Cluster_A_intrinsic_mph,1
E433,marR,223
E433,CARB,3
E433,aph(6)-I,32
E433,aph(3')-I,15
E433,vanA,81
E433,vanB,70
E433,vanC,76
E433,vanD,204
E433,vanE,18
E433,vanG,40
E433,vanH,304
E433,vanI,11
E433,CMY-33,3
E433,CMY-34,4
E433,CMY-35,3
E433,aph(3')-V,3
E433,vanL,3
E433,CMY-36,3
E433,CMY-77,6
E433,vanM,1
E433,CMY-37,3
E433,vanN,9
E433,optrA,59
E433,OXA-251,7
E433,vanR,2135
E433,vanS,564
E433,vanT,32
E433,vanU,1
E433,OXA-256,7
E433,vanX,22
E433,ugd,12
E433,vanY,38
E433,OXA-1,4
E433,OXA-4,4
E433,acrA,204
E433,acrB,676
E433,tet(W/N/W),11
E433,acrD,8
E433,acrF,3
E433,cpxA,33
E433,ADC-80,3
E433,tetB(46),21
E433,sul1,41
E433,ADC-82,1
E433,ADC-41,5
E433,sul2,248
E433,ADC-42,3
E433,sul3,24
E433,ADC-43,6
E433,sul4,17
E433,ykkC,59
E433,ADC-44,5
E433,ykkD,20
E433,MCR-1.10,10
E433,MCR-1.11,10
E433,MCR-1.12,10
E433,MCR-1.13,10
E433,kasugamycin_resistance_protein_ksgA,331
E433,rpoB2,44
E433,tetA(60),18
E433,cob(I)alamin_adenolsyltransferase,150
E433,cat_chloramphenicol_acetyltransferase,21
E433,rifampin_monooxygenase,87
E433,oleB,55
E433,oleC,79
E433,antibiotic_resistance_rRNA_adenine_methyltransferase,5
E433,eptA,10
E433,mphA,18
E433,mphC,12
E433,mphD,3
E433,CTX-M-24,2
E433,mphE,1
E433,CTX-M-67,2
E433,mphG,3
E433,Burkholderia_pseudomallei_Omp38,14
E433,mphI,3
E433,LpeB,12
E433,mdtA,346
E433,mdtB,543
E433,mdtC,564
E433,mdtD,111
E433,mdtE,24
E433,mdtF,67
E433,mdtH,25
E433,Salmonella,11
E433,mdtK,384
E433,mdtL,75
E433,mdtM,1
E433,mdtN,128
E433,mdtP,50
E436,aph(3'')-I,7
E436,OXA,174
E436,chloramphenicol_and_florfenicol_resistance,11
E436,OXA-10,6
E436,OXA-11,5
E436,bacA,450
E436,OXA-14,5
E436,chloramphenicol_exporter,209
E436,OXA-16,5
E436,OXA-17,6
E436,AER-1,1
E436,basS,79
E436,mycinamicin-resistance_protein_myrB,1
E436,kdpE,67
E436,lsaC,8
E436,lsaE,23
E436,ADP-ribosylating_transferase_arr,10
E436,OXA-454,5
E436,OXA-140,2
E436,OXA-142,5
E436,OpmB,17
E436,OpmD,9
E436,OpmH,12
E436,AAC(6')-Ib,4
E436,mefA,33
E436,erm(36),1
E436,mefC,2
E436,catA8,1
E436,tet(L),4
E436,puromycin_resistance_protein,21
E436,abeM,8
E436,catII,1
E436,clbA,8
E436,clbB,8
E436,clbC,9
E436,abeS,13
E436,AAC(6')-30/AAC(6')-Ib',2
E436,macA,551
E436,qacA,14
E436,macB,8167
E436,qacB,47
E436,rphA,10
E436,rphB,17
E436,transcriptional_regulatory_protein_CpxR_cpxR,758
E436,qacG,32
E436,qacH,11
E436,MIR,6
E436,vgaA,168
E436,vgaB,46
E436,AIM-1,1
E436,vgaC,1
E436,vgaD,40
E436,vgaE,34
E436,CMY-42,6
E436,CMY-44,3
E436,CMY-45,6
E436,CMY-46,6
E436,EmrB-QacA_family_major_facilitator_transporter,168
E436,rpsD_(ramA_or_sud2),3
E436,OXA-224,4
E436,bpeE,1
E436,bpeF,50
E436,penA,824
E436,KPC-12,3
E436,arlS,24
E436,efpA,20
E436,KPC-16,6
E436,KPC-17,9
E436,KPC-19,7
E436,THIN-B,2
E436,fosA,23
E436,fosB,4
E436,otr(B),11
E436,Listeria_monocytogenes_mprF,2
E436,VatI,2
E436,vanHB,14
E436,cmlA,20
E436,ErmB,2
E436,vanTG,22
E436,vanXI,2
E436,tet(42),1
E436,ADC-18,1
E436,vanTrL,6
E436,fosX,21
E436,cdeA,1
E436,catA,7
E436,catB,52
E436,ErmU,1
E436,ErmX,1
E436,dfrA15b,5
E436,catQ,1
E436,PBP-1A,420
E436,PBP-1B,126
E436,tet32,44
E436,tet36,18
E436,tet39,5
E436,msrA,361
E436,msrC,264
E436,msbA,51
E436,msrE,20
E436,Erm(30),2
E436,ampC,30
E436,CTX-M-110,4
E436,CTX-M-38,4
E436,evgS,168
E436,CTX-M-113,4
E436,RTG-4,2
E436,RTG-5,1
E436,adeA,14
E436,adeB,364
E436,adeC,56
E436,adeF,12
E436,aadA,22
E436,adeH,16
E436,adeI,3
E436,adeJ,15
E436,aadE,2
E436,BRP(MBL),1
E436,adeK,23
E436,adeL,75
E436,fmtC,69
E436,TriA,12
E436,ACC-5,1
E436,adeN,1
E436,TriB,5
E436,TriC,39
E436,adeR,90
E436,adeS,51
E436,TolC,543
E436,CMY-102,6
E436,tetA(46),42
E436,catB10,2
E436,CMY-108,9
E436,ceoB,48
E436,rosA,92
E436,rosB,566
E436,aph(3')-IIb,6
E436,Staphylococcys,14
E436,opmD,20
E436,Staphylococcus,1
E436,opmE,8
E436,sdiA,172
E436,ompR,1266
E436,salA,29
E436,APH(6)-Id,2
E436,CMX,8
E436,KLUY-2,2
E436,KLUY-4,1
E436,OprA,27
E436,aadA25,1
E436,Brucella_suis_mprF,9
E436,bcr-1,21
E436,sdeY,2
E436,patA,67
E436,catB3,4
E436,patB,3
E436,mecA,146
E436,mecB,10
E436,mecC,5
E436,mecD,6
E436,mecI,27
E436,aac(3)-Ib-aac(6')-Ib,1
E436,MSI-1,3
E436,OprZ,15
E436,poxtA,61
E436,chloramphenicol_and_florfenicol_exporter,2
E436,metallo-beta-lactamase,70
E436,ANT(3'')-Ii-AAC(6')-IId,4
E436,MexG,1
E436,TaeA,69
E436,MexJ,16
E436,MexK,45
E436,MexL,5
E436,CTX-M-5,1
E436,SAT-2,2
E436,SAT-4,2
E436,MexS,26
E436,vatB,13
E436,vatC,3
E436,vatD,1
E436,MexV,11
E436,vatE,8
E436,vatF,2
E436,vatG,3
E436,CMY-12,9
E436,ermA,3
E436,CMY-54,3
E436,CMY-13,6
E436,CMY-55,3
E436,CMY-14,4
E436,ereA,10
E436,CMY-56,3
E436,CMY-15,4
E436,ereB,2
E436,CMY-16,9
E436,CMY-99,9
E436,CMY-18,3
E436,ermH,1
E436,truncated_putative_response_regulator_ArlR,620
E436,OXA-233,6
E436,SRT-1,2
E436,SRT-2,6
E436,bacterial_regulatory_protein_LuxR,53
E436,KPC-22,9
E436,KPC-24,6
E436,efmA,2
E436,CMY-4,6
E436,ermX,12
E436,Chryseobacterium_meningosepticum_BlaB,1
E436,ESP-1,1
E436,ADC-23,1
E436,cmeA,16
E436,cmeB,219
E436,cmeC,2
E436,Staphylococcus_mupA_conferring_resistance_to_mupirocin,27
E436,floR,149
E436,BJP-1,1
E436,srmB,59
E436,GOB-18,1
E436,cystathionine_beta-lyase_patB,68
E436,aac(6')-31,3
E436,major_facilitator_superfamily_transporter,153
E436,tet41,7
E436,tet43,10
E436,golS,15
E436,tet44,10
E436,SHV-62,5
E436,MCR-1,24
E436,GOB-1,1
E436,MCR-2,12
E436,MCR-3,11
E436,SHV-25,5
E436,MCR-4,13
E436,MCR-5,11
E436,tolC,5
E436,OXA-663,6
E436,CTX-M-84,4
E436,OXA-392,2
E436,class_A,77
E436,LlmA_23S_ribosomal_RNA_methyltransferase,3
E436,class_B,12
E436,PBP-2X,63
E436,tlcC,71
E436,class_C,189
E436,CTX-M-48,2
E436,CTX-M-121,2
E436,CTX-M-122,4
E436,APH(3')-Ia,2
E436,CTX-M-125,2
E436,CTX-M-129,2
E436,mdfA,74
E436,aac(6')-I,10
E436,CMY-111,3
E436,CMY-118,9
E436,CMY-119,6
E436,aac(6')-30-aac(6')-Ib',1
E436,MvaT,6
E436,cmlA1,18
E436,OXA-31,2
E436,oprA,38
E436,OXA-74,6
E436,OXA-33,4
E436,oprC,32
E436,cmlA4,18
E436,cmlA5,18
E436,cmlA6,18
E436,oprJ,222
E436,smeB,31
E436,smeC,35
E436,oprM,573
E436,smeE,23
E436,oprN,676
E436,smeF,187
E436,two-component_system_response_regulator_EvgA,19
E436,baeR,117
E436,dfrA12,66
E436,baeS,72
E436,dfrA13,6
E436,dfrA14,24
E436,dfrA15,7
E436,CRP,4
E436,dfrA17,6
E436,TUS-1,2
E436,smeR,106
E436,smeS,98
E436,FOX,1
E436,ant(3'')-Ih-aac(6')-IId,4
E436,QepA1,14
E436,QepA2,14
E436,KPC-1,7
E436,mexA,251
E436,mexB,187
E436,KPC-3,6
E436,mepA,12
E436,mexC,49
E436,mexD,604
E436,mexE,482
E436,KPC-6,6
E436,erm(38),3
E436,mexF,877
E436,KPC-7,3
E436,erm(34),1
E436,KPC-8,6
E436,aadA9,1
E436,mexH,220
E436,KPC-9,7
E436,mexI,61
E436,abcA,1
E436,AxyY,13
E436,mexM,2
E436,mexN,31
E436,tetB(60),24
E436,mexP,2
E436,mexQ,11
E436,dfrA1,31
E436,dfrA3,14
E436,mexT,347
E436,dfrA5,8
E436,mexW,430
E436,dfrA7,4
E436,VEB-1b,4
E436,mexX,74
E436,dfrA8,9
E436,Bla2,1
E436,mexY,10
E436,AcrE,1
E436,AcrF,8
E436,PmrF,24
E436,PDC,26
E436,SHV-159,5
E436,cfrC,11
E436,oqxA,2
E436,oqxB,21
E436,ICR-Mc,11
E436,DHA,12
E436,OKP-A,15
E436,MOX,2
E436,ramA,1
E436,dfrC,11
E436,dfrD,7
E436,dfrE,6
E436,TRU-1,1
E436,dfrF,5
E436,dfrG,9
E436,CMY-63,9
E436,arnA,626
E436,CMY-64,6
E436,dfrK,12
E436,CMY-25,1
E436,FosA5,1
E436,ACT,54
E436,CMY-69,3
E436,CMY-29,3
E436,Laribacter_hongkongensis_ampC_beta-lactamase,1
E436,OXA-240,6
E436,OXA-246,6
E436,tetA,215
E436,tetB,24
E436,tetC,7
E436,efrA,26
E436,efrB,11
E436,tetE,1
E436,tetG,1
E436,tetH,5
E436,lsa,395
E436,tetM,316
E436,tetO,80
E436,tetP,153
E436,tetQ,73
E436,MuxA,5
E436,tetR,168
E436,MuxB,23
E436,tetS,23
E436,MuxC,43
E436,tetT,76
E436,tetV,7
E436,tetW,333
E436,tetX,76
E436,cmrA,27
E436,bicyclomycin-multidrug_efflux_protein_bcr,577
E436,qepA,56
E436,vanRI,77
E436,Streptococcus_agalactiae_mprF,1
E436,KPC,8
E436,carA,86
E436,carO,1
E436,myrA,1
E436,AAC(6')-Ib',5
E436,hmrM,2
E436,lrfA,16
E436,Bacillus_Cluster_B_intrinsic_mph,1
E436,APH(3')-IIa,1
E436,cAMP-regulatory_protein,72
E436,AAC(6')-Ib4,4
E436,OXA-320,4
E436,FEZ-1,1
E436,emrA,787
E436,AAC(6')-Ib8,9
E436,amrB,162
E436,emrB,677
E436,AAC(6')-Ib9,3
E436,CTX-M-14,2
E436,emrD,67
E436,CTX-M-16,1
E436,CTX-M-98,2
E436,CTX-M-130,4
E436,emrE,139
E436,CTX-M-17,2
E436,OXA-368,6
E436,mgtA,1
E436,emrK,16
E436,tcmA,143
E436,mdsA,2
E436,mdsB,22
E436,mdsC,31
E436,VEB-1,8
E436,VEB-2,4
E436,VEB-3,4
E436,VEB-4,4
E436,VEB-5,4
E436,emrY,3
E436,VEB-6,4
E436,HERA-1,1
E436,VEB-7,4
E436,VEB-8,4
E436,VEB-9,2
E436,mel,29
E436,hp1181,5
E436,Pseudomonas_aeruginosa_emrE,11
E436,chrB,1
E436,tetA(48),130
E436,LRA,15
E436,farA,8
E436,farB,12
E436,OXA-47,2
E436,dfrA20,15
E436,opcM,336
E436,dfrA21,12
E436,dfrA22,12
E436,MCR-1.2,24
E436,MCR-1.3,12
E436,MCR-1.4,12
E436,YojI,13
E436,MCR-1.5,12
E436,dfrA25,5
E436,MCR-1.6,12
E436,MCR-1.7,12
E436,AAC(6')-Ib-Hangzhou,4
E436,MCR-1.8,12
E436,dfrA29,4
E436,MCR-1.9,12
E436,mtrA,135
E436,mtrC,2
E436,mtrD,13
E436,mtrE,104
E436,lmrA,26
E436,lmrB,3
E436,lmrC,38
E436,lmrD,31
E436,NmcR,28
E436,mtrR,16
E436,PEDO-1,1
E436,PEDO-2,1
E436,PEDO-3,1
E436,blaB,1
E436,CTX-M,31
E436,erm(39),1
E436,erm(31),1
E436,RSA-1,1
E436,bcrA,4288
E436,bcrC,2
E436,bleO,2
E436,multidrug_ABC_transporter,3045
E436,blaZ,1
E436,SHV-121,5
E436,BUT-1,2
E436,cipA,1
E436,PvrR,68
E436,otrA,21
E436,PSE-1,4
E436,otrC,18
E436,arr-4,2
E436,arr-5,2
E436,ccrA,1
E436,Clostridium_perfringens_mprF,4
E436,arr-7,2
E436,arr-8,2
E436,PER,8
E436,Bacillus_Cluster_A_intrinsic_mph,1
E436,marR,400
E436,CARB,13
E436,bleomycin_resistance_protein,5
E436,aph(6)-I,50
E436,aph(3')-I,46
E436,vanA,129
E436,vanB,112
E436,vanC,76
E436,vanD,293
E436,vanE,15
E436,vanG,57
E436,vanH,415
E436,vanI,13
E436,vanJ,1
E436,CMY-34,1
E436,CPS-1,1
E436,CMY-35,3
E436,SPG-1,1
E436,aph(3')-V,4
E436,vanL,6
E436,CMY-77,7
E436,vanM,1
E436,CMY-37,1
E436,vanN,10
E436,CMY-38,3
E436,optrA,66
E436,OXA-251,6
E436,vanR,3028
E436,vanS,995
E436,vanT,33
E436,OXA-256,6
E436,vanW,21
E436,vanX,33
E436,ugd,6
E436,SMB-1,1
E436,vanY,15
E436,OXA-1,4
E436,OXA-4,4
E436,acrA,243
E436,acrB,921
E436,tet(W/N/W),7
E436,acrD,7
E436,acrF,8
E436,norB,55
E436,cpxA,55
E436,tetB(46),12
E436,sul1,35
E436,sul2,252
E436,sul3,19
E436,sul4,12
E436,ykkC,118
E436,ykkD,81
E436,MCR-1.10,12
E436,MCR-1.11,12
E436,vanWI,2
E436,MCR-1.12,12
E436,MCR-1.13,12
E436,kasugamycin_resistance_protein_ksgA,425
E436,rpoB2,35
E436,tetA(60),30
E436,cob(I)alamin_adenolsyltransferase,250
E436,cat_chloramphenicol_acetyltransferase,21
E436,TLA-1,2
E436,rifampin_monooxygenase,343
E436,TLA-2,2
E436,TLA-3,2
E436,oleB,60
E436,Enterococcus,1
E436,oleC,69
E436,FosA,1
E436,antibiotic_resistance_rRNA_adenine_methyltransferase,8
E436,aac(6')-II,5
E436,SHV-89,5
E436,eptA,11
E436,mphA,12
E436,tcr3,13
E436,mphC,6
E436,mphD,2
E436,CTX-M-24,2
E436,mphE,1
E436,CTX-M-67,4
E436,mphG,2
E436,CTX-M-27,2
E436,Burkholderia_pseudomallei_Omp38,24
E436,mphI,2
E436,CTX-M-102,2
E436,LpeA,1
E436,LpeB,16
E436,Rm3,2
E436,mdtA,438
E436,mdtB,1184
E436,mdtC,926
E436,mdtD,345
E436,mdtE,91
E436,mdtF,86
E436,Escherichia_coli_LamB,4
E436,mdtG,25
E436,Salmonella,18
E436,mdtK,290
E436,mdtL,29
E436,mdtM,49
E436,mdtN,209
E436,mdtP,150
E439,aph(3'')-I,6
E439,OXA,113
E439,chloramphenicol_and_florfenicol_resistance,9
E439,CMY-133,3
E439,OXA-10,4
E439,OXA-11,3
E439,bacA,337
E439,OXA-14,3
E439,chloramphenicol_exporter,57
E439,OXA-16,3
E439,OXA-17,3
E439,basS,25
E439,mycinamicin-resistance_protein_myrB,3
E439,EdeQ,1
E439,kdpE,32
E439,lsaA,1
E439,lsaC,11
E439,lsaE,15
E439,ADP-ribosylating_transferase_arr,15
E439,OXA-454,4
E439,OXA-142,2
E439,OpmB,5
E439,OpmD,2
E439,tlrB_conferring_tylosin_resistance,2
E439,OpmH,4
E439,mefA,84
E439,erm(36),3
E439,puromycin_resistance_protein,5
E439,abeM,2
E439,clbA,9
E439,clbB,11
E439,clbC,8
E439,abeS,4
E439,macA,166
E439,qacA,8
E439,macB,4656
E439,qacB,28
E439,rphA,13
E439,rphB,15
E439,transcriptional_regulatory_protein_CpxR_cpxR,382
E439,qacG,20
E439,qacH,4
E439,vgaA,130
E439,vgaB,41
E439,vgaD,30
E439,vgaE,30
E439,lnuB,6
E439,EmrB-QacA_family_major_facilitator_transporter,55
E439,lnuF,1
E439,lnuG,2
E439,rpsD_(ramA_or_sud2),2
E439,bpeF,39
E439,penA,556
E439,arlS,14
E439,efpA,2
E439,otr(B),2
E439,ADC-12,1
E439,ADC-13,1
E439,VatI,1
E439,vanHB,15
E439,ErmB,2
E439,ADC-16,1
E439,ErmC,1
E439,ADC-17,1
E439,vanTG,14
E439,tet(42),3
E439,ADC-19,1
E439,vanTrL,7
E439,cdeA,2
E439,catB,10
E439,ErmT,1
E439,ErmU,1
E439,ErmX,1
E439,dfrA15b,5
E439,PBP-1A,306
E439,PBP-1B,72
E439,tet32,55
E439,tet36,16
E439,tet37,1
E439,tet39,1
E439,msrA,273
E439,msrC,188
E439,msbA,51
E439,msrE,21
E439,Erm(30),1
E439,ampC,2
E439,CTX-M-110,2
E439,CTX-M-38,2
E439,evgS,56
E439,CTX-M-113,2
E439,adeA,3
E439,adeB,140
E439,adeC,28
E439,adeF,6
E439,adeH,5
E439,adeI,2
E439,adeJ,6
E439,adeK,12
E439,BRP(MBL),1
E439,adeL,13
E439,fmtC,48
E439,TriA,3
E439,adeN,1
E439,TriC,11
E439,adeR,28
E439,adeS,15
E439,TolC,263
E439,vanXYL,2
E439,tetA(46),23
E439,ceoB,33
E439,RlmA(II),4
E439,rosA,40
E439,rosB,213
E439,aph(3')-IIb,14
E439,Staphylococcys,5
E439,opmD,4
E439,Staphylococcus,1
E439,ADC-2,1
E439,opmE,2
E439,ADC-3,1
E439,ADC-5,1
E439,ADC-7,1
E439,sdiA,1
E439,ompR,633
E439,salA,27
E439,APH(6)-Id,1
E439,Acinetobacter_baumannii_ampC_beta-lactamase,1
E439,KLUY-2,1
E439,OprA,18
E439,Brucella_suis_mprF,2
E439,bcr-1,6
E439,mef(B),5
E439,sdeY,1
E439,patA,39
E439,catB3,1
E439,patB,6
E439,mecA,93
E439,mecB,7
E439,mecC,3
E439,mecD,6
E439,OprZ,7
E439,poxtA,51
E439,chloramphenicol_and_florfenicol_exporter,2
E439,TaeA,58
E439,MexJ,2
E439,MexK,11
E439,MexL,2
E439,CTX-M-5,1
E439,MexS,3
E439,vatA,1
E439,vatB,5
E439,vatC,1
E439,MexV,4
E439,vatD,1
E439,vatE,4
E439,vatF,1
E439,vatG,1
E439,MexZ,1
E439,ermA,1
E439,ermB,10
E439,CMY-55,3
E439,ermC,10
E439,ereA,10
E439,CMY-56,3
E439,ereB,2
E439,ermE,4
E439,ermG,2
E439,ermH,2
E439,truncated_putative_response_regulator_ArlR,285
E439,OXA-233,3
E439,bacterial_regulatory_protein_LuxR,23
E439,efmA,1
E439,ermT,3
E439,CMY-2,3
E439,CMY-5,3
E439,ermX,12
E439,tetB(48),2
E439,vanYA,2
E439,ADC-20,1
E439,ADC-21,1
E439,ADC-22,1
E439,ADC-25,1
E439,cmeB,103
E439,Staphylococcus_mupA_conferring_resistance_to_mupirocin,25
E439,floR,28
E439,srmB,49
E439,cystathionine_beta-lyase_patB,39
E439,major_facilitator_superfamily_transporter,46
E439,tet41,3
E439,tet43,6
E439,golS,3
E439,tet44,14
E439,MCR-1,10
E439,MCR-2,5
E439,MCR-3,5
E439,MCR-4,5
E439,MCR-5,5
E439,tolC,4
E439,OXA-663,4
E439,CTX-M-84,2
E439,class_A,8
E439,PBP-2X,70
E439,tlcC,53
E439,class_C,31
E439,CTX-M-48,2
E439,CTX-M-122,2
E439,APH(3')-Ia,1
E439,CTX-M-125,2
E439,linG,1
E439,mdfA,25
E439,CMY-118,3
E439,cmlA1,4
E439,oprA,13
E439,OXA-74,3
E439,oprC,13
E439,cmlA4,4
E439,cmlA5,4
E439,cmlA6,4
E439,oprJ,86
E439,smeB,12
E439,smeC,16
E439,oprM,257
E439,smeE,5
E439,oprN,29
E439,smeF,74
E439,two-component_system_response_regulator_EvgA,4
E439,baeR,41
E439,dfrA12,89
E439,baeS,43
E439,dfrA13,7
E439,dfrA14,20
E439,dfrA15,6
E439,dfrA16,6
E439,dfrA17,3
E439,CRP,4
E439,smeR,41
E439,smeS,37
E439,QepA1,10
E439,QepA2,10
E439,mexA,81
E439,mexB,83
E439,mexC,22
E439,mepA,120
E439,mexD,156
E439,mexE,184
E439,erm(38),3
E439,mexF,427
E439,mexI,33
E439,AxyY,4
E439,mexM,1
E439,mexN,8
E439,tetB(60),19
E439,mexQ,9
E439,dfrA1,19
E439,dfrA3,11
E439,mexT,54
E439,dfrA5,9
E439,mexW,157
E439,mexX,36
E439,dfrA8,5
E439,mexY,1
E439,AcrE,1
E439,AcrF,2
E439,PmrF,8
E439,cfrC,11
E439,oqxA,3
E439,oqxB,6
E439,AcrS,1
E439,tunicamycin_resistance_protein,1
E439,ICR-Mc,5
E439,DHA,13
E439,dfrC,9
E439,dfrD,10
E439,dfrE,6
E439,TRU-1,1
E439,dfrF,4
E439,dfrG,9
E439,CMY-61,1
E439,CMY-21,3
E439,arnA,231
E439,dfrK,9
E439,RbpA,1
E439,CMY-29,3
E439,OXA-240,4
E439,OXA-246,4
E439,tetA,122
E439,tetB,20
E439,tetC,6
E439,efrA,28
E439,efrB,18
E439,tetG,4
E439,lsa,287
E439,tetM,193
E439,tetO,82
E439,tetP,95
E439,tetQ,83
E439,tetR,104
E439,MuxB,7
E439,tetS,33
E439,MuxC,11
E439,tetT,60
E439,tetV,7
E439,tetW,542
E439,ADC-75,1
E439,Bacillus_subtilis_mprF,2
E439,cmrA,6
E439,ADC-76,1
E439,ADC-77,1
E439,bicyclomycin-multidrug_efflux_protein_bcr,121
E439,ADC-78,1
E439,ADC-79,1
E439,ADC-39,1
E439,qepA,40
E439,vanRI,52
E439,Streptococcus_agalactiae_mprF,1
E439,carA,55
E439,myrA,3
E439,hmrM,2
E439,lrfA,10
E439,Bacillus_Cluster_B_intrinsic_mph,1
E439,APH(3')-IIa,3
E439,cAMP-regulatory_protein,72
E439,emrA,198
E439,amrB,27
E439,emrB,257
E439,CTX-M-14,2
E439,emrD,21
E439,CTX-M-130,2
E439,emrE,56
E439,CTX-M-17,2
E439,OXA-368,3
E439,tcmA,50
E439,mdsA,1
E439,mdsB,9
E439,mdsC,17
E439,mel,28
E439,hp1181,5
E439,Pseudomonas_aeruginosa_emrE,3
E439,chrB,3
E439,tetA(48),60
E439,LRA,2
E439,farA,2
E439,farB,3
E439,MdtK,1
E439,dfrA20,5
E439,opcM,116
E439,dfrA21,10
E439,dfrA22,11
E439,MCR-1.2,10
E439,MCR-1.3,5
E439,MCR-1.4,5
E439,dfrA24,1
E439,YojI,11
E439,dfrA25,4
E439,MCR-1.5,5
E439,MCR-1.6,5
E439,MCR-1.7,5
E439,MCR-1.8,5
E439,dfrA29,4
E439,MCR-1.9,5
E439,mtrA,76
E439,mtrD,7
E439,mtrE,90
E439,lmrA,12
E439,lmrB,50
E439,tmrB,1
E439,Erm(44),2
E439,lmrC,37
E439,lmrD,36
E439,NmcR,8
E439,mtrR,17
E439,LCR-1,1
E439,lmrP,1
E439,CTX-M,15
E439,erm(39),1
E439,blaI,2
E439,erm(31),1
E439,RSA-2,1
E439,bcrA,2651
E439,tet(K),2
E439,dfrB1,6
E439,dfrB2,2
E439,dfrB3,1
E439,multidrug_ABC_transporter,2839
E439,dfrA2d,1
E439,dfrB6,1
E439,BUT-1,1
E439,PvrR,32
E439,cipA,2
E439,otrA,13
E439,otrC,19
E439,arr-4,3
E439,arr-5,3
E439,Clostridium_perfringens_mprF,1
E439,arr-7,3
E439,arr-8,3
E439,marR,149
E439,aph(6)-I,25
E439,aph(3')-I,14
E439,vanA,73
E439,vanB,148
E439,vanC,28
E439,vanD,147
E439,vanE,12
E439,vanG,26
E439,vanH,267
E439,vanI,7
E439,aph(3')-V,5
E439,vanL,1
E439,vanM,2
E439,vanN,4
E439,optrA,52
E439,OXA-251,4
E439,vanR,1750
E439,vanS,467
E439,vanT,37
E439,OXA-256,4
E439,ugd,10
E439,vanX,5
E439,vanY,41
E439,acrA,177
E439,acrB,498
E439,tet(W/N/W),16
E439,acrF,4
E439,norA,23
E439,norB,12
E439,cpxA,24
E439,ADC-80,1
E439,tetB(46),21
E439,sul1,54
E439,ADC-41,1
E439,sul2,163
E439,ADC-42,1
E439,sul3,12
E439,ADC-43,1
E439,sul4,11
E439,ykkC,16
E439,ADC-44,1
E439,ykkD,14
E439,MCR-1.10,5
E439,MCR-1.11,5
E439,MCR-1.12,5
E439,MCR-1.13,5
E439,kasugamycin_resistance_protein_ksgA,204
E439,rpoB2,28
E439,tetA(60),17
E439,cob(I)alamin_adenolsyltransferase,27
E439,rifampin_monooxygenase,44
E439,oleB,50
E439,oleC,51
E439,BahA,1
E439,antibiotic_resistance_rRNA_adenine_methyltransferase,9
E439,eptA,5
E439,tcr3,3
E439,mphA,6
E439,mphC,3
E439,mphD,1
E439,CTX-M-24,2
E439,mphE,1
E439,CTX-M-67,2
E439,mphG,1
E439,Burkholderia_pseudomallei_Omp38,6
E439,mphI,1
E439,LpeB,10
E439,mdtA,175
E439,mdtB,287
E439,mdtC,282
E439,mdtD,92
E439,mdtE,44
E439,mdtF,53
E439,Escherichia_coli_LamB,2
E439,mdtH,5
E439,Salmonella,4
E439,mdtK,177
E439,mdtN,25
E439,mdtP,6
E441,CTX-M-50,2
E441,tetB(60),1
E441,lrfA,1
E441,CTX-M-51,2
E441,CTX-M-38,2
E441,dfrB6,2
E441,bcr-1,5
E441,CTX-M-122,2
E441,dfrA29,2
E441,CTX-M-124,1
E441,qacB,3
E441,fmtC,47
E441,tlcC,11
E441,CTX-M-126,2
E441,CTX-M-56,2
E441,vanTrL,1
E441,CTX-M-141,1
E441,CTX-M-59,1
E441,mdtA,124
E441,emrA,43
E441,emrB,34
E441,mdtB,149
E441,CTX-M-74,1
E441,mdtC,23
E441,CTX-M-75,1
E441,emrD,29
E441,mdtE,2
E441,CTX-M-76,2
E441,MCR-1.2,2
E441,patA,3
E441,MCR-1.3,1
E441,CTX-M-160,2
E441,CTX-M-90,2
E441,CTX-M-147,4
E441,CTX-M-77,1
E441,cmlA,1
E441,patB,1
E441,EmrB-QacA_family_major_facilitator_transporter,20
E441,MCR-1.4,1
E441,cmlA1,6
E441,MCR-1.5,1
E441,CTX-M-92,1
E441,MCR-1.6,1
E441,baeR,3
E441,poxtA,9
E441,MCR-1.7,1
E441,cmlA4,6
E441,otr(B),1
E441,tet41,1
E441,MCR-1.10,1
E441,MCR-1.8,1
E441,cmlA5,6
E441,CTX-M-95,1
E441,NmcR,2
E441,emrK,44
E441,MCR-1.11,1
E441,MCR-1.9,1
E441,Staphylococcys,2
E441,cmlA6,6
E441,mel,5
E441,MCR-1.12,1
E441,tet44,1
E441,mdtM,23
E441,MCR-1.13,1
E441,CTX-M-98,2
E441,CTX-M-2,1
E441,bcrA,306
E441,CTX-M-4,1
E441,mdtP,20
E441,PBP-1A,34
E441,kasugamycin_resistance_protein_ksgA,25
E441,CTX-M-5,1
E441,vanA,1
E441,cat_chloramphenicol_acetyltransferase,1
E441,PBP-1B,2
E441,tet(L),2
E441,CTX-M-6,1
E441,vanB,3
E441,CTX-M-7,1
E441,bpeF,20
E441,lmrA,1
E441,vanHB,2
E441,vanE,1
E441,lsa,47
E441,vanG,5
E441,lmrC,3
E441,vanH,18
E441,lmrD,3
E441,emrY,1
E441,cmrA,1
E441,golS,3
E441,vanL,1
E441,floR,123
E441,Toho-1,1
E441,tcmA,16
E441,kdpE,2
E441,msrA,45
E441,mecA,4
E441,farA,1
E441,farB,1
E441,Clostridium_perfringens_mprF,1
E441,mecB,2
E441,vanR,95
E441,vanS,1
E441,msrC,24
E441,Brucella_suis_mprF,2
E441,otrA,3
E441,mecC,1
E441,AcrF,1
E441,rifampin_monooxygenase,2
E441,mecD,1
E441,vanT,1
E441,msrE,1
E441,dfrA2d,2
E441,vatB,1
E441,vanY,1
E441,evgS,2
E441,vatE,4
E441,acrA,21
E441,mexA,25
E441,ykkC,15
E441,ykkD,8
E441,mexB,18
E441,vatG,1
E441,acrB,153
E441,CTX-M-20,2
E441,cmeA,2
E441,mexD,71
E441,cmeB,99
E441,MCR-1,2
E441,mexE,54
E441,cmeC,1
E441,dfrA12,12
E441,acrF,1
E441,MCR-2,1
E441,smeF,8
E441,mexF,96
E441,dfrA1,20
E441,dfrA13,2
E441,tolC,1
E441,MCR-3,1
E441,dfrA14,7
E441,salA,4
E441,FONA-6,2
E441,MCR-4,1
E441,dfrA15,3
E441,oprA,5
E441,VatI,1
E441,dfrA3,2
E441,MCR-5,1
E441,rosB,35
E441,mexI,6
E441,efpA,1
E441,dfrA17,4
E441,truncated_putative_response_regulator_ArlR,31
E441,oprC,7
E441,dfrA5,3
E441,TolC,33
E441,CTX-M-112,2
E441,OprA,1
E441,dfrA7,2
E441,major_facilitator_superfamily_transporter,10
E441,CTX-M-43,1
E441,CTX-M-44,1
E441,MexJ,1
E441,CTX-M-115,1
E441,MexK,2
E441,CTX-M-47,2
E441,basS,1
E441,oprJ,6
E441,CTX-M-48,1
E441,CTX-M-131,1
E441,efrB,1
E441,smeR,6
E441,CTX-M,37
E441,CTX-M-49,2
E441,Staphylococcus_mupA_conferring_resistance_to_mupirocin,2
E441,TriA,1
E441,mtrA,5
E441,tetM,30
E441,mexT,21
E441,oprM,22
E441,CTX-M-134,2
E441,TriC,2
E441,vanRI,1
E441,tetO,1
E441,oprN,2
E441,CTX-M-65,2
E441,macA,1
E441,tetP,12
E441,MexS,1
E441,tetQ,12
E441,mexW,10
E441,macB,928
E441,CTX-M-67,2
E441,tetR,25
E441,CTX-M-81,2
E441,MexV,1
E441,lsaC,1
E441,tetT,10
E441,arnA,50
E441,sdeY,1
E441,ICR-Mc,1
E441,marR,25
E441,amrB,20
E441,tetW,20
E441,tet32,6
E441,tetA(48),18
E441,carA,8
E441,multidrug_ABC_transporter,213
E441,CTX-M-87,2
E441,opcM,29
E441,dfrC,2
E441,tet36,3
E441,dfrD,2
E441,vgaA,16
E441,dfrF,1
E441,vgaB,4
E441,bacterial_regulatory_protein_LuxR,4
E441,dfrG,2
E441,vgaD,1
E441,two-component_system_response_regulator_EvgA,1
E441,mdfA,27
E441,TaeA,10
E441,vgaE,5
E441,catB,16
E441,pmrA,20
E441,transcriptional_regulatory_protein_CpxR_cpxR,29
E441,dfrK,2
E441,tetB(46),1
E441,oleB,8
E441,sul1,2
E441,srmB,6
E441,oleC,17
E441,QepA1,1
E441,QepA2,1
E441,dfrA15b,2
E441,qepA,4
E441,adeB,19
E441,adeC,6
E441,eptA,1
E441,adeF,4
E441,adeH,2
E441,penA,93
E441,Salmonella,6
E441,chloramphenicol_and_florfenicol_exporter,4
E441,tet(W/N/W),1
E441,tcr3,2
E441,PvrR,4
E441,adeK,3
E441,opmE,1
E441,adeL,9
E441,oqxB,6
E441,OpmB,2
E441,rpoB2,10
E441,rphA,1
E441,ompR,43
E441,rphB,1
E441,msbA,4
E441,adeR,1
E441,bicyclomycin-multidrug_efflux_protein_bcr,26
E441,catB3,1
E441,puromycin_resistance_protein,2
E441,ceoB,19
E441,optrA,9
E441,CTX-M-30,3
E441,LpeB,1
E441,dfrA20,2
E441,CTX-M-31,2
E441,cystathionine_beta-lyase_patB,12
E441,dfrA21,3
E441,CTX-M-19,2
E441,CTX-M-102,2
E441,dfrA22,4
E441,dfrB1,9
E441,chloramphenicol_exporter,24
E441,MuxB,2
E441,dfrB2,4
E441,MuxC,1
E441,catB10,1
E441,dfrA24,1
E441,CTX-M-105,4
E441,CTX-M-35,2
E441,dfrA25,2
E441,dfrB3,2
E441,class_A,35
E445,aph(3'')-I,5
E445,OXA,156
E445,chloramphenicol_and_florfenicol_resistance,12
E445,CMY-133,3
E445,OXA-10,7
E445,OXA-11,7
E445,bacA,561
E445,OXA-14,7
E445,chloramphenicol_exporter,93
E445,OXA-16,7
E445,OXA-17,4
E445,OXY,13
E445,ANT(2'')-Ia,1
E445,basS,29
E445,mycinamicin-resistance_protein_myrB,2
E445,kdpE,43
E445,lsaA,1
E445,lsaC,18
E445,TEM-171,3
E445,lsaE,13
E445,OXA-454,7
E445,OXA-142,4
E445,OpmB,5
E445,OpmD,2
E445,tlrB_conferring_tylosin_resistance,5
E445,mefA,182
E445,erm(36),2
E445,mefC,2
E445,mefE,1
E445,tet(L),2
E445,puromycin_resistance_protein,1
E445,abeM,3
E445,clbA,9
E445,clbB,10
E445,clbC,12
E445,abeS,5
E445,SHV-134,5
E445,SHV-135,5
E445,macA,227
E445,qacA,4
E445,macB,6798
E445,qacB,15
E445,rphA,4
E445,rphB,7
E445,TEM-17,1
E445,transcriptional_regulatory_protein_CpxR_cpxR,422
E445,qacG,20
E445,qacH,6
E445,Vibrio_cholerae_varG,1
E445,vgaA,178
E445,AIM-1,1
E445,vgaB,44
E445,vgaD,39
E445,vgaE,41
E445,CMY-42,6
E445,lnuB,6
E445,CMY-45,3
E445,lnuC,1
E445,CMY-46,6
E445,lnuD,1
E445,EmrB-QacA_family_major_facilitator_transporter,89
E445,lnuF,2
E445,lnuG,2
E445,TEM-217,3
E445,AAC(3)-Ib/AAC(6')-Ib'',2
E445,bpeF,12
E445,penA,565
E445,arlS,28
E445,efpA,1
E445,THIN-B,1
E445,otr(B),1
E445,ADC-12,2
E445,Listeria_monocytogenes_mprF,2
E445,ADC-13,2
E445,VatI,2
E445,ADC-14,1
E445,ADC-15,1
E445,cmlA,18
E445,vanHB,19
E445,ErmB,4
E445,ADC-16,2
E445,ErmC,2
E445,ADC-17,1
E445,vanTG,15
E445,tet(42),2
E445,ADC-18,2
E445,ADC-19,2
E445,vanTrL,9
E445,TEM,25
E445,cdeA,11
E445,BIL-1,3
E445,catB,43
E445,ErmT,2
E445,dfrA15b,7
E445,PBP-1A,292
E445,PBP-1B,90
E445,tet32,42
E445,tet34,18
E445,tet35,6
E445,tet36,17
E445,tet37,2
E445,tet39,3
E445,msrA,318
E445,IBC-2,1
E445,msrC,220
E445,msbA,51
E445,msrE,31
E445,Erm(30),1
E445,CTX-M-33,3
E445,ampC,6
E445,Escherichia_coli_mdfA,1
E445,CTX-M-110,2
E445,CTX-M-38,2
E445,evgS,71
E445,CTX-M-113,2
E445,CTX-M-114,3
E445,RTG-4,2
E445,RTG-5,1
E445,adeA,3
E445,adeB,79
E445,adeC,31
E445,adeF,2
E445,aadA,21
E445,aadB,1
E445,adeG,1
E445,adeH,7
E445,adeI,2
E445,adeJ,9
E445,adeK,6
E445,aac(3)-I,23
E445,adeL,13
E445,fmtC,69
E445,TriA,3
E445,adeN,1
E445,TriB,1
E445,TriC,8
E445,aadK,25
E445,adeR,39
E445,adeS,34
E445,TolC,102
E445,vanXYL,3
E445,tetA(46),28
E445,catB10,2
E445,CMY-108,9
E445,ceoB,12
E445,RlmA(II),4
E445,rosA,40
E445,rosB,360
E445,aph(3')-IIb,10
E445,Staphylococcys,6
E445,opmD,3
E445,Staphylococcus,3
E445,ADC-2,2
E445,opmE,1
E445,ADC-3,2
E445,ADC-4,1
E445,ADC-5,2
E445,ADC-7,2
E445,ompF,157
E445,sdiA,50
E445,ompR,844
E445,salA,26
E445,GES-1,1
E445,GES-2,1
E445,APH(6)-Id,2
E445,GES-3,1
E445,CMX,46
E445,GES-4,1
E445,Acinetobacter_baumannii_ampC_beta-lactamase,2
E445,Erm(42),1
E445,GES-5,1
E445,GES-6,1
E445,GES-7,1
E445,TEM-105,3
E445,KLUY-2,1
E445,GES-8,1
E445,GES-9,1
E445,KLUY-4,1
E445,OprA,8
E445,Brucella_suis_mprF,4
E445,bcr-1,7
E445,mef(B),5
E445,DNA-binding_transcriptional_regulator_gadX,24
E445,gadW,2
E445,gadX,3
E445,patA,46
E445,catB3,3
E445,patB,14
E445,mecA,149
E445,mecB,5
E445,mecC,4
E445,mecD,3
E445,mecI,26
E445,aac(3)-Ib-aac(6')-Ib,1
E445,MSI-1,1
E445,OprZ,6
E445,AAC(6')-Ie-APH(2'')-Ia,3
E445,poxtA,52
E445,chloramphenicol_and_florfenicol_exporter,1
E445,metallo-beta-lactamase,17
E445,ANT(3'')-Ii-AAC(6')-IId,4
E445,APH(2'')-If,1
E445,bmr,1
E445,TaeA,60
E445,MexJ,4
E445,MexK,9
E445,MexL,5
E445,MexS,2
E445,vatA,2
E445,vatB,14
E445,vatC,2
E445,MexV,2
E445,vatD,1
E445,GES-10,1
E445,vatE,8
E445,GES-11,1
E445,vatF,3
E445,GES-12,1
E445,vatG,2
E445,GES-13,1
E445,GES-14,1
E445,GES-15,1
E445,GES-16,1
E445,ermA,10
E445,GES-17,1
E445,CMY-95,1
E445,CMY-54,3
E445,CMY-13,6
E445,ermB,19
E445,CMY-55,3
E445,GES-18,1
E445,ereA,20
E445,ermC,10
E445,GES-19,1
E445,CMY-56,6
E445,ereB,4
E445,ermE,2
E445,CMY-17,3
E445,ermF,14
E445,CMY-59,3
E445,ermG,5
E445,truncated_putative_response_regulator_ArlR,361
E445,OXA-233,4
E445,SRT-2,2
E445,bacterial_regulatory_protein_LuxR,22
E445,efmA,2
E445,ermT,6
E445,CMY-2,3
E445,CMY-4,1
E445,CMY-5,3
E445,CMY-6,3
E445,vanYA,2
E445,ADC-20,2
E445,ADC-61,1
E445,ADC-21,2
E445,ADC-22,2
E445,ADC-23,2
E445,ADC-25,2
E445,cmeB,131
E445,Staphylococcus_mupA_conferring_resistance_to_mupirocin,34
E445,floR,47
E445,srmB,56
E445,ant(2'')-I,3
E445,cystathionine_beta-lyase_patB,111
E445,major_facilitator_superfamily_transporter,55
E445,tet40,3
E445,tet41,4
E445,tet43,1
E445,golS,5
E445,tet44,12
E445,SHV-60,4
E445,MCR-1,8
E445,SHV-64,5
E445,MCR-2,4
E445,MCR-3,4
E445,MCR-4,3
E445,MCR-5,3
E445,tolC,2
E445,OXA-663,7
E445,APH(3')-IX,1
E445,CTX-M-84,2
E445,class_A,10
E445,LlmA_23S_ribosomal_RNA_methyltransferase,7
E445,class_B,1
E445,PBP-2X,107
E445,tlcC,58
E445,class_C,72
E445,CTX-M-121,2
E445,CTX-M-122,2
E445,APH(3')-Ia,3
E445,linG,2
E445,CTX-M-129,2
E445,mdfA,75
E445,aac(6')-I,1
E445,CMY-111,3
E445,CMY-118,10
E445,CMY-119,3
E445,cmlA1,12
E445,oprA,21
E445,OXA-74,4
E445,oprC,4
E445,ANT(6)-Ia,1
E445,cmlA4,12
E445,cmlA5,12
E445,cmlA6,12
E445,AAC(6')-34,1
E445,smeB,5
E445,oprJ,69
E445,smeC,9
E445,smeD,5
E445,oprM,201
E445,smeE,12
E445,oprN,108
E445,smeF,59
E445,two-component_system_response_regulator_EvgA,4
E445,baeR,78
E445,dfrA12,161
E445,baeS,73
E445,dfrA13,11
E445,dfrA14,44
E445,dfrA15,16
E445,dfrA16,5
E445,dfrA17,8
E445,CRP,3
E445,smeR,63
E445,smeS,69
E445,FOX,3
E445,TEM-150,3
E445,Erm(47),1
E445,QepA1,2
E445,QepA2,2
E445,mexA,46
E445,mexB,90
E445,mexC,12
E445,mepA,353
E445,mexD,135
E445,mexE,198
E445,mexF,326
E445,erm(34),2
E445,mexG,2
E445,aadA9,1
E445,mexI,6
E445,AxyY,4
E445,abcA,1
E445,mexN,8
E445,tetB(60),41
E445,dfrA1,39
E445,dfrA3,18
E445,mexT,42
E445,dfrA5,15
E445,VEB-1b,2
E445,mexW,72
E445,mexX,100
E445,dfrA8,8
E445,mexY,13
E445,AcrE,1
E445,AcrF,4
E445,PmrF,8
E445,cfrC,12
E445,TEM-33,3
E445,oqxA,1
E445,TEM-34,3
E445,oqxB,7
E445,AcrS,2
E445,ICR-Mc,4
E445,MOX,5
E445,ramA,2
E445,dfrC,16
E445,GES-20,1
E445,GES,22
E445,dfrD,9
E445,GES-21,1
E445,dfrE,13
E445,TRU-1,1
E445,GES-22,1
E445,dfrF,13
E445,GES-23,1
E445,dfrG,8
E445,CMY-61,1
E445,GES-24,1
E445,CMY-20,6
E445,CMY-21,6
E445,GES-26,1
E445,CMY-63,6
E445,arnA,478
E445,Escherichia_coli_mipA,1
E445,CMY-23,3
E445,CMY-64,6
E445,dfrK,8
E445,CMY-28,1
E445,RbpA,1
E445,CMY-29,6
E445,OXA-240,7
E445,OXA-246,7
E445,tetA,153
E445,tetB,42
E445,tetC,6
E445,efrA,61
E445,tetD,2
E445,efrB,42
E445,tetH,6
E445,lsa,517
E445,tetJ,2
E445,tetL,17
E445,tetM,378
E445,tetO,157
E445,tetP,126
E445,tetQ,134
E445,tetR,95
E445,MuxB,7
E445,tetS,27
E445,MuxC,12
E445,tetT,72
E445,ADC-31,1
E445,tetV,17
E445,tetW,600
E445,tetX,5
E445,ADC-75,2
E445,Bacillus_subtilis_mprF,2
E445,cmrA,11
E445,ADC-76,1
E445,ADC-77,2
E445,aph(3'')-IV,2
E445,bicyclomycin-multidrug_efflux_protein_bcr,198
E445,tetZ,1
E445,ADC-78,1
E445,ADC-79,2
E445,tet(40),1
E445,ADC-39,1
E445,qepA,10
E445,vanRI,85
E445,Serratia_marcescens_Omp1,8
E445,Klebsiella_pneumoniae_OmpK35,1
E445,Klebsiella_pneumoniae_OmpK36,7
E445,Klebsiella_pneumoniae_OmpK37,6
E445,Streptococcus_agalactiae_mprF,2
E445,CFE-1,2
E445,porin_OmpC,5
E445,carA,80
E445,DNA-binding_protein_H-NS,10
E445,carO,1
E445,myrA,5
E445,hmrM,1
E445,lrfA,3
E445,Bacillus_Cluster_B_intrinsic_mph,1
E445,APH(3')-IIa,2
E445,cAMP-regulatory_protein,54
E445,mecR1,84
E445,emrA,330
E445,AAC(6')-Ib8,5
E445,amrB,62
E445,emrB,370
E445,emrD,78
E445,CTX-M-16,1
E445,CTX-M-98,2
E445,CTX-M-130,2
E445,emrE,75
E445,OXA-368,4
E445,mgtA,1
E445,emrK,62
E445,tcmA,16
E445,mdsC,7
E445,emrR,1
E445,VEB-1,3
E445,VEB-2,2
E445,VEB-3,2
E445,VEB-4,2
E445,VEB-5,2
E445,emrY,2
E445,VEB-6,2
E445,VEB-7,2
E445,VEB-8,2
E445,VEB-9,1
E445,mel,39
E445,ANT(3'')-IIa,1
E445,ANT(3'')-IIb,1
E445,hp1181,2
E445,aad(6),1
E445,ANT(3'')-IIc,1
E445,Pseudomonas_aeruginosa_emrE,7
E445,chrB,6
E445,tetA(48),82
E445,LRA,3
E445,farA,6
E445,farB,3
E445,AQU-1,1
E445,MdtK,5
E445,dfrA20,11
E445,opcM,32
E445,dfrA21,13
E445,dfrA22,15
E445,MCR-1.2,8
E445,MCR-1.3,4
E445,MCR-1.4,4
E445,dfrA24,3
E445,YojI,21
E445,MCR-1.5,4
E445,dfrA25,9
E445,MCR-1.6,4
E445,MCR-1.7,4
E445,MCR-1.8,4
E445,MCR-1.9,4
E445,dfrA29,8
E445,mtrA,91
E445,blaR1,12
E445,mtrD,2
E445,mtrE,90
E445,lmrA,2
E445,lmrB,149
E445,Erm(44),2
E445,lmrC,85
E445,lmrD,61
E445,NmcR,6
E445,LCR-1,1
E445,mtrR,31
E445,lmrP,2
E445,CTX-M,26
E445,erm(39),1
E445,erm(35),1
E445,blaI,6
E445,bcrA,3199
E445,bcrC,4
E445,tet(K),3
E445,dfrB1,3
E445,dfrB2,2
E445,dfrB3,1
E445,multidrug_ABC_transporter,4785
E445,dfrB6,1
E445,dfrA2d,4
E445,BUT-1,1
E445,PvrR,15
E445,cipA,4
E445,omp36,26
E445,marA,2
E445,otrA,15
E445,otrC,18
E445,Clostridium_perfringens_mprF,2
E445,PER,8
E445,Bacillus_Cluster_A_intrinsic_mph,1
E445,marR,149
E445,CARB,3
E445,aph(6)-I,57
E445,aph(3')-I,52
E445,vanA,77
E445,vanB,163
E445,vanC,63
E445,vanD,252
E445,vanE,22
E445,CMY-30,3
E445,vanG,48
E445,CMY-31,3
E445,vanH,415
E445,vanI,12
E445,aph(2'')-II,2
E445,CMY-34,3
E445,aph(3')-V,5
E445,vanL,6
E445,CMY-77,3
E445,vanM,4
E445,vanN,9
E445,CMY-38,6
E445,TEM-206,3
E445,optrA,71
E445,OXA-251,7
E445,vanR,2322
E445,vanS,1015
E445,vanT,49
E445,vanU,7
E445,OXA-256,7
E445,SMB-1,1
E445,ugd,10
E445,vanX,22
E445,vanY,84
E445,vanZ,17
E445,acrA,129
E445,acrB,433
E445,tet(W/N/W),12
E445,acrD,4
E445,acrF,8
E445,norB,3
E445,cpxA,38
E445,ADC-80,2
E445,tetB(46),33
E445,sul1,27
E445,ADC-41,2
E445,sul2,322
E445,ADC-42,1
E445,sul3,17
E445,ADC-43,2
E445,sul4,14
E445,ykkC,48
E445,ADC-44,2
E445,ykkD,36
E445,LAT-1,3
E445,MCR-1.10,4
E445,MCR-1.11,4
E445,vanWI,1
E445,MCR-1.12,4
E445,MCR-1.13,4
E445,kasugamycin_resistance_protein_ksgA,211
E445,rpoB2,37
E445,tetA(60),32
E445,cob(I)alamin_adenolsyltransferase,151
E445,cat_chloramphenicol_acetyltransferase,9
E445,rifampin_monooxygenase,58
E445,TLA-2,1
E445,bifunctional_aminoglycoside_N-acetyltransferase_and_aminoglycoside_phosphotransferase,2
E445,TEM-1,3
E445,oleB,66
E445,oleC,66
E445,antibiotic_resistance_rRNA_adenine_methyltransferase,10
E445,eptA,6
E445,mphA,12
E445,tcr3,3
E445,mphC,6
E445,mphD,2
E445,mphE,1
E445,CTX-M-67,2
E445,mphG,2
E445,CTX-M-27,2
E445,mphI,2
E445,CTX-M-102,2
E445,LpeB,6
E445,Rm3,1
E445,mdtA,129
E445,mdtB,339
E445,mdtC,263
E445,mdtD,135
E445,mdtE,48
E445,mdtF,62
E445,Escherichia_coli_LamB,2
E445,mdtG,51
E445,mdtH,36
E445,Salmonella,10
E445,mdtK,226
E445,mdtL,25
E445,mdtM,51
E445,mdtN,153
E445,mdtO,25
E445,mdtP,80
E448,OXA,69
E448,chloramphenicol_and_florfenicol_resistance,8
E448,OXA-10,2
E448,OXA-11,1
E448,bacA,319
E448,IND,14
E448,OXA-14,1
E448,chloramphenicol_exporter,53
E448,OXA-16,2
E448,OXA-17,2
E448,AER-1,1
E448,basS,29
E448,kdpE,20
E448,lsaC,9
E448,lsaE,22
E448,TEM-135,3
E448,OXA-454,2
E448,OXA-140,2
E448,OXA-142,2
E448,OpmB,3
E448,tlrB_conferring_tylosin_resistance,1
E448,OpmH,1
E448,mefA,24
E448,mefC,1
E448,tet(L),4
E448,puromycin_resistance_protein,5
E448,abeM,2
E448,catII,3
E448,clbA,7
E448,clbB,8
E448,clbC,7
E448,abeS,2
E448,TEM-90,3
E448,MUS-1,1
E448,MUS-2,1
E448,macA,200
E448,qacA,6
E448,macB,3613
E448,qacB,19
E448,rphA,6
E448,rphB,9
E448,TEM-57,1
E448,transcriptional_regulatory_protein_CpxR_cpxR,224
E448,qacG,8
E448,blt,1
E448,qacH,3
E448,vgaA,181
E448,vgaB,44
E448,vgaD,35
E448,vgaE,40
E448,EmrB-QacA_family_major_facilitator_transporter,54
E448,TEM-215,3
E448,rpsD_(ramA_or_sud2),1
E448,OXA-224,4
E448,bpeE,2
E448,bpeF,55
E448,penA,428
E448,arlS,16
E448,efpA,4
E448,mfpA,18
E448,fosA,2
E448,fosB,6
E448,otr(B),1
E448,VatI,6
E448,vanHB,11
E448,cmlA,18
E448,ErmB,2
E448,vanTG,15
E448,tet(42),2
E448,vanTrL,13
E448,catA,30
E448,catB,90
E448,dfrA15b,6
E448,PBP-1A,213
E448,PBP-1B,67
E448,tet32,30
E448,tet36,21
E448,tet39,8
E448,msrA,319
E448,msrC,192
E448,msbA,30
E448,msrE,17
E448,CTX-M-31,2
E448,CTX-M-75,2
E448,CTX-M-35,1
E448,CTX-M-76,1
E448,ampC,21
E448,CTX-M-77,2
E448,CTX-M-38,4
E448,CTX-M-111,2
E448,evgS,49
E448,CTX-M-115,2
E448,RTG-4,2
E448,RTG-5,1
E448,adeB,133
E448,adeC,40
E448,adeF,11
E448,adeH,7
E448,adeI,4
E448,adeJ,20
E448,aadE,3
E448,adeK,13
E448,adeL,11
E448,TriA,3
E448,adeN,2
E448,ACC-5,1
E448,TriB,2
E448,TriC,10
E448,adeR,19
E448,adeS,11
E448,TolC,232
E448,tetA(46),16
E448,catB10,5
E448,ceoB,31
E448,RlmA(II),2
E448,rosA,20
E448,rosB,210
E448,Staphylococcys,3
E448,Staphylococcus,1
E448,opmE,1
E448,ompF,1
E448,ompR,472
E448,salA,31
E448,CMX,3
E448,Acinetobacter_baumannii_ampC_beta-lactamase,1
E448,TEM-185,3
E448,TEM-106,3
E448,OprA,10
E448,bcr-1,4
E448,patA,48
E448,catB3,6
E448,patB,3
E448,mecA,166
E448,mecB,6
E448,mecC,7
E448,mecD,5
E448,OprZ,4
E448,AAC(6')-Ie-APH(2'')-Ia,3
E448,poxtA,58
E448,chloramphenicol_and_florfenicol_exporter,5
E448,metallo-beta-lactamase,3
E448,catIII,4
E448,TaeA,65
E448,MexJ,2
E448,CTX-M-2,2
E448,MexK,15
E448,MexL,2
E448,CTX-M-5,2
E448,CTX-M-9,2
E448,MexS,3
E448,vatA,1
E448,vatB,25
E448,vatC,4
E448,MexV,4
E448,vatD,3
E448,vatE,24
E448,vatF,5
E448,vatG,6
E448,ermA,1
E448,ereA,10
E448,ereB,2
E448,truncated_putative_response_regulator_ArlR,224
E448,OXA-233,1
E448,SRT-1,2
E448,SRT-2,4
E448,bacterial_regulatory_protein_LuxR,24
E448,Chryseobacterium_meningosepticum_BlaB,1
E448,FONA-6,2
E448,cmeA,2
E448,cmeB,556
E448,cmeC,1
E448,Staphylococcus_mupA_conferring_resistance_to_mupirocin,31
E448,floR,144
E448,srmB,43
E448,cystathionine_beta-lyase_patB,72
E448,major_facilitator_superfamily_transporter,56
E448,tet41,8
E448,tet43,3
E448,golS,1
E448,tet44,12
E448,MCR-1,12
E448,MCR-2,6
E448,MCR-3,6
E448,MCR-4,6
E448,MCR-5,6
E448,tolC,5
E448,OXA-663,1
E448,OXA-392,2
E448,CTX-M-43,2
E448,CTX-M-44,2
E448,class_A,68
E448,LlmA_23S_ribosomal_RNA_methyltransferase,1
E448,CTX-M-160,4
E448,PBP-2X,32
E448,tlcC,42
E448,class_C,65
E448,CTX-M-48,4
E448,CTX-M-121,2
E448,CTX-M-122,5
E448,CTX-M-124,2
E448,CTX-M-125,2
E448,CTX-M-126,2
E448,mdfA,116
E448,aac(6')-I,2
E448,tet(59),1
E448,OXA-31,2
E448,cmlA1,10
E448,oprA,14
E448,OXA-74,1
E448,OXA-33,4
E448,oprC,12
E448,cmlA4,10
E448,cmlA5,10
E448,cmlA6,10
E448,AAC(6')-34,1
E448,oprJ,14
E448,smeB,5
E448,smeC,6
E448,smeD,5
E448,oprM,117
E448,smeE,7
E448,oprN,94
E448,smeF,28
E448,two-component_system_response_regulator_EvgA,8
E448,baeR,25
E448,dfrA12,113
E448,baeS,40
E448,dfrA13,8
E448,dfrA14,20
E448,dfrA15,14
E448,dfrA16,11
E448,dfrA17,4
E448,CRP,4
E448,TUS-1,1
E448,smeR,23
E448,smeS,20
E448,TEM-153,3
E448,TEM-159,3
E448,QepA1,5
E448,CfxA3,1
E448,QepA2,5
E448,mexA,25
E448,mexB,61
E448,mexD,176
E448,mexE,240
E448,mexF,748
E448,mexH,172
E448,mexI,33
E448,AxyY,4
E448,abcA,1
E448,mexN,7
E448,tetB(60),7
E448,mexQ,3
E448,dfrA1,52
E448,dfrA3,10
E448,mexT,24
E448,dfrA5,9
E448,mexW,215
E448,dfrA7,1
E448,VEB-1b,4
E448,mexX,55
E448,dfrA8,7
E448,mexY,1
E448,AcrE,1
E448,AcrF,3
E448,PmrF,11
E448,cfrC,8
E448,oqxA,3
E448,oqxB,10
E448,ICR-Mc,6
E448,MOX,1
E448,Moraxella_catarrhalis_M35,2
E448,dfrC,10
E448,dfrD,5
E448,dfrE,4
E448,dfrF,4
E448,dfrG,6
E448,CMY-61,3
E448,arnA,402
E448,dfrK,8
E448,FosA3,1
E448,ACT,32
E448,FosA7,1
E448,RbpA,1
E448,OXA-240,1
E448,SME-2,1
E448,SME-3,1
E448,OXA-246,2
E448,tetA,247
E448,tetB,31
E448,tetC,14
E448,efrA,8
E448,efrB,8
E448,tetH,19
E448,lsa,409
E448,tetJ,20
E448,tetM,372
E448,tetO,64
E448,tetP,130
E448,tetQ,68
E448,MuxA,1
E448,tetR,51
E448,MuxB,5
E448,tetS,23
E448,MuxC,13
E448,tetT,75
E448,tetV,10
E448,tetW,275
E448,ADC-74,1
E448,tetX,100
E448,cmrA,3
E448,bicyclomycin-multidrug_efflux_protein_bcr,129
E448,qepA,20
E448,ADC-39,1
E448,vanRI,26
E448,Serratia_marcescens_Omp1,1
E448,Klebsiella_pneumoniae_OmpK36,1
E448,Klebsiella_pneumoniae_OmpK37,1
E448,porin_OmpC,1
E448,carA,57
E448,carO,3
E448,lrfA,4
E448,Bacillus_Cluster_B_intrinsic_mph,1
E448,cAMP-regulatory_protein,72
E448,mecR1,7
E448,CTX-M-90,4
E448,CTX-M-92,2
E448,CTX-M-51,2
E448,OXA-320,4
E448,emrA,338
E448,CTX-M-95,2
E448,CTX-M-13,2
E448,amrB,39
E448,emrB,437
E448,CTX-M-14,1
E448,CTX-M-56,2
E448,emrD,55
E448,CTX-M-130,4
E448,CTX-M-98,4
E448,emrE,25
E448,CTX-M-131,2
E448,CTX-M-99,2
E448,CTX-M-59,2
E448,OXA-368,1
E448,CTX-M-19,2
E448,emrK,112
E448,tcmA,51
E448,mdsA,2
E448,mdsB,11
E448,mdsC,9
E448,VEB-1,7
E448,VEB-2,4
E448,VEB-3,4
E448,VEB-4,4
E448,VEB-5,4
E448,emrY,2
E448,VEB-6,4
E448,HERA-1,1
E448,VEB-7,4
E448,VEB-8,4
E448,VEB-9,2
E448,mel,30
E448,hp1181,4
E448,Pseudomonas_aeruginosa_emrE,3
E448,tetA(48),48
E448,LRA,2
E448,farA,2
E448,farB,6
E448,OXA-47,2
E448,dfrA20,11
E448,opcM,44
E448,dfrA21,11
E448,dfrA22,11
E448,MCR-1.2,12
E448,MCR-1.3,6
E448,MCR-1.4,6
E448,dfrA24,1
E448,YojI,6
E448,MCR-1.5,6
E448,dfrA25,6
E448,MCR-1.6,6
E448,MCR-1.7,6
E448,MCR-1.8,6
E448,dfrA29,5
E448,MCR-1.9,6
E448,mtrA,47
E448,mtrE,105
E448,pmrA,48
E448,lmrA,5
E448,lmrB,1
E448,lmrC,11
E448,lmrD,13
E448,NmcR,1
E448,PEDO-3,1
E448,blaB,1
E448,CTX-M,42
E448,bcrA,1582
E448,tap,1
E448,tet(K),2
E448,dfrB1,9
E448,dfrB2,6
E448,dfrB3,3
E448,multidrug_ABC_transporter,2072
E448,dfrA2d,3
E448,dfrB6,3
E448,tet(33),1
E448,omp36,5
E448,PvrR,4
E448,cipA,1
E448,otrA,13
E448,PSE-1,4
E448,otrC,11
E448,PER,8
E448,Bacillus_Cluster_A_intrinsic_mph,1
E448,marR,99
E448,CARB,14
E448,aph(6)-I,1
E448,aph(3')-I,3
E448,vanA,27
E448,vanB,51
E448,vanC,55
E448,vanD,94
E448,vanE,18
E448,vanG,50
E448,vanH,223
E448,vanI,4
E448,vanL,8
E448,vanN,11
E448,optrA,65
E448,TEM-207,3
E448,OXA-251,1
E448,vanR,1012
E448,vanS,362
E448,vanT,55
E448,OXA-256,1
E448,ugd,5
E448,vanX,44
E448,vanY,12
E448,OXA-1,4
E448,OXA-4,4
E448,acrA,70
E448,acrB,212
E448,tet(W/N/W),7
E448,acrD,2
E448,acrF,2
E448,norA,2
E448,cpxA,13
E448,tetB(46),5
E448,ADC-81,1
E448,sul1,45
E448,sul2,163
E448,sul3,11
E448,sul4,9
E448,ykkC,129
E448,ykkD,68
E448,MCR-1.10,6
E448,MCR-1.11,6
E448,MCR-1.12,6
E448,MCR-1.13,6
E448,kasugamycin_resistance_protein_ksgA,300
E448,rpoB2,18
E448,tetA(60),11
E448,cob(I)alamin_adenolsyltransferase,1
E448,cat_chloramphenicol_acetyltransferase,29
E448,TLA-1,2
E448,rifampin_monooxygenase,77
E448,bifunctional_aminoglycoside_N-acetyltransferase_and_aminoglycoside_phosphotransferase,2
E448,TLA-2,2
E448,TLA-3,2
E448,oleB,50
E448,Enterococcus,4
E448,oleC,59
E448,FosA,1
E448,antibiotic_resistance_rRNA_adenine_methyltransferase,7
E448,oleI,1
E448,JOHN-1,1
E448,aac(6')-II,2
E448,eptA,7
E448,CGB-1,1
E448,CTX-M-20,1
E448,tcr3,2
E448,mphA,12
E448,mphC,6
E448,mphD,2
E448,CTX-M-24,3
E448,CTX-M-65,2
E448,mphE,1
E448,CTX-M-67,8
E448,mphG,2
E448,CTX-M-141,2
E448,mphI,2
E448,CTX-M-105,4
E448,CTX-M-148,2
E448,LpeB,17
E448,mdtA,192
E448,mdtB,159
E448,mdtC,365
E448,mdtD,102
E448,mdtE,32
E448,mdtF,4
E448,mdtG,14
E448,mdtH,25
E448,Salmonella,10
E448,mdtK,229
E448,mdtL,7
E448,mdtN,28
E448,mdtP,40
E451,aph(3'')-I,4
E451,OXA,223
E451,chloramphenicol_and_florfenicol_resistance,18
E451,CMY-133,15
E451,OXA-10,9
E451,OXA-11,8
E451,bacA,650
E451,OXA-14,9
E451,chloramphenicol_exporter,128
E451,OXA-16,9
E451,OXA-17,8
E451,AER-1,1
E451,basS,44
E451,mycinamicin-resistance_protein_myrB,1
E451,kdpE,47
E451,lsaC,16
E451,lsaE,24
E451,OXA-454,9
E451,OXA-140,2
E451,OXA-142,8
E451,OpmB,6
E451,OpmD,4
E451,tlrB_conferring_tylosin_resistance,8
E451,OpmH,2
E451,mefA,118
E451,erm(36),1
E451,mefC,2
E451,tet(L),8
E451,puromycin_resistance_protein,3
E451,abeM,12
E451,clbA,13
E451,clbB,16
E451,clbC,20
E451,abeS,11
E451,TEM-92,3
E451,TEM-93,1
E451,TEM-52,3
E451,TEM-94,3
E451,macA,596
E451,qacA,4
E451,macB,7002
E451,qacB,14
E451,rphA,14
E451,rphB,24
E451,transcriptional_regulatory_protein_CpxR_cpxR,532
E451,qacG,36
E451,qacH,12
E451,vgaA,260
E451,vgaB,56
E451,vgaD,45
E451,vgaE,51
E451,lnuB,3
E451,CMY-46,3
E451,EmrB-QacA_family_major_facilitator_transporter,62
E451,lnuF,1
E451,lnuG,1
E451,AAC(3)-Ib/AAC(6')-Ib'',2
E451,OXA-224,4
E451,bpeE,2
E451,bpeF,21
E451,penA,781
E451,arlS,28
E451,efpA,6
E451,otr(B),1
E451,Listeria_monocytogenes_mprF,1
E451,ADC-12,5
E451,VatI,6
E451,ADC-13,5
E451,ADC-14,3
E451,ADC-15,1
E451,vanHB,17
E451,ErmB,6
E451,ADC-16,5
E451,ErmC,1
E451,vanTG,26
E451,ADC-17,5
E451,tet(42),1
E451,ADC-18,3
E451,ADC-19,5
E451,vanTrL,17
E451,TEM,2
E451,cdeA,4
E451,catB,184
E451,ErmT,2
E451,dfrA15b,8
E451,PBP-1A,518
E451,PBP-1B,148
E451,tet32,67
E451,tet34,9
E451,tet35,2
E451,tet36,28
E451,tet37,2
E451,tet39,2
E451,msrA,438
E451,msrC,278
E451,msbA,48
E451,msrE,41
E451,ampC,3
E451,CTX-M-110,2
E451,CTX-M-111,1
E451,CTX-M-38,2
E451,evgS,77
E451,CTX-M-113,2
E451,RTG-4,2
E451,RTG-5,1
E451,adeA,9
E451,adeB,260
E451,adeC,50
E451,adeF,3
E451,aadA,55
E451,adeG,1
E451,adeH,7
E451,adeI,12
E451,aadE,1
E451,adeJ,27
E451,adeK,15
E451,aac(3)-I,23
E451,adeL,24
E451,fmtC,22
E451,TriA,5
E451,adeN,7
E451,TriC,21
E451,aadK,24
E451,adeR,34
E451,adeS,25
E451,TolC,389
E451,vanXYL,4
E451,CMY-102,3
E451,tetA(46),26
E451,catB10,9
E451,CMY-108,6
E451,ceoB,15
E451,RlmA(II),8
E451,rosA,60
E451,rosB,452
E451,aph(3')-IIb,4
E451,Staphylococcys,5
E451,opmD,5
E451,Staphylococcus,2
E451,opmE,2
E451,ADC-2,5
E451,ADC-3,4
E451,APH(3')-VIa,1
E451,ADC-5,5
E451,ADC-6,1
E451,ompF,1
E451,ADC-7,5
E451,sdiA,1
E451,ompR,1129
E451,salA,49
E451,APH(6)-Id,1
E451,CMX,5
E451,Acinetobacter_baumannii_ampC_beta-lactamase,5
E451,KLUY-2,1
E451,OprA,13
E451,aadA25,1
E451,Brucella_suis_mprF,1
E451,bcr-1,5
E451,mef(B),3
E451,sdeY,1
E451,Vibrio_cholerae_OmpU,1
E451,patA,66
E451,catB3,12
E451,patB,12
E451,mecA,159
E451,mecB,7
E451,mecC,6
E451,mecD,5
E451,aac(3)-Ib-aac(6')-Ib,1
E451,OprZ,8
E451,poxtA,82
E451,metallo-beta-lactamase,1
E451,chloramphenicol_and_florfenicol_exporter,5
E451,TEM-20,3
E451,TEM-21,3
E451,ANT(3'')-Ii-AAC(6')-IId,8
E451,TaeA,93
E451,MexJ,12
E451,MexK,23
E451,MexL,7
E451,CTX-M-5,1
E451,MexS,6
E451,vatA,4
E451,vatB,45
E451,vatC,5
E451,MexV,4
E451,vatD,4
E451,vatE,24
E451,vatF,5
E451,vatG,7
E451,MexZ,1
E451,CMY-12,3
E451,ermA,7
E451,CMY-13,3
E451,ermB,11
E451,CMY-55,9
E451,ermC,11
E451,CMY-56,6
E451,ermE,6
E451,CMY-99,7
E451,ermF,7
E451,ermG,5
E451,truncated_putative_response_regulator_ArlR,425
E451,OXA-233,7
E451,SRT-1,1
E451,SRT-2,2
E451,bacterial_regulatory_protein_LuxR,29
E451,efmA,2
E451,ermT,6
E451,CMY-2,3
E451,CMY-5,12
E451,CMY-7,6
E451,vanYA,4
E451,ADC-20,5
E451,ADC-21,5
E451,ADC-22,5
E451,ADC-23,4
E451,ADC-25,5
E451,cmeB,368
E451,Staphylococcus_mupA_conferring_resistance_to_mupirocin,45
E451,floR,90
E451,srmB,77
E451,ant(2'')-I,2
E451,cystathionine_beta-lyase_patB,97
E451,major_facilitator_superfamily_transporter,57
E451,tet41,2
E451,golS,6
E451,tet44,23
E451,MCR-1,30
E451,MCR-2,15
E451,MCR-3,14
E451,MCR-4,14
E451,MCR-5,14
E451,tolC,5
E451,OXA-663,9
E451,APH(3')-IX,1
E451,aph(3''')-III,5
E451,CTX-M-84,2
E451,OXA-392,2
E451,class_A,21
E451,CTX-M-87,2
E451,CTX-M-160,2
E451,PBP-2X,100
E451,tlcC,77
E451,class_C,58
E451,CTX-M-121,2
E451,CTX-M-48,2
E451,CTX-M-122,4
E451,APH(3')-Ia,1
E451,CTX-M-125,2
E451,linG,1
E451,mdfA,187
E451,CMY-118,10
E451,OXA-31,2
E451,cmlA1,13
E451,oprA,16
E451,OXA-74,7
E451,OXA-33,4
E451,oprC,10
E451,ANT(6)-Ia,1
E451,cmlA4,13
E451,cmlA5,13
E451,cmlA6,13
E451,oprJ,87
E451,smeB,26
E451,smeC,12
E451,oprM,223
E451,smeE,24
E451,oprN,193
E451,smeF,96
E451,two-component_system_response_regulator_EvgA,5
E451,baeR,69
E451,dfrA12,162
E451,baeS,69
E451,dfrA13,9
E451,dfrA14,23
E451,dfrA15,14
E451,dfrA16,6
E451,dfrA17,5
E451,CRP,7
E451,smeR,63
E451,smeS,54
E451,TEM-112,3
E451,TEM-113,3
E451,QepA1,6
E451,QepA2,6
E451,CfxA3,1
E451,mexA,7
E451,mexB,129
E451,mexC,69
E451,mepA,189
E451,mexD,214
E451,mexE,190
E451,mexF,549
E451,aadA9,1
E451,mexH,31
E451,mexI,35
E451,AxyY,5
E451,abcA,2
E451,mexM,1
E451,mexN,9
E451,tetB(60),29
E451,mexQ,3
E451,dfrA1,51
E451,dfrA3,18
E451,mexT,127
E451,dfrA5,12
E451,mexW,199
E451,VEB-1b,4
E451,mexX,44
E451,dfrA8,8
E451,mexY,12
E451,AcrE,1
E451,AcrF,3
E451,PmrF,13
E451,TEM-72,3
E451,cfrC,18
E451,oqxA,3
E451,oqxB,11
E451,AcrS,2
E451,ICR-Mc,15
E451,MOX,6
E451,Moraxella_catarrhalis_M35,6
E451,dfrC,13
E451,dfrD,12
E451,dfrE,9
E451,dfrF,6
E451,APH(3')-IIIa,1
E451,dfrG,14
E451,CMY-61,1
E451,CMY-20,9
E451,CMY-21,15
E451,CMY-63,3
E451,Escherichia_coli_mipA,1
E451,arnA,530
E451,CMY-64,3
E451,dfrK,15
E451,CMY-28,8
E451,CMY-29,15
E451,OXA-240,8
E451,SME-2,1
E451,SME-3,1
E451,OXA-246,8
E451,tetA,126
E451,tetB,23
E451,tetC,6
E451,efrA,30
E451,efrB,27
E451,tetH,5
E451,lsa,697
E451,tetJ,3
E451,tetM,344
E451,tetO,179
E451,tetP,150
E451,tetQ,128
E451,MuxA,1
E451,tetR,169
E451,MuxB,12
E451,tetS,25
E451,MuxC,18
E451,tetT,89
E451,tetW,674
E451,tetX,9
E451,Bacillus_subtilis_mprF,1
E451,ADC-75,5
E451,cmrA,12
E451,ADC-76,1
E451,bicyclomycin-multidrug_efflux_protein_bcr,291
E451,ADC-77,5
E451,aph(3'')-IV,2
E451,ADC-78,2
E451,ADC-79,5
E451,qepA,24
E451,ADC-39,4
E451,vanRI,79
E451,Serratia_marcescens_Omp1,1
E451,Klebsiella_pneumoniae_OmpK36,1
E451,Klebsiella_pneumoniae_OmpK37,1
E451,Streptococcus_agalactiae_mprF,1
E451,porin_OmpC,1
E451,carA,99
E451,DNA-binding_protein_H-NS,15
E451,carO,9
E451,APH(3')-VI,2
E451,myrA,9
E451,hmrM,2
E451,lrfA,5
E451,Bacillus_Cluster_B_intrinsic_mph,1
E451,APH(3')-IIa,1
E451,cAMP-regulatory_protein,126
E451,CTX-M-90,2
E451,CTX-M-51,2
E451,OXA-320,4
E451,AAC(6')-Ib7,5
E451,emrA,548
E451,amrB,64
E451,emrB,601
E451,CTX-M-14,2
E451,emrD,26
E451,CTX-M-98,2
E451,CTX-M-130,2
E451,emrE,127
E451,CTX-M-17,2
E451,OXA-368,7
E451,emrK,71
E451,tcmA,40
E451,mdsB,8
E451,APH(3')-VIII,1
E451,mdsC,10
E451,VEB-1,7
E451,VEB-2,4
E451,VEB-3,2
E451,VEB-4,4
E451,emrY,2
E451,VEB-5,4
E451,VEB-6,4
E451,VEB-7,4
E451,VEB-8,4
E451,VEB-9,2
E451,mel,48
E451,ANT(3'')-IIa,1
E451,ANT(3'')-IIb,1
E451,hp1181,11
E451,aad(6),1
E451,ANT(3'')-IIc,1
E451,Pseudomonas_aeruginosa_emrE,12
E451,chrB,9
E451,tetA(48),72
E451,LRA,5
E451,farA,6
E451,farB,7
E451,OXA-47,2
E451,MdtK,3
E451,dfrA20,10
E451,opcM,78
E451,dfrA21,16
E451,dfrA22,17
E451,MCR-1.2,30
E451,MCR-1.3,15
E451,MCR-1.4,15
E451,dfrA24,2
E451,YojI,18
E451,MCR-1.5,15
E451,dfrA25,11
E451,MCR-1.6,15
E451,MCR-1.7,15
E451,MCR-1.8,15
E451,MCR-1.9,15
E451,dfrA29,9
E451,mtrA,89
E451,mtrC,1
E451,mtrD,11
E451,mtrE,291
E451,lmrA,5
E451,lmrB,15
E451,Erm(44),2
E451,lmrC,42
E451,lmrD,48
E451,NmcR,6
E451,LCR-1,1
E451,mtrR,51
E451,pgpB,1
E451,aph(3')-VII,1
E451,lmrP,2
E451,CTX-M,32
E451,blaI,2
E451,bcrA,3176
E451,bcrC,2
E451,KLUG-1,1
E451,multidrug_ABC_transporter,3287
E451,PvrR,30
E451,omp36,5
E451,otrA,20
E451,PSE-1,4
E451,otrC,19
E451,Bacillus_Cluster_A_intrinsic_mph,1
E451,marR,369
E451,CARB,15
E451,aph(6)-I,25
E451,aph(3')-I,26
E451,vanA,113
E451,vanB,117
E451,vanC,70
E451,vanD,288
E451,vanE,25
E451,vanG,64
E451,vanH,359
E451,vanI,16
E451,CMY-34,7
E451,aph(3')-V,3
E451,vanL,9
E451,CMY-77,3
E451,vanM,2
E451,vanN,16
E451,optrA,89
E451,OXA-251,8
E451,vanR,2235
E451,vanS,903
E451,vanT,87
E451,OXA-256,8
E451,vanW,42
E451,vanX,1
E451,ugd,11
E451,vanY,77
E451,OXA-1,4
E451,OXA-4,4
E451,acrA,262
E451,acrB,616
E451,tet(W/N/W),17
E451,acrD,5
E451,acrF,2
E451,cpxA,43
E451,ADC-80,4
E451,tetB(46),28
E451,sul1,75
E451,ADC-41,5
E451,sul2,388
E451,ADC-42,3
E451,sul3,28
E451,ADC-43,5
E451,sul4,21
E451,ykkC,32
E451,ADC-44,5
E451,ykkD,43
E451,MCR-1.10,15
E451,MCR-1.11,15
E451,vanWI,1
E451,MCR-1.12,15
E451,MCR-1.13,15
E451,vanKI,2
E451,kasugamycin_resistance_protein_ksgA,483
E451,rpoB2,45
E451,tetA(60),32
E451,cob(I)alamin_adenolsyltransferase,125
E451,cat_chloramphenicol_acetyltransferase,57
E451,TLA-1,1
E451,rifampin_monooxygenase,76
E451,TLA-2,1
E451,TLA-3,1
E451,oleB,69
E451,oleC,83
E451,antibiotic_resistance_rRNA_adenine_methyltransferase,10
E451,eptA,15
E451,tcr3,1
E451,mphA,12
E451,mphC,6
E451,mphD,2
E451,CTX-M-65,2
E451,CTX-M-24,2
E451,mphE,1
E451,CTX-M-67,4
E451,mphG,2
E451,Burkholderia_pseudomallei_Omp38,7
E451,mphI,2
E451,CTX-M-105,2
E451,CTX-M-147,2
E451,CTX-M-148,2
E451,LpeB,10
E451,mdtA,321
E451,mdtB,578
E451,mdtC,496
E451,mdtD,213
E451,mdtE,30
E451,mdtF,47
E451,Escherichia_coli_LamB,1
E451,mdtG,89
E451,mdtH,36
E451,Salmonella,13
E451,mdtK,373
E451,mdtL,12
E451,mdtM,4
E451,mdtN,228
E451,mdtP,61
E453,OXA,80
E453,chloramphenicol_and_florfenicol_resistance,6
E453,OXA-10,3
E453,OXA-11,1
E453,bacA,150
E453,OXA-14,1
E453,chloramphenicol_exporter,49
E453,OXA-16,1
E453,OXA-17,3
E453,basS,20
E453,kdpE,19
E453,lsaC,9
E453,lsaE,6
E453,OXA-454,1
E453,OXA-142,1
E453,OpmB,4
E453,OpmH,1
E453,erm(36),1
E453,puromycin_resistance_protein,5
E453,abeM,1
E453,clbA,4
E453,clbB,5
E453,clbC,6
E453,abeS,2
E453,macA,74
E453,macB,1852
E453,rphA,2
E453,rphB,3
E453,transcriptional_regulatory_protein_CpxR_cpxR,213
E453,qacG,16
E453,qacH,2
E453,vgaA,33
E453,vgaB,12
E453,AIM-1,2
E453,vgaD,14
E453,vgaE,20
E453,AAC(2')-Ie,1
E453,EmrB-QacA_family_major_facilitator_transporter,52
E453,rpsD_(ramA_or_sud2),1
E453,bpeF,13
E453,penA,263
E453,arlS,4
E453,efpA,5
E453,KPC-14,3
E453,KPC-16,6
E453,KPC-17,6
E453,KPC-19,6
E453,THIN-B,2
E453,otr(B),4
E453,Listeria_monocytogenes_mprF,1
E453,VatI,1
E453,vanHB,10
E453,ErmB,2
E453,vanTG,7
E453,tet(42),2
E453,vanTrL,3
E453,catB,32
E453,dfrA15b,3
E453,PBP-1A,175
E453,PBP-1B,48
E453,tet32,9
E453,tet36,6
E453,tet39,1
E453,msrA,170
E453,msrC,83
E453,msbA,7
E453,msrE,14
E453,Erm(30),2
E453,ampC,9
E453,CTX-M-38,1
E453,CTX-M-111,2
E453,evgS,44
E453,adeA,6
E453,adeB,236
E453,adeC,13
E453,adeF,2
E453,adeH,6
E453,adeI,2
E453,adeJ,15
E453,adeK,5
E453,BRP(MBL),1
E453,adeL,4
E453,fmtC,91
E453,TriA,2
E453,adeN,1
E453,ACC-5,1
E453,TriC,4
E453,adeR,21
E453,adeS,9
E453,TolC,124
E453,tetA(46),5
E453,catB10,1
E453,ceoB,8
E453,RlmA(II),2
E453,rosA,30
E453,rosB,239
E453,Staphylococcys,8
E453,opmE,2
E453,ompR,443
E453,salA,17
E453,GES-1,2
E453,GES-2,2
E453,GES-3,1
E453,GES-4,2
E453,GES-5,2
E453,GES-6,2
E453,GES-7,1
E453,GES-8,1
E453,GES-9,2
E453,OprA,1
E453,Brucella_suis_mprF,3
E453,bcr-1,3
E453,patA,22
E453,catB3,2
E453,mecA,33
E453,mecB,3
E453,mecC,3
E453,mecD,2
E453,MSI-1,2
E453,OprZ,3
E453,poxtA,22
E453,chloramphenicol_and_florfenicol_exporter,1
E453,metallo-beta-lactamase,20
E453,TaeA,27
E453,MexJ,2
E453,MexK,6
E453,MexL,3
E453,MexS,8
E453,vatA,1
E453,vatB,5
E453,vatC,1
E453,MexV,3
E453,vatD,1
E453,GES-10,1
E453,vatE,4
E453,GES-11,2
E453,vatF,1
E453,GES-12,2
E453,vatG,1
E453,GES-13,2
E453,GES-14,2
E453,GES-15,1
E453,GES-16,2
E453,ermA,4
E453,GES-17,2
E453,ermB,10
E453,GES-18,2
E453,GES-19,2
E453,truncated_putative_response_regulator_ArlR,175
E453,OXA-233,3
E453,ermN,1
E453,bacterial_regulatory_protein_LuxR,9
E453,KPC-22,6
E453,tetB(48),2
E453,cmeB,99
E453,Staphylococcus_mupA_conferring_resistance_to_mupirocin,14
E453,floR,35
E453,BJP-1,2
E453,srmB,21
E453,GOB-18,1
E453,major_facilitator_superfamily_transporter,44
E453,tet41,6
E453,tet43,4
E453,golS,5
E453,tet44,4
E453,MCR-1,2
E453,GOB-1,1
E453,MCR-2,1
E453,MCR-3,1
E453,MCR-4,1
E453,MCR-5,1
E453,tolC,2
E453,OXA-663,3
E453,class_A,45
E453,LlmA_23S_ribosomal_RNA_methyltransferase,2
E453,PBP-2X,25
E453,CTX-M-160,4
E453,tlcC,17
E453,class_C,1
E453,CTX-M-121,2
E453,CTX-M-122,2
E453,mdfA,37
E453,aac(6')-I,17
E453,SHV-9,5
E453,AAC(6')-Iaa,1
E453,cmlA1,4
E453,OXA-74,3
E453,oprC,2
E453,AAC(6')-Iak,1
E453,cmlA4,4
E453,cmlA5,4
E453,cmlA6,4
E453,oprJ,43
E453,smeB,15
E453,smeC,8
E453,smeD,2
E453,oprM,101
E453,smeE,6
E453,oprN,291
E453,smeF,44
E453,two-component_system_response_regulator_EvgA,1
E453,baeR,32
E453,dfrA12,68
E453,baeS,29
E453,dfrA13,4
E453,dfrA14,19
E453,dfrA15,6
E453,CRP,1
E453,dfrA17,13
E453,smeR,31
E453,smeS,22
E453,QepA1,2
E453,QepA2,3
E453,mexA,35
E453,KPC-1,1
E453,mexB,58
E453,mexC,24
E453,KPC-3,6
E453,mepA,1
E453,mexD,149
E453,mexE,164
E453,mexF,381
E453,KPC-6,4
E453,erm(34),1
E453,mexH,63
E453,KPC-8,6
E453,mexI,16
E453,KPC-9,6
E453,AxyY,6
E453,mexN,9
E453,tetB(60),1
E453,mexP,1
E453,mexQ,4
E453,dfrA1,27
E453,dfrA3,10
E453,mexT,21
E453,dfrA5,6
E453,mexW,97
E453,dfrA7,6
E453,mexX,26
E453,dfrA8,5
E453,mexY,7
E453,PmrF,4
E453,cfrC,6
E453,oqxA,2
E453,oqxB,9
E453,ICR-Mc,1
E453,OKP-A,10
E453,OKP-B,15
E453,dfrC,4
E453,GES-20,2
E453,GES,41
E453,dfrD,4
E453,GES-21,2
E453,dfrE,2
E453,GES-22,2
E453,dfrF,5
E453,GES-23,2
E453,dfrG,2
E453,GES-24,2
E453,GES-26,2
E453,arnA,242
E453,dfrK,4
E453,ACT,19
E453,OXA-240,3
E453,OXA-246,3
E453,tetA,114
E453,tetB,4
E453,tetC,2
E453,efrA,2
E453,efrB,7
E453,lsa,152
E453,tetL,4
E453,tetM,174
E453,tetO,31
E453,tetP,23
E453,tetQ,9
E453,MuxA,1
E453,tetR,50
E453,MuxB,6
E453,tetS,4
E453,MuxC,6
E453,tetT,17
E453,tetW,126
E453,Bacillus_subtilis_mprF,2
E453,cmrA,6
E453,bicyclomycin-multidrug_efflux_protein_bcr,85
E453,tetZ,2
E453,qepA,12
E453,vanRI,19
E453,Streptococcus_agalactiae_mprF,1
E453,KPC,14
E453,carA,25
E453,carO,1
E453,BEL,6
E453,lrfA,2
E453,cAMP-regulatory_protein,18
E453,CTX-M-90,2
E453,CTX-M-51,2
E453,emrA,251
E453,amrB,67
E453,emrB,281
E453,emrD,7
E453,CTX-M-130,2
E453,CTX-M-98,2
E453,emrE,27
E453,OXA-368,3
E453,emrK,44
E453,tcmA,26
E453,mdsA,1
E453,mdsB,12
E453,mdsC,5
E453,mel,13
E453,hp1181,2
E453,Pseudomonas_aeruginosa_emrE,2
E453,chrB,2
E453,tetA(48),34
E453,LRA,6
E453,farA,5
E453,farB,2
E453,dfrA20,5
E453,opcM,15
E453,dfrA21,5
E453,dfrA22,5
E453,MCR-1.2,2
E453,MCR-1.3,1
E453,MCR-1.4,1
E453,dfrA24,3
E453,YojI,3
E453,MCR-1.5,1
E453,dfrA25,3
E453,MCR-1.6,1
E453,MCR-1.7,1
E453,MCR-1.8,1
E453,MCR-1.9,1
E453,dfrA29,3
E453,mtrA,46
E453,mtrD,1
E453,mtrE,87
E453,lmrA,2
E453,lmrB,19
E453,Erm(44),1
E453,lmrC,6
E453,lmrD,8
E453,NmcR,5
E453,CTX-M,16
E453,RSA-1,2
E453,erm(31),1
E453,bcrA,972
E453,bcrC,2
E453,tap,1
E453,tet(K),3
E453,dfrB1,9
E453,dfrB2,4
E453,dfrB3,2
E453,multidrug_ABC_transporter,655
E453,dfrA2d,2
E453,dfrB6,2
E453,PvrR,12
E453,otrA,6
E453,otrC,6
E453,Clostridium_perfringens_mprF,2
E453,PER,16
E453,marR,75
E453,aph(3')-I,2
E453,vanA,16
E453,vanB,39
E453,vanC,31
E453,vanD,88
E453,vanE,6
E453,vanG,6
E453,vanH,146
E453,vanI,4
E453,vanL,3
E453,vanM,1
E453,vanN,5
E453,optrA,22
E453,OXA-251,3
E453,vanR,713
E453,vanS,292
E453,vanT,11
E453,OXA-256,3
E453,ugd,4
E453,vanX,23
E453,SMB-1,2
E453,vanY,1
E453,acrA,86
E453,acrB,239
E453,tet(W/N/W),3
E453,acrD,5
E453,acrF,4
E453,norA,1
E453,norB,2
E453,cpxA,10
E453,tetB(46),1
E453,sul1,6
E453,sul2,145
E453,sul3,2
E453,sul4,5
E453,ykkC,9
E453,ykkD,9
E453,MCR-1.10,1
E453,MCR-1.11,1
E453,MCR-1.12,1
E453,MCR-1.13,1
E453,kasugamycin_resistance_protein_ksgA,126
E453,rpoB2,17
E453,tetA(60),3
E453,cob(I)alamin_adenolsyltransferase,25
E453,cat_chloramphenicol_acetyltransferase,9
E453,TLA-1,1
E453,rifampin_monooxygenase,47
E453,TLA-2,1
E453,TLA-3,1
E453,oleB,24
E453,oleC,25
E453,antibiotic_resistance_rRNA_adenine_methyltransferase,4
E453,eptA,1
E453,tcr3,6
E453,Erm(37),2
E453,CTX-M-65,2
E453,CTX-M-24,1
E453,CTX-M-67,2
E453,CTX-M-102,2
E453,CTX-M-105,2
E453,LpeA,1
E453,LpeB,2
E453,CTX-M-148,2
E453,Rm3,2
E453,mdtA,117
E453,mdtB,178
E453,mdtC,124
E453,mdtD,75
E453,mdtE,15
E453,mdtG,14
E453,Salmonella,4
E453,mdtK,75
E453,mdtL,2
E453,aac(2')-I,8
E453,mdtN,50
E453,mdtP,25
E457,aph(3'')-I,4
E457,OXA,199
E457,CMY-132,6
E457,chloramphenicol_and_florfenicol_resistance,14
E457,CMY-133,9
E457,OXA-10,8
E457,OXA-11,7
E457,bacA,625
E457,OXA-14,7
E457,chloramphenicol_exporter,85
E457,OXA-16,7
E457,OXA-17,7
E457,AER-1,1
E457,basS,36
E457,mycinamicin-resistance_protein_myrB,1
E457,kdpE,41
E457,lsaC,14
E457,lsaE,25
E457,ADP-ribosylating_transferase_arr,5
E457,OXA-454,8
E457,OXA-142,6
E457,OpmB,6
E457,OpmD,3
E457,tlrB_conferring_tylosin_resistance,6
E457,OpmH,3
E457,mefA,128
E457,erm(36),1
E457,mefC,1
E457,tet(L),4
E457,puromycin_resistance_protein,4
E457,abeM,12
E457,clbA,7
E457,clbB,13
E457,clbC,13
E457,abeS,12
E457,TEM-90,3
E457,qacA,2
E457,macA,415
E457,qacB,7
E457,macB,5551
E457,rphA,9
E457,rphB,18
E457,transcriptional_regulatory_protein_CpxR_cpxR,534
E457,qacG,40
E457,qacH,11
E457,vgaA,148
E457,vgaB,48
E457,vgaD,31
E457,vgaE,36
E457,lnuB,9
E457,CMY-46,6
E457,EmrB-QacA_family_major_facilitator_transporter,42
E457,TEM-215,3
E457,lnuF,3
E457,lnuG,3
E457,TEM-217,3
E457,AAC(3)-Ib/AAC(6')-Ib'',2
E457,OXA-224,2
E457,bpeE,1
E457,bpeF,10
E457,penA,655
E457,arlS,18
E457,efpA,4
E457,KPC-16,3
E457,ADC-12,3
E457,VatI,2
E457,ADC-13,3
E457,ADC-14,2
E457,ADC-15,1
E457,cmlA,12
E457,vanHB,16
E457,ErmB,2
E457,ADC-16,3
E457,ErmC,1
E457,ADC-17,3
E457,vanTG,20
E457,vanXI,1
E457,ADC-18,1
E457,ADC-19,3
E457,vanTrL,9
E457,TEM,20
E457,cdeA,3
E457,catB,53
E457,ErmT,2
E457,ErmX,1
E457,dfrA15b,5
E457,PBP-1A,359
E457,PBP-1B,108
E457,tet32,51
E457,tet34,9
E457,tet36,23
E457,tet37,1
E457,tet39,1
E457,msrA,254
E457,msrC,235
E457,msbA,51
E457,msrE,20
E457,Erm(30),1
E457,ampC,7
E457,CTX-M-110,4
E457,CTX-M-38,4
E457,evgS,65
E457,CTX-M-113,2
E457,adeA,3
E457,adeB,125
E457,adeC,40
E457,aadA,21
E457,adeF,2
E457,adeH,11
E457,adeI,9
E457,adeJ,24
E457,adeK,13
E457,aac(3)-I,23
E457,adeL,30
E457,TriA,6
E457,adeN,2
E457,ACC-5,1
E457,TriC,14
E457,adeR,38
E457,adeS,19
E457,TolC,512
E457,vanXYL,2
E457,erm(TR),1
E457,tetA(46),27
E457,catB10,2
E457,CMY-108,6
E457,ceoB,7
E457,RlmA(II),6
E457,rosA,60
E457,rosB,426
E457,aph(3')-IIb,4
E457,Staphylococcys,5
E457,opmD,6
E457,opmE,3
E457,ADC-2,3
E457,ADC-3,3
E457,ADC-5,3
E457,ADC-6,1
E457,ADC-7,3
E457,sdiA,1
E457,ompR,1032
E457,salA,41
E457,APH(6)-Id,1
E457,TEM-183,3
E457,CMX,1
E457,Acinetobacter_baumannii_ampC_beta-lactamase,3
E457,KLUY-2,2
E457,TEM-106,3
E457,TEM-148,3
E457,KLUY-4,1
E457,OprA,17
E457,Brucella_suis_mprF,1
E457,bcr-1,10
E457,mef(B),2
E457,sdeY,1
E457,patA,44
E457,catB3,3
E457,patB,5
E457,mecA,92
E457,mecB,6
E457,mecC,4
E457,mecD,4
E457,aac(3)-Ib-aac(6')-Ib,1
E457,OprZ,7
E457,poxtA,61
E457,chloramphenicol_and_florfenicol_exporter,1
E457,ANT(3'')-Ii-AAC(6')-IId,4
E457,TaeA,59
E457,MexJ,9
E457,MexK,17
E457,MexL,5
E457,CTX-M-5,1
E457,MexS,8
E457,vatA,1
E457,vatB,10
E457,vatC,2
E457,MexV,3
E457,vatD,1
E457,vatE,8
E457,vatF,1
E457,vatG,2
E457,MexZ,1
E457,ermA,6
E457,CMY-13,6
E457,ermB,13
E457,CMY-55,6
E457,ermC,11
E457,ereA,10
E457,CMY-56,6
E457,ereB,2
E457,ermE,2
E457,CMY-99,3
E457,ermF,7
E457,ermG,5
E457,truncated_putative_response_regulator_ArlR,380
E457,OXA-233,7
E457,bacterial_regulatory_protein_LuxR,26
E457,efmA,1
E457,ermT,6
E457,CMY-2,6
E457,CMY-5,6
E457,ermX,12
E457,CMY-7,3
E457,vanYA,2
E457,ADC-20,3
E457,ADC-21,3
E457,ADC-22,3
E457,ADC-23,2
E457,ADC-25,3
E457,cmeB,76
E457,Staphylococcus_mupA_conferring_resistance_to_mupirocin,30
E457,floR,48
E457,srmB,41
E457,cystathionine_beta-lyase_patB,36
E457,major_facilitator_superfamily_transporter,43
E457,tet41,1
E457,golS,12
E457,tet44,15
E457,MCR-1,26
E457,MCR-2,13
E457,MCR-3,13
E457,MCR-4,13
E457,MCR-5,13
E457,tolC,6
E457,OXA-663,8
E457,CTX-M-84,2
E457,class_A,15
E457,PBP-2X,70
E457,tlcC,59
E457,class_C,39
E457,CTX-M-48,2
E457,CTX-M-121,2
E457,CTX-M-122,4
E457,APH(3')-Ia,1
E457,CTX-M-125,2
E457,linG,3
E457,mdfA,177
E457,CMY-118,10
E457,CMY-119,6
E457,cmlA1,11
E457,oprA,14
E457,OXA-33,2
E457,OXA-74,6
E457,oprC,8
E457,cmlA4,11
E457,cmlA5,11
E457,cmlA6,11
E457,oprJ,76
E457,smeB,33
E457,smeC,12
E457,oprM,241
E457,smeE,22
E457,oprN,114
E457,smeF,115
E457,two-component_system_response_regulator_EvgA,4
E457,baeR,65
E457,dfrA12,110
E457,baeS,46
E457,dfrA13,5
E457,dfrA14,17
E457,dfrA15,12
E457,dfrA17,2
E457,CRP,8
E457,smeR,62
E457,smeS,42
E457,TEM-110,3
E457,Erm(47),2
E457,TEM-196,3
E457,TEM-156,1
E457,CfxA2,7
E457,QepA1,4
E457,QepA2,4
E457,mexA,101
E457,mexB,151
E457,mexC,9
E457,mepA,151
E457,mexD,274
E457,mexE,154
E457,erm(38),3
E457,mexF,242
E457,mexG,1
E457,erm(34),1
E457,aadA9,1
E457,mexI,25
E457,AxyY,2
E457,mexM,1
E457,mexN,10
E457,tetB(60),25
E457,mexQ,1
E457,dfrA1,40
E457,dfrA3,15
E457,mexT,122
E457,dfrA5,6
E457,VEB-1b,2
E457,mexW,166
E457,mexX,86
E457,dfrA8,9
E457,mexY,9
E457,AcrE,2
E457,AcrF,3
E457,PmrF,11
E457,cfrC,14
E457,oqxA,1
E457,oqxB,3
E457,AcrS,2
E457,ICR-Mc,13
E457,Moraxella_catarrhalis_M35,2
E457,dfrC,8
E457,dfrD,8
E457,dfrE,6
E457,dfrF,3
E457,dfrG,8
E457,CMY-61,4
E457,CMY-20,9
E457,CMY-21,6
E457,CMY-63,6
E457,arnA,330
E457,CMY-64,3
E457,dfrK,12
E457,CMY-69,1
E457,CMY-28,4
E457,CMY-29,6
E457,OXA-240,8
E457,SME-1,1
E457,SME-2,1
E457,SME-3,1
E457,SME-4,1
E457,OXA-246,8
E457,SME-5,1
E457,tetA,57
E457,tetB,21
E457,tetC,4
E457,efrA,20
E457,efrB,24
E457,lsa,566
E457,tetL,2
E457,tetM,224
E457,tetO,130
E457,tetP,115
E457,tetQ,98
E457,tetR,143
E457,MuxB,16
E457,tetS,29
E457,MuxC,20
E457,tetT,68
E457,tetW,383
E457,ADC-75,3
E457,cmrA,9
E457,ADC-76,1
E457,bicyclomycin-multidrug_efflux_protein_bcr,376
E457,ADC-77,3
E457,ADC-78,1
E457,ADC-79,3
E457,qepA,16
E457,ADC-39,3
E457,vanRI,53
E457,KPC,1
E457,carA,63
E457,carO,7
E457,myrA,7
E457,hmrM,1
E457,lrfA,4
E457,Bacillus_Cluster_B_intrinsic_mph,1
E457,APH(3')-IIa,1
E457,cAMP-regulatory_protein,144
E457,OXA-320,2
E457,emrA,330
E457,amrB,67
E457,emrB,414
E457,CTX-M-14,2
E457,emrD,5
E457,CTX-M-130,4
E457,emrE,160
E457,CTX-M-17,4
E457,CTX-M-99,2
E457,OXA-368,6
E457,CTX-M-134,2
E457,emrK,47
E457,tcmA,4
E457,mdsB,4
E457,mdsC,17
E457,VEB-1,3
E457,VEB-2,2
E457,VEB-3,2
E457,VEB-4,2
E457,VEB-5,2
E457,emrY,2
E457,VEB-6,2
E457,VEB-7,2
E457,VEB-8,2
E457,VEB-9,1
E457,mel,35
E457,ANT(3'')-IIa,1
E457,ANT(3'')-IIb,1
E457,hp1181,10
E457,ANT(3'')-IIc,1
E457,Pseudomonas_aeruginosa_emrE,11
E457,chrB,7
E457,tetA(48),83
E457,LRA,2
E457,farA,2
E457,farB,6
E457,MdtK,2
E457,dfrA20,6
E457,opcM,77
E457,dfrA21,13
E457,dfrA22,14
E457,MCR-1.2,26
E457,MCR-1.3,13
E457,MCR-1.4,13
E457,dfrA24,3
E457,YojI,11
E457,MCR-1.5,13
E457,dfrA25,7
E457,MCR-1.6,13
E457,MCR-1.7,13
E457,MCR-1.8,13
E457,dfrA29,6
E457,MCR-1.9,13
E457,mtrA,90
E457,mtrC,2
E457,mtrD,10
E457,mtrE,319
E457,lmrB,14
E457,Erm(44),2
E457,lmrC,37
E457,lmrD,29
E457,NmcR,15
E457,mtrR,51
E457,LCR-1,1
E457,lmrP,1
E457,CTX-M,32
E457,erm(39),2
E457,erm(35),1
E457,blaI,2
E457,bcrA,2816
E457,bcrC,2
E457,multidrug_ABC_transporter,3160
E457,BUT-1,1
E457,PvrR,45
E457,otrA,19
E457,otrC,9
E457,arr-4,1
E457,arr-5,1
E457,arr-7,1
E457,arr-8,1
E457,PER,1
E457,Bacillus_Cluster_A_intrinsic_mph,1
E457,marR,246
E457,CARB,3
E457,aph(6)-I,25
E457,aph(3')-I,21
E457,vanA,92
E457,vanB,83
E457,vanC,68
E457,vanD,269
E457,vanE,7
E457,vanG,35
E457,vanH,316
E457,vanI,13
E457,CMY-34,4
E457,aph(3')-V,3
E457,vanL,1
E457,CMY-77,3
E457,vanN,5
E457,optrA,62
E457,OXA-251,8
E457,vanR,1854
E457,vanS,557
E457,vanT,55
E457,vanU,1
E457,OXA-256,8
E457,vanW,21
E457,ugd,8
E457,vanX,15
E457,vanY,44
E457,OXA-1,2
E457,OXA-4,2
E457,acrA,239
E457,acrB,753
E457,tet(W/N/W),12
E457,acrD,3
E457,acrF,3
E457,cpxA,33
E457,ADC-80,2
E457,tetB(46),21
E457,sul1,35
E457,ADC-41,3
E457,sul2,178
E457,ADC-42,1
E457,sul3,18
E457,ykkC,16
E457,ADC-43,3
E457,sul4,13
E457,ADC-44,3
E457,ykkD,21
E457,MCR-1.10,13
E457,MCR-1.11,13
E457,vanWI,1
E457,MCR-1.12,13
E457,MCR-1.13,13
E457,kasugamycin_resistance_protein_ksgA,406
E457,rpoB2,40
E457,tetA(60),20
E457,cob(I)alamin_adenolsyltransferase,125
E457,cat_chloramphenicol_acetyltransferase,17
E457,rifampin_monooxygenase,67
E457,TLA-2,1
E457,oleB,45
E457,oleC,71
E457,antibiotic_resistance_rRNA_adenine_methyltransferase,8
E457,eptA,14
E457,mphA,12
E457,mphC,6
E457,mphD,2
E457,CTX-M-65,2
E457,CTX-M-24,4
E457,mphE,1
E457,CTX-M-67,2
E457,mphG,2
E457,Burkholderia_pseudomallei_Omp38,10
E457,mphI,2
E457,CTX-M-148,2
E457,LpeB,7
E457,mdtA,277
E457,mdtB,545
E457,mdtC,483
E457,mdtD,217
E457,mdtE,35
E457,mdtF,54
E457,Escherichia_coli_LamB,1
E457,Salmonella,11
E457,mdtK,443
E457,mdtL,4
E457,mdtM,25
E457,mdtN,100
E457,mdtP,27
E460,OXA,68
E460,chloramphenicol_and_florfenicol_resistance,6
E460,OXA-10,2
E460,OXA-11,1
E460,bacA,175
E460,chloramphenicol_exporter,17
E460,OXA-14,1
E460,OXA-16,2
E460,OXA-17,2
E460,basS,17
E460,kdpE,8
E460,lsaC,4
E460,lsaE,11
E460,OXA-454,2
E460,OXA-140,4
E460,OXA-142,2
E460,OpmB,3
E460,OpmD,1
E460,tlrB_conferring_tylosin_resistance,1
E460,OpmH,1
E460,puromycin_resistance_protein,2
E460,abeM,4
E460,clbA,3
E460,clbB,5
E460,clbC,6
E460,abeS,1
E460,macA,74
E460,macB,1800
E460,rphA,3
E460,rphB,6
E460,transcriptional_regulatory_protein_CpxR_cpxR,175
E460,qacG,5
E460,blt,1
E460,qacH,2
E460,vgaA,62
E460,vgaB,18
E460,AIM-1,1
E460,vgaD,14
E460,vgaE,10
E460,EmrB-QacA_family_major_facilitator_transporter,37
E460,rpsD_(ramA_or_sud2),1
E460,OXA-224,4
E460,bpeF,2
E460,penA,190
E460,arlS,1
E460,efpA,2
E460,KPC-16,3
E460,KPC-17,3
E460,KPC-19,3
E460,THIN-B,2
E460,otr(B),1
E460,VatI,2
E460,vanHB,6
E460,vanTG,6
E460,tet(42),3
E460,vanTrL,2
E460,catB,75
E460,dfrA15b,5
E460,PBP-1A,117
E460,PBP-1B,30
E460,tet32,17
E460,tet36,7
E460,tet39,3
E460,msrA,135
E460,msrC,92
E460,msbA,15
E460,msrE,11
E460,CTX-M-110,2
E460,CTX-M-38,2
E460,CTX-M-111,2
E460,evgS,44
E460,CTX-M-113,2
E460,adeB,31
E460,adeC,9
E460,adeH,3
E460,adeI,1
E460,adeJ,3
E460,adeK,3
E460,adeL,6
E460,fmtC,23
E460,adeN,1
E460,TriC,4
E460,adeR,16
E460,adeS,5
E460,TolC,138
E460,tetA(46),3
E460,catB10,2
E460,RlmA(II),1
E460,rosB,197
E460,opmD,2
E460,Staphylococcys,4
E460,opmE,1
E460,ompR,331
E460,salA,15
E460,KLUY-2,1
E460,OprA,3
E460,Brucella_suis_mprF,1
E460,bcr-1,3
E460,patA,16
E460,catB3,5
E460,mecA,50
E460,mecB,4
E460,mecC,3
E460,mecD,3
E460,MSI-1,1
E460,OprZ,1
E460,AAC(6')-Ie-APH(2'')-Ia,3
E460,poxtA,20
E460,chloramphenicol_and_florfenicol_exporter,5
E460,metallo-beta-lactamase,1
E460,TaeA,27
E460,MexJ,3
E460,MexK,5
E460,MexL,2
E460,CTX-M-5,1
E460,MexS,3
E460,vatA,1
E460,vatB,10
E460,vatC,4
E460,MexV,3
E460,vatD,1
E460,vatE,12
E460,vatF,2
E460,vatG,2
E460,truncated_putative_response_regulator_ArlR,111
E460,OXA-233,1
E460,bacterial_regulatory_protein_LuxR,7
E460,KPC-22,3
E460,cmeB,25
E460,Staphylococcus_mupA_conferring_resistance_to_mupirocin,13
E460,floR,131
E460,BJP-1,1
E460,srmB,21
E460,GOB-18,1
E460,cystathionine_beta-lyase_patB,12
E460,major_facilitator_superfamily_transporter,23
E460,tet41,3
E460,tet43,1
E460,golS,3
E460,tet44,5
E460,MCR-1,6
E460,GOB-1,1
E460,MCR-2,3
E460,MCR-3,2
E460,MCR-4,4
E460,MCR-5,3
E460,tolC,1
E460,OXA-663,1
E460,CTX-M-84,2
E460,OXA-392,4
E460,class_A,33
E460,LlmA_23S_ribosomal_RNA_methyltransferase,2
E460,CTX-M-160,2
E460,tlcC,22
E460,CTX-M-48,2
E460,CTX-M-121,2
E460,CTX-M-122,4
E460,CTX-M-125,2
E460,mdfA,20
E460,aac(6')-I,2
E460,tet(59),1
E460,MvaT,1
E460,OXA-31,4
E460,cmlA1,5
E460,OXA-74,1
E460,OXA-33,4
E460,oprC,2
E460,cmlA4,5
E460,cmlA5,5
E460,cmlA6,5
E460,AAC(6')-34,1
E460,oprJ,25
E460,smeB,6
E460,smeC,5
E460,oprM,49
E460,smeE,3
E460,oprN,108
E460,smeF,20
E460,two-component_system_response_regulator_EvgA,2
E460,baeR,19
E460,dfrA12,57
E460,baeS,24
E460,dfrA13,4
E460,dfrA14,19
E460,dfrA15,9
E460,dfrA16,4
E460,CRP,1
E460,dfrA17,8
E460,smeR,17
E460,smeS,15
E460,QepA1,2
E460,QepA2,2
E460,mexA,26
E460,KPC-1,1
E460,mexB,46
E460,KPC-3,3
E460,mexD,85
E460,mexE,63
E460,mexF,111
E460,KPC-6,3
E460,mexH,72
E460,KPC-8,3
E460,mexI,12
E460,KPC-9,3
E460,AxyY,2
E460,mexN,7
E460,tetB(60),3
E460,mexQ,1
E460,dfrA1,30
E460,dfrA3,8
E460,mexT,22
E460,dfrA5,8
E460,mexW,48
E460,mexX,20
E460,dfrA8,4
E460,mexY,5
E460,AcrE,1
E460,PmrF,1
E460,cfrC,6
E460,oqxB,2
E460,ICR-Mc,3
E460,dfrC,5
E460,dfrD,5
E460,dfrE,4
E460,dfrF,5
E460,dfrG,5
E460,arnA,175
E460,dfrK,6
E460,OXA-240,1
E460,OXA-246,2
E460,tetA,81
E460,tetB,15
E460,tetC,2
E460,efrA,6
E460,efrB,6
E460,tetH,9
E460,lsa,145
E460,tetJ,6
E460,tetL,4
E460,tetM,132
E460,tetO,19
E460,tetP,45
E460,tetQ,21
E460,MuxA,2
E460,tetR,75
E460,MuxB,6
E460,tetS,15
E460,MuxC,10
E460,tetT,26
E460,tetW,160
E460,Bacillus_subtilis_mprF,1
E460,cmrA,2
E460,bicyclomycin-multidrug_efflux_protein_bcr,136
E460,tetZ,2
E460,qepA,8
E460,vanRI,21
E460,KPC,15
E460,carA,30
E460,carO,1
E460,lrfA,1
E460,cAMP-regulatory_protein,18
E460,mecR1,7
E460,CTX-M-90,2
E460,CTX-M-51,2
E460,OXA-320,4
E460,emrA,99
E460,amrB,44
E460,emrB,153
E460,CTX-M-14,2
E460,CTX-M-130,4
E460,CTX-M-98,2
E460,emrE,14
E460,CTX-M-17,2
E460,OXA-368,1
E460,emrK,23
E460,tcmA,8
E460,mdsB,3
E460,mdsC,3
E460,mel,15
E460,hp1181,2
E460,Pseudomonas_aeruginosa_emrE,1
E460,tetA(48),24
E460,LRA,6
E460,farA,3
E460,farB,2
E460,OXA-47,4
E460,dfrA20,5
E460,opcM,30
E460,dfrA21,6
E460,dfrA22,7
E460,MCR-1.2,6
E460,MCR-1.3,3
E460,dfrA24,1
E460,YojI,2
E460,MCR-1.4,3
E460,dfrA25,4
E460,MCR-1.5,3
E460,MCR-1.6,3
E460,MCR-1.7,3
E460,MCR-1.8,3
E460,mtrA,39
E460,MCR-1.9,3
E460,dfrA29,5
E460,mtrD,1
E460,mtrE,33
E460,lmrC,3
E460,lmrD,11
E460,NmcR,3
E460,CTX-M,23
E460,bcrA,750
E460,tet(K),3
E460,dfrB1,6
E460,dfrB2,4
E460,dfrB3,2
E460,multidrug_ABC_transporter,765
E460,dfrA2d,2
E460,dfrB6,2
E460,tet(33),1
E460,PvrR,21
E460,otrA,8
E460,otrC,1
E460,marR,50
E460,aph(3')-I,1
E460,vanA,18
E460,vanB,34
E460,vanC,21
E460,vanD,97
E460,vanE,6
E460,vanG,11
E460,vanH,82
E460,vanI,5
E460,vanL,2
E460,vanN,2
E460,optrA,23
E460,vanR,532
E460,OXA-251,1
E460,vanS,333
E460,vanT,14
E460,OXA-256,1
E460,ugd,1
E460,vanX,23
E460,SMB-1,1
E460,vanY,6
E460,OXA-1,4
E460,OXA-4,4
E460,acrA,39
E460,acrB,132
E460,tet(W/N/W),3
E460,acrD,1
E460,acrF,1
E460,norA,6
E460,norB,12
E460,cpxA,7
E460,tetB(46),4
E460,sul1,24
E460,sul2,68
E460,sul3,4
E460,sul4,4
E460,ykkC,1
E460,ykkD,2
E460,MCR-1.10,3
E460,MCR-1.11,3
E460,MCR-1.12,3
E460,MCR-1.13,3
E460,kasugamycin_resistance_protein_ksgA,125
E460,rpoB2,12
E460,tetA(60),2
E460,cob(I)alamin_adenolsyltransferase,50
E460,cat_chloramphenicol_acetyltransferase,21
E460,rifampin_monooxygenase,34
E460,bifunctional_aminoglycoside_N-acetyltransferase_and_aminoglycoside_phosphotransferase,2
E460,oleB,24
E460,oleC,21
E460,antibiotic_resistance_rRNA_adenine_methyltransferase,4
E460,aac(6')-II,2
E460,eptA,3
E460,tcr3,2
E460,CTX-M-65,2
E460,CTX-M-24,3
E460,CTX-M-67,4
E460,Burkholderia_pseudomallei_Omp38,3
E460,CTX-M-105,2
E460,LpeB,2
E460,CTX-M-148,2
E460,Rm3,1
E460,mdtA,131
E460,mdtB,260
E460,mdtC,162
E460,mdtD,34
E460,mdtE,9
E460,mdtF,1
E460,mdtG,14
E460,Salmonella,5
E460,mdtK,135
E460,mdtN,26
E463,aph(3'')-I,4
E463,OXA,171
E463,chloramphenicol_and_florfenicol_resistance,9
E463,CMY-133,3
E463,OXA-10,5
E463,OXA-11,5
E463,bacA,469
E463,OXA-14,5
E463,chloramphenicol_exporter,80
E463,OXA-16,5
E463,OXA-17,3
E463,basS,26
E463,mycinamicin-resistance_protein_myrB,1
E463,kdpE,34
E463,lsaA,1
E463,lsaC,13
E463,lsaE,16
E463,ADP-ribosylating_transferase_arr,5
E463,OXA-454,5
E463,OXA-142,3
E463,OpmB,6
E463,OpmD,2
E463,tlrB_conferring_tylosin_resistance,2
E463,OpmH,1
E463,mefA,110
E463,erm(36),1
E463,mefC,1
E463,puromycin_resistance_protein,1
E463,abeM,4
E463,clbA,9
E463,clbB,7
E463,clbC,9
E463,abeS,7
E463,TEM-12,1
E463,macA,266
E463,macB,5040
E463,TEM-96,3
E463,rphA,6
E463,rphB,10
E463,transcriptional_regulatory_protein_CpxR_cpxR,423
E463,qacG,28
E463,qacH,8
E463,Vibrio_cholerae_varG,1
E463,vgaA,123
E463,vgaB,33
E463,vgaD,24
E463,vgaE,31
E463,CMY-40,3
E463,CMY-42,3
E463,lnuB,6
E463,CMY-46,6
E463,EmrB-QacA_family_major_facilitator_transporter,46
E463,lnuF,2
E463,lnuG,2
E463,AAC(3)-Ib/AAC(6')-Ib'',2
E463,bpeF,23
E463,penA,371
E463,arlS,18
E463,efpA,1
E463,fosA,23
E463,fosB,4
E463,otr(B),1
E463,ADC-12,2
E463,ADC-13,2
E463,VatI,4
E463,ADC-14,1
E463,ADC-15,1
E463,cmlA,8
E463,vanHB,14
E463,ErmB,6
E463,ADC-16,2
E463,ErmC,2
E463,ADC-17,2
E463,vanTG,13
E463,ADC-18,1
E463,ADC-19,2
E463,vanTrL,8
E463,TEM,25
E463,fosX,21
E463,cdeA,7
E463,BIL-1,3
E463,catA,2
E463,catB,31
E463,ErmT,2
E463,dfrA15b,7
E463,PBP-1A,259
E463,PBP-1B,61
E463,tet32,39
E463,catV,1
E463,tet34,9
E463,tet35,1
E463,tet36,15
E463,tet37,2
E463,tet39,2
E463,msrA,289
E463,msrC,155
E463,msbA,51
E463,msrE,21
E463,Erm(30),1
E463,ampC,6
E463,Escherichia_coli_mdfA,1
E463,CTX-M-110,2
E463,CTX-M-38,2
E463,evgS,74
E463,CTX-M-113,2
E463,adeA,3
E463,adeB,180
E463,adeC,23
E463,adeF,3
E463,aadA,21
E463,adeH,6
E463,adeI,3
E463,adeJ,3
E463,adeK,6
E463,aac(3)-I,23
E463,adeL,16
E463,fmtC,46
E463,TriA,2
E463,adeN,1
E463,ACC-5,1
E463,TriB,1
E463,TriC,9
E463,adeR,39
E463,adeS,18
E463,TolC,274
E463,vanXYL,2
E463,CMY-102,6
E463,tetA(46),41
E463,catB10,2
E463,CMY-108,9
E463,ceoB,19
E463,RlmA(II),4
E463,rosA,50
E463,rosB,321
E463,aph(3')-IIb,9
E463,Staphylococcys,3
E463,opmD,4
E463,ADC-2,2
E463,opmE,3
E463,ADC-3,1
E463,ADC-5,2
E463,ADC-7,2
E463,ompF,102
E463,sdiA,93
E463,ompR,826
E463,salA,26
E463,APH(6)-Id,1
E463,CMX,20
E463,TEM-143,3
E463,Acinetobacter_baumannii_ampC_beta-lactamase,2
E463,Erm(42),1
E463,TEM-186,3
E463,KLUY-2,1
E463,OprA,13
E463,Brucella_suis_mprF,4
E463,bcr-1,7
E463,mef(B),3
E463,sdeY,1
E463,DNA-binding_transcriptional_regulator_gadX,24
E463,gadW,2
E463,gadX,3
E463,patA,36
E463,catB3,2
E463,patB,7
E463,mecA,102
E463,mecB,5
E463,mecC,4
E463,mecD,3
E463,mecI,1
E463,aac(3)-Ib-aac(6')-Ib,1
E463,OprZ,5
E463,poxtA,46
E463,ANT(3'')-Ii-AAC(6')-IId,4
E463,bmr,1
E463,catIII,1
E463,TEM-29,3
E463,TaeA,49
E463,MexJ,6
E463,MexK,11
E463,MexL,3
E463,CTX-M-5,1
E463,SAT-2,1
E463,SAT-4,1
E463,vatA,2
E463,MexS,4
E463,vatB,10
E463,vatC,2
E463,vatD,1
E463,MexV,1
E463,vatE,8
E463,vatF,2
E463,vatG,2
E463,CMY-53,3
E463,CMY-12,3
E463,ermA,8
E463,CMY-13,3
E463,ermB,25
E463,CMY-55,3
E463,ereA,10
E463,ermC,15
E463,CMY-56,3
E463,CMY-15,3
E463,ereB,4
E463,CMY-16,3
E463,ermE,2
E463,CMY-99,3
E463,ermF,7
E463,ermG,1
E463,truncated_putative_response_regulator_ArlR,353
E463,OXA-233,3
E463,SRT-1,1
E463,SRT-2,2
E463,ermO,1
E463,bacterial_regulatory_protein_LuxR,26
E463,efmA,2
E463,ermT,6
E463,CMY-2,3
E463,CMY-5,3
E463,vanYA,2
E463,ADC-20,2
E463,ADC-21,2
E463,ADC-22,2
E463,ADC-23,1
E463,ADC-25,2
E463,cmeB,240
E463,cmeC,1
E463,Staphylococcus_mupA_conferring_resistance_to_mupirocin,27
E463,floR,78
E463,srmB,43
E463,cystathionine_beta-lyase_patB,62
E463,major_facilitator_superfamily_transporter,39
E463,tet41,3
E463,tet43,2
E463,golS,5
E463,tet44,12
E463,MCR-1,10
E463,MCR-2,5
E463,MCR-3,7
E463,MCR-4,6
E463,MCR-5,5
E463,tolC,3
E463,OXA-663,5
E463,OXA-392,2
E463,CTX-M-84,2
E463,class_A,15
E463,PBP-2X,93
E463,tlcC,39
E463,class_C,67
E463,CTX-M-48,2
E463,CTX-M-122,2
E463,APH(3')-Ia,2
E463,CTX-M-125,2
E463,linG,2
E463,mdfA,111
E463,CMY-118,9
E463,MvaT,4
E463,cmlA1,15
E463,oprA,6
E463,OXA-74,3
E463,oprC,11
E463,cmlA4,15
E463,cmlA5,15
E463,cmlA6,15
E463,oprJ,74
E463,smeB,5
E463,smeC,7
E463,oprM,168
E463,smeE,6
E463,oprN,160
E463,smeF,52
E463,two-component_system_response_regulator_EvgA,5
E463,baeR,60
E463,dfrA12,111
E463,baeS,54
E463,dfrA13,4
E463,dfrA14,26
E463,dfrA15,17
E463,dfrA16,4
E463,dfrA17,3
E463,CRP,4
E463,dfrA19,2
E463,smeR,48
E463,smeS,43
E463,TEM-156,3
E463,QepA1,3
E463,CfxA2,11
E463,QepA2,3
E463,CfxA3,1
E463,mexA,49
E463,mexB,68
E463,CfxA6,1
E463,mexC,10
E463,mepA,190
E463,mexD,65
E463,mexE,263
E463,mexF,608
E463,mexG,1
E463,erm(34),1
E463,aadA9,1
E463,mexH,75
E463,mexI,10
E463,abcA,1
E463,AxyY,2
E463,mexM,1
E463,mexN,6
E463,tetB(60),24
E463,mexP,2
E463,mexQ,3
E463,dfrA1,40
E463,dfrA3,11
E463,mexT,120
E463,dfrA5,13
E463,mexW,63
E463,mexX,86
E463,dfrA8,5
E463,mexY,4
E463,AcrE,1
E463,AcrF,2
E463,PmrF,8
E463,PDC,2
E463,cfrC,9
E463,oqxA,3
E463,oqxB,6
E463,AcrS,3
E463,ICR-Mc,5
E463,ramA,2
E463,dfrC,9
E463,dfrD,10
E463,dfrE,9
E463,dfrF,8
E463,dfrG,11
E463,CMY-20,6
E463,CMY-61,4
E463,CMY-21,6
E463,CMY-63,4
E463,arnA,359
E463,Escherichia_coli_mipA,1
E463,CMY-23,3
E463,CMY-64,6
E463,dfrK,9
E463,FosA5,1
E463,CMY-28,1
E463,CMY-29,9
E463,OXA-240,5
E463,OXA-246,5
E463,tetA,103
E463,tetB,19
E463,tetC,4
E463,efrA,30
E463,tetD,4
E463,efrB,25
E463,tetH,5
E463,lsa,369
E463,tetJ,2
E463,tetM,265
E463,tetO,112
E463,tetP,83
E463,tetQ,74
E463,MuxA,2
E463,tetR,119
E463,MuxB,10
E463,tetS,19
E463,MuxC,14
E463,tetT,48
E463,tetW,349
E463,ADC-75,2
E463,tetX,25
E463,cmrA,11
E463,ADC-76,1
E463,ADC-77,2
E463,bicyclomycin-multidrug_efflux_protein_bcr,218
E463,aph(3'')-IV,2
E463,ADC-78,1
E463,ADC-79,2
E463,ADC-39,2
E463,qepA,12
E463,vanRI,75
E463,Serratia_marcescens_Omp1,5
E463,Klebsiella_pneumoniae_OmpK35,1
E463,Klebsiella_pneumoniae_OmpK36,4
E463,Klebsiella_pneumoniae_OmpK37,4
E463,CFE-1,1
E463,porin_OmpC,3
E463,carA,61
E463,DNA-binding_protein_H-NS,10
E463,carO,1
E463,myrA,4
E463,hmrM,2
E463,lrfA,3
E463,Bacillus_Cluster_B_intrinsic_mph,1
E463,APH(3')-IIa,2
E463,cAMP-regulatory_protein,72
E463,mecR1,24
E463,NPS-1,2
E463,OXA-320,2
E463,emrA,256
E463,amrB,77
E463,emrB,222
E463,CTX-M-14,2
E463,emrD,112
E463,CTX-M-130,2
E463,emrE,94
E463,CTX-M-17,2
E463,OXA-368,3
E463,emrK,17
E463,tcmA,5
E463,mdsA,3
E463,mdsB,6
E463,mdsC,12
E463,emrR,1
E463,emrY,2
E463,mel,31
E463,ANT(3'')-IIa,1
E463,ANT(3'')-IIb,1
E463,hp1181,5
E463,ANT(3'')-IIc,1
E463,Pseudomonas_aeruginosa_emrE,7
E463,chrB,5
E463,tetA(48),57
E463,LRA,1
E463,farA,1
E463,farB,1
E463,OXA-47,2
E463,MdtK,5
E463,dfrA20,5
E463,opcM,73
E463,dfrA21,10
E463,dfrA22,11
E463,MCR-1.2,10
E463,MCR-1.3,5
E463,MCR-1.4,5
E463,dfrA24,1
E463,YojI,13
E463,MCR-1.5,5
E463,dfrA25,7
E463,MCR-1.6,5
E463,MCR-1.7,5
E463,MCR-1.8,5
E463,MCR-1.9,5
E463,dfrA29,6
E463,mtrA,86
E463,blaR1,4
E463,mtrC,1
E463,mtrE,74
E463,lmrB,15
E463,Erm(44),1
E463,lmrC,35
E463,lmrD,34
E463,TEM-127,3
E463,NmcR,10
E463,TEM-128,3
E463,mtrR,32
E463,LCR-1,3
E463,lmrP,1
E463,CTX-M,15
E463,erm(35),1
E463,blaI,2
E463,bcrA,2366
E463,bcrC,2
E463,tap,1
E463,multidrug_ABC_transporter,2802
E463,PvrR,34
E463,cipA,2
E463,omp36,16
E463,marA,3
E463,otrA,11
E463,otrC,9
E463,arr-4,1
E463,arr-5,1
E463,Clostridium_perfringens_mprF,2
E463,arr-7,1
E463,arr-8,1
E463,PER,1
E463,marR,124
E463,aph(6)-I,27
E463,aph(3')-I,36
E463,vanA,65
E463,vanB,87
E463,vanC,31
E463,vanD,164
E463,vanE,11
E463,vanG,39
E463,vanH,325
E463,vanI,7
E463,CMY-34,4
E463,CMY-35,1
E463,aph(3')-V,3
E463,vanL,4
E463,CMY-77,3
E463,vanM,3
E463,CMY-37,3
E463,vanN,5
E463,optrA,53
E463,OXA-251,5
E463,vanR,2039
E463,vanS,502
E463,vanT,47
E463,vanU,3
E463,OXA-256,5
E463,ugd,8
E463,vanY,49
E463,OXA-1,2
E463,OXA-4,2
E463,acrA,101
E463,acrB,384
E463,tet(W/N/W),10
E463,acrD,2
E463,acrF,4
E463,cpxA,33
E463,ADC-80,2
E463,tetB(46),25
E463,sul1,27
E463,ADC-41,2
E463,sul2,231
E463,ADC-42,1
E463,sul3,14
E463,ADC-43,2
E463,sul4,13
E463,ykkC,64
E463,ADC-44,2
E463,ykkD,30
E463,LAT-1,3
E463,MCR-1.10,5
E463,MCR-1.11,5
E463,vanWI,1
E463,MCR-1.12,5
E463,MCR-1.13,5
E463,kasugamycin_resistance_protein_ksgA,158
E463,rpoB2,27
E463,tetA(60),29
E463,cob(I)alamin_adenolsyltransferase,200
E463,cat_chloramphenicol_acetyltransferase,6
E463,rifampin_monooxygenase,9
E463,TLA-1,1
E463,TLA-3,1
E463,TEM-1,3
E463,oleB,41
E463,oleC,50
E463,FosA,1
E463,antibiotic_resistance_rRNA_adenine_methyltransferase,9
E463,eptA,7
E463,mphA,6
E463,tcr3,2
E463,mphC,3
E463,mphD,1
E463,CTX-M-24,2
E463,mphE,1
E463,CTX-M-67,2
E463,mphG,1
E463,Burkholderia_pseudomallei_Omp38,4
E463,mphI,1
E463,mdtA,180
E463,mdtB,492
E463,mdtC,320
E463,mdtD,176
E463,mdtE,120
E463,mdtF,55
E463,Escherichia_coli_LamB,2
E463,mdtG,76
E463,mdtH,25
E463,Salmonella,14
E463,mdtK,248
E463,mdtL,29
E463,mdtM,50
E463,mdtN,162
E463,mdtO,25
E463,mdtP,110
E465,aph(3'')-I,8
E465,OXA,160
E465,chloramphenicol_and_florfenicol_resistance,15
E465,OXA-10,4
E465,OXA-11,4
E465,bacA,419
E465,OXA-14,4
E465,chloramphenicol_exporter,83
E465,OXA-16,4
E465,OXA-17,3
E465,AER-1,2
E465,basS,44
E465,mycinamicin-resistance_protein_myrB,1
E465,EdeQ,2
E465,kdpE,48
E465,lsaC,10
E465,lsaE,11
E465,ADP-ribosylating_transferase_arr,10
E465,OXA-454,3
E465,OXA-140,2
E465,OXA-142,3
E465,OpmB,4
E465,tlrB_conferring_tylosin_resistance,4
E465,OpmH,5
E465,AAC(6')-Ib,4
E465,mefA,7
E465,erm(36),3
E465,mefC,1
E465,tet(L),6
E465,puromycin_resistance_protein,21
E465,abeM,1
E465,clbA,9
E465,clbB,13
E465,clbC,13
E465,abeS,5
E465,AAC(6')-30/AAC(6')-Ib',2
E465,macA,159
E465,qacA,8
E465,macB,6403
E465,qacB,31
E465,rphA,4
E465,rphB,8
E465,transcriptional_regulatory_protein_CpxR_cpxR,399
E465,qacG,18
E465,qacH,5
E465,vgaA,182
E465,vgaB,40
E465,AIM-1,1
E465,vgaC,1
E465,vgaD,38
E465,vgaE,42
E465,CMY-40,3
E465,CMY-46,3
E465,lnuD,1
E465,EmrB-QacA_family_major_facilitator_transporter,146
E465,rpsD_(ramA_or_sud2),1
E465,OXA-224,2
E465,bpeF,49
E465,penA,453
E465,arlS,15
E465,efpA,12
E465,KPC-16,3
E465,KPC-17,3
E465,KPC-19,1
E465,otr(B),11
E465,Listeria_monocytogenes_mprF,1
E465,ADC-56,1
E465,vanHB,12
E465,cmlA,12
E465,ADC-16,1
E465,ErmC,1
E465,vanTG,12
E465,ADC-18,1
E465,tet(42),2
E465,ADC-19,1
E465,vanTrL,7
E465,catB,18
E465,ErmT,1
E465,ErmU,1
E465,ErmX,2
E465,dfrA15b,7
E465,PBP-1A,284
E465,PBP-1B,82
E465,tet32,35
E465,tet34,9
E465,tet35,1
E465,tet36,15
E465,tet39,2
E465,msrA,331
E465,msrC,201
E465,msbA,36
E465,msrE,26
E465,Erm(30),3
E465,ampC,9
E465,evgS,65
E465,RTG-4,2
E465,RTG-5,1
E465,adeB,133
E465,adeC,15
E465,adeF,8
E465,adeH,8
E465,adeI,4
E465,adeJ,12
E465,adeK,6
E465,BRP(MBL),2
E465,APH(9)-Ia,2
E465,adeL,16
E465,fmtC,25
E465,TriA,5
E465,TriB,2
E465,adeN,1
E465,TriC,12
E465,adeR,40
E465,adeS,25
E465,TolC,276
E465,vanXYL,1
E465,tetA(46),31
E465,catB10,1
E465,CMY-108,3
E465,ceoB,36
E465,RlmA(II),1
E465,rosA,20
E465,rosB,320
E465,aph(3')-IIb,1
E465,Staphylococcys,11
E465,ADC-1,1
E465,Staphylococcus,2
E465,ADC-2,1
E465,opmE,3
E465,ADC-3,1
E465,ADC-5,1
E465,ADC-7,1
E465,ompR,712
E465,salA,25
E465,APH(6)-Id,1
E465,CMX,6
E465,Acinetobacter_baumannii_ampC_beta-lactamase,1
E465,Erm(42),1
E465,OprA,8
E465,Brucella_suis_mprF,1
E465,bcr-1,6
E465,mef(B),2
E465,sdeY,1
E465,vanYG1,1
E465,patA,56
E465,catB3,1
E465,patB,6
E465,mecA,16
E465,mecB,5
E465,mecC,3
E465,mecD,3
E465,MSI-1,2
E465,OprZ,7
E465,poxtA,57
E465,chloramphenicol_and_florfenicol_exporter,5
E465,TaeA,58
E465,MexJ,5
E465,MexK,15
E465,MexL,1
E465,MexS,7
E465,MexV,4
E465,ermA,9
E465,CMY-13,3
E465,ereA,10
E465,ermC,3
E465,ereB,2
E465,ermE,5
E465,ermF,6
E465,ermH,3
E465,truncated_putative_response_regulator_ArlR,331
E465,OXA-233,3
E465,SRT-1,1
E465,SRT-2,2
E465,bacterial_regulatory_protein_LuxR,18
E465,KPC-22,3
E465,KPC-24,3
E465,efmA,1
E465,ermT,1
E465,ermX,27
E465,tetB(48),6
E465,ADC-23,1
E465,ADC-25,1
E465,cmeB,140
E465,Staphylococcus_mupA_conferring_resistance_to_mupirocin,33
E465,floR,68
E465,srmB,65
E465,cystathionine_beta-lyase_patB,50
E465,aac(6')-31,4
E465,major_facilitator_superfamily_transporter,134
E465,tet41,4
E465,tet43,5
E465,golS,9
E465,tet44,20
E465,SHV-62,5
E465,MCR-1,4
E465,MCR-2,2
E465,MCR-3,2
E465,SHV-25,5
E465,MCR-4,2
E465,MCR-5,3
E465,tolC,5
E465,OXA-663,4
E465,OXA-392,2
E465,class_A,28
E465,LlmA_23S_ribosomal_RNA_methyltransferase,2
E465,PBP-2X,25
E465,tlcC,63
E465,class_C,29
E465,APH(3')-Ia,2
E465,mdfA,28
E465,aac(6')-I,13
E465,CMY-118,1
E465,CMY-119,3
E465,aac(6')-30-aac(6')-Ib',1
E465,OXA-31,2
E465,cmlA1,6
E465,oprA,5
E465,OXA-33,2
E465,OXA-74,3
E465,oprC,16
E465,cmlA4,6
E465,cmlA5,6
E465,cmlA6,6
E465,oprJ,59
E465,smeB,18
E465,smeC,7
E465,smeD,2
E465,oprM,139
E465,smeE,22
E465,oprN,140
E465,smeF,42
E465,two-component_system_response_regulator_EvgA,5
E465,baeR,66
E465,dfrA12,132
E465,baeS,42
E465,dfrA13,13
E465,dfrA14,32
E465,dfrA15,17
E465,CRP,3
E465,dfrA17,5
E465,smeR,73
E465,smeS,50
E465,Erm(47),1
E465,ant(3'')-Ih-aac(6')-IId,3
E465,QepA1,9
E465,QepA2,13
E465,KPC-1,3
E465,Rhodobacter_sphaeroides_ampC_beta-lactamase,1
E465,mexA,63
E465,mexB,62
E465,mexC,22
E465,mepA,11
E465,mexD,243
E465,mexE,87
E465,KPC-6,3
E465,erm(38),6
E465,mexF,451
E465,erm(34),2
E465,thiostrepton_resistance_methylase_tsnR,1
E465,KPC-8,3
E465,mexH,91
E465,KPC-9,3
E465,mexI,34
E465,AxyY,4
E465,mexN,14
E465,tetB(60),15
E465,mexP,1
E465,mexQ,4
E465,dfrA1,13
E465,dfrA3,17
E465,mexT,43
E465,dfrA5,15
E465,AAC(6')-Ib10,3
E465,mexW,185
E465,dfrA7,3
E465,mexX,25
E465,dfrA8,6
E465,mexY,14
E465,AcrE,1
E465,AcrF,3
E465,PmrF,14
E465,PDC,20
E465,SHV-159,5
E465,cfrC,15
E465,oqxB,6
E465,ICR-Mc,2
E465,dfrC,12
E465,dfrD,13
E465,dfrE,4
E465,TRU-1,1
E465,dfrF,6
E465,dfrG,11
E465,CMY-63,6
E465,arnA,352
E465,CMY-64,3
E465,dfrK,14
E465,ACT,13
E465,RbpA,3
E465,OXA-240,4
E465,OXA-246,4
E465,tetA,182
E465,tetB,52
E465,tetC,5
E465,efrA,41
E465,efrB,16
E465,lsa,569
E465,tetL,30
E465,tetM,246
E465,tetO,203
E465,tetP,132
E465,tetQ,41
E465,MuxA,1
E465,tetR,52
E465,MuxB,6
E465,tetS,26
E465,MuxC,14
E465,tetT,73
E465,tetV,35
E465,ADC-74,1
E465,tetW,527
E465,ADC-75,1
E465,tetX,25
E465,cmrA,8
E465,ADC-76,1
E465,ADC-77,1
E465,bicyclomycin-multidrug_efflux_protein_bcr,175
E465,tetZ,1
E465,ADC-78,1
E465,ADC-79,1
E465,ADC-39,1
E465,qepA,48
E465,vanRI,71
E465,carA,75
E465,carO,1
E465,myrA,4
E465,AAC(6')-Ib',2
E465,lrfA,14
E465,APH(3')-IIa,2
E465,cAMP-regulatory_protein,53
E465,AAC(6')-Ib3,4
E465,AAC(6')-Ib4,4
E465,NPS-1,1
E465,OXA-320,2
E465,AAC(6')-Ib7,5
E465,emrA,324
E465,amrB,67
E465,AAC(6')-Ib8,1
E465,emrB,433
E465,AAC(6')-Ib9,3
E465,emrD,60
E465,emrE,70
E465,OXA-368,3
E465,emrK,44
E465,tcmA,113
E465,mdsB,8
E465,mdsC,10
E465,emrY,2
E465,HERA-1,1
E465,mel,36
E465,hp1181,3
E465,Pseudomonas_aeruginosa_emrE,5
E465,chrB,4
E465,tetA(48),87
E465,LRA,3
E465,farA,7
E465,farB,2
E465,OXA-47,2
E465,dfrA20,5
E465,opcM,117
E465,dfrA21,13
E465,dfrA22,13
E465,MCR-1.2,4
E465,MCR-1.3,2
E465,MCR-1.4,2
E465,dfrA24,1
E465,YojI,8
E465,dfrA25,3
E465,MCR-1.5,2
E465,MCR-1.6,2
E465,MCR-1.7,2
E465,MCR-1.8,2
E465,dfrA29,3
E465,MCR-1.9,2
E465,mtrA,95
E465,mtrD,3
E465,mtrE,57
E465,lmrA,25
E465,lmrB,81
E465,Erm(44),2
E465,lmrC,54
E465,lmrD,34
E465,NmcR,4
E465,LCR-1,1
E465,erm(39),2
E465,erm(31),2
E465,bcrA,3393
E465,bcrC,2
E465,tap,1
E465,tet(K),10
E465,multidrug_ABC_transporter,3312
E465,dfrA2d,1
E465,dfrB6,1
E465,SHV-121,5
E465,BUT-1,1
E465,PvrR,16
E465,cipA,4
E465,otrA,19
E465,PSE-1,4
E465,otrC,40
E465,arr-4,2
E465,arr-5,2
E465,Clostridium_perfringens_mprF,1
E465,arr-7,2
E465,arr-8,2
E465,marR,99
E465,CARB,13
E465,aph(6)-I,27
E465,aph(3')-I,21
E465,vanA,108
E465,vanB,183
E465,vanC,56
E465,vanD,248
E465,vanE,4
E465,vanG,40
E465,vanH,220
E465,vanI,12
E465,aph(3')-V,6
E465,vanL,6
E465,CMY-77,3
E465,vanM,3
E465,vanN,5
E465,optrA,55
E465,OXA-251,4
E465,vanR,1760
E465,vanS,563
E465,vanT,32
E465,OXA-256,4
E465,vanW,42
E465,ugd,10
E465,vanX,21
E465,vanY,34
E465,OXA-1,2
E465,OXA-4,2
E465,acrA,69
E465,acrB,263
E465,tet(W/N/W),13
E465,acrD,7
E465,acrF,2
E465,norA,50
E465,norB,52
E465,cpxA,34
E465,ADC-80,1
E465,tetB(46),10
E465,sul1,25
E465,ADC-82,1
E465,sul2,283
E465,sul3,10
E465,ADC-43,1
E465,sul4,19
E465,ykkC,11
E465,ADC-44,1
E465,ykkD,20
E465,MCR-1.10,2
E465,MCR-1.11,2
E465,MCR-1.12,2
E465,MCR-1.13,2
E465,vanKI,3
E465,kasugamycin_resistance_protein_ksgA,204
E465,rpoB2,41
E465,tetA(60),29
E465,cob(I)alamin_adenolsyltransferase,101
E465,cat_chloramphenicol_acetyltransferase,6
E465,rifampin_monooxygenase,44
E465,oleB,56
E465,oleC,81
E465,BahA,1
E465,antibiotic_resistance_rRNA_adenine_methyltransferase,7
E465,aac(6')-II,1
E465,SHV-89,5
E465,eptA,2
E465,tcr3,11
E465,Erm(37),1
E465,Burkholderia_pseudomallei_Omp38,4
E465,LpeB,8
E465,mdtA,114
E465,mdtB,315
E465,mdtC,491
E465,mdtD,235
E465,mdtE,106
E465,mdtF,20
E465,mdtH,11
E465,Salmonella,5
E465,mdtK,52
E465,mdtL,28
E465,mdtM,20
E465,mdtN,50
E465,mdtP,25
E468,aph(3'')-I,4
E468,OXA,123
E468,chloramphenicol_and_florfenicol_resistance,15
E468,CMY-133,6
E468,OXA-10,6
E468,OXA-11,6
E468,bacA,650
E468,OXA-14,6
E468,chloramphenicol_exporter,84
E468,OXA-16,6
E468,OXA-17,3
E468,AER-1,1
E468,basS,37
E468,mycinamicin-resistance_protein_myrB,3
E468,kdpE,36
E468,lsaC,16
E468,lsaE,20
E468,ADP-ribosylating_transferase_arr,5
E468,OXA-454,7
E468,OXA-142,3
E468,OpmB,5
E468,OpmD,5
E468,tlrB_conferring_tylosin_resistance,7
E468,OpmH,1
E468,mefA,174
E468,erm(36),3
E468,mefC,2
E468,tet(L),6
E468,puromycin_resistance_protein,3
E468,abeM,10
E468,clbA,16
E468,clbB,13
E468,clbC,13
E468,abeS,10
E468,TEM-92,3
E468,TEM-93,1
E468,TEM-52,3
E468,TEM-94,3
E468,macA,329
E468,qacA,2
E468,macB,6029
E468,qacB,11
E468,rphA,9
E468,rphB,16
E468,transcriptional_regulatory_protein_CpxR_cpxR,464
E468,qacG,28
E468,blt,2
E468,qacH,10
E468,vgaA,238
E468,vgaB,48
E468,vgaD,46
E468,vgaE,41
E468,CMY-40,6
E468,lnuB,6
E468,lnuC,2
E468,CMY-46,3
E468,lnuD,2
E468,EmrB-QacA_family_major_facilitator_transporter,84
E468,lnuF,2
E468,lnuG,2
E468,AAC(3)-Ib/AAC(6')-Ib'',2
E468,OXA-224,2
E468,bpeF,5
E468,penA,641
E468,arlS,32
E468,efpA,3
E468,fosB,4
E468,otr(B),3
E468,Listeria_monocytogenes_mprF,1
E468,ADC-12,2
E468,VatI,3
E468,ADC-13,2
E468,ADC-14,1
E468,vanHB,20
E468,ErmB,6
E468,ADC-16,2
E468,ErmC,2
E468,vanTG,22
E468,ADC-17,2
E468,ADC-18,1
E468,ADC-19,2
E468,vanTrL,10
E468,TEM,2
E468,fosX,21
E468,cdeA,8
E468,catB,140
E468,ErmT,3
E468,ErmU,1
E468,ErmX,1
E468,dfrA15b,9
E468,PBP-1A,313
E468,PBP-1B,117
E468,tet32,48
E468,tet34,9
E468,tet35,3
E468,tet36,24
E468,tet37,2
E468,tet39,2
E468,msrA,444
E468,msrC,271
E468,msbA,59
E468,msrE,36
E468,Erm(30),1
E468,CTX-M-110,2
E468,CTX-M-38,2
E468,evgS,56
E468,CTX-M-113,2
E468,RTG-4,2
E468,RTG-5,1
E468,adeA,3
E468,adeB,112
E468,adeC,38
E468,aadA,21
E468,adeH,4
E468,adeI,6
E468,adeJ,15
E468,aadE,2
E468,adeK,10
E468,adeL,10
E468,aac(3)-I,23
E468,fmtC,46
E468,TriA,4
E468,adeN,5
E468,TriC,9
E468,aadK,23
E468,adeR,32
E468,adeS,33
E468,TolC,253
E468,vanXYL,2
E468,tetA(46),31
E468,catB10,6
E468,CMY-108,6
E468,ceoB,6
E468,RlmA(II),4
E468,rosA,40
E468,rosB,340
E468,aph(3')-IIb,4
E468,Staphylococcys,7
E468,opmD,7
E468,Staphylococcus,2
E468,ADC-2,2
E468,ADC-3,1
E468,ADC-5,2
E468,ompF,69
E468,ADC-7,2
E468,ompR,844
E468,salA,45
E468,APH(6)-Id,1
E468,Erm(42),1
E468,Acinetobacter_baumannii_ampC_beta-lactamase,2
E468,KLUY-2,1
E468,OprA,8
E468,Brucella_suis_mprF,1
E468,bcr-1,4
E468,mef(B),3
E468,DNA-binding_transcriptional_regulator_gadX,8
E468,gadX,1
E468,patA,55
E468,catB3,9
E468,patB,15
E468,mecA,100
E468,mecB,6
E468,mecC,7
E468,mecD,5
E468,aac(3)-Ib-aac(6')-Ib,1
E468,OprZ,3
E468,poxtA,73
E468,chloramphenicol_and_florfenicol_exporter,2
E468,TEM-20,3
E468,TEM-21,3
E468,ANT(3'')-Ii-AAC(6')-IId,4
E468,bmr,2
E468,TaeA,77
E468,MexJ,5
E468,MexK,9
E468,MexL,5
E468,CTX-M-5,1
E468,MexS,1
E468,vatA,2
E468,vatB,19
E468,vatC,2
E468,vatD,2
E468,vatE,8
E468,vatF,3
E468,vatG,4
E468,CMY-12,3
E468,CMY-53,3
E468,ermA,6
E468,CMY-13,3
E468,ermB,21
E468,CMY-55,6
E468,ereA,10
E468,ermC,27
E468,CMY-15,3
E468,CMY-56,3
E468,ereB,2
E468,ermE,2
E468,CMY-99,1
E468,ermF,7
E468,ermG,5
E468,truncated_putative_response_regulator_ArlR,431
E468,OXA-233,3
E468,bacterial_regulatory_protein_LuxR,18
E468,efmA,2
E468,ermT,8
E468,CMY-2,3
E468,CMY-5,6
E468,ermX,12
E468,CMY-7,3
E468,vanYA,4
E468,ADC-20,2
E468,ADC-21,2
E468,ADC-22,2
E468,ADC-23,1
E468,ADC-25,2
E468,cmeB,162
E468,Staphylococcus_mupA_conferring_resistance_to_mupirocin,38
E468,floR,77
E468,srmB,59
E468,cystathionine_beta-lyase_patB,120
E468,major_facilitator_superfamily_transporter,60
E468,tet40,3
E468,tet41,2
E468,tet43,1
E468,golS,4
E468,tet44,17
E468,MCR-1,20
E468,MCR-2,10
E468,MCR-3,8
E468,MCR-4,9
E468,MCR-5,9
E468,tolC,3
E468,OXA-663,6
E468,CTX-M-84,2
E468,LlmA_23S_ribosomal_RNA_methyltransferase,3
E468,class_A,8
E468,emeA,1
E468,PBP-2X,164
E468,tlcC,54
E468,class_C,51
E468,CTX-M-48,2
E468,CTX-M-122,2
E468,APH(3')-Ia,1
E468,CTX-M-125,2
E468,linG,2
E468,mdfA,175
E468,CMY-118,9
E468,cmlA1,12
E468,oprA,6
E468,OXA-33,2
E468,OXA-74,3
E468,oprC,2
E468,cmlA4,12
E468,ANT(6)-Ia,1
E468,cmlA5,13
E468,cmlA6,12
E468,oprJ,52
E468,smeB,5
E468,smeC,7
E468,smeD,5
E468,oprM,163
E468,smeE,15
E468,oprN,54
E468,smeF,82
E468,two-component_system_response_regulator_EvgA,3
E468,baeR,68
E468,dfrA12,151
E468,baeS,71
E468,dfrA13,9
E468,dfrA14,41
E468,dfrA15,17
E468,dfrA16,1
E468,dfrA17,5
E468,CRP,7
E468,smeR,54
E468,smeS,55
E468,TEM-112,3
E468,Erm(43),1
E468,TEM-113,3
E468,CfxA2,11
E468,QepA1,4
E468,CfxA3,1
E468,QepA2,4
E468,mexA,2
E468,mexB,80
E468,CfxA6,1
E468,mepA,191
E468,mexD,61
E468,mexE,161
E468,erm(38),3
E468,mexF,452
E468,mexG,1
E468,erm(34),2
E468,aadA9,1
E468,mexI,9
E468,AxyY,3
E468,abcA,1
E468,mexN,8
E468,tetB(60),39
E468,mexQ,1
E468,dfrA1,56
E468,dfrA3,18
E468,mexT,52
E468,dfrA5,19
E468,VEB-1b,2
E468,mexW,76
E468,mexX,82
E468,dfrA8,5
E468,mexY,9
E468,AcrE,1
E468,AcrF,3
E468,PmrF,9
E468,TEM-72,3
E468,cfrC,15
E468,oqxA,1
E468,oqxB,3
E468,AcrS,1
E468,ICR-Mc,9
E468,Moraxella_catarrhalis_M35,3
E468,ramA,1
E468,dfrC,11
E468,dfrD,12
E468,dfrE,10
E468,dfrF,7
E468,dfrG,15
E468,CMY-20,3
E468,CMY-61,1
E468,CMY-21,6
E468,CMY-63,4
E468,Escherichia_coli_mipA,1
E468,arnA,502
E468,CMY-64,3
E468,dfrK,13
E468,CMY-28,6
E468,RbpA,3
E468,CMY-29,6
E468,OXA-240,6
E468,OXA-246,6
E468,tetA,60
E468,tetB,18
E468,tetC,4
E468,tetD,2
E468,efrA,52
E468,efrB,34
E468,tetH,1
E468,lsa,575
E468,tetL,19
E468,tetM,322
E468,tetO,180
E468,tetP,136
E468,tetQ,124
E468,tetR,110
E468,MuxB,9
E468,tetS,29
E468,MuxC,13
E468,tetT,72
E468,tetV,18
E468,tetW,639
E468,tetX,3
E468,Bacillus_subtilis_mprF,2
E468,ADC-75,2
E468,cmrA,11
E468,ADC-76,1
E468,bicyclomycin-multidrug_efflux_protein_bcr,345
E468,ADC-77,2
E468,ADC-78,1
E468,ADC-79,2
E468,tet(40),1
E468,qepA,16
E468,ADC-39,2
E468,vanRI,73
E468,Serratia_marcescens_Omp1,2
E468,Klebsiella_pneumoniae_OmpK36,3
E468,Klebsiella_pneumoniae_OmpK37,3
E468,Streptococcus_agalactiae_mprF,1
E468,porin_OmpC,2
E468,carA,87
E468,DNA-binding_protein_H-NS,5
E468,carO,4
E468,myrA,7
E468,hmrM,3
E468,lrfA,5
E468,Bacillus_Cluster_B_intrinsic_mph,1
E468,APH(3')-IIa,1
E468,cAMP-regulatory_protein,126
E468,mecR1,44
E468,NPS-1,1
E468,OXA-320,2
E468,emrA,199
E468,amrB,62
E468,emrB,309
E468,CTX-M-14,2
E468,emrD,50
E468,CTX-M-130,2
E468,emrE,93
E468,CTX-M-17,2
E468,OXA-368,3
E468,emrK,49
E468,tcmA,44
E468,mdsA,1
E468,mdsB,1
E468,mdsC,7
E468,emrR,1
E468,VEB-1,4
E468,VEB-2,2
E468,VEB-3,2
E468,VEB-4,2
E468,VEB-5,2
E468,emrY,4
E468,VEB-6,2
E468,VEB-7,2
E468,VEB-8,2
E468,VEB-9,1
E468,mel,47
E468,ANT(3'')-IIa,1
E468,ANT(3'')-IIb,1
E468,hp1181,3
E468,aad(6),1
E468,ANT(3'')-IIc,1
E468,Pseudomonas_aeruginosa_emrE,9
E468,chrB,7
E468,tetA(48),90
E468,LRA,1
E468,farA,2
E468,farB,1
E468,MdtK,5
E468,dfrA20,9
E468,opcM,30
E468,dfrA21,14
E468,dfrA22,14
E468,MCR-1.2,20
E468,MCR-1.3,10
E468,MCR-1.4,10
E468,dfrA24,2
E468,YojI,17
E468,MCR-1.5,10
E468,dfrA25,12
E468,MCR-1.6,10
E468,MCR-1.7,10
E468,MCR-1.8,10
E468,MCR-1.9,10
E468,dfrA29,10
E468,mtrA,104
E468,blaR1,8
E468,mtrD,2
E468,mtrE,196
E468,lmrA,6
E468,lmrB,76
E468,Erm(44),3
E468,lmrC,70
E468,lmrD,58
E468,NmcR,3
E468,LCR-1,2
E468,mtrR,16
E468,lmrP,2
E468,CTX-M,15
E468,erm(39),1
E468,erm(31),1
E468,blaI,6
E468,bcrA,3435
E468,bcrC,4
E468,tap,1
E468,tet(K),3
E468,multidrug_ABC_transporter,4327
E468,omp36,6
E468,PvrR,22
E468,cipA,6
E468,otrA,18
E468,PSE-1,4
E468,otrC,23
E468,arr-4,1
E468,arr-5,1
E468,arr-7,1
E468,arr-8,1
E468,PER,7
E468,marR,320
E468,CARB,15
E468,aph(6)-I,25
E468,aph(3')-I,17
E468,vanA,66
E468,vanB,101
E468,vanC,56
E468,vanD,255
E468,vanE,15
E468,vanG,58
E468,vanH,435
E468,vanI,9
E468,CMY-35,3
E468,aph(3')-V,3
E468,vanL,4
E468,CMY-77,1
E468,vanM,4
E468,vanN,10
E468,CMY-38,3
E468,optrA,78
E468,OXA-251,6
E468,vanR,2449
E468,vanS,885
E468,vanT,69
E468,vanU,6
E468,OXA-256,6
E468,vanW,21
E468,vanX,23
E468,ugd,13
E468,vanY,76
E468,OXA-1,2
E468,OXA-4,2
E468,acrA,185
E468,acrB,380
E468,tet(W/N/W),16
E468,acrD,1
E468,acrF,2
E468,norA,19
E468,norB,18
E468,cpxA,46
E468,ADC-80,2
E468,tetB(46),26
E468,ADC-41,2
E468,sul2,385
E468,ADC-42,2
E468,sul3,26
E468,ADC-43,2
E468,sul4,17
E468,ykkC,48
E468,ADC-44,2
E468,ykkD,35
E468,MCR-1.10,10
E468,MCR-1.11,10
E468,vanWI,1
E468,MCR-1.12,10
E468,MCR-1.13,10
E468,vanKI,1
E468,kasugamycin_resistance_protein_ksgA,237
E468,rpoB2,33
E468,tetA(60),32
E468,cob(I)alamin_adenolsyltransferase,125
E468,cat_chloramphenicol_acetyltransferase,40
E468,rifampin_monooxygenase,68
E468,oleB,57
E468,oleC,76
E468,antibiotic_resistance_rRNA_adenine_methyltransferase,15
E468,eptA,10
E468,mphA,12
E468,tcr3,2
E468,mphC,3
E468,mphD,3
E468,CTX-M-24,2
E468,mphE,1
E468,CTX-M-67,2
E468,mphG,3
E468,Burkholderia_pseudomallei_Omp38,4
E468,mphI,1
E468,LpeB,5
E468,mdtA,149
E468,mdtB,245
E468,mdtC,325
E468,mdtD,153
E468,mdtE,67
E468,mdtF,73
E468,Escherichia_coli_LamB,1
E468,mdtG,51
E468,mdtH,86
E468,Salmonella,12
E468,mdtK,358
E468,mdtL,20
E468,mdtN,125
E468,mdtO,25
E468,mdtP,31
E469,OXA,25
E469,chloramphenicol_and_florfenicol_resistance,5
E469,OXA-10,1
E469,bacA,350
E469,chloramphenicol_exporter,2
E469,OXA-17,1
E469,AER-1,1
E469,basS,16
E469,mycinamicin-resistance_protein_myrB,1
E469,kdpE,22
E469,lsaC,4
E469,lsaE,7
E469,ADP-ribosylating_transferase_arr,20
E469,OpmB,1
E469,OpmD,1
E469,tlrB_conferring_tylosin_resistance,2
E469,mefA,29
E469,erm(36),1
E469,tet(L),6
E469,puromycin_resistance_protein,9
E469,clbA,6
E469,clbB,5
E469,clbC,5
E469,abeS,1
E469,macA,88
E469,qacA,10
E469,macB,3147
E469,qacB,35
E469,rphA,13
E469,rphB,14
E469,transcriptional_regulatory_protein_CpxR_cpxR,168
E469,qacG,4
E469,qacH,1
E469,MIR,2
E469,vgaA,101
E469,vgaB,25
E469,vgaD,20
E469,vgaE,26
E469,CMY-45,3
E469,CMY-46,3
E469,EmrB-QacA_family_major_facilitator_transporter,88
E469,bpeF,12
E469,penA,275
E469,arlS,9
E469,efpA,10
E469,THIN-B,1
E469,otr(B),5
E469,VatI,1
E469,ADC-56,1
E469,vanHB,8
E469,ErmB,4
E469,ErmC,2
E469,vanTG,6
E469,tet(42),1
E469,ADC-19,1
E469,vanTrL,4
E469,catB,36
E469,ErmT,2
E469,ErmU,1
E469,ErmX,2
E469,dfrA15b,3
E469,PBP-1A,152
E469,PBP-1B,47
E469,tet32,30
E469,tet36,15
E469,SHV-53,5
E469,tet39,4
E469,msrA,233
E469,msrC,104
E469,msbA,24
E469,msrE,17
E469,Erm(30),6
E469,ampC,4
E469,evgS,41
E469,RTG-4,2
E469,RTG-5,1
E469,adeB,55
E469,adeC,3
E469,adeF,2
E469,adeH,1
E469,adeJ,6
E469,adeK,1
E469,BRP(MBL),1
E469,adeL,7
E469,TriA,1
E469,TriC,1
E469,adeR,19
E469,adeS,11
E469,TolC,15
E469,tetA(46),13
E469,catB10,2
E469,CMY-108,1
E469,ceoB,11
E469,rosA,10
E469,rosB,36
E469,Staphylococcys,6
E469,opmD,3
E469,ADC-1,1
E469,Staphylococcus,2
E469,opmE,2
E469,ADC-2,1
E469,ADC-3,1
E469,ADC-4,1
E469,ADC-5,1
E469,ompR,307
E469,salA,16
E469,CMX,4
E469,Erm(42),2
E469,Acinetobacter_baumannii_ampC_beta-lactamase,1
E469,OprA,2
E469,bcr-1,2
E469,vanYG1,1
E469,patA,19
E469,catB3,2
E469,patB,2
E469,mecA,13
E469,mecB,8
E469,mecC,2
E469,mecD,3
E469,MSI-1,1
E469,OprZ,4
E469,poxtA,29
E469,chloramphenicol_and_florfenicol_exporter,2
E469,metallo-beta-lactamase,24
E469,SHV,5
E469,TaeA,39
E469,MexJ,1
E469,MexK,3
E469,MexS,4
E469,vatB,1
E469,vatC,1
E469,vatE,4
E469,vatG,1
E469,CMY-12,3
E469,ermA,12
E469,ermB,12
E469,ermC,36
E469,CMY-16,3
E469,ermE,8
E469,CMY-99,3
E469,ermG,4
E469,ermH,4
E469,truncated_putative_response_regulator_ArlR,161
E469,OXA-233,1
E469,ermO,4
E469,bacterial_regulatory_protein_LuxR,18
E469,ermS,2
E469,efmA,1
E469,ermX,24
E469,erm(41),14
E469,tetB(48),4
E469,vanYA,4
E469,ADC-61,1
E469,ADC-20,1
E469,ADC-21,1
E469,ADC-25,1
E469,cmeB,68
E469,Staphylococcus_mupA_conferring_resistance_to_mupirocin,26
E469,floR,10
E469,BJP-1,1
E469,srmB,43
E469,cystathionine_beta-lyase_patB,34
E469,major_facilitator_superfamily_transporter,62
E469,tet41,4
E469,tet43,3
E469,tet44,11
E469,SHV-62,5
E469,MCR-1,2
E469,MCR-2,1
E469,MCR-3,1
E469,MCR-4,1
E469,MCR-5,1
E469,OXA-663,1
E469,class_A,2
E469,LlmA_23S_ribosomal_RNA_methyltransferase,4
E469,PBP-2X,7
E469,tlcC,44
E469,class_C,36
E469,tet(59),1
E469,cmlA1,5
E469,oprA,1
E469,OXA-74,1
E469,oprC,4
E469,cmlA4,5
E469,cmlA5,5
E469,cmlA6,5
E469,oprJ,11
E469,smeB,7
E469,smeC,2
E469,oprM,22
E469,smeF,8
E469,two-component_system_response_regulator_EvgA,4
E469,baeR,29
E469,dfrA12,66
E469,baeS,27
E469,dfrA13,6
E469,dfrA14,21
E469,dfrA15,11
E469,dfrA16,5
E469,CRP,1
E469,dfrA17,3
E469,smeR,30
E469,smeS,28
E469,Erm(47),2
E469,Erm(43),1
E469,QepA1,7
E469,QepA2,9
E469,mexB,8
E469,mepA,27
E469,mexD,138
E469,mexE,14
E469,erm(38),3
E469,mexF,84
E469,erm(34),1
E469,mexH,50
E469,mexI,18
E469,AxyY,3
E469,abcA,2
E469,mexN,4
E469,tetB(60),11
E469,mexQ,2
E469,dfrA1,20
E469,dfrA3,7
E469,mexT,26
E469,dfrA5,8
E469,mexW,85
E469,dfrA8,3
E469,mexY,6
E469,PmrF,9
E469,PDC,21
E469,cfrC,5
E469,oqxB,5
E469,ICR-Mc,1
E469,dfrC,8
E469,dfrD,5
E469,dfrE,4
E469,TRU-1,1
E469,dfrF,3
E469,dfrG,5
E469,arnA,126
E469,CMY-23,3
E469,dfrK,5
E469,CMY-24,3
E469,ACT,4
E469,RbpA,3
E469,OXA-240,1
E469,OXA-246,1
E469,tetA,128
E469,tetB,9
E469,tetC,9
E469,efrA,15
E469,efrB,12
E469,tetG,1
E469,tetH,11
E469,lsa,186
E469,tetJ,2
E469,tetL,26
E469,tetM,184
E469,tetO,189
E469,tetP,133
E469,tetQ,68
E469,MuxA,1
E469,tetR,51
E469,MuxB,7
E469,tetS,14
E469,MuxC,9
E469,tetT,54
E469,ADC-31,1
E469,tetV,7
E469,tetW,273
E469,ADC-74,1
E469,ADC-75,1
E469,tetY,2
E469,ADC-76,1
E469,bicyclomycin-multidrug_efflux_protein_bcr,124
E469,ADC-77,1
E469,ADC-78,1
E469,ADC-79,1
E469,qepA,35
E469,ADC-39,1
E469,vanRI,42
E469,Streptococcus_agalactiae_mprF,1
E469,CFE-1,1
E469,carA,49
E469,myrA,2
E469,lrfA,11
E469,Bacillus_Cluster_B_intrinsic_mph,1
E469,cAMP-regulatory_protein,18
E469,SHV-37,5
E469,emrA,50
E469,amrB,29
E469,emrB,138
E469,emrD,33
E469,emrE,15
E469,OXA-368,1
E469,tcmA,61
E469,mdsB,5
E469,mdsC,1
E469,emrY,2
E469,HERA-1,1
E469,mel,19
E469,hp1181,2
E469,Pseudomonas_aeruginosa_emrE,1
E469,chrB,2
E469,tetA(48),50
E469,LRA,1
E469,farB,3
E469,OCH,1
E469,dfrA20,5
E469,opcM,16
E469,dfrA21,7
E469,dfrA22,7
E469,MCR-1.2,2
E469,MCR-1.3,1
E469,MCR-1.4,1
E469,YojI,2
E469,MCR-1.5,1
E469,dfrA25,5
E469,MCR-1.6,1
E469,MCR-1.7,1
E469,MCR-1.8,1
E469,MCR-1.9,1
E469,mtrA,57
E469,dfrA29,4
E469,mtrD,4
E469,pmrA,4
E469,lmrA,13
E469,lmrB,50
E469,Erm(44),1
E469,lmrC,24
E469,lmrD,10
E469,NmcR,1
E469,erm(39),1
E469,erm(31),1
E469,bcrA,1457
E469,tet(K),7
E469,dfrB1,3
E469,dfrB2,2
E469,dfrB3,1
E469,multidrug_ABC_transporter,1817
E469,dfrA2d,1
E469,dfrB6,1
E469,SHV-121,5
E469,PvrR,16
E469,cipA,4
E469,otrA,15
E469,otrC,14
E469,arr-4,4
E469,arr-5,4
E469,arr-7,4
E469,arr-8,4
E469,CARB,13
E469,aph(6)-I,3
E469,vanA,72
E469,vanB,87
E469,vanC,35
E469,vanD,113
E469,vanE,9
E469,vanG,36
E469,vanH,135
E469,vanI,10
E469,vanL,2
E469,CMY-77,3
E469,vanM,4
E469,vanN,6
E469,optrA,34
E469,OXA-251,1
E469,vanR,961
E469,vanS,283
E469,vanT,16
E469,OXA-256,1
E469,vanW,21
E469,ugd,2
E469,vanY,61
E469,acrA,18
E469,acrB,66
E469,tet(W/N/W),8
E469,acrD,1
E469,norA,2
E469,norB,26
E469,cpxA,18
E469,ADC-80,1
E469,tetB(46),9
E469,ADC-81,1
E469,sul1,29
E469,ADC-82,1
E469,ADC-41,1
E469,sul2,120
E469,ADC-43,1
E469,sul4,10
E469,ykkD,5
E469,MCR-1.10,1
E469,MCR-1.11,1
E469,aph(4)-I,2
E469,MCR-1.12,1
E469,MCR-1.13,1
E469,vanKI,2
E469,kasugamycin_resistance_protein_ksgA,51
E469,rpoB2,30
E469,tetA(60),16
E469,cob(I)alamin_adenolsyltransferase,100
E469,cat_chloramphenicol_acetyltransferase,6
E469,rifampin_monooxygenase,16
E469,oleB,45
E469,oleC,47
E469,antibiotic_resistance_rRNA_adenine_methyltransferase,5
E469,oleI,1
E469,SHV-89,5
E469,eptA,1
E469,tcr3,7
E469,Erm(37),1
E469,mphA,6
E469,mphC,3
E469,mphD,1
E469,mphE,1
E469,mphG,1
E469,Burkholderia_pseudomallei_Omp38,2
E469,mphI,1
E469,LpeA,1
E469,LpeB,7
E469,Rm3,2
E469,mdtA,50
E469,mdtB,161
E469,mdtC,204
E469,mdtD,27
E469,mdtE,2
E469,mdtF,33
E469,Salmonella,5
E469,mdtM,25
E472,OXA,115
E472,chloramphenicol_and_florfenicol_resistance,7
E472,OXA-10,3
E472,OXA-11,1
E472,bacA,275
E472,OXA-14,1
E472,chloramphenicol_exporter,22
E472,OXA-16,2
E472,OXA-17,3
E472,AER-1,2
E472,basS,35
E472,kdpE,18
E472,lsaC,6
E472,lsaE,14
E472,TEM-135,3
E472,OXA-454,3
E472,OXA-140,4
E472,OXA-142,2
E472,OpmB,1
E472,OpmD,1
E472,OpmH,4
E472,mefA,48
E472,mefC,1
E472,tet(L),2
E472,puromycin_resistance_protein,4
E472,abeM,5
E472,catII,2
E472,clbA,4
E472,clbB,7
E472,clbC,7
E472,abeS,4
E472,TEM-90,3
E472,macA,250
E472,qacA,4
E472,macB,3210
E472,qacB,14
E472,rphA,5
E472,rphB,11
E472,TEM-57,1
E472,transcriptional_regulatory_protein_CpxR_cpxR,228
E472,qacG,8
E472,blt,1
E472,qacH,4
E472,vgaA,123
E472,vgaB,32
E472,AIM-1,1
E472,vgaD,27
E472,vgaE,26
E472,EmrB-QacA_family_major_facilitator_transporter,34
E472,TEM-215,3
E472,OXA-224,4
E472,bpeF,22
E472,penA,363
E472,arlS,6
E472,efpA,4
E472,THIN-B,1
E472,VatI,2
E472,vanHB,3
E472,cmlA,14
E472,vanTG,10
E472,vanTrL,4
E472,catA,14
E472,catB,27
E472,dfrA15b,2
E472,PBP-1A,202
E472,PBP-1B,50
E472,tet32,31
E472,tet36,16
E472,msrA,248
E472,msrC,158
E472,msbA,22
E472,msrE,12
E472,CTX-M-111,2
E472,evgS,55
E472,RTG-4,2
E472,RTG-5,1
E472,adeB,47
E472,adeC,10
E472,adeF,4
E472,adeH,4
E472,adeI,4
E472,adeJ,18
E472,adeK,4
E472,adeL,11
E472,TriA,3
E472,adeN,2
E472,TriB,3
E472,TriC,17
E472,adeR,26
E472,adeS,8
E472,TolC,222
E472,tetA(46),8
E472,ceoB,9
E472,RlmA(II),1
E472,rosB,174
E472,opmD,2
E472,Staphylococcys,2
E472,opmE,2
E472,ompR,506
E472,salA,19
E472,TEM-185,3
E472,TEM-106,3
E472,OprA,8
E472,bcr-1,5
E472,mef(B),1
E472,patA,29
E472,catB3,2
E472,patB,2
E472,mecA,116
E472,mecB,7
E472,mecC,7
E472,mecD,5
E472,mecI,1
E472,MSI-1,1
E472,OprZ,5
E472,AAC(6')-Ie-APH(2'')-Ia,3
E472,poxtA,44
E472,chloramphenicol_and_florfenicol_exporter,2
E472,metallo-beta-lactamase,17
E472,catIII,1
E472,TaeA,49
E472,MexJ,6
E472,MexK,25
E472,MexL,3
E472,MexS,2
E472,vatA,1
E472,vatB,10
E472,vatC,3
E472,MexV,6
E472,vatD,1
E472,vatE,12
E472,vatF,2
E472,vatG,2
E472,CMY-13,3
E472,ereA,10
E472,ereB,2
E472,truncated_putative_response_regulator_ArlR,181
E472,OXA-233,2
E472,bacterial_regulatory_protein_LuxR,15
E472,cmeB,119
E472,Staphylococcus_mupA_conferring_resistance_to_mupirocin,16
E472,floR,86
E472,srmB,41
E472,cystathionine_beta-lyase_patB,30
E472,major_facilitator_superfamily_transporter,26
E472,tet41,1
E472,tet44,6
E472,MCR-1,14
E472,MCR-2,7
E472,MCR-3,7
E472,MCR-4,8
E472,MCR-5,7
E472,tolC,1
E472,OXA-663,2
E472,OXA-392,4
E472,class_A,14
E472,LlmA_23S_ribosomal_RNA_methyltransferase,1
E472,CTX-M-160,2
E472,PBP-2X,32
E472,tlcC,38
E472,class_C,25
E472,CTX-M-121,2
E472,CTX-M-122,2
E472,mdfA,37
E472,aac(6')-I,2
E472,R39,1
E472,CMY-118,3
E472,OXA-31,4
E472,oprA,7
E472,cmlA1,8
E472,OXA-74,2
E472,OXA-33,4
E472,oprC,8
E472,cmlA4,8
E472,cmlA5,8
E472,cmlA6,8
E472,AAC(6')-34,1
E472,oprJ,68
E472,smeB,25
E472,smeC,5
E472,oprM,113
E472,smeE,17
E472,oprN,94
E472,smeF,38
E472,two-component_system_response_regulator_EvgA,5
E472,baeR,33
E472,dfrA12,76
E472,baeS,38
E472,dfrA13,7
E472,dfrA14,16
E472,dfrA15,6
E472,CRP,3
E472,dfrA17,1
E472,smeR,30
E472,smeS,27
E472,TEM-153,3
E472,TEM-159,3
E472,QepA1,2
E472,QepA2,3
E472,mexA,28
E472,mexB,124
E472,mexD,257
E472,mexE,99
E472,mexF,380
E472,mexH,102
E472,mexI,32
E472,AxyY,5
E472,mexN,10
E472,tetB(60),10
E472,mexQ,6
E472,dfrA1,25
E472,dfrA3,9
E472,mexT,39
E472,dfrA5,4
E472,mexW,199
E472,mexX,54
E472,dfrA8,9
E472,mexY,9
E472,AcrE,2
E472,AcrF,4
E472,PmrF,9
E472,cfrC,7
E472,oqxA,1
E472,oqxB,12
E472,ICR-Mc,7
E472,dfrC,9
E472,dfrD,6
E472,dfrE,2
E472,dfrF,5
E472,dfrG,6
E472,arnA,300
E472,CMY-64,3
E472,dfrK,6
E472,OXA-240,2
E472,OXA-246,3
E472,tetA,27
E472,tetB,6
E472,tetC,2
E472,efrA,9
E472,efrB,9
E472,lsa,215
E472,tetM,188
E472,tetO,35
E472,tetP,100
E472,tetQ,58
E472,MuxA,2
E472,tetR,175
E472,MuxB,5
E472,tetS,25
E472,MuxC,14
E472,tetT,46
E472,tetW,246
E472,tetX,27
E472,cmrA,1
E472,bicyclomycin-multidrug_efflux_protein_bcr,144
E472,qepA,16
E472,vanRI,23
E472,carA,54
E472,carO,1
E472,myrA,1
E472,hmrM,2
E472,lrfA,2
E472,Bacillus_Cluster_B_intrinsic_mph,1
E472,cAMP-regulatory_protein,54
E472,mecR1,8
E472,CTX-M-90,2
E472,CTX-M-51,2
E472,NPS-1,2
E472,OXA-320,4
E472,emrA,51
E472,amrB,64
E472,emrB,165
E472,emrD,85
E472,CTX-M-130,2
E472,CTX-M-98,2
E472,emrE,52
E472,OXA-368,2
E472,emrK,48
E472,tcmA,29
E472,mdsA,1
E472,mdsB,9
E472,mdsC,4
E472,HERA-1,1
E472,mel,20
E472,hp1181,4
E472,Pseudomonas_aeruginosa_emrE,4
E472,chrB,1
E472,tetA(48),43
E472,LRA,3
E472,farA,1
E472,OXA-47,4
E472,dfrA20,9
E472,opcM,57
E472,dfrA21,8
E472,dfrA22,8
E472,MCR-1.2,14
E472,MCR-1.3,7
E472,dfrA24,2
E472,YojI,4
E472,MCR-1.4,7
E472,dfrA25,3
E472,MCR-1.5,7
E472,MCR-1.6,7
E472,MCR-1.7,7
E472,MCR-1.8,7
E472,mtrA,50
E472,MCR-1.9,7
E472,dfrA29,2
E472,mtrD,3
E472,mtrE,33
E472,lmrA,2
E472,lmrB,7
E472,lmrC,9
E472,lmrD,17
E472,NmcR,5
E472,LCR-1,2
E472,pgpB,1
E472,CTX-M,13
E472,bcrA,1600
E472,tet(K),2
E472,dfrB1,6
E472,dfrB2,2
E472,dfrB3,1
E472,multidrug_ABC_transporter,1327
E472,dfrA2d,2
E472,dfrB6,2
E472,PvrR,28
E472,cipA,1
E472,otrA,14
E472,PSE-1,4
E472,otrC,6
E472,Bacillus_Cluster_A_intrinsic_mph,1
E472,marR,74
E472,CARB,14
E472,aph(3')-I,2
E472,vanA,57
E472,vanB,50
E472,vanC,23
E472,vanD,111
E472,vanE,7
E472,vanG,26
E472,vanH,109
E472,vanI,5
E472,vanL,1
E472,SPG-1,1
E472,vanN,5
E472,optrA,45
E472,TEM-207,3
E472,OXA-251,2
E472,vanR,750
E472,vanS,393
E472,vanT,20
E472,vanU,1
E472,OXA-256,2
E472,ugd,2
E472,vanX,23
E472,SMB-1,1
E472,vanY,12
E472,OXA-1,4
E472,OXA-4,4
E472,acrA,121
E472,acrB,282
E472,tet(W/N/W),6
E472,acrD,6
E472,acrF,1
E472,norB,2
E472,cpxA,11
E472,tetB(46),6
E472,sul2,186
E472,sul3,6
E472,sul4,8
E472,ykkC,16
E472,ykkD,11
E472,MCR-1.10,7
E472,MCR-1.11,7
E472,MCR-1.12,7
E472,MCR-1.13,7
E472,kasugamycin_resistance_protein_ksgA,250
E472,rpoB2,24
E472,tetA(60),12
E472,cob(I)alamin_adenolsyltransferase,25
E472,cat_chloramphenicol_acetyltransferase,6
E472,rifampin_monooxygenase,33
E472,bifunctional_aminoglycoside_N-acetyltransferase_and_aminoglycoside_phosphotransferase,2
E472,oleB,49
E472,oleC,45
E472,antibiotic_resistance_rRNA_adenine_methyltransferase,6
E472,aac(6')-II,2
E472,eptA,7
E472,mphA,12
E472,mphC,6
E472,mphD,2
E472,CTX-M-24,1
E472,CTX-M-65,2
E472,mphE,1
E472,CTX-M-67,2
E472,mphG,2
E472,Burkholderia_pseudomallei_Omp38,5
E472,mphI,2
E472,CTX-M-105,2
E472,CTX-M-148,2
E472,LpeB,13
E472,Rm3,1
E472,mdtA,181
E472,mdtB,285
E472,mdtC,245
E472,mdtD,82
E472,mdtE,21
E472,mdtF,1
E472,mdtG,14
E472,Salmonella,8
E472,mdtK,173
E472,mdtN,25
E472,mdtP,1
E476,tetB(60),5
E476,class_C,25
E476,CTX-M-51,2
E476,CTX-M-121,2
E476,dfrB6,2
E476,bcr-1,3
E476,dfrA29,1
E476,CTX-M-122,2
E476,TEM-135,3
E476,CTX-M-124,1
E476,AAC(6')-34,1
E476,tlcC,28
E476,Staphylococcus,1
E476,CTX-M-56,1
E476,vanTrL,6
E476,CTX-M-141,1
E476,aac(3)-VI,2
E476,TEM-153,3
E476,CTX-M-59,1
E476,emrA,49
E476,AAC(6')-Ie-APH(2'')-Ia,3
E476,mdtA,69
E476,AIM-1,2
E476,qacG,4
E476,emrB,115
E476,mdtB,109
E476,CTX-M-74,1
E476,qacH,1
E476,mdtC,327
E476,emrD,28
E476,CTX-M-76,1
E476,mdtE,1
E476,emrE,14
E476,cpxA,4
E476,MCR-1.2,6
E476,patA,24
E476,CTX-M-90,2
E476,CTX-M-160,2
E476,CTX-M-77,1
E476,MCR-1.3,3
E476,mdtF,13
E476,EmrB-QacA_family_major_facilitator_transporter,16
E476,TEM-159,3
E476,CTX-M-148,2
E476,MCR-1.4,3
E476,cmlA1,4
E476,mdtG,14
E476,MCR-1.5,3
E476,MCR-1.6,3
E476,hp1181,2
E476,poxtA,32
E476,baeR,18
E476,MCR-1.7,3
E476,cmlA4,4
E476,tet41,3
E476,baeS,25
E476,MCR-1.8,3
E476,MCR-1.10,3
E476,cmlA5,4
E476,NmcR,1
E476,mdtK,110
E476,Staphylococcys,1
E476,MCR-1.11,3
E476,MCR-1.9,3
E476,cmlA6,4
E476,mel,14
E476,MCR-1.12,3
E476,Pseudomonas_aeruginosa_emrE,1
E476,tet44,4
E476,CTX-M-98,2
E476,MCR-1.13,3
E476,mdtN,25
E476,bcrA,1077
E476,TEM-57,1
E476,mepA,2
E476,kasugamycin_resistance_protein_ksgA,225
E476,PBP-1A,146
E476,TEM-215,3
E476,CTX-M-5,1
E476,vanA,68
E476,cat_chloramphenicol_acetyltransferase,7
E476,PBP-1B,42
E476,tet(L),2
E476,vanB,56
E476,vanC,35
E476,OXA-1,2
E476,bpeF,21
E476,vanD,90
E476,vanHB,5
E476,vanE,12
E476,aac(6')-I,2
E476,TEM-90,3
E476,lsa,177
E476,OXA-4,2
E476,lmrC,7
E476,vanG,31
E476,vanH,130
E476,lmrD,9
E476,vanI,3
E476,HERA-1,1
E476,golS,1
E476,vanL,4
E476,vanM,1
E476,floR,32
E476,vanN,3
E476,aac(3)-IIIa,1
E476,tcmA,8
E476,SMB-1,2
E476,farA,1
E476,kdpE,12
E476,pgpB,3
E476,msrA,192
E476,mecA,105
E476,RSA-1,1
E476,Burkholderia_pseudomallei_Omp38,3
E476,farB,2
E476,mecB,5
E476,vanR,681
E476,norA,25
E476,msrC,98
E476,otrA,10
E476,mecC,4
E476,vanS,246
E476,OXA,19
E476,rifampin_monooxygenase,30
E476,mecD,4
E476,vanT,24
E476,dfrA2d,2
E476,vanU,1
E476,otrC,6
E476,msrE,14
E476,vatA,1
E476,TLA-1,1
E476,mecR1,7
E476,vatB,15
E476,TLA-2,3
E476,catIII,1
E476,TLA-3,1
E476,VEB-1b,2
E476,vatC,3
E476,vanX,45
E476,vatD,1
E476,mecI,2
E476,vatE,8
E476,evgS,36
E476,ykkC,48
E476,vatF,3
E476,mexB,4
E476,vatG,2
E476,smeB,5
E476,ykkD,24
E476,acrB,59
E476,CTX-M-20,1
E476,acrD,2
E476,mexD,95
E476,cmeB,80
E476,AAC(3)-VIa,1
E476,smeE,3
E476,MCR-1,6
E476,mexE,53
E476,dfrA12,41
E476,acrF,1
E476,smeF,4
E476,MCR-2,3
E476,dfrA1,4
E476,dfrA13,4
E476,mexF,248
E476,CTX-M-24,1
E476,RTG-4,2
E476,MCR-3,3
E476,tetA,69
E476,salA,19
E476,TEM-106,3
E476,RTG-5,1
E476,VatI,2
E476,oprA,3
E476,MCR-4,3
E476,dfrA3,5
E476,mexH,203
E476,abeS,1
E476,tetC,6
E476,MCR-5,3
E476,mexI,30
E476,rosB,134
E476,efpA,1
E476,oprC,4
E476,truncated_putative_response_regulator_ArlR,143
E476,CTX-M-111,2
E476,TolC,97
E476,OprA,1
E476,blt,1
E476,major_facilitator_superfamily_transporter,12
E476,dfrA8,7
E476,mexN,5
E476,MexK,6
E476,OXA-47,2
E476,LRA,3
E476,CTX-M-130,2
E476,oprJ,10
E476,efrA,7
E476,mexQ,3
E476,basS,19
E476,OXA-140,2
E476,CTX-M-131,1
E476,CTX-M,15
E476,efrB,5
E476,smeR,17
E476,smeS,11
E476,mtrA,33
E476,Staphylococcus_mupA_conferring_resistance_to_mupirocin,15
E476,tetM,214
E476,OXA-142,1
E476,oprM,15
E476,mdsB,7
E476,mexT,26
E476,oprN,24
E476,TriC,5
E476,vanRI,16
E476,tetO,42
E476,CTX-M-65,2
E476,ampC,1
E476,tetA(46),4
E476,macA,154
E476,tetP,73
E476,MexS,1
E476,mexW,159
E476,macB,1860
E476,tetQ,23
E476,CTX-M-67,2
E476,lsaA,1
E476,mexY,3
E476,tetS,13
E476,lsaC,7
E476,vanTG,9
E476,MexV,5
E476,tetT,30
E476,arnA,276
E476,aadE,1
E476,amrB,43
E476,ICR-Mc,3
E476,lsaE,15
E476,clbA,1
E476,tet32,20
E476,clbB,3
E476,tetA(48),27
E476,tetW,136
E476,OXA-392,2
E476,tetX,27
E476,carA,38
E476,multidrug_ABC_transporter,1050
E476,clbC,4
E476,dfrC,6
E476,dfrD,1
E476,tet36,9
E476,dfrE,1
E476,vgaA,105
E476,TEM-185,3
E476,dfrF,2
E476,bacterial_regulatory_protein_LuxR,12
E476,vgaB,28
E476,tet(K),2
E476,tet39,2
E476,PER,8
E476,dfrG,1
E476,TEM-207,3
E476,OprZ,1
E476,arlS,12
E476,two-component_system_response_regulator_EvgA,5
E476,vgaD,23
E476,catA,14
E476,TaeA,39
E476,mdfA,14
E476,catB,26
E476,vgaE,29
E476,transcriptional_regulatory_protein_CpxR_cpxR,102
E476,dfrK,3
E476,AER-1,1
E476,chloramphenicol_and_florfenicol_resistance,4
E476,tetB(46),3
E476,oleB,34
E476,antibiotic_resistance_rRNA_adenine_methyltransferase,3
E476,OXA-224,2
E476,CARB,14
E476,sul1,24
E476,srmB,35
E476,oleC,31
E476,VEB-1,4
E476,QepA1,1
E476,bifunctional_aminoglycoside_N-acetyltransferase_and_aminoglycoside_phosphotransferase,2
E476,sul2,161
E476,VEB-2,2
E476,sul3,8
E476,QepA2,1
E476,cfrC,4
E476,OXA-454,1
E476,VEB-3,2
E476,sul4,7
E476,VEB-4,2
E476,aac(6')-II,2
E476,PmrF,7
E476,catII,2
E476,adeB,16
E476,VEB-5,2
E476,qepA,8
E476,VEB-6,2
E476,VEB-7,2
E476,eptA,3
E476,VEB-8,2
E476,OXA-246,1
E476,VEB-9,1
E476,adeF,2
E476,AxyY,3
E476,adeH,1
E476,penA,248
E476,Salmonella,4
E476,chloramphenicol_and_florfenicol_exporter,1
E476,YojI,2
E476,PvrR,1
E476,tet(W/N/W),2
E476,oqxA,2
E476,tetA(60),7
E476,opmE,1
E476,oqxB,8
E476,adeL,5
E476,OpmB,1
E476,rpoB2,9
E476,rphA,1
E476,ompR,243
E476,OXA-10,1
E476,rphB,2
E476,msbA,22
E476,aac(3)-X,1
E476,PSE-1,4
E476,PBP-2X,21
E476,adeR,14
E476,bicyclomycin-multidrug_efflux_protein_bcr,56
E476,catB3,2
E476,OpmH,3
E476,adeS,5
E476,LlmA_23S_ribosomal_RNA_methyltransferase,2
E476,ugd,1
E476,OXA-320,2
E476,OXA-16,1
E476,OXA-17,1
E476,ceoB,9
E476,optrA,37
E476,OXA-31,2
E476,bacA,200
E476,dfrA20,7
E476,LpeB,11
E476,CTX-M-31,1
E476,CTX-M-101,6
E476,OKP-B-12,2
E476,cystathionine_beta-lyase_patB,17
E476,dfrA21,4
E476,OXA-33,2
E476,dfrA22,4
E476,MuxA,1
E476,dfrB1,6
E476,MuxB,4
E476,chloramphenicol_exporter,8
E476,dfrB2,4
E476,catB10,1
E476,MuxC,6
E476,CTX-M-105,2
E476,CTX-M-35,1
E476,dfrA25,2
E476,dfrB3,2
E476,class_A,48
E484,aph(3'')-I,4
E484,OXA,174
E484,CMY-132,9
E484,chloramphenicol_and_florfenicol_resistance,10
E484,CMY-133,15
E484,OXA-10,7
E484,OXA-11,5
E484,bacA,525
E484,OXA-14,6
E484,chloramphenicol_exporter,89
E484,OXA-16,6
E484,OXA-17,6
E484,AER-1,1
E484,basS,41
E484,mycinamicin-resistance_protein_myrB,1
E484,kdpE,40
E484,lsaA,1
E484,lsaC,11
E484,lsaE,25
E484,ADP-ribosylating_transferase_arr,10
E484,OXA-454,7
E484,OXA-140,2
E484,OXA-142,5
E484,OpmB,6
E484,OpmD,2
E484,tlrB_conferring_tylosin_resistance,3
E484,OpmH,4
E484,mefA,103
E484,mefC,1
E484,mefE,1
E484,puromycin_resistance_protein,2
E484,abeM,6
E484,clbA,8
E484,clbB,9
E484,clbC,10
E484,abeS,15
E484,macA,391
E484,macB,5479
E484,rphA,10
E484,rphB,18
E484,transcriptional_regulatory_protein_CpxR_cpxR,483
E484,qacG,48
E484,blt,2
E484,qacH,14
E484,MIR,1
E484,vgaA,169
E484,vgaB,46
E484,vgaC,1
E484,vgaD,33
E484,vgaE,35
E484,CMY-40,3
E484,CMY-42,3
E484,lnuB,3
E484,lnuC,1
E484,CMY-46,10
E484,lnuD,1
E484,EmrB-QacA_family_major_facilitator_transporter,53
E484,lnuF,1
E484,lnuG,1
E484,rpsD_(ramA_or_sud2),1
E484,AAC(3)-Ib/AAC(6')-Ib'',2
E484,OXA-224,4
E484,bpeF,21
E484,penA,662
E484,arlS,18
E484,efpA,5
E484,ADC-12,4
E484,ADC-13,4
E484,VatI,4
E484,ADC-14,3
E484,ADC-15,1
E484,vanHB,16
E484,ErmB,2
E484,ADC-16,4
E484,ErmC,3
E484,ADC-17,4
E484,vanTG,16
E484,ADC-18,1
E484,vanXI,2
E484,tet(42),1
E484,ADC-19,4
E484,vanTrL,8
E484,cdeA,2
E484,BIL-1,3
E484,catB,74
E484,ErmT,2
E484,dfrA15b,6
E484,PBP-1A,371
E484,PBP-1B,104
E484,tet31,1
E484,tet32,51
E484,tet34,18
E484,tet36,18
E484,tet37,1
E484,tet39,4
E484,msrA,248
E484,SHV-97,5
E484,msrC,225
E484,msbA,42
E484,msrE,25
E484,ampC,10
E484,Escherichia_coli_mdfA,1
E484,CTX-M-110,2
E484,CTX-M-38,2
E484,evgS,72
E484,CTX-M-113,2
E484,RTG-4,2
E484,RTG-5,1
E484,adeA,9
E484,adeB,197
E484,adeC,54
E484,aadA,42
E484,adeF,1
E484,adeG,1
E484,adeH,6
E484,adeI,7
E484,adeJ,24
E484,adeK,17
E484,adeL,33
E484,aac(3)-I,23
E484,TriA,3
E484,adeN,3
E484,TriC,19
E484,adeR,41
E484,adeS,23
E484,TolC,434
E484,vanXYL,2
E484,CMY-102,3
E484,tetA(46),23
E484,catB10,3
E484,CMY-108,12
E484,ceoB,16
E484,RlmA(II),4
E484,rosA,50
E484,rosB,317
E484,aph(3')-IIb,4
E484,Staphylococcys,5
E484,opmD,4
E484,Staphylococcus,4
E484,ADC-2,4
E484,opmE,3
E484,ADC-3,4
E484,ADC-5,4
E484,ADC-7,4
E484,ompF,79
E484,sdiA,51
E484,ompR,958
E484,salA,29
E484,APH(6)-Id,1
E484,CMX,26
E484,Acinetobacter_baumannii_ampC_beta-lactamase,4
E484,KLUY-2,1
E484,OprA,15
E484,Brucella_suis_mprF,1
E484,bcr-1,9
E484,mef(B),2
E484,sdeY,2
E484,Vibrio_cholerae_OmpU,1
E484,DNA-binding_transcriptional_regulator_gadX,32
E484,gadW,2
E484,gadX,4
E484,patA,53
E484,catB3,5
E484,patB,10
E484,mecA,142
E484,mecB,4
E484,mecC,6
E484,mecD,4
E484,aac(3)-Ib-aac(6')-Ib,1
E484,OprZ,8
E484,poxtA,56
E484,SHV-103,5
E484,SHV-104,5
E484,ANT(3'')-Ii-AAC(6')-IId,8
E484,bmr,2
E484,TaeA,65
E484,MexJ,7
E484,MexK,26
E484,MexL,4
E484,CTX-M-5,1
E484,vatA,1
E484,MexS,7
E484,vatB,20
E484,vatC,4
E484,vatD,1
E484,MexV,2
E484,vatE,12
E484,vatF,2
E484,vatG,4
E484,MexZ,1
E484,CMY-12,6
E484,CMY-53,6
E484,CMY-13,9
E484,ermB,10
E484,CMY-55,6
E484,ereA,10
E484,ermC,10
E484,CMY-15,3
E484,CMY-56,6
E484,ereB,2
E484,ermE,2
E484,CMY-99,1
E484,ermG,1
E484,truncated_putative_response_regulator_ArlR,355
E484,OXA-233,5
E484,bacterial_regulatory_protein_LuxR,34
E484,ermT,3
E484,CMY-2,4
E484,CMY-5,9
E484,CMY-7,3
E484,vanYA,2
E484,ADC-20,4
E484,ADC-21,4
E484,ADC-22,4
E484,ADC-23,2
E484,ADC-25,4
E484,cmeB,168
E484,Staphylococcus_mupA_conferring_resistance_to_mupirocin,26
E484,floR,45
E484,srmB,50
E484,cystathionine_beta-lyase_patB,97
E484,major_facilitator_superfamily_transporter,56
E484,tet41,4
E484,tet43,1
E484,golS,13
E484,tet44,12
E484,SHV-62,5
E484,MCR-1,31
E484,MCR-2,15
E484,MCR-3,17
E484,SHV-25,5
E484,MCR-4,15
E484,MCR-5,15
E484,tolC,8
E484,OXA-663,7
E484,CTX-M-84,2
E484,OXA-392,4
E484,class_A,12
E484,PBP-2X,75
E484,emeA,2
E484,tlcC,62
E484,class_C,82
E484,CTX-M-48,2
E484,CTX-M-122,2
E484,APH(3')-Ia,1
E484,CTX-M-125,2
E484,linG,1
E484,mdfA,157
E484,tet(59),1
E484,CMY-118,22
E484,CMY-119,5
E484,cmlA1,16
E484,OXA-31,2
E484,oprA,23
E484,OXA-74,5
E484,OXA-33,2
E484,oprC,8
E484,cmlA4,16
E484,cmlA5,16
E484,cmlA6,16
E484,oprJ,116
E484,smeB,22
E484,LEN,12
E484,smeC,19
E484,oprM,352
E484,smeE,12
E484,oprN,215
E484,smeF,130
E484,two-component_system_response_regulator_EvgA,6
E484,baeR,58
E484,dfrA12,131
E484,baeS,45
E484,dfrA13,9
E484,dfrA14,17
E484,dfrA15,9
E484,dfrA16,3
E484,CRP,6
E484,dfrA17,8
E484,smeR,55
E484,smeS,50
E484,ant(3'')-Ih-aac(6')-IId,3
E484,QepA1,4
E484,QepA2,4
E484,mexA,138
E484,mexB,171
E484,mexC,51
E484,mepA,120
E484,mexD,241
E484,mexE,228
E484,mexF,350
E484,aadA9,2
E484,mexI,28
E484,AxyY,4
E484,abcA,1
E484,mexM,1
E484,mexN,13
E484,tetB(60),22
E484,mexP,2
E484,mexQ,5
E484,dfrA1,49
E484,dfrA3,14
E484,mexT,111
E484,dfrA5,8
E484,mexW,175
E484,dfrA7,3
E484,mexX,114
E484,dfrA8,7
E484,mexY,4
E484,AcrE,3
E484,AcrF,9
E484,PmrF,14
E484,SHV-159,5
E484,cfrC,10
E484,oqxA,1
E484,oqxB,7
E484,AcrS,4
E484,ICR-Mc,15
E484,OKP-B,11
E484,MOX,6
E484,Moraxella_catarrhalis_M35,1
E484,ramA,3
E484,dfrC,9
E484,dfrD,6
E484,dfrE,7
E484,dfrF,5
E484,dfrG,8
E484,CMY-61,1
E484,CMY-20,9
E484,CMY-21,15
E484,CMY-63,15
E484,arnA,500
E484,Escherichia_coli_mipA,1
E484,CMY-64,9
E484,CMY-23,3
E484,dfrK,11
E484,CMY-25,3
E484,ACT,20
E484,CMY-28,11
E484,CMY-29,15
E484,OXA-240,6
E484,OXA-246,6
E484,tetA,135
E484,tetB,48
E484,tetC,4
E484,efrA,21
E484,tetD,9
E484,tetE,6
E484,efrB,22
E484,tetG,3
E484,tetH,5
E484,fusB,3
E484,fusC,1
E484,lsa,557
E484,tetJ,2
E484,fusD,1
E484,tetL,4
E484,tetM,242
E484,tetO,140
E484,tetP,89
E484,tetQ,79
E484,MuxA,2
E484,tetR,216
E484,MuxB,9
E484,tetS,30
E484,MuxC,18
E484,tetT,54
E484,tetW,454
E484,ADC-75,4
E484,cmrA,10
E484,ADC-76,2
E484,ADC-77,4
E484,bicyclomycin-multidrug_efflux_protein_bcr,395
E484,ADC-78,2
E484,ADC-79,4
E484,ADC-39,3
E484,qepA,16
E484,vanRI,64
E484,Serratia_marcescens_Omp1,5
E484,Klebsiella_pneumoniae_OmpK35,1
E484,Klebsiella_pneumoniae_OmpK36,5
E484,Klebsiella_pneumoniae_OmpK37,5
E484,CFE-1,1
E484,porin_OmpC,5
E484,carA,72
E484,DNA-binding_protein_H-NS,15
E484,carO,3
E484,myrA,4
E484,hmrM,1
E484,lrfA,4
E484,SHV-76,5
E484,Bacillus_Cluster_B_intrinsic_mph,1
E484,APH(3')-IIa,1
E484,cAMP-regulatory_protein,106
E484,OXA-320,4
E484,emrA,255
E484,amrB,36
E484,emrB,371
E484,CTX-M-14,2
E484,emrD,154
E484,CTX-M-130,2
E484,emrE,159
E484,CTX-M-17,2
E484,OXA-368,5
E484,emrK,93
E484,tcmA,10
E484,mdsA,4
E484,mdsB,10
E484,mdsC,24
E484,emrR,1
E484,emrY,2
E484,HERA-1,1
E484,mel,41
E484,ANT(3'')-IIa,1
E484,ANT(3'')-IIb,1
E484,hp1181,8
E484,ANT(3'')-IIc,1
E484,Pseudomonas_aeruginosa_emrE,14
E484,chrB,4
E484,tetA(48),77
E484,LRA,3
E484,farA,2
E484,farB,1
E484,OCH,4
E484,OXA-47,2
E484,MdtK,2
E484,dfrA20,6
E484,opcM,59
E484,dfrA21,15
E484,dfrA22,16
E484,MCR-1.2,31
E484,MCR-1.3,16
E484,MCR-1.4,16
E484,dfrA24,2
E484,YojI,21
E484,dfrA25,6
E484,MCR-1.5,16
E484,MCR-1.6,16
E484,MCR-1.7,16
E484,MCR-1.8,16
E484,dfrA29,6
E484,MCR-1.9,16
E484,mtrA,92
E484,mtrC,1
E484,mtrD,7
E484,mtrE,144
E484,lmrA,2
E484,lmrB,20
E484,Erm(44),1
E484,lmrC,32
E484,lmrD,35
E484,NmcR,13
E484,LCR-1,1
E484,mtrR,51
E484,lmrP,1
E484,CTX-M,15
E484,blaI,3
E484,bcrA,3300
E484,bcrC,4
E484,tet(K),2
E484,multidrug_ABC_transporter,3288
E484,dfrA2d,1
E484,SHV-121,5
E484,PvrR,48
E484,cipA,2
E484,omp36,22
E484,marA,2
E484,otrA,14
E484,PSE-1,4
E484,otrC,11
E484,arr-4,2
E484,arr-5,2
E484,arr-7,2
E484,arr-8,2
E484,Bacillus_Cluster_A_intrinsic_mph,1
E484,marR,298
E484,CARB,13
E484,aph(6)-I,27
E484,aph(3')-I,21
E484,vanA,84
E484,vanB,88
E484,vanC,60
E484,vanD,235
E484,vanE,14
E484,vanG,41
E484,vanH,320
E484,vanI,11
E484,CMY-33,3
E484,CMY-34,6
E484,CMY-35,7
E484,aph(3')-V,3
E484,vanL,5
E484,CMY-77,9
E484,vanM,3
E484,vanN,8
E484,CMY-38,3
E484,optrA,58
E484,OXA-251,6
E484,vanR,1863
E484,vanS,590
E484,vanT,47
E484,vanU,1
E484,OXA-256,6
E484,ugd,10
E484,vanX,32
E484,vanY,45
E484,OXA-1,4
E484,OXA-4,4
E484,acrA,231
E484,acrB,851
E484,tet(W/N/W),13
E484,acrD,8
E484,acrF,6
E484,norA,39
E484,norB,18
E484,cpxA,30
E484,ADC-80,4
E484,tetB(46),27
E484,sul1,37
E484,ADC-41,4
E484,sul2,227
E484,ADC-42,2
E484,sul3,22
E484,ADC-43,4
E484,sul4,13
E484,ykkC,57
E484,ADC-44,4
E484,ykkD,32
E484,LAT-1,3
E484,MCR-1.10,16
E484,MCR-1.11,16
E484,vanWI,1
E484,MCR-1.12,16
E484,MCR-1.13,16
E484,kasugamycin_resistance_protein_ksgA,403
E484,rpoB2,36
E484,tetA(60),23
E484,cob(I)alamin_adenolsyltransferase,150
E484,cat_chloramphenicol_acetyltransferase,17
E484,rifampin_monooxygenase,46
E484,oleB,48
E484,oleC,71
E484,antibiotic_resistance_rRNA_adenine_methyltransferase,7
E484,SHV-41,5
E484,SHV-89,5
E484,eptA,17
E484,mphA,12
E484,mphC,6
E484,mphD,2
E484,CTX-M-24,2
E484,mphE,1
E484,CTX-M-67,2
E484,mphG,2
E484,Burkholderia_pseudomallei_Omp38,9
E484,mphI,2
E484,LpeB,5
E484,mdtA,296
E484,mdtB,541
E484,mdtC,553
E484,mdtD,170
E484,mdtE,61
E484,mdtF,56
E484,Escherichia_coli_LamB,2
E484,mdtG,100
E484,mdtH,75
E484,Salmonella,13
E484,mdtK,323
E484,mdtL,100
E484,mdtM,18
E484,mdtN,131
E484,mdtO,25
E484,mdtP,76
E487,class_C,49
E487,dfrB6,4
E487,dfrA29,2
E487,qacA,2
E487,qacB,5
E487,tlcC,8
E487,emrA,25
E487,CMX,17
E487,emrB,62
E487,qacG,12
E487,mdtC,72
E487,qacH,3
E487,mdtD,69
E487,mdtE,29
E487,patA,5
E487,cpxA,4
E487,emrE,43
E487,mdtF,7
E487,EmrB-QacA_family_major_facilitator_transporter,12
E487,mdtH,25
E487,poxtA,7
E487,baeR,8
E487,otr(B),2
E487,tet41,1
E487,baeS,4
E487,mdtK,20
E487,NmcR,1
E487,Staphylococcys,1
E487,KPC-22,3
E487,mel,4
E487,tet44,3
E487,Pseudomonas_aeruginosa_emrE,3
E487,KPC-24,3
E487,bcrA,394
E487,chrB,1
E487,kasugamycin_resistance_protein_ksgA,51
E487,PBP-1A,27
E487,CMY-16,1
E487,cat_chloramphenicol_acetyltransferase,9
E487,PBP-1B,12
E487,tet(L),2
E487,cAMP-regulatory_protein,18
E487,vanB,1
E487,vanC,7
E487,bpeF,1
E487,vanD,27
E487,KPC-1,3
E487,lmrA,5
E487,lsa,22
E487,lmrC,1
E487,lmrD,1
E487,vanH,18
E487,emrY,2
E487,vanI,1
E487,KPC-6,3
E487,cmrA,1
E487,KPC-8,3
E487,golS,4
E487,KPC-9,3
E487,floR,2
E487,tcmA,33
E487,mecA,12
E487,kdpE,4
E487,msrA,39
E487,Clostridium_perfringens_mprF,1
E487,vanR,193
E487,otrA,2
E487,Brucella_suis_mprF,1
E487,msrC,15
E487,vanS,99
E487,norB,14
E487,msrE,2
E487,dfrA2d,4
E487,aph(3')-I,1
E487,vatC,1
E487,evgS,16
E487,acrA,6
E487,ykkC,12
E487,tet(42),1
E487,CMY-95,3
E487,smeB,5
E487,mexB,15
E487,acrB,35
E487,ykkD,9
E487,abeM,1
E487,mexC,12
E487,smeC,2
E487,smeD,2
E487,mexD,55
E487,smeE,4
E487,mexE,37
E487,dfrA12,44
E487,smeF,3
E487,mexF,88
E487,dfrA1,13
E487,dfrA13,3
E487,dfrA14,6
E487,salA,5
E487,tetA,22
E487,VatI,1
E487,dfrA15,3
E487,mexH,17
E487,dfrA3,6
E487,mexI,2
E487,rosB,54
E487,abeS,3
E487,dfrA17,1
E487,dfrA5,2
E487,efpA,4
E487,truncated_putative_response_regulator_ArlR,44
E487,tlrB_conferring_tylosin_resistance,1
E487,TolC,25
E487,major_facilitator_superfamily_transporter,16
E487,OprA,1
E487,dfrA8,4
E487,mexN,2
E487,MexK,3
E487,mexP,1
E487,efrA,2
E487,basS,3
E487,oprJ,11
E487,ermA,1
E487,efrB,1
E487,tetL,12
E487,smeR,9
E487,CMY-6,3
E487,Staphylococcus_mupA_conferring_resistance_to_mupirocin,3
E487,mdsA,1
E487,tetM,16
E487,mtrA,21
E487,smeS,9
E487,RlmA(II),1
E487,mdsB,2
E487,oprM,11
E487,TriC,2
E487,tetO,29
E487,oprN,46
E487,vanRI,8
E487,ampC,3
E487,tetP,9
E487,macA,26
E487,MexS,1
E487,tetQ,19
E487,mexW,22
E487,macB,619
E487,mexX,2
E487,tetS,6
E487,mexY,1
E487,MexV,1
E487,tetT,6
E487,lsaC,1
E487,arnA,77
E487,clbA,1
E487,lsaE,1
E487,amrB,14
E487,tap,1
E487,clbB,1
E487,tet32,7
E487,tetA(48),11
E487,tetW,69
E487,clbC,1
E487,multidrug_ABC_transporter,274
E487,carA,8
E487,myrA,1
E487,tetZ,1
E487,dfrC,3
E487,CRP,1
E487,tet36,2
E487,SRT-1,2
E487,dfrD,2
E487,KPC-16,3
E487,vgaA,5
E487,SRT-2,4
E487,dfrE,4
E487,KPC-17,3
E487,bacterial_regulatory_protein_LuxR,1
E487,dfrF,2
E487,vgaB,5
E487,dfrG,3
E487,KPC-19,1
E487,arlS,1
E487,OprZ,1
E487,vgaD,3
E487,TaeA,8
E487,catB,36
E487,vgaE,4
E487,CMY-23,3
E487,transcriptional_regulatory_protein_CpxR_cpxR,81
E487,dfrK,3
E487,chloramphenicol_and_florfenicol_resistance,1
E487,antibiotic_resistance_rRNA_adenine_methyltransferase,1
E487,oleB,8
E487,mgtA,1
E487,oleC,13
E487,srmB,7
E487,oleD,1
E487,QepA1,2
E487,sul2,54
E487,CMY-29,3
E487,CMY-42,3
E487,cfrC,1
E487,QepA2,2
E487,sul3,4
E487,dfrA15b,1
E487,sul4,1
E487,CMY-45,3
E487,qepA,8
E487,adeB,35
E487,oleI,1
E487,adeF,1
E487,CMY-111,3
E487,penA,39
E487,AxyY,2
E487,adeI,1
E487,adeJ,3
E487,chloramphenicol_and_florfenicol_exporter,2
E487,YojI,1
E487,PvrR,1
E487,tet(W/N/W),2
E487,tcr3,1
E487,adeL,1
E487,Listeria_monocytogenes_mprF,1
E487,OpmB,1
E487,rpoB2,6
E487,CMY-118,3
E487,ompR,106
E487,msbA,2
E487,adeR,5
E487,catB3,2
E487,adeS,4
E487,LlmA_23S_ribosomal_RNA_methyltransferase,1
E487,puromycin_resistance_protein,4
E487,ceoB,3
E487,optrA,8
E487,bacA,50
E487,dfrA20,3
E487,dfrA21,3
E487,dfrA22,3
E487,chloramphenicol_exporter,12
E487,dfrB1,12
E487,catB10,2
E487,dfrB2,10
E487,dfrA25,2
E487,class_A,25
E487,dfrB3,5
E496,aph(3'')-I,4
E496,OXA,144
E496,chloramphenicol_and_florfenicol_resistance,10
E496,OXA-10,4
E496,OXA-11,3
E496,bacA,335
E496,OXA-14,3
E496,chloramphenicol_exporter,47
E496,OXA-16,3
E496,OXA-17,3
E496,basS,26
E496,Type_A_NfxB,1
E496,mycinamicin-resistance_protein_myrB,1
E496,kdpE,26
E496,lsaC,10
E496,lsaE,16
E496,ADP-ribosylating_transferase_arr,5
E496,OXA-454,4
E496,OXA-140,2
E496,OXA-142,2
E496,OpmB,3
E496,OpmD,1
E496,tlrB_conferring_tylosin_resistance,2
E496,OpmH,2
E496,mefA,78
E496,puromycin_resistance_protein,2
E496,abeM,4
E496,clbA,7
E496,clbB,9
E496,clbC,10
E496,abeS,9
E496,AAC(6')-30/AAC(6')-Ib',2
E496,macA,264
E496,qacA,6
E496,macB,4077
E496,qacB,21
E496,rphA,6
E496,rphB,14
E496,transcriptional_regulatory_protein_CpxR_cpxR,328
E496,qacG,29
E496,blt,1
E496,qacH,8
E496,vgaA,123
E496,vgaB,32
E496,vgaD,28
E496,vgaE,26
E496,lnuB,6
E496,EmrB-QacA_family_major_facilitator_transporter,52
E496,lnuF,1
E496,lnuG,2
E496,AAC(3)-Ib/AAC(6')-Ib'',2
E496,OXA-224,2
E496,bpeF,36
E496,penA,418
E496,arlS,15
E496,efpA,3
E496,fosB,4
E496,otr(B),1
E496,VatI,2
E496,vanHB,9
E496,ErmB,2
E496,ErmC,1
E496,vanTG,8
E496,tet(42),1
E496,vanTrL,5
E496,fosX,21
E496,cdeA,2
E496,catB,28
E496,ErmT,1
E496,dfrA15b,3
E496,PBP-1A,298
E496,PBP-1B,74
E496,tet32,38
E496,tet34,9
E496,tet36,19
E496,tet37,1
E496,tet39,1
E496,msrA,220
E496,SHV-97,5
E496,msrC,178
E496,msbA,35
E496,msrE,13
E496,ampC,2
E496,CTX-M-110,2
E496,CTX-M-38,2
E496,evgS,51
E496,CTX-M-113,2
E496,RTG-4,2
E496,RTG-5,1
E496,adeB,112
E496,adeC,25
E496,adeF,5
E496,adeH,2
E496,adeI,2
E496,adeJ,12
E496,adeK,8
E496,adeL,15
E496,aac(3)-I,23
E496,TriA,4
E496,adeN,1
E496,TriC,10
E496,adeR,21
E496,adeS,13
E496,TolC,242
E496,vanXYL,2
E496,tetA(46),14
E496,catB10,1
E496,ceoB,23
E496,RlmA(II),3
E496,rosA,10
E496,rosB,224
E496,aph(3')-IIb,4
E496,Staphylococcys,4
E496,opmD,2
E496,opmE,2
E496,sdiA,1
E496,ompR,624
E496,salA,26
E496,APH(6)-Id,1
E496,KLUY-2,1
E496,OprA,13
E496,Brucella_suis_mprF,1
E496,bcr-1,8
E496,mef(B),2
E496,patA,29
E496,catB3,2
E496,patB,3
E496,mecA,73
E496,mecB,5
E496,mecC,2
E496,mecD,3
E496,mecI,5
E496,aac(3)-Ib-aac(6')-Ib,2
E496,OprZ,7
E496,poxtA,44
E496,AAC(6')-Ib-cr,4
E496,SHV-103,5
E496,chloramphenicol_and_florfenicol_exporter,1
E496,SHV-104,5
E496,ANT(3'')-Ii-AAC(6')-IId,4
E496,bmr,1
E496,TaeA,48
E496,MexJ,3
E496,MexK,12
E496,MexL,2
E496,CTX-M-5,1
E496,MexS,4
E496,vatA,1
E496,vatB,14
E496,vatC,2
E496,MexV,1
E496,vatD,1
E496,vatE,8
E496,vatF,2
E496,vatG,2
E496,MexZ,2
E496,ermA,1
E496,ermB,10
E496,ermC,10
E496,ereA,10
E496,ereB,2
E496,ermE,2
E496,ermG,1
E496,truncated_putative_response_regulator_ArlR,232
E496,OXA-233,3
E496,SRT-1,1
E496,SRT-2,2
E496,bacterial_regulatory_protein_LuxR,18
E496,efmA,1
E496,ermT,3
E496,tetB(48),2
E496,vanYA,2
E496,cmeB,81
E496,Staphylococcus_mupA_conferring_resistance_to_mupirocin,18
E496,floR,56
E496,srmB,42
E496,cystathionine_beta-lyase_patB,12
E496,major_facilitator_superfamily_transporter,38
E496,tet41,1
E496,tet43,5
E496,golS,3
E496,tet44,11
E496,MCR-1,14
E496,MCR-2,7
E496,MCR-3,7
E496,MCR-4,7
E496,MCR-5,7
E496,tolC,3
E496,OXA-663,4
E496,OXA-392,2
E496,CTX-M-84,2
E496,class_A,8
E496,PBP-2X,70
E496,tlcC,36
E496,class_C,9
E496,CTX-M-48,2
E496,CTX-M-122,2
E496,APH(3')-Ia,1
E496,CTX-M-125,2
E496,linG,1
E496,mdfA,53
E496,aac(6')-I,17
E496,aac(6')-30-aac(6')-Ib',1
E496,OXA-31,2
E496,cmlA1,6
E496,oprA,8
E496,OXA-33,2
E496,OXA-74,3
E496,oprC,8
E496,cmlA4,6
E496,cmlA5,6
E496,cmlA6,6
E496,oprJ,80
E496,smeB,9
E496,LEN,1
E496,smeC,16
E496,smeD,2
E496,oprM,199
E496,smeE,14
E496,oprN,80
E496,smeF,75
E496,two-component_system_response_regulator_EvgA,4
E496,baeR,46
E496,dfrA12,56
E496,baeS,38
E496,dfrA13,2
E496,dfrA14,10
E496,dfrA15,3
E496,dfrA16,3
E496,dfrA17,2
E496,CRP,6
E496,smeR,35
E496,smeS,34
E496,TEM-190,2
E496,ant(3'')-Ih-aac(6')-IId,3
E496,QepA1,8
E496,CfxA2,11
E496,QepA2,8
E496,CfxA3,1
E496,mexA,104
E496,mexB,59
E496,CfxA6,1
E496,mepA,93
E496,mexD,126
E496,mexE,109
E496,mexF,227
E496,mexH,6
E496,mexI,20
E496,AxyY,4
E496,abcA,1
E496,mexM,1
E496,mexN,12
E496,tetB(60),16
E496,mexQ,2
E496,dfrA1,22
E496,dfrA3,7
E496,mexT,56
E496,dfrA5,5
E496,AAC(6')-Ib10,3
E496,mexW,112
E496,mexX,33
E496,dfrA8,5
E496,mexY,6
E496,PmrF,5
E496,cfrC,10
E496,oqxA,3
E496,oqxB,9
E496,TEM-78,3
E496,AcrS,2
E496,tunicamycin_resistance_protein,1
E496,ICR-Mc,7
E496,OKP-B,17
E496,dfrC,7
E496,dfrD,3
E496,dfrE,7
E496,dfrF,3
E496,dfrG,3
E496,arnA,255
E496,dfrK,6
E496,ACT,2
E496,OXA-240,4
E496,OXA-246,4
E496,tetA,72
E496,tetB,7
E496,tetC,4
E496,efrA,16
E496,efrB,13
E496,lsa,255
E496,tetM,142
E496,tetO,80
E496,tetP,99
E496,tetQ,76
E496,tetR,78
E496,MuxB,7
E496,tetS,27
E496,MuxC,8
E496,tetT,51
E496,tetW,386
E496,tetX,2
E496,cmrA,5
E496,bicyclomycin-multidrug_efflux_protein_bcr,252
E496,qepA,32
E496,vanRI,44
E496,carA,52
E496,DNA-binding_protein_H-NS,10
E496,carO,1
E496,myrA,3
E496,AAC(6')-Ib',2
E496,hmrM,1
E496,lrfA,7
E496,SHV-76,5
E496,Bacillus_Cluster_B_intrinsic_mph,1
E496,APH(3')-IIa,1
E496,cAMP-regulatory_protein,106
E496,mecR1,1
E496,NPS-1,1
E496,OXA-320,2
E496,AAC(6')-Ib7,5
E496,emrA,130
E496,amrB,44
E496,AAC(6')-Ib8,5
E496,emrB,216
E496,AAC(6')-Ib9,3
E496,CTX-M-14,2
E496,emrD,3
E496,CTX-M-130,2
E496,emrE,118
E496,CTX-M-17,2
E496,OXA-368,3
E496,emrK,16
E496,tcmA,25
E496,mdsB,4
E496,mdsC,13
E496,mel,21
E496,hp1181,6
E496,Pseudomonas_aeruginosa_emrE,7
E496,chrB,3
E496,tetA(48),63
E496,LRA,2
E496,farA,4
E496,farB,6
E496,OXA-47,2
E496,MdtK,1
E496,dfrA20,4
E496,opcM,47
E496,dfrA21,6
E496,dfrA22,7
E496,MCR-1.2,14
E496,MCR-1.3,7
E496,MCR-1.4,7
E496,YojI,7
E496,dfrA25,3
E496,MCR-1.5,7
E496,MCR-1.6,7
E496,MCR-1.7,7
E496,MCR-1.8,7
E496,dfrA29,3
E496,MCR-1.9,7
E496,mtrA,52
E496,blaR1,4
E496,mtrC,2
E496,mtrD,7
E496,mtrE,151
E496,lmrA,4
E496,lmrB,1
E496,tmrB,1
E496,Erm(44),1
E496,lmrC,32
E496,lmrD,27
E496,NmcR,7
E496,mtrR,34
E496,LCR-1,1
E496,CTX-M,15
E496,blaI,2
E496,bcrA,2213
E496,bcrC,2
E496,multidrug_ABC_transporter,2350
E496,PvrR,35
E496,cipA,1
E496,otrA,15
E496,otrC,10
E496,arr-4,1
E496,arr-5,1
E496,arr-7,1
E496,arr-8,1
E496,Bacillus_Cluster_A_intrinsic_mph,1
E496,marR,174
E496,CARB,3
E496,aph(6)-I,25
E496,aph(3')-I,13
E496,vanA,70
E496,vanB,61
E496,vanC,46
E496,vanD,162
E496,vanE,8
E496,vanG,32
E496,vanH,177
E496,vanI,8
E496,aph(3')-V,3
E496,vanL,2
E496,vanM,1
E496,vanN,6
E496,optrA,39
E496,OXA-251,4
E496,vanR,1281
E496,vanS,371
E496,vanT,24
E496,OXA-256,4
E496,vanX,3
E496,ugd,5
E496,vanY,39
E496,OXA-1,2
E496,OXA-4,2
E496,acrA,145
E496,acrB,377
E496,tet(W/N/W),11
E496,acrD,3
E496,acrF,3
E496,cpxA,20
E496,tetB(46),15
E496,sul1,30
E496,sul2,116
E496,sul3,14
E496,sul4,10
E496,ykkC,16
E496,ykkD,11
E496,MCR-1.10,7
E496,MCR-1.11,7
E496,MCR-1.12,7
E496,MCR-1.13,7
E496,kasugamycin_resistance_protein_ksgA,302
E496,rpoB2,30
E496,tetA(60),16
E496,cob(I)alamin_adenolsyltransferase,50
E496,cat_chloramphenicol_acetyltransferase,9
E496,rifampin_monooxygenase,29
E496,oleB,37
E496,oleC,61
E496,antibiotic_resistance_rRNA_adenine_methyltransferase,6
E496,eptA,7
E496,tcr3,1
E496,mphA,12
E496,mphC,6
E496,mphD,2
E496,CTX-M-24,2
E496,mphE,1
E496,CTX-M-67,2
E496,mphG,2
E496,Burkholderia_pseudomallei_Omp38,7
E496,mphI,2
E496,LpeB,3
E496,mdtA,154
E496,mdtB,348
E496,mdtC,170
E496,mdtD,51
E496,mdtE,17
E496,mdtF,43
E496,Salmonella,6
E496,mdtK,175
E496,mdtL,4
E496,mdtM,25
E496,mdtN,50
E496,mdtP,56
E498,OXA,24
E498,chloramphenicol_and_florfenicol_resistance,3
E498,bacA,152
E498,chloramphenicol_exporter,38
E498,basS,15
E498,Type_A_NfxB,1
E498,kdpE,18
E498,lsaC,3
E498,lsaE,5
E498,ADP-ribosylating_transferase_arr,5
E498,OXA-140,2
E498,OpmB,2
E498,OpmH,1
E498,puromycin_resistance_protein,8
E498,abeM,2
E498,clbA,4
E498,clbB,2
E498,clbC,2
E498,abeS,3
E498,macA,50
E498,qacA,2
E498,macB,2066
E498,qacB,10
E498,rphA,3
E498,rphB,6
E498,transcriptional_regulatory_protein_CpxR_cpxR,209
E498,qacG,16
E498,qacH,3
E498,vgaA,77
E498,vgaB,15
E498,vgaD,18
E498,vgaE,23
E498,EmrB-QacA_family_major_facilitator_transporter,75
E498,rpsD_(ramA_or_sud2),1
E498,OXA-224,2
E498,bpeF,14
E498,penA,250
E498,arlS,2
E498,efpA,5
E498,KPC-16,3
E498,KPC-17,3
E498,KPC-19,3
E498,THIN-B,1
E498,fosA,22
E498,otr(B),5
E498,VatI,1
E498,vanHB,1
E498,cmlA,11
E498,vanTG,4
E498,ErmC,1
E498,tet(42),2
E498,catB,25
E498,ErmT,1
E498,dfrA15b,1
E498,PBP-1A,116
E498,PBP-1B,30
E498,tet32,14
E498,tet34,9
E498,tet35,1
E498,tet36,7
E498,tet39,1
E498,msrA,178
E498,msrC,89
E498,msbA,17
E498,msrE,9
E498,ampC,1
E498,CTX-M-38,2
E498,evgS,39
E498,CTX-M-113,2
E498,adeB,86
E498,adeC,10
E498,adeF,2
E498,adeH,3
E498,adeK,4
E498,adeL,15
E498,fmtC,24
E498,TriA,1
E498,TriB,1
E498,TriC,8
E498,adeR,14
E498,adeS,7
E498,TolC,102
E498,tetA(46),2
E498,ceoB,10
E498,RlmA(II),1
E498,rosA,10
E498,rosB,123
E498,Staphylococcys,7
E498,opmE,1
E498,sdiA,50
E498,ompR,337
E498,salA,18
E498,APH(6)-Id,1
E498,KLUY-2,1
E498,KLUY-4,1
E498,OprA,5
E498,bcr-1,5
E498,sdeY,1
E498,patA,8
E498,catB3,2
E498,mecA,16
E498,mecB,2
E498,mecC,1
E498,mecD,1
E498,MSI-1,1
E498,OprZ,4
E498,poxtA,24
E498,SHV-141,5
E498,chloramphenicol_and_florfenicol_exporter,2
E498,metallo-beta-lactamase,5
E498,TaeA,28
E498,MexJ,3
E498,MexK,11
E498,MexS,6
E498,vatB,5
E498,vatC,1
E498,vatE,4
E498,vatF,1
E498,vatG,1
E498,MexZ,1
E498,ermH,1
E498,truncated_putative_response_regulator_ArlR,177
E498,bacterial_regulatory_protein_LuxR,12
E498,KPC-22,3
E498,tetB(48),1
E498,cmeB,51
E498,Staphylococcus_mupA_conferring_resistance_to_mupirocin,9
E498,floR,31
E498,BJP-1,1
E498,srmB,20
E498,major_facilitator_superfamily_transporter,46
E498,tet41,2
E498,tet43,2
E498,golS,5
E498,tet44,5
E498,MCR-1,11
E498,MCR-2,5
E498,MCR-3,5
E498,MCR-4,5
E498,MCR-5,5
E498,tolC,1
E498,OXA-392,2
E498,CTX-M-84,2
E498,class_A,38
E498,LlmA_23S_ribosomal_RNA_methyltransferase,1
E498,tlcC,26
E498,CTX-M-48,2
E498,CTX-M-122,2
E498,CTX-M-125,2
E498,OXA-31,2
E498,oprA,4
E498,cmlA1,4
E498,OXA-33,2
E498,oprC,6
E498,cmlA4,4
E498,cmlA5,4
E498,cmlA6,4
E498,oprJ,18
E498,smeB,5
E498,smeC,5
E498,oprM,73
E498,smeE,4
E498,oprN,76
E498,smeF,22
E498,two-component_system_response_regulator_EvgA,2
E498,dfrA10,1
E498,baeR,28
E498,dfrA12,24
E498,baeS,29
E498,dfrA13,3
E498,dfrA14,2
E498,dfrA15,1
E498,dfrA17,1
E498,smeR,17
E498,smeS,25
E498,QepA1,7
E498,QepA2,8
E498,KPC-1,1
E498,mexA,25
E498,mexB,25
E498,KPC-3,3
E498,mexC,12
E498,mexD,149
E498,mexE,130
E498,mexF,222
E498,KPC-6,3
E498,mexH,74
E498,KPC-8,3
E498,KPC-9,3
E498,mexI,33
E498,AxyY,2
E498,mexN,10
E498,tetB(60),6
E498,mexQ,4
E498,dfrA1,40
E498,dfrA3,8
E498,mexT,73
E498,dfrA5,6
E498,mexW,173
E498,VEB-1b,2
E498,dfrA8,5
E498,SHV-150,5
E498,mexY,8
E498,SHV-152,5
E498,AcrF,3
E498,PmrF,2
E498,cfrC,3
E498,oqxB,5
E498,AcrS,1
E498,ICR-Mc,4
E498,DHA,3
E498,OKP-A,2
E498,ramA,1
E498,dfrC,6
E498,dfrD,3
E498,dfrE,3
E498,dfrF,1
E498,dfrG,3
E498,arnA,202
E498,dfrK,5
E498,FosA5,1
E498,FosA6,1
E498,FosA7,1
E498,tetA,45
E498,tetC,1
E498,efrA,3
E498,efrB,4
E498,lsa,79
E498,tetL,4
E498,tetM,109
E498,tetO,47
E498,tetP,53
E498,tetQ,19
E498,tetR,50
E498,MuxB,6
E498,MuxC,10
E498,tetT,25
E498,tetW,185
E498,Bacillus_subtilis_mprF,1
E498,cmrA,4
E498,bicyclomycin-multidrug_efflux_protein_bcr,151
E498,tetZ,1
E498,qepA,32
E498,vanRI,23
E498,KPC,14
E498,carA,25
E498,SHV-30,5
E498,lrfA,9
E498,OXA-320,2
E498,emrA,132
E498,amrB,67
E498,emrB,172
E498,CTX-M-14,2
E498,CTX-M-130,2
E498,emrE,44
E498,CTX-M-17,2
E498,emrK,16
E498,tcmA,34
E498,mdsB,7
E498,mdsC,3
E498,VEB-1,4
E498,VEB-2,2
E498,VEB-3,2
E498,VEB-4,2
E498,VEB-5,2
E498,emrY,2
E498,VEB-6,2
E498,VEB-7,2
E498,VEB-8,2
E498,VEB-9,1
E498,mel,14
E498,hp1181,2
E498,Pseudomonas_aeruginosa_emrE,3
E498,chrB,1
E498,tetA(48),31
E498,LRA,3
E498,farA,3
E498,farB,3
E498,OXA-47,2
E498,dfrA20,10
E498,opcM,60
E498,dfrA21,5
E498,dfrA22,5
E498,MCR-1.2,11
E498,MCR-1.3,6
E498,MCR-1.4,6
E498,dfrA25,7
E498,MCR-1.5,6
E498,MCR-1.6,6
E498,MCR-1.7,6
E498,MCR-1.8,6
E498,mtrA,50
E498,MCR-1.9,6
E498,dfrA29,4
E498,mtrD,3
E498,mtrE,11
E498,lmrA,6
E498,lmrB,15
E498,lmrC,9
E498,lmrD,9
E498,NmcR,9
E498,mtrR,17
E498,CTX-M,20
E498,bcrA,1060
E498,tap,1
E498,tet(K),3
E498,dfrB1,9
E498,dfrB2,6
E498,dfrB3,3
E498,multidrug_ABC_transporter,1104
E498,dfrA2d,3
E498,dfrB6,3
E498,SHV-162,5
E498,PvrR,33
E498,otrA,3
E498,otrC,4
E498,arr-4,1
E498,arr-5,1
E498,arr-7,1
E498,arr-8,1
E498,PER,8
E498,marR,75
E498,aph(6)-I,29
E498,vanA,30
E498,vanB,36
E498,vanC,34
E498,vanD,85
E498,vanE,3
E498,vanG,26
E498,vanH,76
E498,vanI,6
E498,vanL,1
E498,vanM,2
E498,vanN,1
E498,optrA,25
E498,vanR,778
E498,vanS,225
E498,vanT,2
E498,ugd,3
E498,vanX,5
E498,vanY,5
E498,OXA-1,2
E498,OXA-4,2
E498,acrA,42
E498,acrB,144
E498,tet(W/N/W),2
E498,acrD,1
E498,norB,8
E498,cpxA,16
E498,tetB(46),5
E498,sul1,6
E498,sul2,69
E498,sul3,4
E498,sul4,5
E498,ykkC,16
E498,ykkD,7
E498,MCR-1.10,6
E498,MCR-1.11,6
E498,MCR-1.12,6
E498,MCR-1.13,6
E498,vanKI,1
E498,kasugamycin_resistance_protein_ksgA,125
E498,rpoB2,14
E498,tetA(60),6
E498,cob(I)alamin_adenolsyltransferase,50
E498,cat_chloramphenicol_acetyltransferase,4
E498,TLA-1,1
E498,rifampin_monooxygenase,17
E498,TLA-2,1
E498,TLA-3,1
E498,oleB,24
E498,oleC,32
E498,antibiotic_resistance_rRNA_adenine_methyltransferase,3
E498,eptA,5
E498,tcr3,6
E498,CTX-M-21,2
E498,CTX-M-24,2
E498,CTX-M-67,2
E498,Burkholderia_pseudomallei_Omp38,4
E498,CTX-M-104,1
E498,LpeA,2
E498,LpeB,13
E498,Rm3,2
E498,mdtA,183
E498,mdtB,238
E498,mdtC,230
E498,mdtD,10
E498,mdtE,8
E498,mdtF,1
E498,Salmonella,3
E498,mdtK,63
E498,mdtM,25
E498,mdtP,25
E502,aph(3'')-I,4
E502,OXA,247
E502,chloramphenicol_and_florfenicol_resistance,13
E502,CMY-133,6
E502,OXA-10,8
E502,OXA-11,8
E502,bacA,500
E502,OXA-14,8
E502,chloramphenicol_exporter,81
E502,OXA-16,8
E502,OXA-17,5
E502,OXY,13
E502,ANT(2'')-Ia,1
E502,basS,31
E502,mycinamicin-resistance_protein_myrB,2
E502,kdpE,36
E502,lsaA,1
E502,lsaC,15
E502,TEM-171,3
E502,lsaE,20
E502,ADP-ribosylating_transferase_arr,5
E502,OXA-454,8
E502,OXA-140,2
E502,OXA-142,5
E502,OpmB,5
E502,OpmD,2
E502,tlrB_conferring_tylosin_resistance,4
E502,OpmH,1
E502,mefA,109
E502,erm(36),2
E502,mefC,2
E502,tet(L),2
E502,puromycin_resistance_protein,3
E502,abeM,7
E502,clbA,7
E502,clbB,13
E502,clbC,13
E502,abeS,10
E502,SHV-134,5
E502,SHV-135,5
E502,AAC(6')-30/AAC(6')-Ib',2
E502,macA,305
E502,macB,6603
E502,qacB,1
E502,rphA,11
E502,rphB,16
E502,TEM-17,1
E502,transcriptional_regulatory_protein_CpxR_cpxR,375
E502,qacG,32
E502,qacH,11
E502,Vibrio_cholerae_varG,1
E502,vgaA,184
E502,vgaB,45
E502,vgaD,38
E502,vgaE,38
E502,CMY-42,3
E502,lnuB,6
E502,lnuC,1
E502,CMY-46,6
E502,lnuD,1
E502,EmrB-QacA_family_major_facilitator_transporter,87
E502,lnuF,1
E502,lnuG,2
E502,TEM-217,3
E502,AAC(3)-Ib/AAC(6')-Ib'',2
E502,OXA-224,4
E502,bpeF,38
E502,penA,606
E502,arlS,28
E502,efpA,2
E502,ADC-12,3
E502,Listeria_monocytogenes_mprF,2
E502,VatI,2
E502,ADC-13,3
E502,ADC-14,2
E502,ADC-15,2
E502,vanHB,17
E502,cmlA,12
E502,ErmB,6
E502,ADC-16,3
E502,ErmC,2
E502,ADC-17,2
E502,vanTG,19
E502,ADC-18,1
E502,ADC-19,3
E502,vanTrL,11
E502,TEM,25
E502,cdeA,8
E502,BIL-1,3
E502,catB,41
E502,ErmT,3
E502,dfrA15b,6
E502,PBP-1A,346
E502,PBP-1B,98
E502,tet32,40
E502,tet34,18
E502,tet35,4
E502,tet36,27
E502,tet37,2
E502,tet39,2
E502,msrA,271
E502,SHV-97,5
E502,msrC,223
E502,msbA,62
E502,msrE,29
E502,CTX-M-31,1
E502,Erm(30),1
E502,CTX-M-33,3
E502,CTX-M-75,1
E502,CTX-M-76,2
E502,ampC,3
E502,CTX-M-77,1
E502,Escherichia_coli_mdfA,2
E502,CTX-M-38,2
E502,evgS,59
E502,CTX-M-114,3
E502,CTX-M-115,1
E502,RTG-4,2
E502,RTG-5,1
E502,adeB,113
E502,adeC,26
E502,aadA,45
E502,adeF,7
E502,aadB,1
E502,adeG,1
E502,adeH,4
E502,adeI,2
E502,aadE,1
E502,adeJ,3
E502,adeK,8
E502,aac(3)-I,23
E502,adeL,18
E502,fmtC,22
E502,TriA,5
E502,adeN,1
E502,TriC,14
E502,aadK,49
E502,adeR,32
E502,adeS,27
E502,TolC,267
E502,vanXYL,3
E502,tetA(46),32
E502,catB10,1
E502,CMY-108,9
E502,ceoB,28
E502,RlmA(II),3
E502,rosA,50
E502,rosB,322
E502,aph(3')-IIb,9
E502,Staphylococcys,7
E502,opmD,3
E502,Staphylococcus,2
E502,ADC-2,3
E502,ADC-3,3
E502,ADC-5,3
E502,ADC-6,1
E502,ADC-7,3
E502,ompF,127
E502,sdiA,25
E502,ompR,755
E502,salA,30
E502,APH(6)-Id,1
E502,CMX,20
E502,Acinetobacter_baumannii_ampC_beta-lactamase,3
E502,Erm(42),1
E502,TEM-105,3
E502,OprA,13
E502,aadA25,1
E502,Brucella_suis_mprF,3
E502,bcr-1,9
E502,mef(B),4
E502,DNA-binding_transcriptional_regulator_gadX,32
E502,gadW,2
E502,gadX,4
E502,patA,39
E502,catB3,3
E502,patB,13
E502,mecA,152
E502,mecB,7
E502,mecC,5
E502,mecD,4
E502,aac(3)-Ib-aac(6')-Ib,2
E502,OprZ,6
E502,AAC(6')-Ie-APH(2'')-Ia,3
E502,poxtA,61
E502,AAC(6')-Ib-cr,4
E502,SHV-103,4
E502,chloramphenicol_and_florfenicol_exporter,1
E502,SHV-104,5
E502,ANT(3'')-Ii-AAC(6')-IId,12
E502,APH(2'')-If,1
E502,bmr,1
E502,TaeA,68
E502,MexJ,3
E502,CTX-M-2,1
E502,MexK,16
E502,MexL,2
E502,CTX-M-4,1
E502,CTX-M-5,2
E502,CTX-M-6,1
E502,CTX-M-7,1
E502,vatA,2
E502,MexS,5
E502,vatB,17
E502,vatC,2
E502,vatD,1
E502,MexV,1
E502,vatE,8
E502,vatF,3
E502,vatG,2
E502,MexZ,1
E502,CMY-53,3
E502,ermA,13
E502,CMY-13,4
E502,ermB,25
E502,CMY-55,3
E502,ermC,15
E502,ereA,20
E502,CMY-56,3
E502,ereB,4
E502,ermE,2
E502,CMY-99,3
E502,ermF,21
E502,ermG,5
E502,Mrx,1
E502,truncated_putative_response_regulator_ArlR,404
E502,OXA-233,5
E502,bacterial_regulatory_protein_LuxR,21
E502,efmA,2
E502,ermT,9
E502,CMY-2,3
E502,CMY-5,6
E502,CMY-7,3
E502,vanYA,3
E502,ADC-20,3
E502,ADC-21,3
E502,ADC-22,3
E502,ADC-23,2
E502,ADC-25,3
E502,cmeB,78
E502,Staphylococcus_mupA_conferring_resistance_to_mupirocin,37
E502,floR,58
E502,srmB,57
E502,ant(2'')-I,3
E502,cystathionine_beta-lyase_patB,122
E502,major_facilitator_superfamily_transporter,51
E502,tet40,3
E502,tet41,2
E502,golS,10
E502,tet44,16
E502,SHV-60,4
E502,MCR-1,11
E502,SHV-64,5
E502,MCR-2,6
E502,MCR-3,7
E502,MCR-4,7
E502,MCR-5,7
E502,tolC,3
E502,OXA-663,8
E502,APH(3')-IX,1
E502,OXA-392,2
E502,CTX-M-43,2
E502,CTX-M-44,2
E502,class_A,33
E502,LlmA_23S_ribosomal_RNA_methyltransferase,3
E502,PBP-2X,101
E502,tlcC,48
E502,class_C,26
E502,CTX-M-122,2
E502,APH(3')-Ia,2
E502,CTX-M-124,1
E502,linG,1
E502,mdfA,100
E502,aac(6')-I,18
E502,CMY-118,10
E502,aac(6')-30-aac(6')-Ib',1
E502,OXA-31,4
E502,cmlA1,13
E502,oprA,20
E502,OXA-33,4
E502,OXA-74,4
E502,oprC,14
E502,ANT(6)-Ia,2
E502,cmlA4,12
E502,cmlA5,13
E502,cmlA6,13
E502,AAC(6')-34,1
E502,smeB,9
E502,oprJ,89
E502,LEN,1
E502,smeC,12
E502,smeD,10
E502,oprM,187
E502,smeE,12
E502,oprN,72
E502,smeF,61
E502,two-component_system_response_regulator_EvgA,4
E502,baeR,61
E502,dfrA12,166
E502,baeS,69
E502,dfrA13,9
E502,dfrA14,38
E502,dfrA15,11
E502,dfrA16,7
E502,dfrA17,4
E502,CRP,3
E502,smeR,56
E502,smeS,65
E502,TEM-150,3
E502,Erm(47),1
E502,ant(3'')-Ih-aac(6')-IId,3
E502,QepA1,3
E502,QepA2,3
E502,mexA,40
E502,mexB,51
E502,mepA,262
E502,mexD,199
E502,mexE,163
E502,mexF,394
E502,erm(34),2
E502,mexG,1
E502,aadA9,1
E502,mexH,25
E502,mexI,18
E502,AxyY,4
E502,abcA,1
E502,mexM,1
E502,mexN,8
E502,tetB(60),32
E502,mexQ,1
E502,dfrA1,61
E502,dfrA3,20
E502,mexT,78
E502,dfrA5,14
E502,AAC(6')-Ib10,3
E502,mexW,48
E502,VEB-1b,2
E502,mexX,81
E502,dfrA8,11
E502,mexY,9
E502,AcrE,2
E502,AcrF,3
E502,PmrF,9
E502,cfrC,13
E502,TEM-33,3
E502,oqxA,2
E502,TEM-34,3
E502,oqxB,13
E502,AcrS,5
E502,ICR-Mc,6
E502,OKP-B,3
E502,Moraxella_catarrhalis_M35,2
E502,ramA,2
E502,dfrC,19
E502,dfrD,8
E502,dfrE,12
E502,dfrF,9
E502,dfrG,7
E502,CMY-61,1
E502,CMY-20,9
E502,CMY-21,9
E502,CMY-63,6
E502,arnA,478
E502,Escherichia_coli_mipA,1
E502,CMY-23,3
E502,CMY-64,6
E502,dfrK,10
E502,CMY-28,4
E502,RbpA,1
E502,CMY-29,9
E502,OXA-240,8
E502,SME-2,1
E502,SME-3,1
E502,OXA-246,8
E502,tetA,85
E502,tetB,41
E502,tetC,4
E502,efrA,49
E502,tetD,4
E502,efrB,36
E502,tetH,5
E502,lsa,545
E502,tetJ,2
E502,tetL,20
E502,tetM,327
E502,tetO,159
E502,tetP,152
E502,tetQ,128
E502,tetR,159
E502,MuxB,6
E502,tetS,40
E502,MuxC,9
E502,tetT,78
E502,vanVB,1
E502,tetW,586
E502,ADC-75,3
E502,Bacillus_subtilis_mprF,2
E502,cmrA,10
E502,ADC-76,1
E502,aph(3'')-IV,2
E502,ADC-77,3
E502,bicyclomycin-multidrug_efflux_protein_bcr,302
E502,ADC-78,1
E502,ADC-79,3
E502,tet(40),1
E502,ADC-39,3
E502,qepA,12
E502,vanRI,71
E502,Serratia_marcescens_Omp1,6
E502,Klebsiella_pneumoniae_OmpK36,5
E502,Klebsiella_pneumoniae_OmpK37,4
E502,Streptococcus_agalactiae_mprF,2
E502,CFE-1,1
E502,porin_OmpC,3
E502,carA,81
E502,DNA-binding_protein_H-NS,10
E502,carO,2
E502,myrA,6
E502,AAC(6')-Ib',1
E502,hmrM,2
E502,lrfA,4
E502,SHV-76,5
E502,Bacillus_Cluster_B_intrinsic_mph,1
E502,APH(3')-IIa,2
E502,cAMP-regulatory_protein,54
E502,mecR1,44
E502,AAC(6')-Ib4,1
E502,CTX-M-92,1
E502,OXA-320,3
E502,AAC(6')-Ib7,5
E502,emrA,191
E502,CTX-M-95,1
E502,AAC(6')-Ib8,5
E502,amrB,52
E502,emrB,277
E502,AAC(6')-Ib9,3
E502,CTX-M-56,2
E502,emrD,75
E502,CTX-M-130,2
E502,emrE,146
E502,CTX-M-131,1
E502,CTX-M-59,1
E502,OXA-368,4
E502,emrK,32
E502,tcmA,12
E502,mdsB,1
E502,mdsC,5
E502,emrR,1
E502,VEB-1,3
E502,VEB-2,2
E502,VEB-3,2
E502,VEB-4,2
E502,VEB-5,2
E502,emrY,3
E502,VEB-6,2
E502,VEB-7,2
E502,VEB-8,2
E502,VEB-9,1
E502,mel,41
E502,ANT(3'')-IIa,1
E502,ANT(3'')-IIb,1
E502,hp1181,6
E502,aad(6),2
E502,ANT(3'')-IIc,1
E502,Pseudomonas_aeruginosa_emrE,11
E502,chrB,6
E502,tetA(48),97
E502,LRA,2
E502,farA,2
E502,farB,4
E502,OXA-47,2
E502,MdtK,4
E502,dfrA20,10
E502,opcM,75
E502,dfrA21,14
E502,dfrA22,18
E502,MCR-1.2,11
E502,MCR-1.3,6
E502,MCR-1.4,6
E502,dfrA24,1
E502,YojI,22
E502,MCR-1.5,6
E502,dfrA25,7
E502,MCR-1.6,6
E502,MCR-1.7,6
E502,MCR-1.8,6
E502,dfrA29,6
E502,MCR-1.9,6
E502,mtrA,90
E502,blaR1,8
E502,mtrC,1
E502,mtrD,8
E502,mtrE,149
E502,lmrB,65
E502,Erm(44),2
E502,lmrC,73
E502,lmrD,57
E502,NmcR,11
E502,LCR-1,1
E502,mtrR,81
E502,lmrP,2
E502,CTX-M,22
E502,erm(39),1
E502,erm(35),2
E502,blaI,4
E502,bcrA,3486
E502,bcrC,4
E502,tet(K),3
E502,Toho-1,1
E502,multidrug_ABC_transporter,4209
E502,dfrA2d,2
E502,PvrR,30
E502,cipA,2
E502,omp36,15
E502,marA,2
E502,otrA,17
E502,otrC,15
E502,arr-4,1
E502,arr-5,1
E502,Clostridium_perfringens_mprF,1
E502,arr-7,1
E502,arr-8,1
E502,PER,8
E502,Bacillus_Cluster_A_intrinsic_mph,1
E502,marR,149
E502,CARB,3
E502,aph(6)-I,32
E502,aph(3')-I,32
E502,vanA,79
E502,vanB,107
E502,vanC,76
E502,vanD,264
E502,vanE,15
E502,vanG,51
E502,vanH,372
E502,vanI,10
E502,aph(2'')-II,2
E502,CMY-34,4
E502,CMY-35,3
E502,aph(3')-V,3
E502,vanL,5
E502,CMY-77,3
E502,vanM,2
E502,vanN,7
E502,TEM-206,3
E502,optrA,71
E502,OXA-251,8
E502,vanR,2380
E502,vanS,892
E502,vanT,56
E502,vanU,5
E502,OXA-256,8
E502,ugd,10
E502,vanX,26
E502,vanY,72
E502,OXA-1,2
E502,vanZ,7
E502,OXA-4,4
E502,acrA,179
E502,acrB,406
E502,tet(W/N/W),14
E502,acrD,1
E502,acrF,6
E502,norB,3
E502,cpxA,36
E502,ADC-80,2
E502,tetB(46),34
E502,sul1,29
E502,ADC-41,3
E502,sul2,296
E502,ADC-42,1
E502,sul3,19
E502,ADC-43,3
E502,sul4,13
E502,ykkC,48
E502,ADC-44,3
E502,ykkD,17
E502,LAT-1,3
E502,MCR-1.10,6
E502,MCR-1.11,6
E502,vanWI,1
E502,MCR-1.12,6
E502,MCR-1.13,6
E502,vanKI,1
E502,kasugamycin_resistance_protein_ksgA,311
E502,rpoB2,33
E502,tetA(60),27
E502,cob(I)alamin_adenolsyltransferase,225
E502,cat_chloramphenicol_acetyltransferase,11
E502,rifampin_monooxygenase,45
E502,bifunctional_aminoglycoside_N-acetyltransferase_and_aminoglycoside_phosphotransferase,2
E502,TLA-2,1
E502,TEM-1,3
E502,oleB,63
E502,oleC,74
E502,antibiotic_resistance_rRNA_adenine_methyltransferase,9
E502,aac(6')-II,3
E502,eptA,8
E502,CTX-M-20,1
E502,mphA,12
E502,tcr3,1
E502,mphC,6
E502,mphD,2
E502,mphE,1
E502,mphG,2
E502,CTX-M-141,1
E502,Burkholderia_pseudomallei_Omp38,6
E502,mphI,2
E502,LpeB,6
E502,mdtA,183
E502,mdtB,347
E502,mdtC,380
E502,mdtD,153
E502,mdtE,67
E502,mdtF,36
E502,Escherichia_coli_LamB,1
E502,mdtG,51
E502,mdtH,36
E502,Salmonella,12
E502,mdtK,335
E502,mdtL,29
E502,mdtM,51
E502,mdtN,125
E502,mdtO,25
E502,mdtP,81
E506,aph(3'')-I,5
E506,OXA,289
E506,CMY-132,6
E506,chloramphenicol_and_florfenicol_resistance,11
E506,CMY-133,12
E506,OXA-10,10
E506,OXA-11,8
E506,bacA,609
E506,OXA-14,9
E506,chloramphenicol_exporter,41
E506,OXA-16,10
E506,OXA-17,9
E506,basS,24
E506,Type_A_NfxB,1
E506,kdpE,42
E506,lsaC,18
E506,lsaE,21
E506,ADP-ribosylating_transferase_arr,15
E506,OXA-454,10
E506,OXA-140,4
E506,OXA-142,9
E506,aadA13,1
E506,HMB-1,1
E506,OpmB,5
E506,OpmD,2
E506,tlrB_conferring_tylosin_resistance,3
E506,OpmH,4
E506,mefA,251
E506,mefC,6
E506,catA8,2
E506,tet(L),2
E506,puromycin_resistance_protein,3
E506,abeM,5
E506,catII,3
E506,clbA,13
E506,clbB,13
E506,clbC,15
E506,abeS,12
E506,qacA,2
E506,macA,491
E506,qacB,7
E506,macB,6065
E506,rphA,7
E506,rphB,12
E506,transcriptional_regulatory_protein_CpxR_cpxR,449
E506,qacG,44
E506,qacH,12
E506,VIM-14,1
E506,vgaA,230
E506,VIM-15,1
E506,vgaB,52
E506,VIM-16,1
E506,vgaD,36
E506,vgaE,56
E506,VIM-19,1
E506,viomycin_phosphotransferase,6
E506,CMY-40,4
E506,lnuA,18
E506,lnuB,9
E506,lnuC,2
E506,CMY-46,3
E506,lnuD,3
E506,EmrB-QacA_family_major_facilitator_transporter,59
E506,lnuE,2
E506,lnuF,3
E506,lnuG,3
E506,VIM-1,1
E506,rpsD_(ramA_or_sud2),2
E506,AAC(3)-Ib/AAC(6')-Ib'',4
E506,VIM-3,1
E506,VIM-4,1
E506,OXA-224,10
E506,VIM-6,1
E506,bpeF,50
E506,KPC-11,3
E506,penA,575
E506,KPC-12,3
E506,arlS,30
E506,efpA,4
E506,KPC-17,3
E506,plasmid-encoded,3
E506,otr(B),1
E506,ADC-12,2
E506,ADC-13,2
E506,VatI,8
E506,ADC-14,1
E506,ADC-15,1
E506,cmlA,24
E506,vanHB,18
E506,ErmB,2
E506,ADC-16,2
E506,ErmC,1
E506,ADC-17,2
E506,vanTG,26
E506,tet(42),1
E506,ADC-19,2
E506,vanTrL,18
E506,cdeA,8
E506,catA,46
E506,catB,91
E506,ErmT,2
E506,catD,6
E506,catI,3
E506,dfrA15b,5
E506,catQ,2
E506,PBP-1A,382
E506,PBP-1B,117
E506,catS,1
E506,tet32,69
E506,tet34,18
E506,catV,2
E506,tet36,50
E506,tet37,7
E506,tet39,1
E506,msrA,386
E506,SHV-97,5
E506,msrC,209
E506,msbA,54
E506,msrE,34
E506,CTX-M-31,1
E506,Erm(30),1
E506,CTX-M-33,3
E506,CTX-M-74,1
E506,CTX-M-75,1
E506,CTX-M-76,1
E506,CTX-M-35,1
E506,ampC,16
E506,CTX-M-77,1
E506,CTX-M-110,2
E506,CTX-M-38,4
E506,CTX-M-111,2
E506,CTX-M-112,2
E506,evgS,117
E506,CTX-M-113,2
E506,CTX-M-117,3
E506,adeA,2
E506,adeB,301
E506,adeC,36
E506,aadA,68
E506,adeF,5
E506,adeH,5
E506,adeI,5
E506,adeJ,9
E506,adeK,11
E506,fmtC,24
E506,aac(3)-I,57
E506,adeL,18
E506,TriA,4
E506,ACC-5,2
E506,adeN,1
E506,TriC,14
E506,adeR,62
E506,adeS,20
E506,TolC,347
E506,vanXYL,1
E506,CMY-102,3
E506,tetA(46),23
E506,catB10,2
E506,CMY-108,3
E506,ceoB,41
E506,RlmA(II),4
E506,rosA,70
E506,rosB,372
E506,aph(3')-IIb,5
E506,Staphylococcys,6
E506,opmD,4
E506,Staphylococcus,2
E506,ADC-2,2
E506,opmE,1
E506,ADC-3,2
E506,ADC-4,1
E506,APH(3')-VIa,1
E506,ADC-5,2
E506,KHM-1,1
E506,ADC-6,1
E506,ADC-7,2
E506,ADC-8,3
E506,sdiA,1
E506,ompR,764
E506,salA,52
E506,APH(6)-Id,1
E506,GES-2,1
E506,CMX,7
E506,GES-4,1
E506,Acinetobacter_baumannii_ampC_beta-lactamase,2
E506,GES-5,1
E506,GES-6,1
E506,KLUY-2,1
E506,GES-9,1
E506,OprA,17
E506,aadA25,1
E506,Brucella_suis_mprF,2
E506,bcr-1,5
E506,mef(B),5
E506,sdeY,2
E506,Vibrio_cholerae_OmpU,1
E506,patA,49
E506,catB3,8
E506,patB,20
E506,mecA,260
E506,mecB,9
E506,mecC,8
E506,mecD,8
E506,aac(3)-Ib-aac(6')-Ib,2
E506,OprZ,10
E506,AAC(6')-Ie-APH(2'')-Ia,12
E506,poxtA,86
E506,SHV-103,5
E506,metallo-beta-lactamase,8
E506,chloramphenicol_and_florfenicol_exporter,2
E506,SHV-104,5
E506,ANT(3'')-Ii-AAC(6')-IId,12
E506,APH(2'')-If,1
E506,catIII,5
E506,TaeA,92
E506,VIM-20,1
E506,MexJ,4
E506,CTX-M-2,1
E506,MexK,20
E506,MexL,1
E506,VIM-23,1
E506,CTX-M-5,3
E506,VIM-26,1
E506,VIM-27,1
E506,VIM-28,1
E506,VIM-29,1
E506,MexS,4
E506,vatA,5
E506,vatB,56
E506,vatC,9
E506,MexV,5
E506,vatD,2
E506,vatE,32
E506,GES-11,1
E506,vatF,7
E506,vatG,9
E506,GES-13,1
E506,MexZ,1
E506,GES-14,1
E506,GES-15,1
E506,GES-16,1
E506,CMY-12,3
E506,ermA,17
E506,CMY-13,6
E506,GES-17,1
E506,ermB,11
E506,CMY-55,7
E506,ereA,10
E506,ermC,10
E506,CMY-56,6
E506,GES-19,1
E506,ereB,4
E506,ermE,7
E506,CMY-99,3
E506,ermF,7
E506,ermG,1
E506,Mrx,2
E506,truncated_putative_response_regulator_ArlR,376
E506,OXA-233,8
E506,bacterial_regulatory_protein_LuxR,19
E506,ermS,1
E506,KPC-24,3
E506,ermT,5
E506,efmA,1
E506,CMY-2,4
E506,CMY-5,6
E506,CMY-7,6
E506,ant(9)-I,1
E506,vanYA,1
E506,ADC-20,2
E506,ADC-21,2
E506,ADC-22,2
E506,ADC-23,1
E506,ADC-25,2
E506,cmeA,19
E506,cmeB,589
E506,cmeC,1
E506,Staphylococcus_mupA_conferring_resistance_to_mupirocin,39
E506,floR,86
E506,srmB,78
E506,cystathionine_beta-lyase_patB,187
E506,major_facilitator_superfamily_transporter,45
E506,NMC-A,1
E506,tet40,6
E506,tet41,1
E506,golS,4
E506,tet44,29
E506,MCR-1,18
E506,MCR-2,9
E506,MCR-3,10
E506,MCR-4,12
E506,MCR-5,11
E506,tolC,5
E506,CTX-M-81,2
E506,OXA-663,9
E506,CTX-M-82,3
E506,APH(3')-IX,1
E506,aph(3''')-III,5
E506,OXA-392,6
E506,CTX-M-43,1
E506,CTX-M-84,2
E506,CTX-M-44,1
E506,class_A,97
E506,LlmA_23S_ribosomal_RNA_methyltransferase,1
E506,class_B,2
E506,CTX-M-160,2
E506,class_C,57
E506,PBP-2X,75
E506,tlcC,76
E506,CTX-M-47,2
E506,CTX-M-48,3
E506,CTX-M-121,2
E506,CTX-M-49,2
E506,CTX-M-122,6
E506,APH(3')-Ia,1
E506,CTX-M-124,1
E506,CTX-M-125,2
E506,linG,3
E506,mdfA,43
E506,aac(6')-I,4
E506,aad(9),1
E506,CMY-118,13
E506,CMY-119,6
E506,OXA-31,8
E506,cmlA1,7
E506,oprA,19
E506,OXA-33,6
E506,OXA-74,7
E506,oprC,11
E506,cmlA4,7
E506,cmlA5,7
E506,cmlA6,7
E506,AAC(6')-34,2
E506,oprJ,129
E506,smeB,27
E506,LEN,1
E506,smeC,11
E506,oprM,279
E506,smeE,10
E506,oprN,128
E506,smeF,77
E506,two-component_system_response_regulator_EvgA,5
E506,baeR,55
E506,dfrA12,85
E506,baeS,60
E506,dfrA13,4
E506,dfrA14,18
E506,dfrA15,8
E506,CRP,3
E506,dfrA17,8
E506,smeR,45
E506,smeS,50
E506,TMB-1,1
E506,TMB-2,1
E506,Erm(47),3
E506,ant(3'')-Ih-aac(6')-IId,3
E506,QepA1,2
E506,CfxA2,22
E506,QepA2,3
E506,CfxA3,2
E506,KPC-1,3
E506,mexA,65
E506,mexB,93
E506,KPC-3,3
E506,CfxA6,2
E506,mexC,35
E506,mepA,271
E506,mexD,225
E506,KPC-5,3
E506,mexE,186
E506,KPC-6,3
E506,mexF,695
E506,KPC-7,1
E506,erm(34),3
E506,thiostrepton_resistance_methylase_tsnR,4
E506,aadA9,1
E506,mexH,81
E506,mexI,40
E506,AxyX,1
E506,AxyY,7
E506,abcA,1
E506,mexM,2
E506,mexN,17
E506,tetB(60),18
E506,mexQ,8
E506,dfrA1,28
E506,dfrA3,13
E506,mexT,59
E506,dfrA5,9
E506,mexW,244
E506,dfrA7,3
E506,VEB-1b,8
E506,mexX,35
E506,dfrA8,8
E506,mexY,7
E506,AcrE,2
E506,AcrF,2
E506,PmrF,26
E506,cfrC,11
E506,oqxA,5
E506,oqxB,8
E506,AcrS,2
E506,ICR-Mc,9
E506,VIM-30,1
E506,VIM-31,1
E506,VIM-32,1
E506,OKP-B,3
E506,VIM-33,1
E506,VIM-34,1
E506,VIM-35,1
E506,VIM-36,1
E506,MOX,6
E506,VIM-37,1
E506,Moraxella_catarrhalis_M35,2
E506,VIM-39,1
E506,dfrC,12
E506,GES-20,1
E506,GES,1
E506,dfrD,10
E506,GES-21,1
E506,dfrE,5
E506,dfrF,9
E506,APH(3')-IIIa,1
E506,dfrG,7
E506,CMY-20,6
E506,GES-24,1
E506,CMY-61,7
E506,CMY-21,9
E506,CMY-63,3
E506,arnA,554
E506,CMY-64,6
E506,dfrK,8
E506,ACT,5
E506,CMY-28,6
E506,CMY-29,9
E506,OXA-240,9
E506,SME-1,1
E506,SME-2,2
E506,SME-3,2
E506,SME-4,1
E506,OXA-246,10
E506,SME-5,1
E506,tetA,162
E506,tetB,12
E506,tetC,8
E506,tetD,8
E506,efrA,26
E506,efrB,19
E506,tetH,5
E506,lsa,756
E506,tetJ,4
E506,tetM,422
E506,tetO,228
E506,tetP,202
E506,tetQ,212
E506,MuxA,3
E506,tetR,85
E506,MuxB,8
E506,tetS,27
E506,MuxC,19
E506,tetT,146
E506,tetW,295
E506,tetX,25
E506,ADC-75,2
E506,cmrA,5
E506,ADC-76,1
E506,ADC-77,2
E506,bicyclomycin-multidrug_efflux_protein_bcr,234
E506,aph(3'')-IV,2
E506,ADC-79,2
E506,ADC-39,2
E506,qepA,12
E506,tet(40),2
E506,vanRI,81
E506,KPC,19
E506,carA,97
E506,carO,1
E506,APH(3')-VI,2
E506,myrA,4
E506,Lactobacillus,1
E506,hmrM,3
E506,lrfA,3
E506,SHV-76,5
E506,Bacillus_Cluster_B_intrinsic_mph,2
E506,APH(3')-IIa,2
E506,cAMP-regulatory_protein,54
E506,mecR1,31
E506,CTX-M-90,2
E506,CTX-M-50,2
E506,CTX-M-92,1
E506,CTX-M-51,2
E506,NPS-1,1
E506,OXA-320,9
E506,emrA,291
E506,amrB,70
E506,emrB,347
E506,CTX-M-14,2
E506,CTX-M-56,1
E506,CTX-M-130,6
E506,CTX-M-98,2
E506,emrE,155
E506,CTX-M-131,1
E506,CTX-M-17,2
E506,CTX-M-59,1
E506,OXA-368,7
E506,emrK,47
E506,CTX-M-139,3
E506,tcmA,11
E506,mdsB,19
E506,APH(3')-VIII,1
E506,mdsC,12
E506,VEB-1,15
E506,VEB-2,8
E506,VEB-3,8
E506,VEB-4,8
E506,VEB-5,8
E506,emrY,1
E506,VEB-6,8
E506,VEB-7,8
E506,VEB-8,8
E506,VEB-9,4
E506,mel,41
E506,ANT(3'')-IIa,1
E506,ANT(3'')-IIb,1
E506,hp1181,4
E506,ANT(3'')-IIc,1
E506,Pseudomonas_aeruginosa_emrE,12
E506,chrB,4
E506,tetA(48),95
E506,LRA,7
E506,farA,6
E506,farB,5
E506,OCH,7
E506,OXA-47,6
E506,MdtK,1
E506,dfrA20,10
E506,opcM,61
E506,dfrA21,9
E506,dfrA22,9
E506,MCR-1.2,18
E506,MCR-1.3,9
E506,MCR-1.4,9
E506,dfrA24,2
E506,YojI,15
E506,MCR-1.5,9
E506,dfrA25,5
E506,MCR-1.6,9
E506,MCR-1.7,9
E506,MCR-1.8,9
E506,dfrA29,4
E506,MCR-1.9,9
E506,mtrA,85
E506,blaR1,4
E506,mtrC,1
E506,mtrD,6
E506,mtrE,152
E506,lmrA,2
E506,lmrB,38
E506,Erm(44),2
E506,lmrC,40
E506,lmrD,41
E506,NmcR,9
E506,GIM-2,1
E506,mtrR,34
E506,LCR-1,2
E506,pgpB,5
E506,aph(3')-VII,1
E506,PEDO-3,1
E506,CTX-M,31
E506,erm(35),1
E506,RSA-2,1
E506,bcrA,3331
E506,bcrC,2
E506,tet(K),2
E506,multidrug_ABC_transporter,2857
E506,PvrR,37
E506,cipA,3
E506,marA,1
E506,otrA,52
E506,otrC,16
E506,arr-4,3
E506,ccrA,1
E506,arr-5,3
E506,arr-7,3
E506,arr-8,3
E506,PER,21
E506,Bacillus_Cluster_A_intrinsic_mph,2
E506,marR,274
E506,VIM-42,1
E506,VIM-43,1
E506,aph(6)-I,25
E506,aph(3')-I,21
E506,vanA,162
E506,vanB,141
E506,vanC,57
E506,vanD,260
E506,vanE,36
E506,vanG,78
E506,vanH,414
E506,vanI,8
E506,aph(2'')-II,2
E506,CMY-34,4
E506,aph(3')-V,6
E506,vanL,13
E506,CMY-77,6
E506,vanM,6
E506,CMY-37,3
E506,vanN,17
E506,optrA,90
E506,OXA-251,9
E506,vanR,2535
E506,vanS,915
E506,vanT,74
E506,vanU,2
E506,OXA-256,9
E506,aph(2'')-IV,1
E506,vanW,21
E506,ugd,14
E506,vanX,23
E506,vanY,39
E506,OXA-1,6
E506,vanZ,6
E506,OXA-4,10
E506,acrA,157
E506,acrB,417
E506,tet(W/N/W),3
E506,acrD,7
E506,acrF,2
E506,aph(2'')-Ie,2
E506,cpxA,17
E506,ADC-80,1
E506,tetB(46),15
E506,sul1,78
E506,ADC-41,2
E506,sul2,166
E506,ADC-42,1
E506,sul3,18
E506,ADC-43,2
E506,sul4,18
E506,ykkC,77
E506,ADC-44,2
E506,ykkD,42
E506,MCR-1.10,9
E506,MCR-1.11,9
E506,MCR-1.12,9
E506,MCR-1.13,9
E506,vanKI,2
E506,kasugamycin_resistance_protein_ksgA,318
E506,rpoB2,50
E506,tetA(60),23
E506,cob(I)alamin_adenolsyltransferase,150
E506,cat_chloramphenicol_acetyltransferase,55
E506,TLA-1,4
E506,rifampin_monooxygenase,14
E506,bifunctional_aminoglycoside_N-acetyltransferase_and_aminoglycoside_phosphotransferase,8
E506,TLA-2,4
E506,TLA-3,4
E506,oleB,69
E506,Enterococcus,2
E506,oleC,72
E506,antibiotic_resistance_rRNA_adenine_methyltransferase,12
E506,SHV-41,4
E506,aac(6')-II,2
E506,eptA,12
E506,mphA,24
E506,mphB,3
E506,mphC,12
E506,mphD,4
E506,CTX-M-24,5
E506,CTX-M-65,4
E506,mphE,1
E506,CTX-M-67,4
E506,mphG,4
E506,CTX-M-141,2
E506,Burkholderia_pseudomallei_Omp38,9
E506,CTX-M-101,3
E506,mphI,3
E506,CTX-M-105,2
E506,CTX-M-148,4
E506,LpeB,15
E506,mdtA,225
E506,mdtB,613
E506,mdtC,411
E506,mdtD,118
E506,mdtE,63
E506,mdtF,70
E506,mdtG,39
E506,Salmonella,7
E506,CatU,1
E506,mdtK,246
E506,mdtM,25
E506,mdtN,50
E506,mdtP,30
E509,tetB(60),1
E509,class_C,4
E509,CTX-M-51,4
E509,CTX-M-121,2
E509,AAC(6')-Ib,4
E509,dfrB6,6
E509,CTX-M-122,2
E509,gadX,1
E509,dfrA29,3
E509,erm(31),1
E509,CTX-M-124,1
E509,Erm(42),1
E509,TRU-1,1
E509,PDC,20
E509,tlcC,11
E509,CTX-M-56,1
E509,vanTrL,2
E509,CTX-M-141,1
E509,emrA,43
E509,mdtA,32
E509,aac(6')-30-aac(6')-Ib',1
E509,OXA-74,1
E509,mdtB,55
E509,emrB,29
E509,qacG,2
E509,CTX-M-74,1
E509,mdtC,79
E509,qacH,1
E509,OXA-368,1
E509,mdtD,33
E509,CTX-M-76,1
E509,mdtE,2
E509,cpxA,2
E509,emrE,16
E509,patA,7
E509,CTX-M-77,1
E509,CTX-M-147,2
E509,CTX-M-90,4
E509,CTX-M-160,2
E509,mdtF,13
E509,patB,2
E509,EmrB-QacA_family_major_facilitator_transporter,16
E509,CTX-M-148,2
E509,cmlA1,4
E509,mdtG,14
E509,CTX-M-92,1
E509,poxtA,13
E509,hp1181,1
E509,baeR,9
E509,cmlA4,4
E509,tet41,2
E509,baeS,6
E509,cmlA5,4
E509,emrK,45
E509,mdtK,24
E509,NmcR,1
E509,Staphylococcys,1
E509,cmlA6,4
E509,mdtL,1
E509,mel,8
E509,tet44,1
E509,Pseudomonas_aeruginosa_emrE,1
E509,CTX-M-98,4
E509,bcrA,450
E509,mdtP,20
E509,kasugamycin_resistance_protein_ksgA,78
E509,PBP-1A,95
E509,cat_chloramphenicol_acetyltransferase,1
E509,PBP-1B,19
E509,vanA,19
E509,tet(L),2
E509,cAMP-regulatory_protein,18
E509,vanB,28
E509,vanC,14
E509,bpeF,1
E509,vanD,44
E509,lmrA,2
E509,aac(6')-I,13
E509,vanE,8
E509,lsa,127
E509,vanG,6
E509,lmrC,1
E509,OXA-233,1
E509,vanH,14
E509,lmrD,2
E509,vanI,4
E509,abcA,1
E509,vanL,2
E509,OXA-251,1
E509,vanM,2
E509,Toho-1,1
E509,floR,83
E509,tcmA,4
E509,mecA,9
E509,msrA,49
E509,kdpE,2
E509,OXA-256,1
E509,mecB,1
E509,vanR,171
E509,norA,1
E509,mecC,1
E509,AAC(6')-Ib',5
E509,msrC,39
E509,vanS,105
E509,otrA,4
E509,mecD,1
E509,vanT,10
E509,rifampin_monooxygenase,31
E509,OXA,25
E509,dfrA2d,6
E509,msrE,4
E509,otrC,4
E509,vatA,1
E509,vatB,5
E509,vanW,13
E509,vatC,1
E509,vanX,43
E509,vanY,1
E509,vatD,1
E509,vatE,4
E509,ant(3'')-Ih-aac(6')-IId,3
E509,evgS,10
E509,vatF,1
E509,mexB,9
E509,cob(I)alamin_adenolsyltransferase,25
E509,vatG,1
E509,smeB,10
E509,ykkD,5
E509,acrB,68
E509,CTX-M-20,1
E509,cmeA,2
E509,smeC,1
E509,abeM,1
E509,mexD,24
E509,acrD,2
E509,cmeB,141
E509,AAC(6')-Ib3,4
E509,dfrA12,41
E509,mexE,5
E509,AAC(6')-Ib4,4
E509,smeF,4
E509,acrF,1
E509,dfrA13,2
E509,dfrA1,6
E509,mexF,47
E509,CTX-M-24,1
E509,tolC,2
E509,FONA-6,1
E509,tetA,21
E509,dfrA14,12
E509,salA,12
E509,dfrA15,3
E509,VatI,1
E509,tetB,4
E509,dfrA3,4
E509,mexH,6
E509,mexI,4
E509,AAC(6')-Ib7,5
E509,rosB,72
E509,abeS,1
E509,dfrA5,3
E509,dfrA17,12
E509,efpA,1
E509,AAC(6')-Ib8,1
E509,truncated_putative_response_regulator_ArlR,37
E509,CTX-M-111,2
E509,TolC,77
E509,dfrA7,6
E509,OprA,3
E509,blt,1
E509,major_facilitator_superfamily_transporter,16
E509,tetH,4
E509,mexN,1
E509,MexJ,1
E509,MexK,6
E509,tetJ,4
E509,LRA,1
E509,CTX-M-130,2
E509,efrA,4
E509,basS,7
E509,CTX-M-131,1
E509,AAC(6')-Ib10,3
E509,CTX-M,31
E509,ermA,4
E509,efrB,1
E509,smeR,7
E509,Staphylococcus_mupA_conferring_resistance_to_mupirocin,10
E509,mtrA,16
E509,smeS,4
E509,tetM,62
E509,OXA-142,1
E509,ermC,1
E509,oprM,15
E509,mexT,12
E509,mdsB,1
E509,TriB,2
E509,oprN,42
E509,mdsC,3
E509,tetO,15
E509,vanRI,7
E509,TriC,4
E509,CTX-M-65,4
E509,tetA(46),2
E509,macA,5
E509,tetP,31
E509,mtrE,5
E509,tetQ,10
E509,mexW,37
E509,macB,1342
E509,MexS,1
E509,ErmC,1
E509,CTX-M-67,2
E509,tetS,8
E509,mexY,2
E509,tetT,14
E509,MexV,2
E509,vanTG,2
E509,lsaC,3
E509,arnA,101
E509,erm(34),1
E509,amrB,12
E509,clbA,2
E509,lsaE,3
E509,tet32,9
E509,tetA(48),20
E509,clbB,3
E509,tetW,141
E509,carA,10
E509,clbC,3
E509,multidrug_ABC_transporter,515
E509,CTX-M-87,2
E509,dfrC,3
E509,tet36,3
E509,dfrD,2
E509,CRP,1
E509,dfrE,3
E509,erm(36),1
E509,vgaA,27
E509,Erm(47),1
E509,dfrF,2
E509,bacterial_regulatory_protein_LuxR,4
E509,vgaB,9
E509,tet39,2
E509,dfrG,2
E509,OprZ,1
E509,mdfA,51
E509,vgaD,8
E509,arlS,4
E509,TaeA,14
E509,pmrA,24
E509,vgaE,10
E509,transcriptional_regulatory_protein_CpxR_cpxR,64
E509,tet(33),1
E509,dfrK,2
E509,OXA-663,1
E509,chloramphenicol_and_florfenicol_resistance,3
E509,tetB(46),1
E509,antibiotic_resistance_rRNA_adenine_methyltransferase,2
E509,oleB,9
E509,hmrM,1
E509,srmB,7
E509,oleC,21
E509,QepA1,2
E509,sul2,46
E509,sul3,2
E509,QepA2,2
E509,cfrC,3
E509,dfrA15b,3
E509,OXA-454,1
E509,OXA-240,1
E509,Erm(30),2
E509,sul4,2
E509,aac(6')-II,1
E509,PmrF,2
E509,qepA,8
E509,adeC,4
E509,OXA-246,1
E509,adeH,1
E509,penA,134
E509,Salmonella,4
E509,chloramphenicol_and_florfenicol_exporter,4
E509,adeK,2
E509,tetA(60),1
E509,tet(W/N/W),4
E509,adeL,4
E509,oqxB,2
E509,rpoB2,9
E509,rphA,2
E509,ompR,128
E509,OXA-10,1
E509,rphB,4
E509,msbA,13
E509,OXA-11,1
E509,PBP-2X,11
E509,bicyclomycin-multidrug_efflux_protein_bcr,64
E509,adeR,10
E509,adeS,5
E509,OXA-14,1
E509,ugd,1
E509,OXA-16,1
E509,AAC(6')-30/AAC(6')-Ib',2
E509,OXA-17,1
E509,ceoB,3
E509,optrA,12
E509,puromycin_resistance_protein,2
E509,dfrA20,2
E509,LpeB,2
E509,bacA,75
E509,CTX-M-31,1
E509,cystathionine_beta-lyase_patB,13
E509,dfrA21,3
E509,dfrA22,4
E509,MuxA,1
E509,dfrB1,21
E509,chloramphenicol_exporter,11
E509,aac(6')-31,4
E509,dfrB2,12
E509,MuxC,2
E509,CTX-M-35,1
E509,CTX-M-105,4
E509,dfrA25,3
E509,class_A,16
E509,dfrB3,6
E511,aph(3'')-I,4
E511,OXA,220
E511,chloramphenicol_and_florfenicol_resistance,11
E511,CMY-133,3
E511,OXA-10,5
E511,OXA-11,3
E511,bacA,508
E511,OXA-14,3
E511,chloramphenicol_exporter,8
E511,OXA-16,3
E511,OXA-17,4
E511,AER-1,1
E511,basS,25
E511,kdpE,38
E511,lsaC,22
E511,lsaE,21
E511,ADP-ribosylating_transferase_arr,20
E511,OXA-454,4
E511,OXA-142,2
E511,aadA13,1
E511,OpmB,3
E511,OpmD,1
E511,tlrB_conferring_tylosin_resistance,2
E511,OpmH,1
E511,mefA,50
E511,catA8,1
E511,puromycin_resistance_protein,2
E511,abeM,6
E511,catII,2
E511,clbA,11
E511,clbB,9
E511,clbC,15
E511,abeS,4
E511,macA,336
E511,macB,5664
E511,rphA,5
E511,rphB,9
E511,transcriptional_regulatory_protein_CpxR_cpxR,456
E511,qacG,12
E511,qacH,3
E511,vgaA,202
E511,vgaB,51
E511,vgaD,51
E511,vgaE,47
E511,lnuA,9
E511,lnuC,1
E511,lnuD,2
E511,EmrB-QacA_family_major_facilitator_transporter,66
E511,lnuE,1
E511,OXA-224,2
E511,bpeE,4
E511,bpeF,18
E511,penA,329
E511,arlS,33
E511,efpA,2
E511,plasmid-encoded,2
E511,otr(B),1
E511,ADC-12,1
E511,ADC-13,1
E511,VatI,11
E511,vanHB,19
E511,ADC-16,1
E511,ErmC,1
E511,ADC-17,1
E511,vanTG,19
E511,tet(42),1
E511,ADC-19,1
E511,vanTrL,14
E511,cdeA,11
E511,catA,30
E511,catB,151
E511,ErmT,1
E511,catD,4
E511,catI,2
E511,dfrA15b,7
E511,catQ,2
E511,PBP-1A,341
E511,PBP-1B,94
E511,catS,1
E511,tet32,64
E511,catV,2
E511,tet36,31
E511,tet37,6
E511,tet39,1
E511,msrA,350
E511,SHV-97,1
E511,msrC,167
E511,msbA,53
E511,msrE,33
E511,CTX-M-31,1
E511,CTX-M-74,1
E511,CTX-M-75,1
E511,CTX-M-35,1
E511,CTX-M-76,1
E511,ampC,6
E511,CTX-M-77,1
E511,CTX-M-110,2
E511,CTX-M-38,2
E511,evgS,119
E511,CTX-M-113,2
E511,CTX-M-115,1
E511,RTG-4,2
E511,RTG-5,1
E511,adeB,300
E511,adeC,34
E511,aadA,19
E511,adeF,3
E511,adeG,1
E511,adeH,1
E511,adeI,7
E511,adeJ,19
E511,adeK,8
E511,adeL,7
E511,TriA,4
E511,adeN,1
E511,ACC-5,1
E511,TriC,18
E511,adeR,55
E511,adeS,25
E511,TolC,101
E511,vanXYL,3
E511,tetA(46),27
E511,catB10,8
E511,ceoB,24
E511,RlmA(II),2
E511,rosA,10
E511,rosB,317
E511,aph(3')-IIb,4
E511,Staphylococcys,8
E511,opmD,2
E511,Staphylococcus,1
E511,ADC-2,1
E511,ADC-3,1
E511,ADC-5,1
E511,ADC-7,1
E511,ompR,806
E511,salA,46
E511,APH(6)-Id,1
E511,Acinetobacter_baumannii_ampC_beta-lactamase,1
E511,KLUY-2,1
E511,OprA,6
E511,aadA25,1
E511,Brucella_suis_mprF,1
E511,bcr-1,4
E511,mef(B),3
E511,sdeY,2
E511,patA,50
E511,catB3,12
E511,patB,22
E511,mecA,256
E511,erm(33),1
E511,mecB,8
E511,mecC,5
E511,mecD,11
E511,OprZ,3
E511,poxtA,81
E511,SHV-104,5
E511,catIII,4
E511,TaeA,104
E511,MexJ,3
E511,CTX-M-2,1
E511,MexK,25
E511,MexL,1
E511,CTX-M-5,2
E511,MexS,3
E511,vatA,2
E511,vatB,40
E511,vatC,9
E511,vatD,1
E511,MexV,2
E511,vatE,36
E511,vatF,5
E511,vatG,9
E511,MexZ,1
E511,CMY-12,3
E511,ermA,17
E511,ermB,2
E511,CMY-55,6
E511,ereA,10
E511,ermC,34
E511,CMY-56,3
E511,ereB,2
E511,CMY-16,3
E511,ermE,8
E511,CMY-99,3
E511,ermF,7
E511,ermG,3
E511,truncated_putative_response_regulator_ArlR,514
E511,OXA-233,4
E511,SRT-1,1
E511,SRT-2,2
E511,bacterial_regulatory_protein_LuxR,13
E511,ermT,3
E511,efmA,1
E511,CMY-2,3
E511,CMY-5,3
E511,ESP-1,1
E511,vanYA,4
E511,ADC-20,1
E511,ADC-21,1
E511,ADC-22,1
E511,ADC-25,1
E511,cmeA,20
E511,cmeB,588
E511,cmeC,1
E511,Staphylococcus_mupA_conferring_resistance_to_mupirocin,37
E511,floR,8
E511,srmB,72
E511,cystathionine_beta-lyase_patB,230
E511,major_facilitator_superfamily_transporter,55
E511,tet40,9
E511,tet41,1
E511,tet43,1
E511,golS,1
E511,tet44,30
E511,SHV-62,5
E511,MCR-1,10
E511,MCR-2,5
E511,MCR-3,5
E511,SHV-25,5
E511,MCR-4,6
E511,MCR-5,6
E511,OXA-663,5
E511,OXA-392,2
E511,CTX-M-43,1
E511,CTX-M-84,2
E511,CTX-M-44,1
E511,class_A,42
E511,LlmA_23S_ribosomal_RNA_methyltransferase,5
E511,PBP-2X,70
E511,tlcC,71
E511,class_C,79
E511,CTX-M-48,2
E511,CTX-M-122,2
E511,APH(3')-Ia,1
E511,CTX-M-124,1
E511,CTX-M-125,2
E511,mdfA,27
E511,CMY-118,6
E511,OXA-31,2
E511,cmlA1,3
E511,oprA,9
E511,OXA-33,2
E511,OXA-74,4
E511,oprC,6
E511,cmlA4,3
E511,cmlA5,3
E511,cmlA6,3
E511,oprJ,42
E511,smeB,15
E511,smeC,7
E511,oprM,153
E511,smeE,9
E511,oprN,70
E511,smeF,43
E511,two-component_system_response_regulator_EvgA,4
E511,baeR,63
E511,dfrA12,85
E511,baeS,59
E511,dfrA13,3
E511,dfrA14,16
E511,dfrA15,14
E511,CRP,1
E511,dfrA17,10
E511,TUS-1,1
E511,smeR,53
E511,smeS,55
E511,Erm(47),1
E511,Erm(43),1
E511,QepA1,1
E511,QepA2,1
E511,CfxA3,1
E511,mexA,41
E511,mexB,70
E511,mexC,12
E511,mepA,428
E511,mexD,64
E511,mexE,317
E511,mexF,427
E511,thiostrepton_resistance_methylase_tsnR,2
E511,mexH,75
E511,mexI,48
E511,AxyY,3
E511,abcA,5
E511,mexN,16
E511,tetB(60),22
E511,mexQ,4
E511,dfrA1,33
E511,dfrA3,12
E511,mexT,43
E511,dfrA5,13
E511,mexW,188
E511,dfrA7,3
E511,VEB-1b,4
E511,mexX,38
E511,dfrA8,4
E511,mexY,4
E511,AcrE,1
E511,AcrF,2
E511,PmrF,23
E511,SHV-159,5
E511,cfrC,10
E511,oqxA,4
E511,oqxB,8
E511,AcrS,1
E511,ICR-Mc,5
E511,MOX,2
E511,Moraxella_catarrhalis_M35,1
E511,dfrC,12
E511,dfrD,7
E511,dfrE,6
E511,TRU-1,1
E511,dfrF,6
E511,CMY-60,1
E511,dfrG,6
E511,CMY-61,4
E511,CMY-21,3
E511,arnA,475
E511,CMY-64,3
E511,dfrK,7
E511,CMY-29,3
E511,OXA-240,5
E511,SME-2,1
E511,SME-3,2
E511,OXA-246,5
E511,tetA,137
E511,tetB,8
E511,tetC,10
E511,efrA,22
E511,tetD,4
E511,efrB,16
E511,tetH,5
E511,lsa,691
E511,tetJ,4
E511,tetM,474
E511,tetO,134
E511,tetP,156
E511,tetQ,160
E511,MuxA,5
E511,tetR,27
E511,MuxB,9
E511,tetS,27
E511,MuxC,19
E511,tetT,90
E511,tetW,550
E511,ADC-75,1
E511,tetX,7
E511,cmrA,1
E511,ADC-76,1
E511,ADC-77,1
E511,bicyclomycin-multidrug_efflux_protein_bcr,148
E511,ADC-78,1
E511,ADC-79,1
E511,ADC-39,1
E511,qepA,4
E511,tet(40),3
E511,vanRI,82
E511,carA,93
E511,myrA,3
E511,hmrM,3
E511,lrfA,3
E511,Bacillus_Cluster_B_intrinsic_mph,1
E511,cAMP-regulatory_protein,18
E511,APH(3')-IIa,1
E511,mecR1,2
E511,CTX-M-92,1
E511,NPS-1,2
E511,OXA-320,2
E511,emrA,236
E511,CTX-M-95,1
E511,amrB,40
E511,emrB,245
E511,CTX-M-14,2
E511,CTX-M-56,1
E511,CTX-M-130,2
E511,emrE,44
E511,CTX-M-131,1
E511,CTX-M-17,2
E511,CTX-M-59,1
E511,OXA-368,3
E511,emrK,16
E511,tcmA,9
E511,mdsB,6
E511,mdsC,6
E511,VEB-1,8
E511,VEB-2,4
E511,VEB-3,4
E511,VEB-4,4
E511,VEB-5,4
E511,emrY,1
E511,VEB-6,4
E511,VEB-7,4
E511,HERA-1,1
E511,VEB-8,4
E511,VEB-9,2
E511,mel,46
E511,hp1181,4
E511,Pseudomonas_aeruginosa_emrE,3
E511,chrB,3
E511,tetA(48),82
E511,LRA,6
E511,farA,4
E511,farB,4
E511,OXA-47,2
E511,MdtK,1
E511,dfrA20,8
E511,opcM,25
E511,dfrA21,9
E511,dfrA22,9
E511,MCR-1.2,10
E511,MCR-1.3,5
E511,MCR-1.4,5
E511,dfrA24,1
E511,YojI,9
E511,MCR-1.5,5
E511,dfrA25,8
E511,MCR-1.6,5
E511,MCR-1.7,5
E511,MCR-1.8,5
E511,MCR-1.9,5
E511,dfrA29,6
E511,mtrA,110
E511,mtrD,3
E511,mtrE,98
E511,lmrA,4
E511,Erm(44),1
E511,lmrB,71
E511,lmrC,41
E511,lmrD,45
E511,NmcR,4
E511,mtrR,17
E511,LCR-1,3
E511,pgpB,3
E511,PEDO-1,1
E511,PEDO-2,1
E511,CTX-M,16
E511,erm(35),1
E511,bcrA,2979
E511,multidrug_ABC_transporter,2878
E511,SHV-121,5
E511,PvrR,24
E511,cipA,2
E511,otrA,27
E511,PSE-1,4
E511,otrC,20
E511,arr-4,4
E511,arr-5,4
E511,arr-7,4
E511,arr-8,4
E511,marR,181
E511,CARB,13
E511,aph(6)-I,25
E511,aph(3')-I,15
E511,vanA,135
E511,vanB,152
E511,vanC,50
E511,vanD,207
E511,vanE,25
E511,vanG,72
E511,vanH,354
E511,vanI,8
E511,CPS-1,1
E511,aph(3')-V,3
E511,vanL,10
E511,CMY-77,3
E511,vanM,4
E511,vanN,12
E511,optrA,92
E511,OXA-251,5
E511,vanR,2526
E511,vanS,1050
E511,vanT,77
E511,vanU,5
E511,OXA-256,5
E511,vanW,16
E511,ugd,15
E511,vanX,25
E511,vanY,115
E511,OXA-1,1
E511,vanZ,1
E511,OXA-4,2
E511,acrA,115
E511,acrB,305
E511,tet(W/N/W),10
E511,acrD,4
E511,acrF,3
E511,cpxA,24
E511,ADC-80,1
E511,tetB(46),23
E511,sul1,123
E511,aac(3)-II,1
E511,ADC-41,1
E511,sul2,158
E511,ADC-42,1
E511,sul3,20
E511,ADC-43,1
E511,sul4,18
E511,ykkC,71
E511,ADC-44,1
E511,ykkD,39
E511,MCR-1.10,5
E511,MCR-1.11,5
E511,vanWI,2
E511,MCR-1.12,5
E511,MCR-1.13,5
E511,vanKI,2
E511,kasugamycin_resistance_protein_ksgA,365
E511,rpoB2,47
E511,tetA(60),22
E511,cob(I)alamin_adenolsyltransferase,150
E511,cat_chloramphenicol_acetyltransferase,74
E511,TLA-1,2
E511,TLA-2,2
E511,TLA-3,2
E511,oleB,63
E511,Enterococcus,2
E511,oleC,90
E511,antibiotic_resistance_rRNA_adenine_methyltransferase,11
E511,SHV-89,5
E511,eptA,6
E511,CTX-M-20,1
E511,mphA,6
E511,mphC,3
E511,mphD,1
E511,CTX-M-24,2
E511,mphE,1
E511,CTX-M-67,2
E511,mphG,1
E511,CTX-M-141,1
E511,Burkholderia_pseudomallei_Omp38,7
E511,mphI,1
E511,LpeB,14
E511,mdtA,158
E511,mdtB,714
E511,mdtC,381
E511,mdtD,118
E511,mdtE,68
E511,mdtF,37
E511,mdtG,31
E511,Salmonella,3
E511,CatU,3
E511,mdtK,203
E511,mdtN,3
E511,mdtP,13
E520,aph(3'')-I,4
E520,OXA,216
E520,CMY-132,6
E520,chloramphenicol_and_florfenicol_resistance,14
E520,CMY-133,29
E520,OXA-10,8
E520,OXA-11,4
E520,bacA,725
E520,OXA-14,7
E520,chloramphenicol_exporter,127
E520,OXA-16,7
E520,OXA-17,5
E520,AER-1,4
E520,OXY,3
E520,basS,50
E520,Type_A_NfxB,2
E520,mycinamicin-resistance_protein_myrB,1
E520,kdpE,52
E520,lsaA,1
E520,lsaC,9
E520,lsaE,26
E520,ADP-ribosylating_transferase_arr,5
E520,OXA-454,7
E520,OXA-140,8
E520,OXA-142,4
E520,OpmB,2
E520,OpmD,2
E520,tlrB_conferring_tylosin_resistance,3
E520,mefA,85
E520,mefC,1
E520,catA8,1
E520,puromycin_resistance_protein,6
E520,abeM,2
E520,catII,2
E520,clbA,13
E520,clbB,12
E520,clbC,18
E520,abeS,7
E520,AAC(6')-30/AAC(6')-Ib',2
E520,macA,480
E520,qacA,6
E520,macB,6886
E520,qacB,21
E520,rphA,9
E520,rphB,13
E520,transcriptional_regulatory_protein_CpxR_cpxR,486
E520,qacG,24
E520,qacH,10
E520,Vibrio_cholerae_varG,1
E520,MIR,6
E520,vgaA,185
E520,vgaB,57
E520,vgaC,4
E520,vgaD,42
E520,vgaE,45
E520,viomycin_phosphotransferase,6
E520,CMY-40,12
E520,CMY-42,6
E520,CMY-44,15
E520,lnuB,6
E520,CMY-46,6
E520,EmrB-QacA_family_major_facilitator_transporter,62
E520,lnuF,2
E520,lnuG,2
E520,OXA-224,8
E520,bpeF,50
E520,penA,692
E520,arlS,29
E520,efpA,6
E520,plasmid-encoded,1
E520,fosB,4
E520,otr(B),3
E520,ADC-12,1
E520,Listeria_monocytogenes_mprF,1
E520,ADC-13,1
E520,VatI,8
E520,ADC-14,1
E520,cmlA,12
E520,vanHB,17
E520,ErmB,6
E520,ADC-16,1
E520,ErmC,7
E520,ADC-17,1
E520,vanTG,22
E520,tet(42),1
E520,ADC-19,1
E520,vanTrL,20
E520,TEM,3
E520,fosX,21
E520,cdeA,3
E520,BIL-1,6
E520,catA,24
E520,catB,81
E520,ErmT,4
E520,catD,2
E520,catI,1
E520,QnrC,1
E520,dfrA15b,11
E520,catQ,2
E520,PBP-1A,548
E520,PBP-1B,91
E520,tet32,61
E520,tet34,90
E520,tet35,3
E520,tet36,19
E520,tet37,2
E520,SHV-12,5
E520,tet39,1
E520,msrA,310
E520,msrC,259
E520,SHV-99,5
E520,msbA,59
E520,msrE,30
E520,CTX-M-31,1
E520,CTX-M-74,1
E520,CTX-M-33,3
E520,CTX-M-75,1
E520,CTX-M-35,1
E520,CTX-M-76,1
E520,ampC,20
E520,CTX-M-77,1
E520,Escherichia_coli_mdfA,1
E520,CTX-M-112,2
E520,evgS,93
E520,CTX-M-113,2
E520,CTX-M-115,1
E520,RTG-4,6
E520,RTG-5,3
E520,adeA,6
E520,adeB,157
E520,adeC,48
E520,adeF,8
E520,aadA,45
E520,adeH,7
E520,adeI,4
E520,adeJ,21
E520,adeK,14
E520,adeL,39
E520,fmtC,47
E520,TriA,3
E520,adeN,1
E520,ACC-5,1
E520,TriC,10
E520,adeR,40
E520,adeS,25
E520,TolC,659
E520,vanXYL,2
E520,CMY-102,9
E520,tetA(46),47
E520,catB10,3
E520,CMY-108,18
E520,ceoB,45
E520,RlmA(II),5
E520,rosA,50
E520,rosB,606
E520,aph(3')-IIb,4
E520,Staphylococcys,4
E520,opmD,4
E520,Staphylococcus,3
E520,ADC-2,1
E520,opmE,2
E520,ADC-3,1
E520,ADC-5,1
E520,ADC-7,1
E520,ompF,406
E520,ADC-8,1
E520,sdiA,58
E520,ompR,1143
E520,salA,44
E520,APH(6)-Id,1
E520,CMX,64
E520,Acinetobacter_baumannii_ampC_beta-lactamase,1
E520,Erm(42),1
E520,OprA,15
E520,aadA25,1
E520,Brucella_suis_mprF,4
E520,bcr-1,11
E520,mef(B),4
E520,sdeY,4
E520,Vibrio_cholerae_OmpU,3
E520,DNA-binding_transcriptional_regulator_gadX,56
E520,gadW,2
E520,gadX,8
E520,patA,70
E520,catB3,7
E520,patB,11
E520,mecA,99
E520,mecB,4
E520,mecC,9
E520,mecD,3
E520,aac(3)-Ib-aac(6')-Ib,1
E520,OprZ,5
E520,poxtA,76
E520,SHV-140,10
E520,AAC(6')-Ib-cr,4
E520,metallo-beta-lactamase,37
E520,SHV-104,10
E520,ANT(3'')-Ii-AAC(6')-IId,12
E520,catIII,2
E520,SHV,14
E520,TaeA,92
E520,MexJ,5
E520,CTX-M-2,1
E520,MexK,21
E520,MexL,1
E520,CTX-M-4,1
E520,CTX-M-5,1
E520,CTX-M-6,1
E520,CTX-M-7,1
E520,vatA,1
E520,MexS,5
E520,vatB,26
E520,vatC,5
E520,MexV,11
E520,vatD,3
E520,vatE,17
E520,vatF,4
E520,vatG,5
E520,MexZ,1
E520,CMY-53,6
E520,CMY-12,24
E520,ermA,8
E520,CMY-95,3
E520,CMY-13,6
E520,ermB,25
E520,CMY-14,3
E520,CMY-55,6
E520,ermC,16
E520,CMY-56,6
E520,CMY-15,6
E520,CMY-16,3
E520,CMY-57,3
E520,ermE,2
E520,CMY-99,3
E520,CMY-17,6
E520,ermF,7
E520,ermG,5
E520,truncated_putative_response_regulator_ArlR,388
E520,Mrx,1
E520,OXA-233,3
E520,bacterial_regulatory_protein_LuxR,28
E520,efmA,1
E520,ermT,9
E520,CMY-2,9
E520,CMY-4,3
E520,CMY-5,6
E520,CMY-6,3
E520,CMY-7,7
E520,vanYA,2
E520,ADC-20,1
E520,ADC-21,1
E520,ADC-22,1
E520,ADC-25,1
E520,cmeA,1
E520,cmeB,247
E520,Staphylococcus_mupA_conferring_resistance_to_mupirocin,32
E520,floR,52
E520,srmB,72
E520,cystathionine_beta-lyase_patB,161
E520,major_facilitator_superfamily_transporter,72
E520,tet41,1
E520,tet43,2
E520,golS,17
E520,tet44,18
E520,SHV-62,10
E520,MCR-1,22
E520,MCR-2,11
E520,MCR-3,13
E520,SHV-25,5
E520,MCR-4,13
E520,MCR-5,12
E520,tolC,22
E520,OXA-663,8
E520,CTX-M-82,3
E520,CTX-M-43,1
E520,CTX-M-84,2
E520,OXA-392,6
E520,CTX-M-44,1
E520,LlmA_23S_ribosomal_RNA_methyltransferase,2
E520,class_A,61
E520,class_B,13
E520,PBP-2X,133
E520,tlcC,55
E520,class_C,249
E520,CTX-M-121,2
E520,APH(3')-Ia,1
E520,CTX-M-124,1
E520,linG,2
E520,CTX-M-129,2
E520,mdfA,101
E520,aac(6')-I,17
E520,tet(59),1
E520,R39,1
E520,CMY-111,3
E520,CMY-118,38
E520,aac(6')-30-aac(6')-Ib',1
E520,OXA-31,7
E520,cmlA1,18
E520,oprA,27
E520,OXA-33,8
E520,OXA-74,3
E520,oprC,11
E520,cmlA4,18
E520,cmlA5,18
E520,cmlA6,18
E520,oprJ,122
E520,smeB,35
E520,LEN,11
E520,smeC,17
E520,smeD,2
E520,oprM,335
E520,smeE,22
E520,oprN,152
E520,smeF,104
E520,two-component_system_response_regulator_EvgA,8
E520,baeR,82
E520,dfrA12,199
E520,baeS,58
E520,dfrA13,17
E520,dfrA14,40
E520,dfrA15,20
E520,dfrA16,5
E520,CRP,10
E520,dfrA17,12
E520,smeR,71
E520,smeS,62
E520,FOX,14
E520,ant(3'')-Ih-aac(6')-IId,6
E520,QepA1,7
E520,CfxA2,29
E520,QepA2,7
E520,CfxA3,2
E520,mexA,114
E520,mexB,76
E520,CfxA6,3
E520,mexC,44
E520,mepA,126
E520,mexD,273
E520,mexE,265
E520,mexF,498
E520,erm(34),1
E520,aadA9,1
E520,mexH,168
E520,mexI,61
E520,AxyX,1
E520,AxyY,3
E520,abcA,3
E520,mexM,1
E520,mexN,13
E520,tetB(60),26
E520,mexP,2
E520,mexQ,10
E520,dfrA1,35
E520,dfrA3,21
E520,mexT,177
E520,dfrA5,21
E520,AAC(6')-Ib10,3
E520,VEB-1b,1
E520,mexW,319
E520,mexX,162
E520,dfrA8,5
E520,mexY,11
E520,AcrE,2
E520,SHV-111,5
E520,AcrF,10
E520,PmrF,15
E520,SHV-159,5
E520,cfrC,14
E520,oqxA,5
E520,oqxB,10
E520,AcrS,12
E520,ICR-Mc,11
E520,OKP-A,13
E520,MOX,9
E520,ramA,7
E520,dfrC,20
E520,dfrD,17
E520,dfrE,13
E520,dfrF,11
E520,dfrG,16
E520,CMY-61,7
E520,CMY-20,9
E520,CMY-21,18
E520,CMY-63,9
E520,CMY-22,10
E520,arnA,607
E520,Escherichia_coli_mipA,3
E520,CMY-64,9
E520,CMY-23,6
E520,dfrK,17
E520,CMY-24,1
E520,CMY-25,3
E520,ACT,4
E520,CMY-69,3
E520,CMY-28,15
E520,CMY-29,21
E520,OXA-240,6
E520,OXA-246,6
E520,tetA,87
E520,tetB,60
E520,tetC,2
E520,efrA,44
E520,tetD,11
E520,tetE,6
E520,efrB,34
E520,tetG,3
E520,lsa,672
E520,tetL,8
E520,tetM,248
E520,tetO,190
E520,tetP,107
E520,tetQ,105
E520,MuxA,1
E520,tetR,171
E520,MuxB,10
E520,tetS,30
E520,MuxC,16
E520,tetT,59
E520,ADC-74,1
E520,tetW,509
E520,ADC-75,1
E520,cmrA,9
E520,ADC-76,1
E520,ADC-77,1
E520,bicyclomycin-multidrug_efflux_protein_bcr,551
E520,ADC-78,1
E520,ADC-79,1
E520,ADC-39,1
E520,qepA,28
E520,vanRI,95
E520,Serratia_marcescens_Omp1,20
E520,Klebsiella_pneumoniae_OmpK35,3
E520,Klebsiella_pneumoniae_OmpK36,19
E520,Klebsiella_pneumoniae_OmpK37,13
E520,CFE-1,2
E520,porin_OmpC,16
E520,carA,95
E520,DNA-binding_protein_H-NS,110
E520,myrA,4
E520,Lactobacillus,1
E520,AAC(6')-Ib',1
E520,hmrM,2
E520,SHV-71,2
E520,lrfA,6
E520,Bacillus_Cluster_B_intrinsic_mph,1
E520,APH(3')-IIa,1
E520,cAMP-regulatory_protein,176
E520,mecR1,48
E520,AAC(6')-Ib4,1
E520,CTX-M-50,1
E520,CTX-M-92,1
E520,NPS-1,1
E520,OXA-320,8
E520,AAC(6')-Ib7,5
E520,emrA,468
E520,CTX-M-95,1
E520,AAC(6')-Ib8,5
E520,amrB,43
E520,emrB,583
E520,AAC(6')-Ib9,3
E520,CTX-M-56,1
E520,emrD,250
E520,CTX-M-16,2
E520,CTX-M-98,2
E520,emrE,97
E520,CTX-M-131,2
E520,CTX-M-59,1
E520,OXA-368,2
E520,emrK,45
E520,tcmA,45
E520,mdsA,5
E520,mdsB,12
E520,mdsC,18
E520,emrR,3
E520,VEB-1,3
E520,VEB-2,2
E520,VEB-3,2
E520,VEB-4,1
E520,VEB-5,1
E520,emrY,1
E520,VEB-6,1
E520,VEB-7,1
E520,HERA-1,3
E520,VEB-8,1
E520,VEB-9,1
E520,mel,52
E520,hp1181,8
E520,Pseudomonas_aeruginosa_emrE,6
E520,chrB,4
E520,tetA(48),84
E520,LRA,4
E520,farA,1
E520,farB,3
E520,OCH,4
E520,OXA-47,6
E520,MdtK,4
E520,dfrA20,8
E520,opcM,41
E520,dfrA21,19
E520,dfrA22,19
E520,MCR-1.2,22
E520,MCR-1.3,11
E520,MCR-1.4,11
E520,dfrA24,1
E520,YojI,19
E520,MCR-1.5,11
E520,dfrA25,13
E520,MCR-1.6,11
E520,MCR-1.7,11
E520,MCR-1.8,11
E520,dfrA29,10
E520,MCR-1.9,11
E520,mtrA,110
E520,blaR1,12
E520,mtrC,1
E520,mtrD,6
E520,mtrE,110
E520,lmrA,5
E520,lmrB,14
E520,Erm(44),2
E520,lmrC,63
E520,lmrD,38
E520,NmcR,20
E520,mtrR,146
E520,LCR-1,2
E520,PEDO-1,1
E520,lmrP,1
E520,CTX-M,14
E520,erm(35),2
E520,blaI,4
E520,RSA-2,1
E520,bcrA,3289
E520,bcrC,4
E520,tet(K),6
E520,Toho-1,1
E520,multidrug_ABC_transporter,3487
E520,SHV-121,5
E520,PvrR,56
E520,cipA,4
E520,omp36,77
E520,SHV-164,5
E520,SHV-165,5
E520,SHV-167,5
E520,marA,7
E520,otrA,14
E520,PSE-1,8
E520,otrC,18
E520,arr-4,1
E520,arr-5,1
E520,arr-7,1
E520,arr-8,1
E520,QnrA1,1
E520,QnrA2,1
E520,PER,9
E520,QnrA3,1
E520,Bacillus_Cluster_A_intrinsic_mph,1
E520,QnrA4,1
E520,marR,149
E520,QnrA5,1
E520,QnrA6,1
E520,QnrA7,1
E520,CARB,29
E520,aph(6)-I,25
E520,aph(3')-I,14
E520,vanA,129
E520,vanB,95
E520,vanC,59
E520,vanD,250
E520,vanE,26
E520,vanG,51
E520,vanH,439
E520,vanI,12
E520,CMY-34,6
E520,CMY-35,1
E520,aph(3')-V,3
E520,vanL,8
E520,CMY-77,9
E520,CMY-36,3
E520,vanM,6
E520,CMY-37,4
E520,vanN,8
E520,CMY-38,12
E520,optrA,79
E520,TEM-207,3
E520,OXA-251,5
E520,vanR,2611
E520,vanS,753
E520,vanT,101
E520,vanU,5
E520,OXA-256,6
E520,vanX,23
E520,ugd,9
E520,vanY,56
E520,OXA-1,8
E520,OXA-4,8
E520,acrA,265
E520,acrB,821
E520,QnrVC1,1
E520,tet(W/N/W),12
E520,acrD,13
E520,QnrVC3,1
E520,QnrVC4,1
E520,acrF,10
E520,QnrVC5,1
E520,QnrVC6,1
E520,QnrVC7,1
E520,norB,18
E520,cpxA,53
E520,ADC-80,1
E520,tetB(46),37
E520,sul1,31
E520,ADC-41,1
E520,sul2,276
E520,sul3,24
E520,ADC-43,1
E520,sul4,18
E520,ykkC,80
E520,ykkD,22
E520,LAT-1,3
E520,MCR-1.10,11
E520,MCR-1.11,11
E520,MCR-1.12,11
E520,MCR-1.13,11
E520,kasugamycin_resistance_protein_ksgA,533
E520,rpoB2,34
E520,tetA(60),38
E520,cob(I)alamin_adenolsyltransferase,325
E520,cat_chloramphenicol_acetyltransferase,37
E520,TLA-1,2
E520,rifampin_monooxygenase,5
E520,TLA-2,1
E520,TLA-3,2
E520,oleB,61
E520,Enterococcus,1
E520,oleC,94
E520,antibiotic_resistance_rRNA_adenine_methyltransferase,11
E520,SHV-80,5
E520,SHV-41,5
E520,SHV-42,5
E520,SHV-89,5
E520,eptA,13
E520,CTX-M-20,1
E520,tcr3,2
E520,mphA,18
E520,CTX-M-21,2
E520,mphB,1
E520,mphC,3
E520,mphD,3
E520,mphE,1
E520,CTX-M-67,2
E520,mphG,3
E520,CTX-M-141,1
E520,CTX-M-27,2
E520,Burkholderia_pseudomallei_Omp38,3
E520,mphI,1
E520,LpeB,22
E520,mdtA,185
E520,mdtB,494
E520,mdtC,437
E520,mdtD,299
E520,mdtE,91
E520,mdtF,172
E520,Escherichia_coli_LamB,18
E520,mdtG,150
E520,mdtH,75
E520,Salmonella,15
E520,CatU,1
E520,mdtK,490
E520,mdtL,128
E520,mdtM,75
E520,mdtN,390
E520,mdtO,75
E520,mdtP,180
E522,aph(3'')-I,3
E522,OXA,9
E522,chloramphenicol_and_florfenicol_resistance,13
E522,bacA,225
E522,chloramphenicol_exporter,9
E522,AER-1,1
E522,basS,28
E522,mycinamicin-resistance_protein_myrB,1
E522,EdeQ,1
E522,kdpE,42
E522,lsaC,6
E522,lsaE,6
E522,ADP-ribosylating_transferase_arr,20
E522,tlrB_conferring_tylosin_resistance,3
E522,OpmH,1
E522,AAC(6')-Ib,4
E522,mefA,4
E522,erm(36),1
E522,catA8,1
E522,tet(L),4
E522,puromycin_resistance_protein,17
E522,catII,1
E522,clbA,11
E522,clbB,13
E522,clbC,11
E522,abeS,4
E522,AAC(6')-30/AAC(6')-Ib',2
E522,macA,41
E522,qacA,10
E522,macB,4408
E522,qacB,38
E522,rphA,5
E522,rphB,8
E522,transcriptional_regulatory_protein_CpxR_cpxR,229
E522,qacG,7
E522,blt,2
E522,qacH,4
E522,vgaA,137
E522,vgaB,29
E522,vgaD,21
E522,vgaE,24
E522,lnuD,1
E522,EmrB-QacA_family_major_facilitator_transporter,115
E522,bpeF,4
E522,penA,322
E522,arlS,14
E522,efpA,9
E522,plasmid-encoded,1
E522,otr(B),7
E522,VatI,1
E522,ADC-56,1
E522,vanHB,7
E522,cmlA,9
E522,vanTG,6
E522,vanTrL,6
E522,catA,2
E522,catB,35
E522,ErmU,1
E522,catD,2
E522,ErmX,2
E522,catI,1
E522,catP,1
E522,dfrA15b,9
E522,catQ,1
E522,PBP-1A,167
E522,PBP-1B,43
E522,tet31,1
E522,tet32,32
E522,catV,1
E522,tet35,1
E522,tet36,4
E522,msrA,207
E522,msrC,130
E522,msbA,26
E522,msrE,20
E522,Erm(30),1
E522,ampC,1
E522,evgS,50
E522,RTG-4,2
E522,RTG-5,1
E522,adeB,69
E522,adeC,5
E522,adeH,2
E522,adeI,1
E522,adeK,4
E522,adeL,2
E522,TriB,2
E522,TriC,7
E522,adeR,30
E522,adeS,13
E522,TolC,144
E522,vanXYL,1
E522,tetA(46),25
E522,catB10,2
E522,ceoB,4
E522,rosB,88
E522,ADC-1,1
E522,Staphylococcys,10
E522,ADC-2,1
E522,ADC-5,1
E522,ADC-6,1
E522,ADC-7,1
E522,ompR,583
E522,salA,19
E522,Acinetobacter_baumannii_ampC_beta-lactamase,1
E522,OprA,1
E522,bcr-1,3
E522,mef(B),2
E522,patA,34
E522,catB3,2
E522,patB,7
E522,mecA,58
E522,mecB,4
E522,mecC,1
E522,mecD,3
E522,MSI-1,1
E522,OprZ,1
E522,poxtA,43
E522,chloramphenicol_and_florfenicol_exporter,3
E522,catIII,1
E522,TaeA,54
E522,MexJ,2
E522,MexK,13
E522,MexS,2
E522,vatE,4
E522,vatG,1
E522,ermA,1
E522,ereA,19
E522,ereB,2
E522,ermE,1
E522,ermF,6
E522,ermH,2
E522,truncated_putative_response_regulator_ArlR,223
E522,bacterial_regulatory_protein_LuxR,21
E522,efmA,1
E522,ermX,24
E522,tetB(48),4
E522,ADC-61,1
E522,vanYA,1
E522,ADC-25,1
E522,cmeB,115
E522,Staphylococcus_mupA_conferring_resistance_to_mupirocin,19
E522,floR,15
E522,srmB,50
E522,cystathionine_beta-lyase_patB,74
E522,aac(6')-31,5
E522,major_facilitator_superfamily_transporter,87
E522,tet41,1
E522,tet43,8
E522,golS,1
E522,tet44,12
E522,SHV-62,5
E522,MCR-1,2
E522,MCR-2,1
E522,MCR-3,1
E522,SHV-25,5
E522,MCR-4,1
E522,MCR-5,1
E522,tolC,4
E522,class_A,3
E522,LlmA_23S_ribosomal_RNA_methyltransferase,3
E522,PBP-2X,1
E522,tlcC,51
E522,class_C,9
E522,APH(3')-Ia,1
E522,aac(6')-I,13
E522,aac(6')-30-aac(6')-Ib',1
E522,oprA,2
E522,cmlA1,3
E522,oprC,4
E522,cmlA4,3
E522,cmlA5,3
E522,cmlA6,3
E522,oprJ,9
E522,smeC,1
E522,oprM,42
E522,smeE,8
E522,oprN,46
E522,smeF,8
E522,two-component_system_response_regulator_EvgA,5
E522,baeR,44
E522,dfrA12,185
E522,baeS,44
E522,dfrA13,14
E522,dfrA14,42
E522,dfrA15,10
E522,dfrA16,2
E522,CRP,3
E522,dfrA17,19
E522,smeR,52
E522,smeS,43
E522,Erm(43),1
E522,ant(3'')-Ih-aac(6')-IId,3
E522,QepA1,12
E522,QepA2,16
E522,mexA,40
E522,mexB,18
E522,mepA,3
E522,mexD,63
E522,mexE,5
E522,erm(38),3
E522,mexF,128
E522,thiostrepton_resistance_methylase_tsnR,1
E522,mexI,6
E522,AxyY,1
E522,abcA,3
E522,mexN,5
E522,tetB(60),8
E522,mexQ,1
E522,dfrA1,33
E522,dfrA3,18
E522,mexT,14
E522,dfrA5,20
E522,AAC(6')-Ib10,3
E522,mexW,79
E522,dfrA7,4
E522,mexX,20
E522,dfrA8,3
E522,mexY,5
E522,AcrE,1
E522,PmrF,8
E522,PDC,24
E522,SHV-159,5
E522,cfrC,13
E522,oqxB,5
E522,ICR-Mc,1
E522,dfrC,15
E522,dfrD,13
E522,dfrE,3
E522,TRU-1,1
E522,dfrF,6
E522,dfrG,14
E522,arnA,152
E522,dfrK,17
E522,RbpA,6
E522,tetA,9
E522,tetB,49
E522,efrA,18
E522,efrB,13
E522,tetH,2
E522,lsa,379
E522,tetJ,4
E522,tetL,14
E522,tetM,195
E522,tetO,91
E522,tetP,89
E522,tetQ,45
E522,tetR,25
E522,MuxB,5
E522,tetS,19
E522,MuxC,8
E522,tetT,38
E522,ADC-31,1
E522,tetV,49
E522,tetW,350
E522,ADC-74,1
E522,ADC-75,1
E522,ADC-76,1
E522,bicyclomycin-multidrug_efflux_protein_bcr,78
E522,tetZ,1
E522,ADC-77,1
E522,ADC-78,1
E522,ADC-79,1
E522,qepA,59
E522,vanRI,52
E522,carA,54
E522,myrA,2
E522,Lactobacillus,1
E522,AAC(6')-Ib',1
E522,lrfA,14
E522,cAMP-regulatory_protein,53
E522,AAC(6')-Ib3,4
E522,AAC(6')-Ib4,4
E522,AAC(6')-Ib7,5
E522,amrB,34
E522,emrB,147
E522,AAC(6')-Ib9,3
E522,emrD,56
E522,emrE,43
E522,tcmA,63
E522,mdsC,5
E522,emrY,5
E522,HERA-1,1
E522,mel,20
E522,hp1181,3
E522,Pseudomonas_aeruginosa_emrE,4
E522,chrB,2
E522,tetA(48),80
E522,LRA,1
E522,farB,1
E522,dfrA20,2
E522,opcM,45
E522,dfrA21,16
E522,dfrA22,16
E522,MCR-1.2,2
E522,MCR-1.3,1
E522,YojI,3
E522,MCR-1.4,1
E522,dfrA25,7
E522,MCR-1.5,1
E522,MCR-1.6,1
E522,MCR-1.7,1
E522,MCR-1.8,1
E522,MCR-1.9,1
E522,mtrA,71
E522,dfrA29,7
E522,lmrA,16
E522,lmrB,50
E522,lmrC,27
E522,lmrD,15
E522,NmcR,2
E522,erm(39),1
E522,erm(31),1
E522,bcrA,2407
E522,tet(K),6
E522,dfrB1,9
E522,dfrB2,8
E522,dfrB3,4
E522,multidrug_ABC_transporter,1951
E522,dfrA2d,4
E522,dfrB6,5
E522,SHV-121,5
E522,PvrR,5
E522,cipA,6
E522,otrA,9
E522,PSE-1,4
E522,otrC,31
E522,arr-4,4
E522,arr-5,4
E522,arr-7,4
E522,arr-8,4
E522,CARB,13
E522,aph(6)-I,7
E522,aph(3')-I,10
E522,vanA,71
E522,vanB,146
E522,vanC,28
E522,vanD,120
E522,vanE,6
E522,vanG,29
E522,vanH,136
E522,vanI,9
E522,vanL,5
E522,vanM,5
E522,vanN,4
E522,optrA,53
E522,vanR,1079
E522,vanS,286
E522,vanT,26
E522,ugd,7
E522,vanX,20
E522,vanY,25
E522,acrA,9
E522,acrB,125
E522,tet(W/N/W),7
E522,acrD,4
E522,norA,10
E522,norB,49
E522,cpxA,23
E522,tetB(46),11
E522,sul2,238
E522,sul3,7
E522,sul4,15
E522,ykkC,16
E522,ykkD,5
E522,MCR-1.10,1
E522,MCR-1.11,1
E522,MCR-1.12,1
E522,MCR-1.13,1
E522,vanKI,3
E522,kasugamycin_resistance_protein_ksgA,32
E522,rpoB2,27
E522,tetA(60),20
E522,cob(I)alamin_adenolsyltransferase,151
E522,cat_chloramphenicol_acetyltransferase,24
E522,rifampin_monooxygenase,42
E522,oleB,51
E522,Enterococcus,1
E522,oleC,74
E522,antibiotic_resistance_rRNA_adenine_methyltransferase,9
E522,aac(6')-II,2
E522,SHV-89,5
E522,eptA,1
E522,tcr3,7
E522,LpeB,3
E522,mdtB,191
E522,mdtC,84
E522,mdtD,62
E522,mdtE,30
E522,mdtF,22
E522,Salmonella,3
E522,CatU,1
E522,mdtK,25
E522,mdtL,24
E522,mdtM,4
