E105	E105_20581	36	species	Escherichia coli	2	2	1	0.950	d_Bacteria;p_Proteobacteria;c_Gammaproteobacteria;o_Enterobacterales;f_Enterobacteriaceae;g_Escherichia;s_Escherichia coli
E105	E105_23269	36	species	Escherichia coli	3	3	2	0.980	d_Bacteria;p_Proteobacteria;c_Gammaproteobacteria;o_Enterobacterales;f_Enterobacteriaceae;g_Escherichia;s_Escherichia coli
E105	E105_17122	36	species	Escherichia coli	2	2	1	0.500	d_Bacteria;p_Proteobacteria;c_Gammaproteobacteria;o_Enterobacterales;f_Enterobacteriaceae;g_Escherichia;s_Escherichia coli
E105	E105_24132	36	species	Escherichia coli	5	5	1	0.790	d_Bacteria;p_Proteobacteria;c_Gammaproteobacteria;o_Enterobacterales;f_Enterobacteriaceae;g_Escherichia;s_Escherichia coli
E105	E105_22682	1291	species	Enterobacter chengduensis	4	4	1	0.910	d_Bacteria;p_Proteobacteria;c_Gammaproteobacteria;o_Enterobacterales;f_Enterobacteriaceae;g_Enterobacter;s_Enterobacter chengduensis
E105	E105_16187	36	species	Escherichia coli	2	2	1	0.500	d_Bacteria;p_Proteobacteria;c_Gammaproteobacteria;o_Enterobacterales;f_Enterobacteriaceae;g_Escherichia;s_Escherichia coli
E105	E105_18907	2301	species	Enterobacter cloacae I	1	1	1	1.000	d_Bacteria;p_Proteobacteria;c_Gammaproteobacteria;o_Enterobacterales;f_Enterobacteriaceae;g_Enterobacter;s_Enterobacter cloacae I
E105	E105_9574	2301	species	Enterobacter cloacae I	1	1	1	1.000	d_Bacteria;p_Proteobacteria;c_Gammaproteobacteria;o_Enterobacterales;f_Enterobacteriaceae;g_Enterobacter;s_Enterobacter cloacae I
E105	E105_9313	55282	species	Enterobacter sp013927005	4	2	2	1.000	d_Bacteria;p_Proteobacteria;c_Gammaproteobacteria;o_Enterobacterales;f_Enterobacteriaceae;g_Enterobacter;s_Enterobacter sp013927005
E105	E105_23241	36	species	Escherichia coli	3	2	1	0.970	d_Bacteria;p_Proteobacteria;c_Gammaproteobacteria;o_Enterobacterales;f_Enterobacteriaceae;g_Escherichia;s_Escherichia coli
E105	E105_17686	36	species	Escherichia coli	1	1	1	1.000	d_Bacteria;p_Proteobacteria;c_Gammaproteobacteria;o_Enterobacterales;f_Enterobacteriaceae;g_Escherichia;s_Escherichia coli
E105	E105_22038	36	species	Escherichia coli	2	2	1	0.930	d_Bacteria;p_Proteobacteria;c_Gammaproteobacteria;o_Enterobacterales;f_Enterobacteriaceae;g_Escherichia;s_Escherichia coli
E105	E105_20241	36	species	Escherichia coli	2	2	1	0.500	d_Bacteria;p_Proteobacteria;c_Gammaproteobacteria;o_Enterobacterales;f_Enterobacteriaceae;g_Escherichia;s_Escherichia coli
E105	E105_23430	19431	species	Enterobacter huaxiensis	2	2	1	0.980	d_Bacteria;p_Proteobacteria;c_Gammaproteobacteria;o_Enterobacterales;f_Enterobacteriaceae;g_Enterobacter;s_Enterobacter huaxiensis
E105	E105_18312	55282	species	Enterobacter sp013927005	6	6	2	0.860	d_Bacteria;p_Proteobacteria;c_Gammaproteobacteria;o_Enterobacterales;f_Enterobacteriaceae;g_Enterobacter;s_Enterobacter sp013927005
E105	E105_24648	36	species	Escherichia coli	2	2	1	0.500	d_Bacteria;p_Proteobacteria;c_Gammaproteobacteria;o_Enterobacterales;f_Enterobacteriaceae;g_Escherichia;s_Escherichia coli
E105	E105_13213	70	species	Enterobacter hormaechei A	3	2	1	0.500	d_Bacteria;p_Proteobacteria;c_Gammaproteobacteria;o_Enterobacterales;f_Enterobacteriaceae;g_Enterobacter;s_Enterobacter hormaechei A
E105	E105_9603	36	species	Escherichia coli	4	4	2	0.500	d_Bacteria;p_Proteobacteria;c_Gammaproteobacteria;o_Enterobacterales;f_Enterobacteriaceae;g_Escherichia;s_Escherichia coli
E105	E105_4165	292	species	Enterobacter kobei	6	6	3	0.590	d_Bacteria;p_Proteobacteria;c_Gammaproteobacteria;o_Enterobacterales;f_Enterobacteriaceae;g_Enterobacter;s_Enterobacter kobei
E105	E105_22309	36	species	Escherichia coli	2	2	1	0.500	d_Bacteria;p_Proteobacteria;c_Gammaproteobacteria;o_Enterobacterales;f_Enterobacteriaceae;g_Escherichia;s_Escherichia coli
E105	E105_24453	36	species	Escherichia coli	1	1	1	1.000	d_Bacteria;p_Proteobacteria;c_Gammaproteobacteria;o_Enterobacterales;f_Enterobacteriaceae;g_Escherichia;s_Escherichia coli
E105	E105_23667	36	species	Escherichia coli	1	1	1	1.000	d_Bacteria;p_Proteobacteria;c_Gammaproteobacteria;o_Enterobacterales;f_Enterobacteriaceae;g_Escherichia;s_Escherichia coli
E105	E105_23511	70	species	Enterobacter hormaechei A	2	2	1	0.910	d_Bacteria;p_Proteobacteria;c_Gammaproteobacteria;o_Enterobacterales;f_Enterobacteriaceae;g_Enterobacter;s_Enterobacter hormaechei A
E105	E105_20639	287	species	Enterobacter cloacae	4	4	1	0.870	d_Bacteria;p_Proteobacteria;c_Gammaproteobacteria;o_Enterobacterales;f_Enterobacteriaceae;g_Enterobacter;s_Enterobacter cloacae
E111	E111_14485	36	species	Escherichia coli	3	3	2	0.670	d_Bacteria;p_Proteobacteria;c_Gammaproteobacteria;o_Enterobacterales;f_Enterobacteriaceae;g_Escherichia;s_Escherichia coli
E111	E111_18805	18	species	Klebsiella pneumoniae	2	2	1	0.980	d_Bacteria;p_Proteobacteria;c_Gammaproteobacteria;o_Enterobacterales;f_Enterobacteriaceae;g_Klebsiella;s_Klebsiella pneumoniae
E111	E111_22837	18	species	Klebsiella pneumoniae	2	2	2	1.000	d_Bacteria;p_Proteobacteria;c_Gammaproteobacteria;o_Enterobacterales;f_Enterobacteriaceae;g_Klebsiella;s_Klebsiella pneumoniae
E111	E111_1718	36	species	Escherichia coli	12	12	4	0.560	d_Bacteria;p_Proteobacteria;c_Gammaproteobacteria;o_Enterobacterales;f_Enterobacteriaceae;g_Escherichia;s_Escherichia coli
E111	E111_6838	36	species	Escherichia coli	3	3	2	0.670	d_Bacteria;p_Proteobacteria;c_Gammaproteobacteria;o_Enterobacterales;f_Enterobacteriaceae;g_Escherichia;s_Escherichia coli
E111	E111_7030	36	species	Escherichia coli	4	3	2	0.670	d_Bacteria;p_Proteobacteria;c_Gammaproteobacteria;o_Enterobacterales;f_Enterobacteriaceae;g_Escherichia;s_Escherichia coli
E111	E111_10742	36	species	Escherichia coli	4	4	2	0.660	d_Bacteria;p_Proteobacteria;c_Gammaproteobacteria;o_Enterobacterales;f_Enterobacteriaceae;g_Escherichia;s_Escherichia coli
E111	E111_19158	18	species	Klebsiella pneumoniae	3	3	2	0.990	d_Bacteria;p_Proteobacteria;c_Gammaproteobacteria;o_Enterobacterales;f_Enterobacteriaceae;g_Klebsiella;s_Klebsiella pneumoniae
E111	E111_21654	18	species	Klebsiella pneumoniae	1	1	1	1.000	d_Bacteria;p_Proteobacteria;c_Gammaproteobacteria;o_Enterobacterales;f_Enterobacteriaceae;g_Klebsiella;s_Klebsiella pneumoniae
E111	E111_22284	17704	species	Enterobacter cloacae P	5	4	1	0.860	d_Bacteria;p_Proteobacteria;c_Gammaproteobacteria;o_Enterobacterales;f_Enterobacteriaceae;g_Enterobacter;s_Enterobacter cloacae P
E111	E111_6605	36	species	Escherichia coli	5	4	3	0.970	d_Bacteria;p_Proteobacteria;c_Gammaproteobacteria;o_Enterobacterales;f_Enterobacteriaceae;g_Escherichia;s_Escherichia coli
E111	E111_25935	18	species	Klebsiella pneumoniae	2	2	1	0.500	d_Bacteria;p_Proteobacteria;c_Gammaproteobacteria;o_Enterobacterales;f_Enterobacteriaceae;g_Klebsiella;s_Klebsiella pneumoniae
E111	E111_16560	36	species	Escherichia coli	2	2	1	0.500	d_Bacteria;p_Proteobacteria;c_Gammaproteobacteria;o_Enterobacterales;f_Enterobacteriaceae;g_Escherichia;s_Escherichia coli
E111	E111_17488	36	species	Escherichia coli	2	2	1	0.960	d_Bacteria;p_Proteobacteria;c_Gammaproteobacteria;o_Enterobacterales;f_Enterobacteriaceae;g_Escherichia;s_Escherichia coli
E111	E111_2686	36	species	Escherichia coli	8	7	3	0.580	d_Bacteria;p_Proteobacteria;c_Gammaproteobacteria;o_Enterobacterales;f_Enterobacteriaceae;g_Escherichia;s_Escherichia coli
E111	E111_13604	18	species	Klebsiella pneumoniae	2	2	2	1.000	d_Bacteria;p_Proteobacteria;c_Gammaproteobacteria;o_Enterobacterales;f_Enterobacteriaceae;g_Klebsiella;s_Klebsiella pneumoniae
E111	E111_8780	36	species	Escherichia coli	4	4	4	1.000	d_Bacteria;p_Proteobacteria;c_Gammaproteobacteria;o_Enterobacterales;f_Enterobacteriaceae;g_Escherichia;s_Escherichia coli
E111	E111_11788	36	species	Escherichia coli	2	2	2	1.000	d_Bacteria;p_Proteobacteria;c_Gammaproteobacteria;o_Enterobacterales;f_Enterobacteriaceae;g_Escherichia;s_Escherichia coli
E111	E111_13100	36	species	Escherichia coli	3	2	2	1.000	d_Bacteria;p_Proteobacteria;c_Gammaproteobacteria;o_Enterobacterales;f_Enterobacteriaceae;g_Escherichia;s_Escherichia coli
E111	E111_16332	35	species	Acinetobacter baumannii	2	2	1	0.910	d_Bacteria;p_Proteobacteria;c_Gammaproteobacteria;o_Pseudomonadales;f_Moraxellaceae;g_Acinetobacter;s_Acinetobacter baumannii
E111	E111_19244	36	species	Escherichia coli	3	3	2	0.670	d_Bacteria;p_Proteobacteria;c_Gammaproteobacteria;o_Enterobacterales;f_Enterobacteriaceae;g_Escherichia;s_Escherichia coli
E111	E111_2698	36	species	Escherichia coli	6	6	4	0.670	d_Bacteria;p_Proteobacteria;c_Gammaproteobacteria;o_Enterobacterales;f_Enterobacteriaceae;g_Escherichia;s_Escherichia coli
E111	E111_11290	36	species	Escherichia coli	4	3	1	0.940	d_Bacteria;p_Proteobacteria;c_Gammaproteobacteria;o_Enterobacterales;f_Enterobacteriaceae;g_Escherichia;s_Escherichia coli
E111	E111_17242	18	species	Klebsiella pneumoniae	2	2	2	1.000	d_Bacteria;p_Proteobacteria;c_Gammaproteobacteria;o_Enterobacterales;f_Enterobacteriaceae;g_Klebsiella;s_Klebsiella pneumoniae
E111	E111_22682	18	species	Klebsiella pneumoniae	2	2	1	0.920	d_Bacteria;p_Proteobacteria;c_Gammaproteobacteria;o_Enterobacterales;f_Enterobacteriaceae;g_Klebsiella;s_Klebsiella pneumoniae
E111	E111_25050	18	species	Klebsiella pneumoniae	2	2	1	0.910	d_Bacteria;p_Proteobacteria;c_Gammaproteobacteria;o_Enterobacterales;f_Enterobacteriaceae;g_Klebsiella;s_Klebsiella pneumoniae
E111	E111_6887	36	species	Escherichia coli	4	4	2	0.500	d_Bacteria;p_Proteobacteria;c_Gammaproteobacteria;o_Enterobacterales;f_Enterobacteriaceae;g_Escherichia;s_Escherichia coli
E111	E111_9790	36	species	Escherichia coli	5	5	2	0.650	d_Bacteria;p_Proteobacteria;c_Gammaproteobacteria;o_Enterobacterales;f_Enterobacteriaceae;g_Escherichia;s_Escherichia coli
E111	E111_19806	36	species	Escherichia coli	2	2	2	1.000	d_Bacteria;p_Proteobacteria;c_Gammaproteobacteria;o_Enterobacterales;f_Enterobacteriaceae;g_Escherichia;s_Escherichia coli
E111	E111_20798	18	species	Klebsiella pneumoniae	3	3	2	0.510	d_Bacteria;p_Proteobacteria;c_Gammaproteobacteria;o_Enterobacterales;f_Enterobacteriaceae;g_Klebsiella;s_Klebsiella pneumoniae
E111	E111_20099	36	species	Escherichia coli	2	2	2	1.000	d_Bacteria;p_Proteobacteria;c_Gammaproteobacteria;o_Enterobacterales;f_Enterobacteriaceae;g_Escherichia;s_Escherichia coli
E111	E111_20739	36	species	Escherichia coli	1	1	1	1.000	d_Bacteria;p_Proteobacteria;c_Gammaproteobacteria;o_Enterobacterales;f_Enterobacteriaceae;g_Escherichia;s_Escherichia coli
E111	E111_22467	18	species	Klebsiella pneumoniae	1	1	1	1.000	d_Bacteria;p_Proteobacteria;c_Gammaproteobacteria;o_Enterobacterales;f_Enterobacteriaceae;g_Klebsiella;s_Klebsiella pneumoniae
E111	E111_24963	18	species	Klebsiella pneumoniae	2	2	1	0.910	d_Bacteria;p_Proteobacteria;c_Gammaproteobacteria;o_Enterobacterales;f_Enterobacteriaceae;g_Klebsiella;s_Klebsiella pneumoniae
E111	E111_17575	36	species	Escherichia coli	3	3	1	0.890	d_Bacteria;p_Proteobacteria;c_Gammaproteobacteria;o_Enterobacterales;f_Enterobacteriaceae;g_Escherichia;s_Escherichia coli
E111	E111_5369	36	species	Escherichia coli	5	4	2	0.500	d_Bacteria;p_Proteobacteria;c_Gammaproteobacteria;o_Enterobacterales;f_Enterobacteriaceae;g_Escherichia;s_Escherichia coli
E111	E111_12217	36	species	Escherichia coli	3	3	2	0.970	d_Bacteria;p_Proteobacteria;c_Gammaproteobacteria;o_Enterobacterales;f_Enterobacteriaceae;g_Escherichia;s_Escherichia coli
E111	E111_19545	36	species	Escherichia coli	2	2	2	1.000	d_Bacteria;p_Proteobacteria;c_Gammaproteobacteria;o_Enterobacterales;f_Enterobacteriaceae;g_Escherichia;s_Escherichia coli
E111	E111_23897	18	species	Klebsiella pneumoniae	1	1	1	1.000	d_Bacteria;p_Proteobacteria;c_Gammaproteobacteria;o_Enterobacterales;f_Enterobacteriaceae;g_Klebsiella;s_Klebsiella pneumoniae
E111	E111_24377	18	species	Klebsiella pneumoniae	2	2	1	0.920	d_Bacteria;p_Proteobacteria;c_Gammaproteobacteria;o_Enterobacterales;f_Enterobacteriaceae;g_Klebsiella;s_Klebsiella pneumoniae
E111	E111_20477	36	species	Escherichia coli	1	1	1	1.000	d_Bacteria;p_Proteobacteria;c_Gammaproteobacteria;o_Enterobacterales;f_Enterobacteriaceae;g_Escherichia;s_Escherichia coli
E111	E111_22109	36	species	Escherichia coli	2	2	1	0.500	d_Bacteria;p_Proteobacteria;c_Gammaproteobacteria;o_Enterobacterales;f_Enterobacteriaceae;g_Escherichia;s_Escherichia coli
E111	E111_4919	36	species	Escherichia coli	4	4	3	0.750	d_Bacteria;p_Proteobacteria;c_Gammaproteobacteria;o_Enterobacterales;f_Enterobacteriaceae;g_Escherichia;s_Escherichia coli
E111	E111_12515	18	species	Klebsiella pneumoniae	4	4	2	0.940	d_Bacteria;p_Proteobacteria;c_Gammaproteobacteria;o_Enterobacterales;f_Enterobacteriaceae;g_Klebsiella;s_Klebsiella pneumoniae
E111	E111_19914	36	species	Escherichia coli	3	3	2	0.520	d_Bacteria;p_Proteobacteria;c_Gammaproteobacteria;o_Enterobacterales;f_Enterobacteriaceae;g_Escherichia;s_Escherichia coli
E111	E111_25418	18	species	Klebsiella pneumoniae	1	1	1	1.000	d_Bacteria;p_Proteobacteria;c_Gammaproteobacteria;o_Enterobacterales;f_Enterobacteriaceae;g_Klebsiella;s_Klebsiella pneumoniae
E111	E111_17611	36	species	Escherichia coli	1	1	1	1.000	d_Bacteria;p_Proteobacteria;c_Gammaproteobacteria;o_Enterobacterales;f_Enterobacteriaceae;g_Escherichia;s_Escherichia coli
E111	E111_24875	18	species	Klebsiella pneumoniae	2	2	1	0.500	d_Bacteria;p_Proteobacteria;c_Gammaproteobacteria;o_Enterobacterales;f_Enterobacteriaceae;g_Klebsiella;s_Klebsiella pneumoniae
E111	E111_25835	36	species	Escherichia coli	2	2	1	0.970	d_Bacteria;p_Proteobacteria;c_Gammaproteobacteria;o_Enterobacterales;f_Enterobacteriaceae;g_Escherichia;s_Escherichia coli
E111	E111_23374	18	species	Klebsiella pneumoniae	2	2	2	1.000	d_Bacteria;p_Proteobacteria;c_Gammaproteobacteria;o_Enterobacterales;f_Enterobacteriaceae;g_Klebsiella;s_Klebsiella pneumoniae
E111	E111_25518	36	species	Escherichia coli	6	6	1	0.830	d_Bacteria;p_Proteobacteria;c_Gammaproteobacteria;o_Enterobacterales;f_Enterobacteriaceae;g_Escherichia;s_Escherichia coli
E111	E111_17617	36	species	Escherichia coli	3	3	3	1.000	d_Bacteria;p_Proteobacteria;c_Gammaproteobacteria;o_Enterobacterales;f_Enterobacteriaceae;g_Escherichia;s_Escherichia coli
E111	E111_20561	36	species	Escherichia coli	3	3	1	0.840	d_Bacteria;p_Proteobacteria;c_Gammaproteobacteria;o_Enterobacterales;f_Enterobacteriaceae;g_Escherichia;s_Escherichia coli
E111	E111_7410	36	species	Escherichia coli	5	5	5	1.000	d_Bacteria;p_Proteobacteria;c_Gammaproteobacteria;o_Enterobacterales;f_Enterobacteriaceae;g_Escherichia;s_Escherichia coli
E111	E111_9298	36	species	Escherichia coli	5	5	2	0.930	d_Bacteria;p_Proteobacteria;c_Gammaproteobacteria;o_Enterobacterales;f_Enterobacteriaceae;g_Escherichia;s_Escherichia coli
E111	E111_26008	18	species	Klebsiella pneumoniae	2	2	1	0.920	d_Bacteria;p_Proteobacteria;c_Gammaproteobacteria;o_Enterobacterales;f_Enterobacteriaceae;g_Klebsiella;s_Klebsiella pneumoniae
E111	E111_12882	36	species	Escherichia coli	4	3	3	1.000	d_Bacteria;p_Proteobacteria;c_Gammaproteobacteria;o_Enterobacterales;f_Enterobacteriaceae;g_Escherichia;s_Escherichia coli
E111	E111_25810	18	species	Klebsiella pneumoniae	2	2	1	0.940	d_Bacteria;p_Proteobacteria;c_Gammaproteobacteria;o_Enterobacterales;f_Enterobacteriaceae;g_Klebsiella;s_Klebsiella pneumoniae
E111	E111_8948	36	species	Escherichia coli	4	4	4	1.000	d_Bacteria;p_Proteobacteria;c_Gammaproteobacteria;o_Enterobacterales;f_Enterobacteriaceae;g_Escherichia;s_Escherichia coli
E111	E111_16852	55282	species	Enterobacter sp013927005	10	9	1	0.720	d_Bacteria;p_Proteobacteria;c_Gammaproteobacteria;o_Enterobacterales;f_Enterobacteriaceae;g_Enterobacter;s_Enterobacter sp013927005
E111	E111_8719	36	species	Escherichia coli	4	4	3	0.670	d_Bacteria;p_Proteobacteria;c_Gammaproteobacteria;o_Enterobacterales;f_Enterobacteriaceae;g_Escherichia;s_Escherichia coli
E111	E111_10287	36	species	Escherichia coli	5	5	2	0.640	d_Bacteria;p_Proteobacteria;c_Gammaproteobacteria;o_Enterobacterales;f_Enterobacteriaceae;g_Escherichia;s_Escherichia coli
E111	E111_12495	18	species	Klebsiella pneumoniae	4	1	1	1.000	d_Bacteria;p_Proteobacteria;c_Gammaproteobacteria;o_Enterobacterales;f_Enterobacteriaceae;g_Klebsiella;s_Klebsiella pneumoniae
E111	E111_15560	18	species	Klebsiella pneumoniae	2	2	2	1.000	d_Bacteria;p_Proteobacteria;c_Gammaproteobacteria;o_Enterobacterales;f_Enterobacteriaceae;g_Klebsiella;s_Klebsiella pneumoniae
E111	E111_16808	18	species	Klebsiella pneumoniae	1	1	1	1.000	d_Bacteria;p_Proteobacteria;c_Gammaproteobacteria;o_Enterobacterales;f_Enterobacteriaceae;g_Klebsiella;s_Klebsiella pneumoniae
E111	E111_18760	55282	species	Enterobacter sp013927005	3	3	2	0.670	d_Bacteria;p_Proteobacteria;c_Gammaproteobacteria;o_Enterobacterales;f_Enterobacteriaceae;g_Enterobacter;s_Enterobacter sp013927005
E111	E111_23656	18	species	Klebsiella pneumoniae	2	2	1	0.940	d_Bacteria;p_Proteobacteria;c_Gammaproteobacteria;o_Enterobacterales;f_Enterobacteriaceae;g_Klebsiella;s_Klebsiella pneumoniae
E111	E111_10337	36	species	Escherichia coli	3	3	3	1.000	d_Bacteria;p_Proteobacteria;c_Gammaproteobacteria;o_Enterobacterales;f_Enterobacteriaceae;g_Escherichia;s_Escherichia coli
E111	E111_11969	36	species	Escherichia coli	8	8	1	0.760	d_Bacteria;p_Proteobacteria;c_Gammaproteobacteria;o_Enterobacterales;f_Enterobacteriaceae;g_Escherichia;s_Escherichia coli
E111	E111_18465	36	species	Escherichia coli	2	2	2	1.000	d_Bacteria;p_Proteobacteria;c_Gammaproteobacteria;o_Enterobacterales;f_Enterobacteriaceae;g_Escherichia;s_Escherichia coli
E111	E111_20386	36	species	Escherichia coli	1	1	1	1.000	d_Bacteria;p_Proteobacteria;c_Gammaproteobacteria;o_Enterobacterales;f_Enterobacteriaceae;g_Escherichia;s_Escherichia coli
E111	E111_25669	36	species	Escherichia coli	1	1	1	1.000	d_Bacteria;p_Proteobacteria;c_Gammaproteobacteria;o_Enterobacterales;f_Enterobacteriaceae;g_Escherichia;s_Escherichia coli
E111	E111_20308	36	species	Escherichia coli	2	2	1	0.930	d_Bacteria;p_Proteobacteria;c_Gammaproteobacteria;o_Enterobacterales;f_Enterobacteriaceae;g_Escherichia;s_Escherichia coli
E111	E111_21204	36	species	Escherichia coli	2	1	1	1.000	d_Bacteria;p_Proteobacteria;c_Gammaproteobacteria;o_Enterobacterales;f_Enterobacteriaceae;g_Escherichia;s_Escherichia coli
E111	E111_23124	18	species	Klebsiella pneumoniae	2	2	1	0.940	d_Bacteria;p_Proteobacteria;c_Gammaproteobacteria;o_Enterobacterales;f_Enterobacteriaceae;g_Klebsiella;s_Klebsiella pneumoniae
E111	E111_25160	18	species	Klebsiella pneumoniae	2	2	1	0.930	d_Bacteria;p_Proteobacteria;c_Gammaproteobacteria;o_Enterobacterales;f_Enterobacteriaceae;g_Klebsiella;s_Klebsiella pneumoniae
E111	E111_7017	36	species	Escherichia coli	5	5	5	1.000	d_Bacteria;p_Proteobacteria;c_Gammaproteobacteria;o_Enterobacterales;f_Enterobacteriaceae;g_Escherichia;s_Escherichia coli
E111	E111_9801	36	species	Escherichia coli	3	3	2	0.670	d_Bacteria;p_Proteobacteria;c_Gammaproteobacteria;o_Enterobacterales;f_Enterobacteriaceae;g_Escherichia;s_Escherichia coli
E111	E111_13929	36	species	Escherichia coli	2	2	2	1.000	d_Bacteria;p_Proteobacteria;c_Gammaproteobacteria;o_Enterobacterales;f_Enterobacteriaceae;g_Escherichia;s_Escherichia coli
E111	E111_14153	36	species	Escherichia coli	5	5	2	0.640	d_Bacteria;p_Proteobacteria;c_Gammaproteobacteria;o_Enterobacterales;f_Enterobacteriaceae;g_Escherichia;s_Escherichia coli
E111	E111_14793	36	species	Escherichia coli	2	1	1	1.000	d_Bacteria;p_Proteobacteria;c_Gammaproteobacteria;o_Enterobacterales;f_Enterobacteriaceae;g_Escherichia;s_Escherichia coli
E111	E111_15913	36	species	Escherichia coli	3	3	3	1.000	d_Bacteria;p_Proteobacteria;c_Gammaproteobacteria;o_Enterobacterales;f_Enterobacteriaceae;g_Escherichia;s_Escherichia coli
E111	E111_18761	18	species	Klebsiella pneumoniae	2	1	1	1.000	d_Bacteria;p_Proteobacteria;c_Gammaproteobacteria;o_Enterobacterales;f_Enterobacteriaceae;g_Klebsiella;s_Klebsiella pneumoniae
E111	E111_6468	36	species	Escherichia coli	4	4	4	1.000	d_Bacteria;p_Proteobacteria;c_Gammaproteobacteria;o_Enterobacterales;f_Enterobacteriaceae;g_Escherichia;s_Escherichia coli
E111	E111_18468	36	species	Escherichia coli	4	4	2	0.960	d_Bacteria;p_Proteobacteria;c_Gammaproteobacteria;o_Enterobacterales;f_Enterobacteriaceae;g_Escherichia;s_Escherichia coli
E111	E111_20228	36	species	Escherichia coli	1	1	1	1.000	d_Bacteria;p_Proteobacteria;c_Gammaproteobacteria;o_Enterobacterales;f_Enterobacteriaceae;g_Escherichia;s_Escherichia coli
E111	E111_20932	36	species	Escherichia coli	1	1	1	1.000	d_Bacteria;p_Proteobacteria;c_Gammaproteobacteria;o_Enterobacterales;f_Enterobacteriaceae;g_Escherichia;s_Escherichia coli
E111	E111_12832	36	species	Escherichia coli	5	5	2	0.940	d_Bacteria;p_Proteobacteria;c_Gammaproteobacteria;o_Enterobacterales;f_Enterobacteriaceae;g_Escherichia;s_Escherichia coli
E111	E111_15808	36	species	Escherichia coli	2	2	1	0.500	d_Bacteria;p_Proteobacteria;c_Gammaproteobacteria;o_Enterobacterales;f_Enterobacteriaceae;g_Escherichia;s_Escherichia coli
E111	E111_20032	36	species	Escherichia coli	1	1	1	1.000	d_Bacteria;p_Proteobacteria;c_Gammaproteobacteria;o_Enterobacterales;f_Enterobacteriaceae;g_Escherichia;s_Escherichia coli
E111	E111_25440	18	species	Klebsiella pneumoniae	3	2	1	0.500	d_Bacteria;p_Proteobacteria;c_Gammaproteobacteria;o_Enterobacterales;f_Enterobacteriaceae;g_Klebsiella;s_Klebsiella pneumoniae
E111	E111_19149	36	species	Escherichia coli	2	2	1	0.500	d_Bacteria;p_Proteobacteria;c_Gammaproteobacteria;o_Enterobacterales;f_Enterobacteriaceae;g_Escherichia;s_Escherichia coli
E111	E111_20525	18	species	Klebsiella pneumoniae	4	4	2	0.650	d_Bacteria;p_Proteobacteria;c_Gammaproteobacteria;o_Enterobacterales;f_Enterobacteriaceae;g_Klebsiella;s_Klebsiella pneumoniae
E111	E111_21165	18	species	Klebsiella pneumoniae	3	3	2	0.970	d_Bacteria;p_Proteobacteria;c_Gammaproteobacteria;o_Enterobacterales;f_Enterobacteriaceae;g_Klebsiella;s_Klebsiella pneumoniae
E111	E111_13211	18	species	Klebsiella pneumoniae	9	7	1	0.770	d_Bacteria;p_Proteobacteria;c_Gammaproteobacteria;o_Enterobacterales;f_Enterobacteriaceae;g_Klebsiella;s_Klebsiella pneumoniae
E111	E111_5601	36	species	Escherichia coli	3	2	1	0.990	d_Bacteria;p_Proteobacteria;c_Gammaproteobacteria;o_Enterobacterales;f_Enterobacteriaceae;g_Escherichia;s_Escherichia coli
E111	E111_21026	18	species	Klebsiella pneumoniae	3	2	1	0.500	d_Bacteria;p_Proteobacteria;c_Gammaproteobacteria;o_Enterobacterales;f_Enterobacteriaceae;g_Klebsiella;s_Klebsiella pneumoniae
E111	E111_2300	36	species	Escherichia coli	16	16	6	0.670	d_Bacteria;p_Proteobacteria;c_Gammaproteobacteria;o_Enterobacterales;f_Enterobacteriaceae;g_Escherichia;s_Escherichia coli
E111	E111_9852	36	species	Escherichia coli	4	4	2	0.500	d_Bacteria;p_Proteobacteria;c_Gammaproteobacteria;o_Enterobacterales;f_Enterobacteriaceae;g_Escherichia;s_Escherichia coli
E111	E111_16764	1868	species	Enterobacter sichuanensis	3	2	1	0.500	d_Bacteria;p_Proteobacteria;c_Gammaproteobacteria;o_Enterobacterales;f_Enterobacteriaceae;g_Enterobacter;s_Enterobacter sichuanensis
E111	E111_20861	36	species	Escherichia coli	2	2	1	0.500	d_Bacteria;p_Proteobacteria;c_Gammaproteobacteria;o_Enterobacterales;f_Enterobacteriaceae;g_Escherichia;s_Escherichia coli
E111	E111_24412	18	species	Klebsiella pneumoniae	3	3	1	0.900	d_Bacteria;p_Proteobacteria;c_Gammaproteobacteria;o_Enterobacterales;f_Enterobacteriaceae;g_Klebsiella;s_Klebsiella pneumoniae
E111	E111_13823	36	species	Escherichia coli	2	2	1	0.500	d_Bacteria;p_Proteobacteria;c_Gammaproteobacteria;o_Enterobacterales;f_Enterobacteriaceae;g_Escherichia;s_Escherichia coli
E111	E111_23775	17704	species	Enterobacter cloacae P	3	2	1	0.500	d_Bacteria;p_Proteobacteria;c_Gammaproteobacteria;o_Enterobacterales;f_Enterobacteriaceae;g_Enterobacter;s_Enterobacter cloacae P
E111	E111_24191	36	species	Escherichia coli	2	2	1	0.500	d_Bacteria;p_Proteobacteria;c_Gammaproteobacteria;o_Enterobacterales;f_Enterobacteriaceae;g_Escherichia;s_Escherichia coli
E111	E111_24255	36	species	Escherichia coli	2	2	2	1.000	d_Bacteria;p_Proteobacteria;c_Gammaproteobacteria;o_Enterobacterales;f_Enterobacteriaceae;g_Escherichia;s_Escherichia coli
E111	E111_26271	18	species	Klebsiella pneumoniae	2	2	2	1.000	d_Bacteria;p_Proteobacteria;c_Gammaproteobacteria;o_Enterobacterales;f_Enterobacteriaceae;g_Klebsiella;s_Klebsiella pneumoniae
E111	E111_18327	1868	species	Enterobacter sichuanensis	5	5	1	0.860	d_Bacteria;p_Proteobacteria;c_Gammaproteobacteria;o_Enterobacterales;f_Enterobacteriaceae;g_Enterobacter;s_Enterobacter sichuanensis
E111	E111_18423	18	species	Klebsiella pneumoniae	2	2	2	1.000	d_Bacteria;p_Proteobacteria;c_Gammaproteobacteria;o_Enterobacterales;f_Enterobacteriaceae;g_Klebsiella;s_Klebsiella pneumoniae
E111	E111_19735	36	species	Escherichia coli	2	1	1	1.000	d_Bacteria;p_Proteobacteria;c_Gammaproteobacteria;o_Enterobacterales;f_Enterobacteriaceae;g_Escherichia;s_Escherichia coli
E111	E111_25495	18	species	Klebsiella pneumoniae	1	1	1	1.000	d_Bacteria;p_Proteobacteria;c_Gammaproteobacteria;o_Enterobacterales;f_Enterobacteriaceae;g_Klebsiella;s_Klebsiella pneumoniae
E111	E111_24740	36	species	Escherichia coli	2	2	1	0.500	d_Bacteria;p_Proteobacteria;c_Gammaproteobacteria;o_Enterobacterales;f_Enterobacteriaceae;g_Escherichia;s_Escherichia coli
E111	E111_26148	18	species	Klebsiella pneumoniae	2	2	1	0.500	d_Bacteria;p_Proteobacteria;c_Gammaproteobacteria;o_Enterobacterales;f_Enterobacteriaceae;g_Klebsiella;s_Klebsiella pneumoniae
E111	E111_11557	36	species	Escherichia coli	3	3	2	0.980	d_Bacteria;p_Proteobacteria;c_Gammaproteobacteria;o_Enterobacterales;f_Enterobacteriaceae;g_Escherichia;s_Escherichia coli
E111	E111_23813	18	species	Klebsiella pneumoniae	2	2	1	0.500	d_Bacteria;p_Proteobacteria;c_Gammaproteobacteria;o_Enterobacterales;f_Enterobacteriaceae;g_Klebsiella;s_Klebsiella pneumoniae
E111	E111_11494	36	species	Escherichia coli	2	2	2	1.000	d_Bacteria;p_Proteobacteria;c_Gammaproteobacteria;o_Enterobacterales;f_Enterobacteriaceae;g_Escherichia;s_Escherichia coli
E111	E111_13286	36	species	Escherichia coli	2	2	2	1.000	d_Bacteria;p_Proteobacteria;c_Gammaproteobacteria;o_Enterobacterales;f_Enterobacteriaceae;g_Escherichia;s_Escherichia coli
E111	E111_18918	18	species	Klebsiella pneumoniae	1	1	1	1.000	d_Bacteria;p_Proteobacteria;c_Gammaproteobacteria;o_Enterobacterales;f_Enterobacteriaceae;g_Klebsiella;s_Klebsiella pneumoniae
E111	E111_21990	1868	species	Enterobacter sichuanensis	6	5	1	0.890	d_Bacteria;p_Proteobacteria;c_Gammaproteobacteria;o_Enterobacterales;f_Enterobacteriaceae;g_Enterobacter;s_Enterobacter sichuanensis
E114	E114_15023	55282	species	Enterobacter sp013927005	1	1	1	1.000	d_Bacteria;p_Proteobacteria;c_Gammaproteobacteria;o_Enterobacterales;f_Enterobacteriaceae;g_Enterobacter;s_Enterobacter sp013927005
E114	E114_16502	9756	species	Enterobacter D sp001888805	1	1	1	1.000	d_Bacteria;p_Proteobacteria;c_Gammaproteobacteria;o_Enterobacterales;f_Enterobacteriaceae;g_Enterobacter D;s_Enterobacter D sp001888805
E115	E115_20383	17530	species	Enterobacter B lignolyticus	3	3	1	0.930	d_Bacteria;p_Proteobacteria;c_Gammaproteobacteria;o_Enterobacterales;f_Enterobacteriaceae;g_Enterobacter B;s_Enterobacter B lignolyticus
E115	E115_16678	36	species	Escherichia coli	1	1	1	1.000	d_Bacteria;p_Proteobacteria;c_Gammaproteobacteria;o_Enterobacterales;f_Enterobacteriaceae;g_Escherichia;s_Escherichia coli
E115	E115_19526	36	species	Escherichia coli	3	2	1	0.660	d_Bacteria;p_Proteobacteria;c_Gammaproteobacteria;o_Enterobacterales;f_Enterobacteriaceae;g_Escherichia;s_Escherichia coli
E115	E115_14407	36	species	Escherichia coli	1	1	1	1.000	d_Bacteria;p_Proteobacteria;c_Gammaproteobacteria;o_Enterobacterales;f_Enterobacteriaceae;g_Escherichia;s_Escherichia coli
E115	E115_14586	36	species	Escherichia coli	2	2	1	0.500	d_Bacteria;p_Proteobacteria;c_Gammaproteobacteria;o_Enterobacterales;f_Enterobacteriaceae;g_Escherichia;s_Escherichia coli
E115	E115_15412	36	species	Escherichia coli	1	1	1	1.000	d_Bacteria;p_Proteobacteria;c_Gammaproteobacteria;o_Enterobacterales;f_Enterobacteriaceae;g_Escherichia;s_Escherichia coli
E115	E115_9817	36	species	Escherichia coli	2	2	1	0.500	d_Bacteria;p_Proteobacteria;c_Gammaproteobacteria;o_Enterobacterales;f_Enterobacteriaceae;g_Escherichia;s_Escherichia coli
E115	E115_16946	36	species	Escherichia coli	3	3	1	0.940	d_Bacteria;p_Proteobacteria;c_Gammaproteobacteria;o_Enterobacterales;f_Enterobacteriaceae;g_Escherichia;s_Escherichia coli
E115	E115_19912	36	species	Escherichia coli	2	2	1	0.920	d_Bacteria;p_Proteobacteria;c_Gammaproteobacteria;o_Enterobacterales;f_Enterobacteriaceae;g_Escherichia;s_Escherichia coli
E115	E115_15338	36	species	Escherichia coli	2	2	1	0.500	d_Bacteria;p_Proteobacteria;c_Gammaproteobacteria;o_Enterobacterales;f_Enterobacteriaceae;g_Escherichia;s_Escherichia coli
E115	E115_12235	36	species	Escherichia coli	2	2	1	0.500	d_Bacteria;p_Proteobacteria;c_Gammaproteobacteria;o_Enterobacterales;f_Enterobacteriaceae;g_Escherichia;s_Escherichia coli
E115	E115_19083	17704	species	Enterobacter cloacae P	5	4	1	0.860	d_Bacteria;p_Proteobacteria;c_Gammaproteobacteria;o_Enterobacterales;f_Enterobacteriaceae;g_Enterobacter;s_Enterobacter cloacae P
E115	E115_16012	18	species	Klebsiella pneumoniae	1	1	1	1.000	d_Bacteria;p_Proteobacteria;c_Gammaproteobacteria;o_Enterobacterales;f_Enterobacteriaceae;g_Klebsiella;s_Klebsiella pneumoniae
E115	E115_19869	36	species	Escherichia coli	1	1	1	1.000	d_Bacteria;p_Proteobacteria;c_Gammaproteobacteria;o_Enterobacterales;f_Enterobacteriaceae;g_Escherichia;s_Escherichia coli
E115	E115_16391	36	species	Escherichia coli	3	3	2	0.670	d_Bacteria;p_Proteobacteria;c_Gammaproteobacteria;o_Enterobacterales;f_Enterobacteriaceae;g_Escherichia;s_Escherichia coli
E115	E115_13977	36	species	Escherichia coli	2	2	1	0.500	d_Bacteria;p_Proteobacteria;c_Gammaproteobacteria;o_Enterobacterales;f_Enterobacteriaceae;g_Escherichia;s_Escherichia coli
E115	E115_5621	36	species	Escherichia coli	4	2	1	0.500	d_Bacteria;p_Proteobacteria;c_Gammaproteobacteria;o_Enterobacterales;f_Enterobacteriaceae;g_Escherichia;s_Escherichia coli
E115	E115_7168	36	species	Escherichia coli	4	2	1	0.940	d_Bacteria;p_Proteobacteria;c_Gammaproteobacteria;o_Enterobacterales;f_Enterobacteriaceae;g_Escherichia;s_Escherichia coli
E115	E115_20303	36	species	Escherichia coli	2	2	1	0.970	d_Bacteria;p_Proteobacteria;c_Gammaproteobacteria;o_Enterobacterales;f_Enterobacteriaceae;g_Escherichia;s_Escherichia coli
E115	E115_15440	36	species	Escherichia coli	1	1	1	1.000	d_Bacteria;p_Proteobacteria;c_Gammaproteobacteria;o_Enterobacterales;f_Enterobacteriaceae;g_Escherichia;s_Escherichia coli
E115	E115_16672	36	species	Escherichia coli	2	1	1	1.000	d_Bacteria;p_Proteobacteria;c_Gammaproteobacteria;o_Enterobacterales;f_Enterobacteriaceae;g_Escherichia;s_Escherichia coli
E115	E115_8344	36	species	Escherichia coli	4	3	1	0.920	d_Bacteria;p_Proteobacteria;c_Gammaproteobacteria;o_Enterobacterales;f_Enterobacteriaceae;g_Escherichia;s_Escherichia coli
E115	E115_15377	36	species	Escherichia coli	2	2	1	0.500	d_Bacteria;p_Proteobacteria;c_Gammaproteobacteria;o_Enterobacterales;f_Enterobacteriaceae;g_Escherichia;s_Escherichia coli
E115	E115_21213	36	species	Escherichia coli	2	2	1	0.500	d_Bacteria;p_Proteobacteria;c_Gammaproteobacteria;o_Enterobacterales;f_Enterobacteriaceae;g_Escherichia;s_Escherichia coli
E115	E115_8979	36	species	Escherichia coli	2	2	1	0.500	d_Bacteria;p_Proteobacteria;c_Gammaproteobacteria;o_Enterobacterales;f_Enterobacteriaceae;g_Escherichia;s_Escherichia coli
E115	E115_13363	36	species	Escherichia coli	2	2	1	0.500	d_Bacteria;p_Proteobacteria;c_Gammaproteobacteria;o_Enterobacterales;f_Enterobacteriaceae;g_Escherichia;s_Escherichia coli
E115	E115_19894	36	species	Escherichia coli	2	2	1	0.970	d_Bacteria;p_Proteobacteria;c_Gammaproteobacteria;o_Enterobacterales;f_Enterobacteriaceae;g_Escherichia;s_Escherichia coli
E115	E115_19990	36	species	Escherichia coli	2	2	1	0.500	d_Bacteria;p_Proteobacteria;c_Gammaproteobacteria;o_Enterobacterales;f_Enterobacteriaceae;g_Escherichia;s_Escherichia coli
E115	E115_21164	36	species	Escherichia coli	8	8	1	0.820	d_Bacteria;p_Proteobacteria;c_Gammaproteobacteria;o_Enterobacterales;f_Enterobacteriaceae;g_Escherichia;s_Escherichia coli
E115	E115_20803	36	species	Escherichia coli	2	2	1	0.500	d_Bacteria;p_Proteobacteria;c_Gammaproteobacteria;o_Enterobacterales;f_Enterobacteriaceae;g_Escherichia;s_Escherichia coli
E115	E115_17705	36	species	Escherichia coli	1	1	1	1.000	d_Bacteria;p_Proteobacteria;c_Gammaproteobacteria;o_Enterobacterales;f_Enterobacteriaceae;g_Escherichia;s_Escherichia coli
E117	E117_24055	35	species	Acinetobacter baumannii	2	2	1	0.500	d_Bacteria;p_Proteobacteria;c_Gammaproteobacteria;o_Pseudomonadales;f_Moraxellaceae;g_Acinetobacter;s_Acinetobacter baumannii
E121	E121_16755	36	species	Escherichia coli	2	2	1	0.980	d_Bacteria;p_Proteobacteria;c_Gammaproteobacteria;o_Enterobacterales;f_Enterobacteriaceae;g_Escherichia;s_Escherichia coli
E121	E121_27091	36	species	Escherichia coli	1	1	1	1.000	d_Bacteria;p_Proteobacteria;c_Gammaproteobacteria;o_Enterobacterales;f_Enterobacteriaceae;g_Escherichia;s_Escherichia coli
E121	E121_28860	36	species	Escherichia coli	2	2	1	0.940	d_Bacteria;p_Proteobacteria;c_Gammaproteobacteria;o_Enterobacterales;f_Enterobacteriaceae;g_Escherichia;s_Escherichia coli
E121	E121_10731	36	species	Escherichia coli	2	2	1	0.500	d_Bacteria;p_Proteobacteria;c_Gammaproteobacteria;o_Enterobacterales;f_Enterobacteriaceae;g_Escherichia;s_Escherichia coli
E121	E121_13772	18	species	Klebsiella pneumoniae	5	4	2	0.660	d_Bacteria;p_Proteobacteria;c_Gammaproteobacteria;o_Enterobacterales;f_Enterobacteriaceae;g_Klebsiella;s_Klebsiella pneumoniae
E121	E121_25196	17704	species	Enterobacter cloacae P	1	1	1	1.000	d_Bacteria;p_Proteobacteria;c_Gammaproteobacteria;o_Enterobacterales;f_Enterobacteriaceae;g_Enterobacter;s_Enterobacter cloacae P
E121	E121_15310	36	species	Escherichia coli	3	2	1	0.500	d_Bacteria;p_Proteobacteria;c_Gammaproteobacteria;o_Enterobacterales;f_Enterobacteriaceae;g_Escherichia;s_Escherichia coli
E121	E121_2063	36	species	Escherichia coli	9	9	5	0.820	d_Bacteria;p_Proteobacteria;c_Gammaproteobacteria;o_Enterobacterales;f_Enterobacteriaceae;g_Escherichia;s_Escherichia coli
E121	E121_4250	36	species	Escherichia coli	9	9	7	0.820	d_Bacteria;p_Proteobacteria;c_Gammaproteobacteria;o_Enterobacterales;f_Enterobacteriaceae;g_Escherichia;s_Escherichia coli
E121	E121_19642	36	species	Escherichia coli	2	2	1	0.500	d_Bacteria;p_Proteobacteria;c_Gammaproteobacteria;o_Enterobacterales;f_Enterobacteriaceae;g_Escherichia;s_Escherichia coli
E121	E121_22298	36	species	Escherichia coli	2	2	1	0.500	d_Bacteria;p_Proteobacteria;c_Gammaproteobacteria;o_Enterobacterales;f_Enterobacteriaceae;g_Escherichia;s_Escherichia coli
E121	E121_6850	36	species	Escherichia coli	6	6	3	0.940	d_Bacteria;p_Proteobacteria;c_Gammaproteobacteria;o_Enterobacterales;f_Enterobacteriaceae;g_Escherichia;s_Escherichia coli
E121	E121_7010	36	species	Escherichia coli	3	2	1	0.500	d_Bacteria;p_Proteobacteria;c_Gammaproteobacteria;o_Enterobacterales;f_Enterobacteriaceae;g_Escherichia;s_Escherichia coli
E121	E121_25318	36	species	Escherichia coli	2	2	2	1.000	d_Bacteria;p_Proteobacteria;c_Gammaproteobacteria;o_Enterobacterales;f_Enterobacteriaceae;g_Escherichia;s_Escherichia coli
E121	E121_11623	409	species	Enterobacter ludwigii	4	3	1	0.940	d_Bacteria;p_Proteobacteria;c_Gammaproteobacteria;o_Enterobacterales;f_Enterobacteriaceae;g_Enterobacter;s_Enterobacter ludwigii
E121	E121_14119	36	species	Escherichia coli	2	2	1	0.500	d_Bacteria;p_Proteobacteria;c_Gammaproteobacteria;o_Enterobacterales;f_Enterobacteriaceae;g_Escherichia;s_Escherichia coli
E121	E121_26919	36	species	Escherichia coli	1	1	1	1.000	d_Bacteria;p_Proteobacteria;c_Gammaproteobacteria;o_Enterobacterales;f_Enterobacteriaceae;g_Escherichia;s_Escherichia coli
E121	E121_10666	36	species	Escherichia coli	2	1	1	1.000	d_Bacteria;p_Proteobacteria;c_Gammaproteobacteria;o_Enterobacterales;f_Enterobacteriaceae;g_Escherichia;s_Escherichia coli
E121	E121_21834	36	species	Escherichia coli	2	2	1	0.950	d_Bacteria;p_Proteobacteria;c_Gammaproteobacteria;o_Enterobacterales;f_Enterobacteriaceae;g_Escherichia;s_Escherichia coli
E121	E121_26282	36	species	Escherichia coli	2	2	2	1.000	d_Bacteria;p_Proteobacteria;c_Gammaproteobacteria;o_Enterobacterales;f_Enterobacteriaceae;g_Escherichia;s_Escherichia coli
E121	E121_12471	36	species	Escherichia coli	2	2	1	0.500	d_Bacteria;p_Proteobacteria;c_Gammaproteobacteria;o_Enterobacterales;f_Enterobacteriaceae;g_Escherichia;s_Escherichia coli
E121	E121_27191	36	species	Escherichia coli	2	2	1	0.500	d_Bacteria;p_Proteobacteria;c_Gammaproteobacteria;o_Enterobacterales;f_Enterobacteriaceae;g_Escherichia;s_Escherichia coli
E121	E121_19130	36	species	Escherichia coli	2	2	1	0.500	d_Bacteria;p_Proteobacteria;c_Gammaproteobacteria;o_Enterobacterales;f_Enterobacteriaceae;g_Escherichia;s_Escherichia coli
E121	E121_27194	36	species	Escherichia coli	2	2	1	0.920	d_Bacteria;p_Proteobacteria;c_Gammaproteobacteria;o_Enterobacterales;f_Enterobacteriaceae;g_Escherichia;s_Escherichia coli
E121	E121_8898	36	species	Escherichia coli	3	2	1	0.500	d_Bacteria;p_Proteobacteria;c_Gammaproteobacteria;o_Enterobacterales;f_Enterobacteriaceae;g_Escherichia;s_Escherichia coli
E121	E121_10402	36	species	Escherichia coli	3	3	3	1.000	d_Bacteria;p_Proteobacteria;c_Gammaproteobacteria;o_Enterobacterales;f_Enterobacteriaceae;g_Escherichia;s_Escherichia coli
E121	E121_22291	36	species	Escherichia coli	2	1	1	1.000	d_Bacteria;p_Proteobacteria;c_Gammaproteobacteria;o_Enterobacterales;f_Enterobacteriaceae;g_Escherichia;s_Escherichia coli
E121	E121_7345	36	species	Escherichia coli	6	5	2	0.640	d_Bacteria;p_Proteobacteria;c_Gammaproteobacteria;o_Enterobacterales;f_Enterobacteriaceae;g_Escherichia;s_Escherichia coli
E121	E121_11065	36	species	Escherichia coli	2	2	1	0.500	d_Bacteria;p_Proteobacteria;c_Gammaproteobacteria;o_Enterobacterales;f_Enterobacteriaceae;g_Escherichia;s_Escherichia coli
E121	E121_27961	17704	species	Enterobacter cloacae P	3	3	2	0.670	d_Bacteria;p_Proteobacteria;c_Gammaproteobacteria;o_Enterobacterales;f_Enterobacteriaceae;g_Enterobacter;s_Enterobacter cloacae P
E121	E121_22510	36	species	Escherichia coli	1	1	1	1.000	d_Bacteria;p_Proteobacteria;c_Gammaproteobacteria;o_Enterobacterales;f_Enterobacteriaceae;g_Escherichia;s_Escherichia coli
E121	E121_28944	36	species	Escherichia coli	1	1	1	1.000	d_Bacteria;p_Proteobacteria;c_Gammaproteobacteria;o_Enterobacterales;f_Enterobacteriaceae;g_Escherichia;s_Escherichia coli
E121	E121_7409	1903	species	Enterobacter hormaechei	10	6	3	0.510	d_Bacteria;p_Proteobacteria;c_Gammaproteobacteria;o_Enterobacterales;f_Enterobacteriaceae;g_Enterobacter;s_Enterobacter hormaechei
E121	E121_21611	36	species	Escherichia coli	2	2	1	0.500	d_Bacteria;p_Proteobacteria;c_Gammaproteobacteria;o_Enterobacterales;f_Enterobacteriaceae;g_Escherichia;s_Escherichia coli
E121	E121_23499	36	species	Escherichia coli	2	2	1	0.500	d_Bacteria;p_Proteobacteria;c_Gammaproteobacteria;o_Enterobacterales;f_Enterobacteriaceae;g_Escherichia;s_Escherichia coli
E121	E121_23244	17704	species	Enterobacter cloacae P	5	4	1	0.860	d_Bacteria;p_Proteobacteria;c_Gammaproteobacteria;o_Enterobacterales;f_Enterobacteriaceae;g_Enterobacter;s_Enterobacter cloacae P
E121	E121_27309	36	species	Escherichia coli	1	1	1	1.000	d_Bacteria;p_Proteobacteria;c_Gammaproteobacteria;o_Enterobacterales;f_Enterobacteriaceae;g_Escherichia;s_Escherichia coli
E121	E121_19209	36	species	Escherichia coli	2	2	1	0.950	d_Bacteria;p_Proteobacteria;c_Gammaproteobacteria;o_Enterobacterales;f_Enterobacteriaceae;g_Escherichia;s_Escherichia coli
E121	E121_28963	36	species	Escherichia coli	2	2	2	1.000	d_Bacteria;p_Proteobacteria;c_Gammaproteobacteria;o_Enterobacterales;f_Enterobacteriaceae;g_Escherichia;s_Escherichia coli
E121	E121_3460	36	species	Escherichia coli	7	6	4	0.670	d_Bacteria;p_Proteobacteria;c_Gammaproteobacteria;o_Enterobacterales;f_Enterobacteriaceae;g_Escherichia;s_Escherichia coli
E121	E121_9828	36	species	Escherichia coli	3	2	1	0.500	d_Bacteria;p_Proteobacteria;c_Gammaproteobacteria;o_Enterobacterales;f_Enterobacteriaceae;g_Escherichia;s_Escherichia coli
E121	E121_12804	36	species	Escherichia coli	5	5	3	0.510	d_Bacteria;p_Proteobacteria;c_Gammaproteobacteria;o_Enterobacterales;f_Enterobacteriaceae;g_Escherichia;s_Escherichia coli
E121	E121_19012	1868	species	Enterobacter sichuanensis	4	4	2	0.950	d_Bacteria;p_Proteobacteria;c_Gammaproteobacteria;o_Enterobacterales;f_Enterobacteriaceae;g_Enterobacter;s_Enterobacter sichuanensis
E121	E121_26468	17704	species	Enterobacter cloacae P	2	2	2	1.000	d_Bacteria;p_Proteobacteria;c_Gammaproteobacteria;o_Enterobacterales;f_Enterobacteriaceae;g_Enterobacter;s_Enterobacter cloacae P
E121	E121_3059	36	species	Escherichia coli	6	6	3	0.500	d_Bacteria;p_Proteobacteria;c_Gammaproteobacteria;o_Enterobacterales;f_Enterobacteriaceae;g_Escherichia;s_Escherichia coli
E121	E121_9460	36	species	Escherichia coli	5	5	2	0.510	d_Bacteria;p_Proteobacteria;c_Gammaproteobacteria;o_Enterobacterales;f_Enterobacteriaceae;g_Escherichia;s_Escherichia coli
E121	E121_13569	36	species	Escherichia coli	3	3	1	0.890	d_Bacteria;p_Proteobacteria;c_Gammaproteobacteria;o_Enterobacterales;f_Enterobacteriaceae;g_Escherichia;s_Escherichia coli
E121	E121_23809	36	species	Escherichia coli	3	2	2	1.000	d_Bacteria;p_Proteobacteria;c_Gammaproteobacteria;o_Enterobacterales;f_Enterobacteriaceae;g_Escherichia;s_Escherichia coli
E121	E121_5422	36	species	Escherichia coli	3	3	2	0.670	d_Bacteria;p_Proteobacteria;c_Gammaproteobacteria;o_Enterobacterales;f_Enterobacteriaceae;g_Escherichia;s_Escherichia coli
E121	E121_10670	36	species	Escherichia coli	2	1	1	1.000	d_Bacteria;p_Proteobacteria;c_Gammaproteobacteria;o_Enterobacterales;f_Enterobacteriaceae;g_Escherichia;s_Escherichia coli
E121	E121_15162	36	species	Escherichia coli	3	3	1	0.900	d_Bacteria;p_Proteobacteria;c_Gammaproteobacteria;o_Enterobacterales;f_Enterobacteriaceae;g_Escherichia;s_Escherichia coli
E121	E121_25045	36	species	Escherichia coli	2	2	2	1.000	d_Bacteria;p_Proteobacteria;c_Gammaproteobacteria;o_Enterobacterales;f_Enterobacteriaceae;g_Escherichia;s_Escherichia coli
E121	E121_27285	36	species	Escherichia coli	3	2	1	0.500	d_Bacteria;p_Proteobacteria;c_Gammaproteobacteria;o_Enterobacterales;f_Enterobacteriaceae;g_Escherichia;s_Escherichia coli
E121	E121_11572	36	species	Escherichia coli	2	2	2	1.000	d_Bacteria;p_Proteobacteria;c_Gammaproteobacteria;o_Enterobacterales;f_Enterobacteriaceae;g_Escherichia;s_Escherichia coli
E121	E121_19793	36	species	Escherichia coli	3	3	2	0.980	d_Bacteria;p_Proteobacteria;c_Gammaproteobacteria;o_Enterobacterales;f_Enterobacteriaceae;g_Escherichia;s_Escherichia coli
E121	E121_21617	36	species	Escherichia coli	2	2	1	0.910	d_Bacteria;p_Proteobacteria;c_Gammaproteobacteria;o_Enterobacterales;f_Enterobacteriaceae;g_Escherichia;s_Escherichia coli
E121	E121_27537	36	species	Escherichia coli	2	2	2	1.000	d_Bacteria;p_Proteobacteria;c_Gammaproteobacteria;o_Enterobacterales;f_Enterobacteriaceae;g_Escherichia;s_Escherichia coli
E121	E121_5330	17704	species	Enterobacter cloacae P	6	6	5	0.980	d_Bacteria;p_Proteobacteria;c_Gammaproteobacteria;o_Enterobacterales;f_Enterobacteriaceae;g_Enterobacter;s_Enterobacter cloacae P
E121	E121_13586	36	species	Escherichia coli	2	2	2	1.000	d_Bacteria;p_Proteobacteria;c_Gammaproteobacteria;o_Enterobacterales;f_Enterobacteriaceae;g_Escherichia;s_Escherichia coli
E121	E121_21778	36	species	Escherichia coli	3	2	2	1.000	d_Bacteria;p_Proteobacteria;c_Gammaproteobacteria;o_Enterobacterales;f_Enterobacteriaceae;g_Escherichia;s_Escherichia coli
E121	E121_18782	36	species	Escherichia coli	2	2	1	0.500	d_Bacteria;p_Proteobacteria;c_Gammaproteobacteria;o_Enterobacterales;f_Enterobacteriaceae;g_Escherichia;s_Escherichia coli
E121	E121_10432	36	species	Escherichia coli	3	3	2	0.510	d_Bacteria;p_Proteobacteria;c_Gammaproteobacteria;o_Enterobacterales;f_Enterobacteriaceae;g_Escherichia;s_Escherichia coli
E121	E121_26882	36	species	Escherichia coli	1	1	1	1.000	d_Bacteria;p_Proteobacteria;c_Gammaproteobacteria;o_Enterobacterales;f_Enterobacteriaceae;g_Escherichia;s_Escherichia coli
E121	E121_16131	36	species	Escherichia coli	4	4	2	0.670	d_Bacteria;p_Proteobacteria;c_Gammaproteobacteria;o_Enterobacterales;f_Enterobacteriaceae;g_Escherichia;s_Escherichia coli
E121	E121_15736	36	species	Escherichia coli	2	1	1	1.000	d_Bacteria;p_Proteobacteria;c_Gammaproteobacteria;o_Enterobacterales;f_Enterobacteriaceae;g_Escherichia;s_Escherichia coli
E121	E121_19453	36	species	Escherichia coli	2	2	1	0.500	d_Bacteria;p_Proteobacteria;c_Gammaproteobacteria;o_Enterobacterales;f_Enterobacteriaceae;g_Escherichia;s_Escherichia coli
E121	E121_20637	36	species	Escherichia coli	2	2	1	0.500	d_Bacteria;p_Proteobacteria;c_Gammaproteobacteria;o_Enterobacterales;f_Enterobacteriaceae;g_Escherichia;s_Escherichia coli
E121	E121_21566	36	species	Escherichia coli	2	2	1	0.500	d_Bacteria;p_Proteobacteria;c_Gammaproteobacteria;o_Enterobacterales;f_Enterobacteriaceae;g_Escherichia;s_Escherichia coli
E121	E121_9372	36	species	Escherichia coli	5	3	3	1.000	d_Bacteria;p_Proteobacteria;c_Gammaproteobacteria;o_Enterobacterales;f_Enterobacteriaceae;g_Escherichia;s_Escherichia coli
E121	E121_2646	36	species	Escherichia coli	6	6	3	0.500	d_Bacteria;p_Proteobacteria;c_Gammaproteobacteria;o_Enterobacterales;f_Enterobacteriaceae;g_Escherichia;s_Escherichia coli
E121	E121_5205	36	species	Escherichia coli	4	4	4	1.000	d_Bacteria;p_Proteobacteria;c_Gammaproteobacteria;o_Enterobacterales;f_Enterobacteriaceae;g_Escherichia;s_Escherichia coli
E121	E121_20981	36	species	Escherichia coli	5	3	2	0.960	d_Bacteria;p_Proteobacteria;c_Gammaproteobacteria;o_Enterobacterales;f_Enterobacteriaceae;g_Escherichia;s_Escherichia coli
E121	E121_10095	36	species	Escherichia coli	4	2	2	1.000	d_Bacteria;p_Proteobacteria;c_Gammaproteobacteria;o_Enterobacterales;f_Enterobacteriaceae;g_Escherichia;s_Escherichia coli
E121	E121_10863	36	species	Escherichia coli	3	3	2	0.670	d_Bacteria;p_Proteobacteria;c_Gammaproteobacteria;o_Enterobacterales;f_Enterobacteriaceae;g_Escherichia;s_Escherichia coli
E121	E121_9711	17704	species	Enterobacter cloacae P	4	4	3	0.670	d_Bacteria;p_Proteobacteria;c_Gammaproteobacteria;o_Enterobacterales;f_Enterobacteriaceae;g_Enterobacter;s_Enterobacter cloacae P
E121	E121_17103	17704	species	Enterobacter cloacae P	2	2	2	1.000	d_Bacteria;p_Proteobacteria;c_Gammaproteobacteria;o_Enterobacterales;f_Enterobacteriaceae;g_Enterobacter;s_Enterobacter cloacae P
E121	E121_22927	36	species	Escherichia coli	2	2	2	1.000	d_Bacteria;p_Proteobacteria;c_Gammaproteobacteria;o_Enterobacterales;f_Enterobacteriaceae;g_Escherichia;s_Escherichia coli
E121	E121_8592	36	species	Escherichia coli	5	5	3	0.750	d_Bacteria;p_Proteobacteria;c_Gammaproteobacteria;o_Enterobacterales;f_Enterobacteriaceae;g_Escherichia;s_Escherichia coli
E121	E121_22784	36	species	Escherichia coli	3	3	2	0.520	d_Bacteria;p_Proteobacteria;c_Gammaproteobacteria;o_Enterobacterales;f_Enterobacteriaceae;g_Escherichia;s_Escherichia coli
E121	E121_21832	36	species	Escherichia coli	2	2	1	0.500	d_Bacteria;p_Proteobacteria;c_Gammaproteobacteria;o_Enterobacterales;f_Enterobacteriaceae;g_Escherichia;s_Escherichia coli
E121	E121_26984	36	species	Escherichia coli	1	1	1	1.000	d_Bacteria;p_Proteobacteria;c_Gammaproteobacteria;o_Enterobacterales;f_Enterobacteriaceae;g_Escherichia;s_Escherichia coli
E121	E121_27208	36	species	Escherichia coli	3	3	1	0.900	d_Bacteria;p_Proteobacteria;c_Gammaproteobacteria;o_Enterobacterales;f_Enterobacteriaceae;g_Escherichia;s_Escherichia coli
E121	E121_13289	36	species	Escherichia coli	2	2	2	1.000	d_Bacteria;p_Proteobacteria;c_Gammaproteobacteria;o_Enterobacterales;f_Enterobacteriaceae;g_Escherichia;s_Escherichia coli
E121	E121_16880	36	species	Escherichia coli	2	2	1	0.500	d_Bacteria;p_Proteobacteria;c_Gammaproteobacteria;o_Enterobacterales;f_Enterobacteriaceae;g_Escherichia;s_Escherichia coli
E121	E121_18000	36	species	Escherichia coli	2	2	1	0.500	d_Bacteria;p_Proteobacteria;c_Gammaproteobacteria;o_Enterobacterales;f_Enterobacteriaceae;g_Escherichia;s_Escherichia coli
E121	E121_23280	36	species	Escherichia coli	1	1	1	1.000	d_Bacteria;p_Proteobacteria;c_Gammaproteobacteria;o_Enterobacterales;f_Enterobacteriaceae;g_Escherichia;s_Escherichia coli
E121	E121_11665	36	species	Escherichia coli	3	3	2	0.670	d_Bacteria;p_Proteobacteria;c_Gammaproteobacteria;o_Enterobacterales;f_Enterobacteriaceae;g_Escherichia;s_Escherichia coli
E121	E121_24805	36	species	Escherichia coli	2	2	1	0.920	d_Bacteria;p_Proteobacteria;c_Gammaproteobacteria;o_Enterobacterales;f_Enterobacteriaceae;g_Escherichia;s_Escherichia coli
E121	E121_16966	36	species	Escherichia coli	2	1	1	1.000	d_Bacteria;p_Proteobacteria;c_Gammaproteobacteria;o_Enterobacterales;f_Enterobacteriaceae;g_Escherichia;s_Escherichia coli
E121	E121_18086	36	species	Escherichia coli	3	3	2	0.520	d_Bacteria;p_Proteobacteria;c_Gammaproteobacteria;o_Enterobacterales;f_Enterobacteriaceae;g_Escherichia;s_Escherichia coli
E121	E121_19444	36	species	Escherichia coli	2	2	1	0.500	d_Bacteria;p_Proteobacteria;c_Gammaproteobacteria;o_Enterobacterales;f_Enterobacteriaceae;g_Escherichia;s_Escherichia coli
E121	E121_22036	36	species	Escherichia coli	2	2	1	0.940	d_Bacteria;p_Proteobacteria;c_Gammaproteobacteria;o_Enterobacterales;f_Enterobacteriaceae;g_Escherichia;s_Escherichia coli
E121	E121_17184	36	species	Escherichia coli	3	3	1	0.890	d_Bacteria;p_Proteobacteria;c_Gammaproteobacteria;o_Enterobacterales;f_Enterobacteriaceae;g_Escherichia;s_Escherichia coli
E121	E121_25874	1868	species	Enterobacter sichuanensis	8	8	1	0.770	d_Bacteria;p_Proteobacteria;c_Gammaproteobacteria;o_Enterobacterales;f_Enterobacteriaceae;g_Enterobacter;s_Enterobacter sichuanensis
E121	E121_4382	36	species	Escherichia coli	4	3	2	0.670	d_Bacteria;p_Proteobacteria;c_Gammaproteobacteria;o_Enterobacterales;f_Enterobacteriaceae;g_Escherichia;s_Escherichia coli
E121	E121_17507	36	species	Escherichia coli	2	1	1	1.000	d_Bacteria;p_Proteobacteria;c_Gammaproteobacteria;o_Enterobacterales;f_Enterobacteriaceae;g_Escherichia;s_Escherichia coli
E121	E121_21731	36	species	Escherichia coli	2	2	1	0.500	d_Bacteria;p_Proteobacteria;c_Gammaproteobacteria;o_Enterobacterales;f_Enterobacteriaceae;g_Escherichia;s_Escherichia coli
E121	E121_23337	36	species	Escherichia coli	2	2	1	0.970	d_Bacteria;p_Proteobacteria;c_Gammaproteobacteria;o_Enterobacterales;f_Enterobacteriaceae;g_Escherichia;s_Escherichia coli
E121	E121_3402	36	species	Escherichia coli	8	4	3	0.750	d_Bacteria;p_Proteobacteria;c_Gammaproteobacteria;o_Enterobacterales;f_Enterobacteriaceae;g_Escherichia;s_Escherichia coli
E121	E121_14375	36	species	Escherichia coli	10	9	1	0.810	d_Bacteria;p_Proteobacteria;c_Gammaproteobacteria;o_Enterobacterales;f_Enterobacteriaceae;g_Escherichia;s_Escherichia coli
E121	E121_23483	36	species	Escherichia coli	2	2	2	1.000	d_Bacteria;p_Proteobacteria;c_Gammaproteobacteria;o_Enterobacterales;f_Enterobacteriaceae;g_Escherichia;s_Escherichia coli
E121	E121_7999	36	species	Escherichia coli	6	4	1	0.920	d_Bacteria;p_Proteobacteria;c_Gammaproteobacteria;o_Enterobacterales;f_Enterobacteriaceae;g_Escherichia;s_Escherichia coli
E121	E121_19263	17704	species	Enterobacter cloacae P	1	1	1	1.000	d_Bacteria;p_Proteobacteria;c_Gammaproteobacteria;o_Enterobacterales;f_Enterobacteriaceae;g_Enterobacter;s_Enterobacter cloacae P
E121	E121_23999	36	species	Escherichia coli	1	1	1	1.000	d_Bacteria;p_Proteobacteria;c_Gammaproteobacteria;o_Enterobacterales;f_Enterobacteriaceae;g_Escherichia;s_Escherichia coli
E121	E121_25983	36	species	Escherichia coli	2	2	1	0.500	d_Bacteria;p_Proteobacteria;c_Gammaproteobacteria;o_Enterobacterales;f_Enterobacteriaceae;g_Escherichia;s_Escherichia coli
E121	E121_9283	36	species	Escherichia coli	2	2	1	0.500	d_Bacteria;p_Proteobacteria;c_Gammaproteobacteria;o_Enterobacterales;f_Enterobacteriaceae;g_Escherichia;s_Escherichia coli
E127	E127_14594	35	species	Acinetobacter baumannii	2	2	2	1.000	d_Bacteria;p_Proteobacteria;c_Gammaproteobacteria;o_Pseudomonadales;f_Moraxellaceae;g_Acinetobacter;s_Acinetobacter baumannii
E127	E127_2176	35	species	Acinetobacter baumannii	5	5	3	0.510	d_Bacteria;p_Proteobacteria;c_Gammaproteobacteria;o_Pseudomonadales;f_Moraxellaceae;g_Acinetobacter;s_Acinetobacter baumannii
E127	E127_9479	2301	species	Enterobacter cloacae I	1	1	1	1.000	d_Bacteria;p_Proteobacteria;c_Gammaproteobacteria;o_Enterobacterales;f_Enterobacteriaceae;g_Enterobacter;s_Enterobacter cloacae I
E127	E127_8198	2301	species	Enterobacter cloacae I	2	2	1	0.500	d_Bacteria;p_Proteobacteria;c_Gammaproteobacteria;o_Enterobacterales;f_Enterobacteriaceae;g_Enterobacter;s_Enterobacter cloacae I
E129	E129_14312	292	species	Enterobacter kobei	2	2	2	1.000	d_Bacteria;p_Proteobacteria;c_Gammaproteobacteria;o_Enterobacterales;f_Enterobacteriaceae;g_Enterobacter;s_Enterobacter kobei
E133	E133_3693	36	species	Escherichia coli	4	4	2	0.500	d_Bacteria;p_Proteobacteria;c_Gammaproteobacteria;o_Enterobacterales;f_Enterobacteriaceae;g_Escherichia;s_Escherichia coli
E133	E133_7213	36	species	Escherichia coli	2	1	1	1.000	d_Bacteria;p_Proteobacteria;c_Gammaproteobacteria;o_Enterobacterales;f_Enterobacteriaceae;g_Escherichia;s_Escherichia coli
E133	E133_9997	36	species	Escherichia coli	3	2	1	0.500	d_Bacteria;p_Proteobacteria;c_Gammaproteobacteria;o_Enterobacterales;f_Enterobacteriaceae;g_Escherichia;s_Escherichia coli
E133	E133_12109	36	species	Escherichia coli	2	2	1	0.500	d_Bacteria;p_Proteobacteria;c_Gammaproteobacteria;o_Enterobacterales;f_Enterobacteriaceae;g_Escherichia;s_Escherichia coli
E133	E133_14509	36	species	Escherichia coli	3	2	2	1.000	d_Bacteria;p_Proteobacteria;c_Gammaproteobacteria;o_Enterobacterales;f_Enterobacteriaceae;g_Escherichia;s_Escherichia coli
E133	E133_15789	36	species	Escherichia coli	2	2	1	0.950	d_Bacteria;p_Proteobacteria;c_Gammaproteobacteria;o_Enterobacterales;f_Enterobacteriaceae;g_Escherichia;s_Escherichia coli
E133	E133_20429	36	species	Escherichia coli	3	2	1	0.500	d_Bacteria;p_Proteobacteria;c_Gammaproteobacteria;o_Enterobacterales;f_Enterobacteriaceae;g_Escherichia;s_Escherichia coli
E133	E133_13935	36	species	Escherichia coli	2	2	1	0.500	d_Bacteria;p_Proteobacteria;c_Gammaproteobacteria;o_Enterobacterales;f_Enterobacteriaceae;g_Escherichia;s_Escherichia coli
E133	E133_17039	36	species	Escherichia coli	2	2	1	0.500	d_Bacteria;p_Proteobacteria;c_Gammaproteobacteria;o_Enterobacterales;f_Enterobacteriaceae;g_Escherichia;s_Escherichia coli
E133	E133_19759	36	species	Escherichia coli	1	1	1	1.000	d_Bacteria;p_Proteobacteria;c_Gammaproteobacteria;o_Enterobacterales;f_Enterobacteriaceae;g_Escherichia;s_Escherichia coli
E133	E133_13017	36	species	Escherichia coli	2	2	2	1.000	d_Bacteria;p_Proteobacteria;c_Gammaproteobacteria;o_Enterobacterales;f_Enterobacteriaceae;g_Escherichia;s_Escherichia coli
E133	E133_18809	36	species	Escherichia coli	1	1	1	1.000	d_Bacteria;p_Proteobacteria;c_Gammaproteobacteria;o_Enterobacterales;f_Enterobacteriaceae;g_Escherichia;s_Escherichia coli
E133	E133_8004	35	species	Acinetobacter baumannii	1	1	1	1.000	d_Bacteria;p_Proteobacteria;c_Gammaproteobacteria;o_Pseudomonadales;f_Moraxellaceae;g_Acinetobacter;s_Acinetobacter baumannii
E133	E133_17271	36	species	Escherichia coli	1	1	1	1.000	d_Bacteria;p_Proteobacteria;c_Gammaproteobacteria;o_Enterobacterales;f_Enterobacteriaceae;g_Escherichia;s_Escherichia coli
E133	E133_10004	2301	species	Enterobacter cloacae I	4	4	2	0.900	d_Bacteria;p_Proteobacteria;c_Gammaproteobacteria;o_Enterobacterales;f_Enterobacteriaceae;g_Enterobacter;s_Enterobacter cloacae I
E133	E133_10996	36	species	Escherichia coli	1	1	1	1.000	d_Bacteria;p_Proteobacteria;c_Gammaproteobacteria;o_Enterobacterales;f_Enterobacteriaceae;g_Escherichia;s_Escherichia coli
E133	E133_5409	36	species	Escherichia coli	3	2	1	0.500	d_Bacteria;p_Proteobacteria;c_Gammaproteobacteria;o_Enterobacterales;f_Enterobacteriaceae;g_Escherichia;s_Escherichia coli
E133	E133_12865	36	species	Escherichia coli	2	2	1	0.500	d_Bacteria;p_Proteobacteria;c_Gammaproteobacteria;o_Enterobacterales;f_Enterobacteriaceae;g_Escherichia;s_Escherichia coli
E133	E133_14625	36	species	Escherichia coli	2	2	1	0.500	d_Bacteria;p_Proteobacteria;c_Gammaproteobacteria;o_Enterobacterales;f_Enterobacteriaceae;g_Escherichia;s_Escherichia coli
E133	E133_17505	36	species	Escherichia coli	2	2	1	0.500	d_Bacteria;p_Proteobacteria;c_Gammaproteobacteria;o_Enterobacterales;f_Enterobacteriaceae;g_Escherichia;s_Escherichia coli
E133	E133_14538	36	species	Escherichia coli	1	1	1	1.000	d_Bacteria;p_Proteobacteria;c_Gammaproteobacteria;o_Enterobacterales;f_Enterobacteriaceae;g_Escherichia;s_Escherichia coli
E133	E133_18634	35	species	Acinetobacter baumannii	2	1	1	1.000	d_Bacteria;p_Proteobacteria;c_Gammaproteobacteria;o_Pseudomonadales;f_Moraxellaceae;g_Acinetobacter;s_Acinetobacter baumannii
E133	E133_14667	36	species	Escherichia coli	3	2	1	0.950	d_Bacteria;p_Proteobacteria;c_Gammaproteobacteria;o_Enterobacterales;f_Enterobacteriaceae;g_Escherichia;s_Escherichia coli
E133	E133_19563	36	species	Escherichia coli	2	2	1	0.950	d_Bacteria;p_Proteobacteria;c_Gammaproteobacteria;o_Enterobacterales;f_Enterobacteriaceae;g_Escherichia;s_Escherichia coli
E133	E133_16568	36	species	Escherichia coli	2	2	1	0.500	d_Bacteria;p_Proteobacteria;c_Gammaproteobacteria;o_Enterobacterales;f_Enterobacteriaceae;g_Escherichia;s_Escherichia coli
E133	E133_16327	36	species	Escherichia coli	2	2	1	0.500	d_Bacteria;p_Proteobacteria;c_Gammaproteobacteria;o_Enterobacterales;f_Enterobacteriaceae;g_Escherichia;s_Escherichia coli
E133	E133_18631	36	species	Escherichia coli	1	1	1	1.000	d_Bacteria;p_Proteobacteria;c_Gammaproteobacteria;o_Enterobacterales;f_Enterobacteriaceae;g_Escherichia;s_Escherichia coli
E133	E133_8392	36	species	Escherichia coli	4	4	2	0.960	d_Bacteria;p_Proteobacteria;c_Gammaproteobacteria;o_Enterobacterales;f_Enterobacteriaceae;g_Escherichia;s_Escherichia coli
E133	E133_11944	36	species	Escherichia coli	2	2	1	0.500	d_Bacteria;p_Proteobacteria;c_Gammaproteobacteria;o_Enterobacterales;f_Enterobacteriaceae;g_Escherichia;s_Escherichia coli
E133	E133_16204	36	species	Escherichia coli	2	2	1	0.500	d_Bacteria;p_Proteobacteria;c_Gammaproteobacteria;o_Enterobacterales;f_Enterobacteriaceae;g_Escherichia;s_Escherichia coli
E133	E133_13174	36	species	Escherichia coli	2	2	1	0.500	d_Bacteria;p_Proteobacteria;c_Gammaproteobacteria;o_Enterobacterales;f_Enterobacteriaceae;g_Escherichia;s_Escherichia coli
E133	E133_16662	36	species	Escherichia coli	5	4	1	0.860	d_Bacteria;p_Proteobacteria;c_Gammaproteobacteria;o_Enterobacterales;f_Enterobacteriaceae;g_Escherichia;s_Escherichia coli
E133	E133_7047	36	species	Escherichia coli	4	2	1	0.500	d_Bacteria;p_Proteobacteria;c_Gammaproteobacteria;o_Enterobacterales;f_Enterobacteriaceae;g_Escherichia;s_Escherichia coli
E133	E133_18803	35	species	Acinetobacter baumannii	2	2	2	1.000	d_Bacteria;p_Proteobacteria;c_Gammaproteobacteria;o_Pseudomonadales;f_Moraxellaceae;g_Acinetobacter;s_Acinetobacter baumannii
E133	E133_18238	36	species	Escherichia coli	2	2	2	1.000	d_Bacteria;p_Proteobacteria;c_Gammaproteobacteria;o_Enterobacterales;f_Enterobacteriaceae;g_Escherichia;s_Escherichia coli
E133	E133_7807	36	species	Escherichia coli	2	2	1	0.500	d_Bacteria;p_Proteobacteria;c_Gammaproteobacteria;o_Enterobacterales;f_Enterobacteriaceae;g_Escherichia;s_Escherichia coli
E133	E133_12479	36	species	Escherichia coli	2	2	1	0.500	d_Bacteria;p_Proteobacteria;c_Gammaproteobacteria;o_Enterobacterales;f_Enterobacteriaceae;g_Escherichia;s_Escherichia coli
E133	E133_16804	36	species	Escherichia coli	2	2	1	0.500	d_Bacteria;p_Proteobacteria;c_Gammaproteobacteria;o_Enterobacterales;f_Enterobacteriaceae;g_Escherichia;s_Escherichia coli
E133	E133_20452	36	species	Escherichia coli	1	1	1	1.000	d_Bacteria;p_Proteobacteria;c_Gammaproteobacteria;o_Enterobacterales;f_Enterobacteriaceae;g_Escherichia;s_Escherichia coli
E133	E133_8549	36	species	Escherichia coli	2	2	1	0.500	d_Bacteria;p_Proteobacteria;c_Gammaproteobacteria;o_Enterobacterales;f_Enterobacteriaceae;g_Escherichia;s_Escherichia coli
E133	E133_12782	36	species	Escherichia coli	2	2	1	0.970	d_Bacteria;p_Proteobacteria;c_Gammaproteobacteria;o_Enterobacterales;f_Enterobacteriaceae;g_Escherichia;s_Escherichia coli
E133	E133_14982	36	species	Escherichia coli	2	2	1	0.500	d_Bacteria;p_Proteobacteria;c_Gammaproteobacteria;o_Enterobacterales;f_Enterobacteriaceae;g_Escherichia;s_Escherichia coli
E133	E133_3582	36	species	Escherichia coli	5	4	2	0.660	d_Bacteria;p_Proteobacteria;c_Gammaproteobacteria;o_Enterobacterales;f_Enterobacteriaceae;g_Escherichia;s_Escherichia coli
E133	E133_5783	36	species	Escherichia coli	2	2	1	0.500	d_Bacteria;p_Proteobacteria;c_Gammaproteobacteria;o_Enterobacterales;f_Enterobacteriaceae;g_Escherichia;s_Escherichia coli
E133	E133_7159	409	species	Enterobacter ludwigii	5	3	1	0.940	d_Bacteria;p_Proteobacteria;c_Gammaproteobacteria;o_Enterobacterales;f_Enterobacteriaceae;g_Enterobacter;s_Enterobacter ludwigii
E133	E133_4454	36	species	Escherichia coli	5	5	2	0.650	d_Bacteria;p_Proteobacteria;c_Gammaproteobacteria;o_Enterobacterales;f_Enterobacteriaceae;g_Escherichia;s_Escherichia coli
E133	E133_8027	36	species	Escherichia coli	3	2	1	0.970	d_Bacteria;p_Proteobacteria;c_Gammaproteobacteria;o_Enterobacterales;f_Enterobacteriaceae;g_Escherichia;s_Escherichia coli
E133	E133_17469	36	species	Escherichia coli	2	1	1	1.000	d_Bacteria;p_Proteobacteria;c_Gammaproteobacteria;o_Enterobacterales;f_Enterobacteriaceae;g_Escherichia;s_Escherichia coli
E133	E133_11637	36	species	Escherichia coli	2	2	1	0.500	d_Bacteria;p_Proteobacteria;c_Gammaproteobacteria;o_Enterobacterales;f_Enterobacteriaceae;g_Escherichia;s_Escherichia coli
E133	E133_12149	36	species	Escherichia coli	3	3	2	0.990	d_Bacteria;p_Proteobacteria;c_Gammaproteobacteria;o_Enterobacterales;f_Enterobacteriaceae;g_Escherichia;s_Escherichia coli
E133	E133_10654	36	species	Escherichia coli	2	2	2	1.000	d_Bacteria;p_Proteobacteria;c_Gammaproteobacteria;o_Enterobacterales;f_Enterobacteriaceae;g_Escherichia;s_Escherichia coli
E133	E133_15674	36	species	Escherichia coli	2	2	1	0.500	d_Bacteria;p_Proteobacteria;c_Gammaproteobacteria;o_Enterobacterales;f_Enterobacteriaceae;g_Escherichia;s_Escherichia coli
E133	E133_13301	36	species	Escherichia coli	2	1	1	1.000	d_Bacteria;p_Proteobacteria;c_Gammaproteobacteria;o_Enterobacterales;f_Enterobacteriaceae;g_Escherichia;s_Escherichia coli
E133	E133_14117	36	species	Escherichia coli	2	2	1	0.970	d_Bacteria;p_Proteobacteria;c_Gammaproteobacteria;o_Enterobacterales;f_Enterobacteriaceae;g_Escherichia;s_Escherichia coli
E133	E133_5187	36	species	Escherichia coli	2	2	1	0.500	d_Bacteria;p_Proteobacteria;c_Gammaproteobacteria;o_Enterobacterales;f_Enterobacteriaceae;g_Escherichia;s_Escherichia coli
E133	E133_12872	36	species	Escherichia coli	2	2	2	1.000	d_Bacteria;p_Proteobacteria;c_Gammaproteobacteria;o_Enterobacterales;f_Enterobacteriaceae;g_Escherichia;s_Escherichia coli
E133	E133_13992	36	species	Escherichia coli	2	2	1	0.500	d_Bacteria;p_Proteobacteria;c_Gammaproteobacteria;o_Enterobacterales;f_Enterobacteriaceae;g_Escherichia;s_Escherichia coli
E133	E133_17896	36	species	Escherichia coli	2	2	2	1.000	d_Bacteria;p_Proteobacteria;c_Gammaproteobacteria;o_Enterobacterales;f_Enterobacteriaceae;g_Escherichia;s_Escherichia coli
E133	E133_15519	36	species	Escherichia coli	2	2	1	0.500	d_Bacteria;p_Proteobacteria;c_Gammaproteobacteria;o_Enterobacterales;f_Enterobacteriaceae;g_Escherichia;s_Escherichia coli
E133	E133_19039	36	species	Escherichia coli	2	2	1	0.500	d_Bacteria;p_Proteobacteria;c_Gammaproteobacteria;o_Enterobacterales;f_Enterobacteriaceae;g_Escherichia;s_Escherichia coli
E133	E133_10673	36	species	Escherichia coli	5	5	2	0.650	d_Bacteria;p_Proteobacteria;c_Gammaproteobacteria;o_Enterobacterales;f_Enterobacteriaceae;g_Escherichia;s_Escherichia coli
E133	E133_12785	36	species	Escherichia coli	3	3	1	0.870	d_Bacteria;p_Proteobacteria;c_Gammaproteobacteria;o_Enterobacterales;f_Enterobacteriaceae;g_Escherichia;s_Escherichia coli
E133	E133_14289	36	species	Escherichia coli	2	2	1	0.500	d_Bacteria;p_Proteobacteria;c_Gammaproteobacteria;o_Enterobacterales;f_Enterobacteriaceae;g_Escherichia;s_Escherichia coli
E133	E133_16625	36	species	Escherichia coli	3	3	2	0.980	d_Bacteria;p_Proteobacteria;c_Gammaproteobacteria;o_Enterobacterales;f_Enterobacteriaceae;g_Escherichia;s_Escherichia coli
E133	E133_17105	36	species	Escherichia coli	2	2	1	0.960	d_Bacteria;p_Proteobacteria;c_Gammaproteobacteria;o_Enterobacterales;f_Enterobacteriaceae;g_Escherichia;s_Escherichia coli
E133	E133_10672	36	species	Escherichia coli	2	2	1	0.500	d_Bacteria;p_Proteobacteria;c_Gammaproteobacteria;o_Enterobacterales;f_Enterobacteriaceae;g_Escherichia;s_Escherichia coli
E133	E133_12720	2301	species	Enterobacter cloacae I	1	1	1	1.000	d_Bacteria;p_Proteobacteria;c_Gammaproteobacteria;o_Enterobacterales;f_Enterobacteriaceae;g_Enterobacter;s_Enterobacter cloacae I
E136	E136_7711	7117	species	Enterobacter cloacae L	2	2	1	0.960	d_Bacteria;p_Proteobacteria;c_Gammaproteobacteria;o_Enterobacterales;f_Enterobacteriaceae;g_Enterobacter;s_Enterobacter cloacae L
E139	E139_8448	36	species	Escherichia coli	3	3	2	0.670	d_Bacteria;p_Proteobacteria;c_Gammaproteobacteria;o_Enterobacterales;f_Enterobacteriaceae;g_Escherichia;s_Escherichia coli
E139	E139_3656	9756	species	Enterobacter D sp001888805	3	2	1	0.500	d_Bacteria;p_Proteobacteria;c_Gammaproteobacteria;o_Enterobacterales;f_Enterobacteriaceae;g_Enterobacter D;s_Enterobacter D sp001888805
E139	E139_12487	36	species	Escherichia coli	2	2	1	0.960	d_Bacteria;p_Proteobacteria;c_Gammaproteobacteria;o_Enterobacterales;f_Enterobacteriaceae;g_Escherichia;s_Escherichia coli
E139	E139_14668	36	species	Escherichia coli	2	2	1	0.500	d_Bacteria;p_Proteobacteria;c_Gammaproteobacteria;o_Enterobacterales;f_Enterobacteriaceae;g_Escherichia;s_Escherichia coli
E139	E139_9407	36	species	Escherichia coli	3	3	2	0.670	d_Bacteria;p_Proteobacteria;c_Gammaproteobacteria;o_Enterobacterales;f_Enterobacteriaceae;g_Escherichia;s_Escherichia coli
E139	E139_15007	36	species	Escherichia coli	2	2	2	1.000	d_Bacteria;p_Proteobacteria;c_Gammaproteobacteria;o_Enterobacterales;f_Enterobacteriaceae;g_Escherichia;s_Escherichia coli
E139	E139_15039	36	species	Escherichia coli	3	3	3	1.000	d_Bacteria;p_Proteobacteria;c_Gammaproteobacteria;o_Enterobacterales;f_Enterobacteriaceae;g_Escherichia;s_Escherichia coli
E139	E139_19327	36	species	Escherichia coli	2	2	1	0.500	d_Bacteria;p_Proteobacteria;c_Gammaproteobacteria;o_Enterobacterales;f_Enterobacteriaceae;g_Escherichia;s_Escherichia coli
E139	E139_21471	36	species	Escherichia coli	1	1	1	1.000	d_Bacteria;p_Proteobacteria;c_Gammaproteobacteria;o_Enterobacterales;f_Enterobacteriaceae;g_Escherichia;s_Escherichia coli
E139	E139_20797	36	species	Escherichia coli	2	2	2	1.000	d_Bacteria;p_Proteobacteria;c_Gammaproteobacteria;o_Enterobacterales;f_Enterobacteriaceae;g_Escherichia;s_Escherichia coli
E139	E139_22301	36	species	Escherichia coli	2	2	2	1.000	d_Bacteria;p_Proteobacteria;c_Gammaproteobacteria;o_Enterobacterales;f_Enterobacteriaceae;g_Escherichia;s_Escherichia coli
E139	E139_13607	36	species	Escherichia coli	2	1	1	1.000	d_Bacteria;p_Proteobacteria;c_Gammaproteobacteria;o_Enterobacterales;f_Enterobacteriaceae;g_Escherichia;s_Escherichia coli
E139	E139_13470	36	species	Escherichia coli	1	1	1	1.000	d_Bacteria;p_Proteobacteria;c_Gammaproteobacteria;o_Enterobacterales;f_Enterobacteriaceae;g_Escherichia;s_Escherichia coli
E139	E139_21534	36	species	Escherichia coli	1	1	1	1.000	d_Bacteria;p_Proteobacteria;c_Gammaproteobacteria;o_Enterobacterales;f_Enterobacteriaceae;g_Escherichia;s_Escherichia coli
E139	E139_20262	36	species	Escherichia coli	3	3	2	0.970	d_Bacteria;p_Proteobacteria;c_Gammaproteobacteria;o_Enterobacterales;f_Enterobacteriaceae;g_Escherichia;s_Escherichia coli
E139	E139_8181	36	species	Escherichia coli	5	3	2	0.960	d_Bacteria;p_Proteobacteria;c_Gammaproteobacteria;o_Enterobacterales;f_Enterobacteriaceae;g_Escherichia;s_Escherichia coli
E139	E139_14389	36	species	Escherichia coli	4	4	2	0.650	d_Bacteria;p_Proteobacteria;c_Gammaproteobacteria;o_Enterobacterales;f_Enterobacteriaceae;g_Escherichia;s_Escherichia coli
E139	E139_15861	36	species	Escherichia coli	1	1	1	1.000	d_Bacteria;p_Proteobacteria;c_Gammaproteobacteria;o_Enterobacterales;f_Enterobacteriaceae;g_Escherichia;s_Escherichia coli
E139	E139_16405	36	species	Escherichia coli	2	2	1	0.500	d_Bacteria;p_Proteobacteria;c_Gammaproteobacteria;o_Enterobacterales;f_Enterobacteriaceae;g_Escherichia;s_Escherichia coli
E139	E139_21653	36	species	Escherichia coli	2	2	1	0.500	d_Bacteria;p_Proteobacteria;c_Gammaproteobacteria;o_Enterobacterales;f_Enterobacteriaceae;g_Escherichia;s_Escherichia coli
E139	E139_11350	36	species	Escherichia coli	2	2	1	0.500	d_Bacteria;p_Proteobacteria;c_Gammaproteobacteria;o_Enterobacterales;f_Enterobacteriaceae;g_Escherichia;s_Escherichia coli
E139	E139_12918	36	species	Escherichia coli	3	3	1	0.880	d_Bacteria;p_Proteobacteria;c_Gammaproteobacteria;o_Enterobacterales;f_Enterobacteriaceae;g_Escherichia;s_Escherichia coli
E139	E139_13252	36	species	Escherichia coli	5	5	1	0.840	d_Bacteria;p_Proteobacteria;c_Gammaproteobacteria;o_Enterobacterales;f_Enterobacteriaceae;g_Escherichia;s_Escherichia coli
E139	E139_10137	36	species	Escherichia coli	2	2	2	1.000	d_Bacteria;p_Proteobacteria;c_Gammaproteobacteria;o_Enterobacterales;f_Enterobacteriaceae;g_Escherichia;s_Escherichia coli
E139	E139_11033	36	species	Escherichia coli	2	2	2	1.000	d_Bacteria;p_Proteobacteria;c_Gammaproteobacteria;o_Enterobacterales;f_Enterobacteriaceae;g_Escherichia;s_Escherichia coli
E139	E139_9069	36	species	Escherichia coli	4	4	2	0.500	d_Bacteria;p_Proteobacteria;c_Gammaproteobacteria;o_Enterobacterales;f_Enterobacteriaceae;g_Escherichia;s_Escherichia coli
E139	E139_13517	1868	species	Enterobacter sichuanensis	4	4	2	0.950	d_Bacteria;p_Proteobacteria;c_Gammaproteobacteria;o_Enterobacterales;f_Enterobacteriaceae;g_Enterobacter;s_Enterobacter sichuanensis
E139	E139_1222	2301	species	Enterobacter cloacae I	1	1	1	1.000	d_Bacteria;p_Proteobacteria;c_Gammaproteobacteria;o_Enterobacterales;f_Enterobacteriaceae;g_Enterobacter;s_Enterobacter cloacae I
E139	E139_11223	36	species	Escherichia coli	3	3	2	0.520	d_Bacteria;p_Proteobacteria;c_Gammaproteobacteria;o_Enterobacterales;f_Enterobacteriaceae;g_Escherichia;s_Escherichia coli
E139	E139_15543	36	species	Escherichia coli	1	1	1	1.000	d_Bacteria;p_Proteobacteria;c_Gammaproteobacteria;o_Enterobacterales;f_Enterobacteriaceae;g_Escherichia;s_Escherichia coli
E139	E139_19671	36	species	Escherichia coli	2	2	1	0.920	d_Bacteria;p_Proteobacteria;c_Gammaproteobacteria;o_Enterobacterales;f_Enterobacteriaceae;g_Escherichia;s_Escherichia coli
E139	E139_20279	36	species	Escherichia coli	1	1	1	1.000	d_Bacteria;p_Proteobacteria;c_Gammaproteobacteria;o_Enterobacterales;f_Enterobacteriaceae;g_Escherichia;s_Escherichia coli
E139	E139_19034	36	species	Escherichia coli	1	1	1	1.000	d_Bacteria;p_Proteobacteria;c_Gammaproteobacteria;o_Enterobacterales;f_Enterobacteriaceae;g_Escherichia;s_Escherichia coli
E139	E139_7822	36	species	Escherichia coli	2	2	1	0.500	d_Bacteria;p_Proteobacteria;c_Gammaproteobacteria;o_Enterobacterales;f_Enterobacteriaceae;g_Escherichia;s_Escherichia coli
E139	E139_11822	1868	species	Enterobacter sichuanensis	8	8	2	0.770	d_Bacteria;p_Proteobacteria;c_Gammaproteobacteria;o_Enterobacterales;f_Enterobacteriaceae;g_Enterobacter;s_Enterobacter sichuanensis
E139	E139_6409	36	species	Escherichia coli	4	2	1	0.500	d_Bacteria;p_Proteobacteria;c_Gammaproteobacteria;o_Enterobacterales;f_Enterobacteriaceae;g_Escherichia;s_Escherichia coli
E139	E139_18224	36	species	Escherichia coli	2	1	1	1.000	d_Bacteria;p_Proteobacteria;c_Gammaproteobacteria;o_Enterobacterales;f_Enterobacteriaceae;g_Escherichia;s_Escherichia coli
E139	E139_16241	36	species	Escherichia coli	4	4	2	0.900	d_Bacteria;p_Proteobacteria;c_Gammaproteobacteria;o_Enterobacterales;f_Enterobacteriaceae;g_Escherichia;s_Escherichia coli
E139	E139_19217	36	species	Escherichia coli	2	2	1	0.500	d_Bacteria;p_Proteobacteria;c_Gammaproteobacteria;o_Enterobacterales;f_Enterobacteriaceae;g_Escherichia;s_Escherichia coli
E139	E139_13268	36	species	Escherichia coli	3	2	2	1.000	d_Bacteria;p_Proteobacteria;c_Gammaproteobacteria;o_Enterobacterales;f_Enterobacteriaceae;g_Escherichia;s_Escherichia coli
E139	E139_12268	36	species	Escherichia coli	2	2	1	0.500	d_Bacteria;p_Proteobacteria;c_Gammaproteobacteria;o_Enterobacterales;f_Enterobacteriaceae;g_Escherichia;s_Escherichia coli
E139	E139_15811	400	species	Enterobacter cloacae M	4	4	1	0.880	d_Bacteria;p_Proteobacteria;c_Gammaproteobacteria;o_Enterobacterales;f_Enterobacteriaceae;g_Enterobacter;s_Enterobacter cloacae M
E139	E139_13715	36	species	Escherichia coli	2	2	2	1.000	d_Bacteria;p_Proteobacteria;c_Gammaproteobacteria;o_Enterobacterales;f_Enterobacteriaceae;g_Escherichia;s_Escherichia coli
E139	E139_1466	36	species	Escherichia coli	11	11	7	0.690	d_Bacteria;p_Proteobacteria;c_Gammaproteobacteria;o_Enterobacterales;f_Enterobacteriaceae;g_Escherichia;s_Escherichia coli
E139	E139_21993	36	species	Escherichia coli	1	1	1	1.000	d_Bacteria;p_Proteobacteria;c_Gammaproteobacteria;o_Enterobacterales;f_Enterobacteriaceae;g_Escherichia;s_Escherichia coli
E139	E139_22089	36	species	Escherichia coli	4	4	1	0.850	d_Bacteria;p_Proteobacteria;c_Gammaproteobacteria;o_Enterobacterales;f_Enterobacteriaceae;g_Escherichia;s_Escherichia coli
E139	E139_10171	36	species	Escherichia coli	2	2	1	0.500	d_Bacteria;p_Proteobacteria;c_Gammaproteobacteria;o_Enterobacterales;f_Enterobacteriaceae;g_Escherichia;s_Escherichia coli
E139	E139_15803	1868	species	Enterobacter sichuanensis	1	1	1	1.000	d_Bacteria;p_Proteobacteria;c_Gammaproteobacteria;o_Enterobacterales;f_Enterobacteriaceae;g_Enterobacter;s_Enterobacter sichuanensis
E139	E139_16507	36	species	Escherichia coli	1	1	1	1.000	d_Bacteria;p_Proteobacteria;c_Gammaproteobacteria;o_Enterobacterales;f_Enterobacteriaceae;g_Escherichia;s_Escherichia coli
E139	E139_1468	36	species	Escherichia coli	7	6	5	0.830	d_Bacteria;p_Proteobacteria;c_Gammaproteobacteria;o_Enterobacterales;f_Enterobacteriaceae;g_Escherichia;s_Escherichia coli
E139	E139_2981	36	species	Escherichia coli	7	7	6	0.810	d_Bacteria;p_Proteobacteria;c_Gammaproteobacteria;o_Enterobacterales;f_Enterobacteriaceae;g_Escherichia;s_Escherichia coli
E139	E139_17569	36	species	Escherichia coli	2	2	1	0.500	d_Bacteria;p_Proteobacteria;c_Gammaproteobacteria;o_Enterobacterales;f_Enterobacteriaceae;g_Escherichia;s_Escherichia coli
E139	E139_19297	36	species	Escherichia coli	2	2	2	1.000	d_Bacteria;p_Proteobacteria;c_Gammaproteobacteria;o_Enterobacterales;f_Enterobacteriaceae;g_Escherichia;s_Escherichia coli
E139	E139_17346	7084	species	Enterobacter sp000762975	9	9	1	0.690	d_Bacteria;p_Proteobacteria;c_Gammaproteobacteria;o_Enterobacterales;f_Enterobacteriaceae;g_Enterobacter;s_Enterobacter sp000762975
E139	E139_19603	18	species	Klebsiella pneumoniae	2	2	1	0.970	d_Bacteria;p_Proteobacteria;c_Gammaproteobacteria;o_Enterobacterales;f_Enterobacteriaceae;g_Klebsiella;s_Klebsiella pneumoniae
E139	E139_19763	36	species	Escherichia coli	2	2	2	1.000	d_Bacteria;p_Proteobacteria;c_Gammaproteobacteria;o_Enterobacterales;f_Enterobacteriaceae;g_Escherichia;s_Escherichia coli
E139	E139_20481	36	species	Escherichia coli	1	1	1	1.000	d_Bacteria;p_Proteobacteria;c_Gammaproteobacteria;o_Enterobacterales;f_Enterobacteriaceae;g_Escherichia;s_Escherichia coli
E139	E139_3170	36	species	Escherichia coli	4	4	2	0.660	d_Bacteria;p_Proteobacteria;c_Gammaproteobacteria;o_Enterobacterales;f_Enterobacteriaceae;g_Escherichia;s_Escherichia coli
E139	E139_6338	36	species	Escherichia coli	6	6	3	0.600	d_Bacteria;p_Proteobacteria;c_Gammaproteobacteria;o_Enterobacterales;f_Enterobacteriaceae;g_Escherichia;s_Escherichia coli
E139	E139_11881	36	species	Escherichia coli	3	3	1	0.890	d_Bacteria;p_Proteobacteria;c_Gammaproteobacteria;o_Enterobacterales;f_Enterobacteriaceae;g_Escherichia;s_Escherichia coli
E139	E139_15801	36	species	Escherichia coli	2	2	1	0.990	d_Bacteria;p_Proteobacteria;c_Gammaproteobacteria;o_Enterobacterales;f_Enterobacteriaceae;g_Escherichia;s_Escherichia coli
E139	E139_4913	36	species	Escherichia coli	7	7	2	0.630	d_Bacteria;p_Proteobacteria;c_Gammaproteobacteria;o_Enterobacterales;f_Enterobacteriaceae;g_Escherichia;s_Escherichia coli
E139	E139_4977	36	species	Escherichia coli	4	4	2	0.650	d_Bacteria;p_Proteobacteria;c_Gammaproteobacteria;o_Enterobacterales;f_Enterobacteriaceae;g_Escherichia;s_Escherichia coli
E139	E139_11051	36	species	Escherichia coli	3	2	1	0.500	d_Bacteria;p_Proteobacteria;c_Gammaproteobacteria;o_Enterobacterales;f_Enterobacteriaceae;g_Escherichia;s_Escherichia coli
E139	E139_20559	1868	species	Enterobacter sichuanensis	2	2	1	0.500	d_Bacteria;p_Proteobacteria;c_Gammaproteobacteria;o_Enterobacterales;f_Enterobacteriaceae;g_Enterobacter;s_Enterobacter sichuanensis
E139	E139_18571	36	species	Escherichia coli	2	2	1	0.500	d_Bacteria;p_Proteobacteria;c_Gammaproteobacteria;o_Enterobacterales;f_Enterobacteriaceae;g_Escherichia;s_Escherichia coli
E139	E139_19595	36	species	Escherichia coli	2	2	1	0.990	d_Bacteria;p_Proteobacteria;c_Gammaproteobacteria;o_Enterobacterales;f_Enterobacteriaceae;g_Escherichia;s_Escherichia coli
E139	E139_11022	36	species	Escherichia coli	3	3	2	0.980	d_Bacteria;p_Proteobacteria;c_Gammaproteobacteria;o_Enterobacterales;f_Enterobacteriaceae;g_Escherichia;s_Escherichia coli
E141	E141_23018	7117	species	Enterobacter cloacae L	1	1	1	1.000	d_Bacteria;p_Proteobacteria;c_Gammaproteobacteria;o_Enterobacterales;f_Enterobacteriaceae;g_Enterobacter;s_Enterobacter cloacae L
E144	E144_14340	2301	species	Enterobacter cloacae I	2	2	1	0.990	d_Bacteria;p_Proteobacteria;c_Gammaproteobacteria;o_Enterobacterales;f_Enterobacteriaceae;g_Enterobacter;s_Enterobacter cloacae I
E144	E144_14892	36	species	Escherichia coli	3	3	1	0.880	d_Bacteria;p_Proteobacteria;c_Gammaproteobacteria;o_Enterobacterales;f_Enterobacteriaceae;g_Escherichia;s_Escherichia coli
E144	E144_18380	36	species	Escherichia coli	1	1	1	1.000	d_Bacteria;p_Proteobacteria;c_Gammaproteobacteria;o_Enterobacterales;f_Enterobacteriaceae;g_Escherichia;s_Escherichia coli
E144	E144_15406	3256	species	Enterobacter quasihormaechei	1	1	1	1.000	d_Bacteria;p_Proteobacteria;c_Gammaproteobacteria;o_Enterobacterales;f_Enterobacteriaceae;g_Enterobacter;s_Enterobacter quasihormaechei
E144	E144_13275	35	species	Acinetobacter baumannii	3	3	2	0.950	d_Bacteria;p_Proteobacteria;c_Gammaproteobacteria;o_Pseudomonadales;f_Moraxellaceae;g_Acinetobacter;s_Acinetobacter baumannii
E144	E144_14043	36	species	Escherichia coli	2	2	1	0.500	d_Bacteria;p_Proteobacteria;c_Gammaproteobacteria;o_Enterobacterales;f_Enterobacteriaceae;g_Escherichia;s_Escherichia coli
E144	E144_17372	36	species	Escherichia coli	2	2	1	0.500	d_Bacteria;p_Proteobacteria;c_Gammaproteobacteria;o_Enterobacterales;f_Enterobacteriaceae;g_Escherichia;s_Escherichia coli
E144	E144_3677	292	species	Enterobacter kobei	6	6	3	0.590	d_Bacteria;p_Proteobacteria;c_Gammaproteobacteria;o_Enterobacterales;f_Enterobacteriaceae;g_Enterobacter;s_Enterobacter kobei
E144	E144_12390	35	species	Acinetobacter baumannii	1	1	1	1.000	d_Bacteria;p_Proteobacteria;c_Gammaproteobacteria;o_Pseudomonadales;f_Moraxellaceae;g_Acinetobacter;s_Acinetobacter baumannii
E144	E144_13848	244	species	Enterobacter roggenkampii	1	1	1	1.000	d_Bacteria;p_Proteobacteria;c_Gammaproteobacteria;o_Enterobacterales;f_Enterobacteriaceae;g_Enterobacter;s_Enterobacter roggenkampii
E144	E144_10113	36	species	Escherichia coli	3	2	1	0.980	d_Bacteria;p_Proteobacteria;c_Gammaproteobacteria;o_Enterobacterales;f_Enterobacteriaceae;g_Escherichia;s_Escherichia coli
E145	E145_2884	35	species	Acinetobacter baumannii	2	2	1	0.500	d_Bacteria;p_Proteobacteria;c_Gammaproteobacteria;o_Pseudomonadales;f_Moraxellaceae;g_Acinetobacter;s_Acinetobacter baumannii
E145	E145_1081	7117	species	Enterobacter cloacae L	1	1	1	1.000	d_Bacteria;p_Proteobacteria;c_Gammaproteobacteria;o_Enterobacterales;f_Enterobacteriaceae;g_Enterobacter;s_Enterobacter cloacae L
E149	E149_12379	36	species	Escherichia coli	4	4	1	0.880	d_Bacteria;p_Proteobacteria;c_Gammaproteobacteria;o_Enterobacterales;f_Enterobacteriaceae;g_Escherichia;s_Escherichia coli
E149	E149_17819	36	species	Escherichia coli	2	2	2	1.000	d_Bacteria;p_Proteobacteria;c_Gammaproteobacteria;o_Enterobacterales;f_Enterobacteriaceae;g_Escherichia;s_Escherichia coli
E149	E149_5948	36	species	Escherichia coli	5	4	2	0.500	d_Bacteria;p_Proteobacteria;c_Gammaproteobacteria;o_Enterobacterales;f_Enterobacteriaceae;g_Escherichia;s_Escherichia coli
E149	E149_20988	36	species	Escherichia coli	2	1	1	1.000	d_Bacteria;p_Proteobacteria;c_Gammaproteobacteria;o_Enterobacterales;f_Enterobacteriaceae;g_Escherichia;s_Escherichia coli
E149	E149_22545	36	species	Escherichia coli	2	2	1	0.940	d_Bacteria;p_Proteobacteria;c_Gammaproteobacteria;o_Enterobacterales;f_Enterobacteriaceae;g_Escherichia;s_Escherichia coli
E149	E149_8444	36	species	Escherichia coli	2	2	1	0.500	d_Bacteria;p_Proteobacteria;c_Gammaproteobacteria;o_Enterobacterales;f_Enterobacteriaceae;g_Escherichia;s_Escherichia coli
E149	E149_12620	36	species	Escherichia coli	2	2	1	0.500	d_Bacteria;p_Proteobacteria;c_Gammaproteobacteria;o_Enterobacterales;f_Enterobacteriaceae;g_Escherichia;s_Escherichia coli
E149	E149_16908	36	species	Escherichia coli	2	2	1	0.930	d_Bacteria;p_Proteobacteria;c_Gammaproteobacteria;o_Enterobacterales;f_Enterobacteriaceae;g_Escherichia;s_Escherichia coli
E149	E149_22127	36	species	Escherichia coli	1	1	1	1.000	d_Bacteria;p_Proteobacteria;c_Gammaproteobacteria;o_Enterobacterales;f_Enterobacteriaceae;g_Escherichia;s_Escherichia coli
E149	E149_13874	17704	species	Enterobacter cloacae P	7	5	1	0.810	d_Bacteria;p_Proteobacteria;c_Gammaproteobacteria;o_Enterobacterales;f_Enterobacteriaceae;g_Enterobacter;s_Enterobacter cloacae P
E149	E149_15026	36	species	Escherichia coli	2	2	1	0.500	d_Bacteria;p_Proteobacteria;c_Gammaproteobacteria;o_Enterobacterales;f_Enterobacteriaceae;g_Escherichia;s_Escherichia coli
E149	E149_20274	36	species	Escherichia coli	2	2	1	0.940	d_Bacteria;p_Proteobacteria;c_Gammaproteobacteria;o_Enterobacterales;f_Enterobacteriaceae;g_Escherichia;s_Escherichia coli
E149	E149_22578	36	species	Escherichia coli	2	2	1	0.980	d_Bacteria;p_Proteobacteria;c_Gammaproteobacteria;o_Enterobacterales;f_Enterobacteriaceae;g_Escherichia;s_Escherichia coli
E149	E149_17136	36	species	Escherichia coli	1	1	1	1.000	d_Bacteria;p_Proteobacteria;c_Gammaproteobacteria;o_Enterobacterales;f_Enterobacteriaceae;g_Escherichia;s_Escherichia coli
E149	E149_19856	589	species	Enterobacter asburiae B	2	2	1	0.960	d_Bacteria;p_Proteobacteria;c_Gammaproteobacteria;o_Enterobacterales;f_Enterobacteriaceae;g_Enterobacter;s_Enterobacter asburiae B
E149	E149_21104	36	species	Escherichia coli	1	1	1	1.000	d_Bacteria;p_Proteobacteria;c_Gammaproteobacteria;o_Enterobacterales;f_Enterobacteriaceae;g_Escherichia;s_Escherichia coli
E149	E149_17300	36	species	Escherichia coli	2	2	1	0.500	d_Bacteria;p_Proteobacteria;c_Gammaproteobacteria;o_Enterobacterales;f_Enterobacteriaceae;g_Escherichia;s_Escherichia coli
E149	E149_20180	36	species	Escherichia coli	1	1	1	1.000	d_Bacteria;p_Proteobacteria;c_Gammaproteobacteria;o_Enterobacterales;f_Enterobacteriaceae;g_Escherichia;s_Escherichia coli
E149	E149_20927	36	species	Escherichia coli	2	2	1	0.500	d_Bacteria;p_Proteobacteria;c_Gammaproteobacteria;o_Enterobacterales;f_Enterobacteriaceae;g_Escherichia;s_Escherichia coli
E149	E149_17857	36	species	Escherichia coli	2	2	2	1.000	d_Bacteria;p_Proteobacteria;c_Gammaproteobacteria;o_Enterobacterales;f_Enterobacteriaceae;g_Escherichia;s_Escherichia coli
E149	E149_21377	36	species	Escherichia coli	2	2	1	0.500	d_Bacteria;p_Proteobacteria;c_Gammaproteobacteria;o_Enterobacterales;f_Enterobacteriaceae;g_Escherichia;s_Escherichia coli
E149	E149_11906	36	species	Escherichia coli	3	2	1	0.500	d_Bacteria;p_Proteobacteria;c_Gammaproteobacteria;o_Enterobacterales;f_Enterobacteriaceae;g_Escherichia;s_Escherichia coli
E149	E149_6106	36	species	Escherichia coli	3	3	2	0.670	d_Bacteria;p_Proteobacteria;c_Gammaproteobacteria;o_Enterobacterales;f_Enterobacteriaceae;g_Escherichia;s_Escherichia coli
E149	E149_8762	36	species	Escherichia coli	4	4	2	0.660	d_Bacteria;p_Proteobacteria;c_Gammaproteobacteria;o_Enterobacterales;f_Enterobacteriaceae;g_Escherichia;s_Escherichia coli
E149	E149_21786	36	species	Escherichia coli	3	2	1	0.950	d_Bacteria;p_Proteobacteria;c_Gammaproteobacteria;o_Enterobacterales;f_Enterobacteriaceae;g_Escherichia;s_Escherichia coli
E149	E149_21794	36	species	Escherichia coli	2	1	1	1.000	d_Bacteria;p_Proteobacteria;c_Gammaproteobacteria;o_Enterobacterales;f_Enterobacteriaceae;g_Escherichia;s_Escherichia coli
E149	E149_19043	36	species	Escherichia coli	2	2	2	1.000	d_Bacteria;p_Proteobacteria;c_Gammaproteobacteria;o_Enterobacterales;f_Enterobacteriaceae;g_Escherichia;s_Escherichia coli
E149	E149_15464	36	species	Escherichia coli	2	2	1	0.500	d_Bacteria;p_Proteobacteria;c_Gammaproteobacteria;o_Enterobacterales;f_Enterobacteriaceae;g_Escherichia;s_Escherichia coli
E149	E149_16104	36	species	Escherichia coli	2	2	1	0.930	d_Bacteria;p_Proteobacteria;c_Gammaproteobacteria;o_Enterobacterales;f_Enterobacteriaceae;g_Escherichia;s_Escherichia coli
E149	E149_21576	36	species	Escherichia coli	1	1	1	1.000	d_Bacteria;p_Proteobacteria;c_Gammaproteobacteria;o_Enterobacterales;f_Enterobacteriaceae;g_Escherichia;s_Escherichia coli
E149	E149_18250	36	species	Escherichia coli	2	2	1	0.500	d_Bacteria;p_Proteobacteria;c_Gammaproteobacteria;o_Enterobacterales;f_Enterobacteriaceae;g_Escherichia;s_Escherichia coli
E149	E149_15961	36	species	Escherichia coli	2	2	1	0.910	d_Bacteria;p_Proteobacteria;c_Gammaproteobacteria;o_Enterobacterales;f_Enterobacteriaceae;g_Escherichia;s_Escherichia coli
E149	E149_16253	36	species	Escherichia coli	2	2	1	0.990	d_Bacteria;p_Proteobacteria;c_Gammaproteobacteria;o_Enterobacterales;f_Enterobacteriaceae;g_Escherichia;s_Escherichia coli
E149	E149_14931	36	species	Escherichia coli	2	2	1	0.500	d_Bacteria;p_Proteobacteria;c_Gammaproteobacteria;o_Enterobacterales;f_Enterobacteriaceae;g_Escherichia;s_Escherichia coli
E149	E149_22259	36	species	Escherichia coli	1	1	1	1.000	d_Bacteria;p_Proteobacteria;c_Gammaproteobacteria;o_Enterobacterales;f_Enterobacteriaceae;g_Escherichia;s_Escherichia coli
E149	E149_16550	36	species	Escherichia coli	2	2	1	0.500	d_Bacteria;p_Proteobacteria;c_Gammaproteobacteria;o_Enterobacterales;f_Enterobacteriaceae;g_Escherichia;s_Escherichia coli
E149	E149_20582	36	species	Escherichia coli	2	2	1	0.500	d_Bacteria;p_Proteobacteria;c_Gammaproteobacteria;o_Enterobacterales;f_Enterobacteriaceae;g_Escherichia;s_Escherichia coli
E149	E149_20966	36	species	Escherichia coli	1	1	1	1.000	d_Bacteria;p_Proteobacteria;c_Gammaproteobacteria;o_Enterobacterales;f_Enterobacteriaceae;g_Escherichia;s_Escherichia coli
E149	E149_6983	36	species	Escherichia coli	10	7	1	0.840	d_Bacteria;p_Proteobacteria;c_Gammaproteobacteria;o_Enterobacterales;f_Enterobacteriaceae;g_Escherichia;s_Escherichia coli
E149	E149_15207	36	species	Escherichia coli	3	3	2	0.960	d_Bacteria;p_Proteobacteria;c_Gammaproteobacteria;o_Enterobacterales;f_Enterobacteriaceae;g_Escherichia;s_Escherichia coli
E149	E149_20382	36	species	Escherichia coli	1	1	1	1.000	d_Bacteria;p_Proteobacteria;c_Gammaproteobacteria;o_Enterobacterales;f_Enterobacteriaceae;g_Escherichia;s_Escherichia coli
E149	E149_7803	36	species	Escherichia coli	2	2	1	0.500	d_Bacteria;p_Proteobacteria;c_Gammaproteobacteria;o_Enterobacterales;f_Enterobacteriaceae;g_Escherichia;s_Escherichia coli
E149	E149_10075	36	species	Escherichia coli	6	6	2	0.640	d_Bacteria;p_Proteobacteria;c_Gammaproteobacteria;o_Enterobacterales;f_Enterobacteriaceae;g_Escherichia;s_Escherichia coli
E149	E149_21597	36	species	Escherichia coli	2	1	1	1.000	d_Bacteria;p_Proteobacteria;c_Gammaproteobacteria;o_Enterobacterales;f_Enterobacteriaceae;g_Escherichia;s_Escherichia coli
E149	E149_14724	36	species	Escherichia coli	2	2	2	1.000	d_Bacteria;p_Proteobacteria;c_Gammaproteobacteria;o_Enterobacterales;f_Enterobacteriaceae;g_Escherichia;s_Escherichia coli
E149	E149_20100	36	species	Escherichia coli	3	3	1	0.950	d_Bacteria;p_Proteobacteria;c_Gammaproteobacteria;o_Enterobacterales;f_Enterobacteriaceae;g_Escherichia;s_Escherichia coli
E149	E149_12184	27767	species	Enterobacter asburiae C	3	2	1	0.620	d_Bacteria;p_Proteobacteria;c_Gammaproteobacteria;o_Enterobacterales;f_Enterobacteriaceae;g_Enterobacter;s_Enterobacter asburiae C
E149	E149_15288	36	species	Escherichia coli	4	4	3	0.670	d_Bacteria;p_Proteobacteria;c_Gammaproteobacteria;o_Enterobacterales;f_Enterobacteriaceae;g_Escherichia;s_Escherichia coli
E149	E149_17720	36	species	Escherichia coli	2	2	1	0.500	d_Bacteria;p_Proteobacteria;c_Gammaproteobacteria;o_Enterobacterales;f_Enterobacteriaceae;g_Escherichia;s_Escherichia coli
E149	E149_12441	36	species	Escherichia coli	3	3	2	0.670	d_Bacteria;p_Proteobacteria;c_Gammaproteobacteria;o_Enterobacterales;f_Enterobacteriaceae;g_Escherichia;s_Escherichia coli
E149	E149_21614	36	species	Escherichia coli	2	2	1	0.500	d_Bacteria;p_Proteobacteria;c_Gammaproteobacteria;o_Enterobacterales;f_Enterobacteriaceae;g_Escherichia;s_Escherichia coli
E149	E149_13711	18	species	Klebsiella pneumoniae	2	2	1	0.500	d_Bacteria;p_Proteobacteria;c_Gammaproteobacteria;o_Enterobacterales;f_Enterobacteriaceae;g_Klebsiella;s_Klebsiella pneumoniae
E149	E149_18351	36	species	Escherichia coli	2	2	2	1.000	d_Bacteria;p_Proteobacteria;c_Gammaproteobacteria;o_Enterobacterales;f_Enterobacteriaceae;g_Escherichia;s_Escherichia coli
E149	E149_13750	35	species	Acinetobacter baumannii	4	4	3	0.960	d_Bacteria;p_Proteobacteria;c_Gammaproteobacteria;o_Pseudomonadales;f_Moraxellaceae;g_Acinetobacter;s_Acinetobacter baumannii
E149	E149_20214	36	species	Escherichia coli	3	2	1	0.850	d_Bacteria;p_Proteobacteria;c_Gammaproteobacteria;o_Enterobacterales;f_Enterobacteriaceae;g_Escherichia;s_Escherichia coli
E149	E149_12151	36	species	Escherichia coli	5	5	2	0.640	d_Bacteria;p_Proteobacteria;c_Gammaproteobacteria;o_Enterobacterales;f_Enterobacteriaceae;g_Escherichia;s_Escherichia coli
E149	E149_18871	36	species	Escherichia coli	4	3	1	0.930	d_Bacteria;p_Proteobacteria;c_Gammaproteobacteria;o_Enterobacterales;f_Enterobacteriaceae;g_Escherichia;s_Escherichia coli
E149	E149_22093	36	species	Escherichia coli	2	2	1	0.500	d_Bacteria;p_Proteobacteria;c_Gammaproteobacteria;o_Enterobacterales;f_Enterobacteriaceae;g_Escherichia;s_Escherichia coli
E149	E149_12974	36	species	Escherichia coli	1	1	1	1.000	d_Bacteria;p_Proteobacteria;c_Gammaproteobacteria;o_Enterobacterales;f_Enterobacteriaceae;g_Escherichia;s_Escherichia coli
E149	E149_18702	36	species	Escherichia coli	2	2	1	0.500	d_Bacteria;p_Proteobacteria;c_Gammaproteobacteria;o_Enterobacterales;f_Enterobacteriaceae;g_Escherichia;s_Escherichia coli
E149	E149_17533	36	species	Escherichia coli	2	1	1	1.000	d_Bacteria;p_Proteobacteria;c_Gammaproteobacteria;o_Enterobacterales;f_Enterobacteriaceae;g_Escherichia;s_Escherichia coli
E153	E153_7927	18	species	Klebsiella pneumoniae	1	1	1	1.000	d_Bacteria;p_Proteobacteria;c_Gammaproteobacteria;o_Enterobacterales;f_Enterobacteriaceae;g_Klebsiella;s_Klebsiella pneumoniae
E161	E161_5550	35	species	Acinetobacter baumannii	5	5	3	0.510	d_Bacteria;p_Proteobacteria;c_Gammaproteobacteria;o_Pseudomonadales;f_Moraxellaceae;g_Acinetobacter;s_Acinetobacter baumannii
E161	E161_18896	2301	species	Enterobacter cloacae I	1	1	1	1.000	d_Bacteria;p_Proteobacteria;c_Gammaproteobacteria;o_Enterobacterales;f_Enterobacteriaceae;g_Enterobacter;s_Enterobacter cloacae I
E161	E161_8229	2301	species	Enterobacter cloacae I	2	2	1	0.500	d_Bacteria;p_Proteobacteria;c_Gammaproteobacteria;o_Enterobacterales;f_Enterobacteriaceae;g_Enterobacter;s_Enterobacter cloacae I
E161	E161_17695	17704	species	Enterobacter cloacae P	5	4	1	0.860	d_Bacteria;p_Proteobacteria;c_Gammaproteobacteria;o_Enterobacterales;f_Enterobacteriaceae;g_Enterobacter;s_Enterobacter cloacae P
E161	E161_6485	35	species	Acinetobacter baumannii	2	2	1	0.500	d_Bacteria;p_Proteobacteria;c_Gammaproteobacteria;o_Pseudomonadales;f_Moraxellaceae;g_Acinetobacter;s_Acinetobacter baumannii
E164	E164_29328	13229	species	Enterobacter cloacae O	1	1	1	1.000	d_Bacteria;p_Proteobacteria;c_Gammaproteobacteria;o_Enterobacterales;f_Enterobacteriaceae;g_Enterobacter;s_Enterobacter cloacae O
E167	E167_16107	36	species	Escherichia coli	3	2	1	0.990	d_Bacteria;p_Proteobacteria;c_Gammaproteobacteria;o_Enterobacterales;f_Enterobacteriaceae;g_Escherichia;s_Escherichia coli
E167	E167_18155	36	species	Escherichia coli	1	1	1	1.000	d_Bacteria;p_Proteobacteria;c_Gammaproteobacteria;o_Enterobacterales;f_Enterobacteriaceae;g_Escherichia;s_Escherichia coli
E167	E167_20651	36	species	Escherichia coli	1	1	1	1.000	d_Bacteria;p_Proteobacteria;c_Gammaproteobacteria;o_Enterobacterales;f_Enterobacteriaceae;g_Escherichia;s_Escherichia coli
E167	E167_21163	17704	species	Enterobacter cloacae P	4	4	1	0.850	d_Bacteria;p_Proteobacteria;c_Gammaproteobacteria;o_Enterobacterales;f_Enterobacteriaceae;g_Enterobacter;s_Enterobacter cloacae P
E167	E167_22091	36	species	Escherichia coli	4	4	2	0.660	d_Bacteria;p_Proteobacteria;c_Gammaproteobacteria;o_Enterobacterales;f_Enterobacteriaceae;g_Escherichia;s_Escherichia coli
E167	E167_7184	244	species	Enterobacter roggenkampii	2	1	1	1.000	d_Bacteria;p_Proteobacteria;c_Gammaproteobacteria;o_Enterobacterales;f_Enterobacteriaceae;g_Enterobacter;s_Enterobacter roggenkampii
E167	E167_20368	36	species	Escherichia coli	2	2	2	1.000	d_Bacteria;p_Proteobacteria;c_Gammaproteobacteria;o_Enterobacterales;f_Enterobacteriaceae;g_Escherichia;s_Escherichia coli
E167	E167_11313	36	species	Escherichia coli	3	3	2	0.970	d_Bacteria;p_Proteobacteria;c_Gammaproteobacteria;o_Enterobacterales;f_Enterobacteriaceae;g_Escherichia;s_Escherichia coli
E167	E167_16881	23265	species	Enterobacter A timonensis	7	7	3	0.510	d_Bacteria;p_Proteobacteria;c_Gammaproteobacteria;o_Enterobacterales;f_Enterobacteriaceae;g_Enterobacter A;s_Enterobacter A timonensis
E167	E167_5650	36	species	Escherichia coli	3	3	2	0.670	d_Bacteria;p_Proteobacteria;c_Gammaproteobacteria;o_Enterobacterales;f_Enterobacteriaceae;g_Escherichia;s_Escherichia coli
E167	E167_1263	2301	species	Enterobacter cloacae I	1	1	1	1.000	d_Bacteria;p_Proteobacteria;c_Gammaproteobacteria;o_Enterobacterales;f_Enterobacteriaceae;g_Enterobacter;s_Enterobacter cloacae I
E167	E167_15343	36	species	Escherichia coli	1	1	1	1.000	d_Bacteria;p_Proteobacteria;c_Gammaproteobacteria;o_Enterobacterales;f_Enterobacteriaceae;g_Escherichia;s_Escherichia coli
E167	E167_16943	36	species	Escherichia coli	7	6	1	0.790	d_Bacteria;p_Proteobacteria;c_Gammaproteobacteria;o_Enterobacterales;f_Enterobacteriaceae;g_Escherichia;s_Escherichia coli
E167	E167_16900	18	species	Klebsiella pneumoniae	3	3	1	0.940	d_Bacteria;p_Proteobacteria;c_Gammaproteobacteria;o_Enterobacterales;f_Enterobacteriaceae;g_Klebsiella;s_Klebsiella pneumoniae
E167	E167_10770	36	species	Escherichia coli	2	2	2	1.000	d_Bacteria;p_Proteobacteria;c_Gammaproteobacteria;o_Enterobacterales;f_Enterobacteriaceae;g_Escherichia;s_Escherichia coli
E167	E167_11021	36	species	Escherichia coli	2	2	2	1.000	d_Bacteria;p_Proteobacteria;c_Gammaproteobacteria;o_Enterobacterales;f_Enterobacteriaceae;g_Escherichia;s_Escherichia coli
E167	E167_2630	36	species	Escherichia coli	13	12	4	0.740	d_Bacteria;p_Proteobacteria;c_Gammaproteobacteria;o_Enterobacterales;f_Enterobacteriaceae;g_Escherichia;s_Escherichia coli
E167	E167_3590	36	species	Escherichia coli	4	4	2	0.500	d_Bacteria;p_Proteobacteria;c_Gammaproteobacteria;o_Enterobacterales;f_Enterobacteriaceae;g_Escherichia;s_Escherichia coli
E167	E167_5535	36	species	Escherichia coli	5	5	2	0.650	d_Bacteria;p_Proteobacteria;c_Gammaproteobacteria;o_Enterobacterales;f_Enterobacteriaceae;g_Escherichia;s_Escherichia coli
E167	E167_2891	36	species	Escherichia coli	6	6	4	0.670	d_Bacteria;p_Proteobacteria;c_Gammaproteobacteria;o_Enterobacterales;f_Enterobacteriaceae;g_Escherichia;s_Escherichia coli
E167	E167_16212	36	species	Escherichia coli	3	2	1	0.500	d_Bacteria;p_Proteobacteria;c_Gammaproteobacteria;o_Enterobacterales;f_Enterobacteriaceae;g_Escherichia;s_Escherichia coli
E167	E167_18710	36	species	Escherichia coli	3	3	1	0.920	d_Bacteria;p_Proteobacteria;c_Gammaproteobacteria;o_Enterobacterales;f_Enterobacteriaceae;g_Escherichia;s_Escherichia coli
E167	E167_15198	36	species	Escherichia coli	5	5	1	0.910	d_Bacteria;p_Proteobacteria;c_Gammaproteobacteria;o_Enterobacterales;f_Enterobacteriaceae;g_Escherichia;s_Escherichia coli
E167	E167_16350	36	species	Escherichia coli	3	2	2	1.000	d_Bacteria;p_Proteobacteria;c_Gammaproteobacteria;o_Enterobacterales;f_Enterobacteriaceae;g_Escherichia;s_Escherichia coli
E167	E167_9055	18	species	Klebsiella pneumoniae	2	2	2	1.000	d_Bacteria;p_Proteobacteria;c_Gammaproteobacteria;o_Enterobacterales;f_Enterobacteriaceae;g_Klebsiella;s_Klebsiella pneumoniae
E167	E167_22996	18	species	Klebsiella pneumoniae	2	2	2	1.000	d_Bacteria;p_Proteobacteria;c_Gammaproteobacteria;o_Enterobacterales;f_Enterobacteriaceae;g_Klebsiella;s_Klebsiella pneumoniae
E167	E167_19210	2301	species	Enterobacter cloacae I	5	4	2	0.930	d_Bacteria;p_Proteobacteria;c_Gammaproteobacteria;o_Enterobacterales;f_Enterobacteriaceae;g_Enterobacter;s_Enterobacter cloacae I
E167	E167_4855	36	species	Escherichia coli	6	6	2	0.620	d_Bacteria;p_Proteobacteria;c_Gammaproteobacteria;o_Enterobacterales;f_Enterobacteriaceae;g_Escherichia;s_Escherichia coli
E167	E167_10722	36	species	Escherichia coli	6	5	1	0.910	d_Bacteria;p_Proteobacteria;c_Gammaproteobacteria;o_Enterobacterales;f_Enterobacteriaceae;g_Escherichia;s_Escherichia coli
E167	E167_24714	36	species	Escherichia coli	3	3	3	1.000	d_Bacteria;p_Proteobacteria;c_Gammaproteobacteria;o_Enterobacterales;f_Enterobacteriaceae;g_Escherichia;s_Escherichia coli
E167	E167_7802	36	species	Escherichia coli	4	4	2	0.660	d_Bacteria;p_Proteobacteria;c_Gammaproteobacteria;o_Enterobacterales;f_Enterobacteriaceae;g_Escherichia;s_Escherichia coli
E167	E167_8602	36	species	Escherichia coli	4	4	4	1.000	d_Bacteria;p_Proteobacteria;c_Gammaproteobacteria;o_Enterobacterales;f_Enterobacteriaceae;g_Escherichia;s_Escherichia coli
E167	E167_23194	18	species	Klebsiella pneumoniae	1	1	1	1.000	d_Bacteria;p_Proteobacteria;c_Gammaproteobacteria;o_Enterobacterales;f_Enterobacteriaceae;g_Klebsiella;s_Klebsiella pneumoniae
E167	E167_7927	36	species	Escherichia coli	4	3	1	0.910	d_Bacteria;p_Proteobacteria;c_Gammaproteobacteria;o_Enterobacterales;f_Enterobacteriaceae;g_Escherichia;s_Escherichia coli
E167	E167_14567	36	species	Escherichia coli	3	3	2	0.520	d_Bacteria;p_Proteobacteria;c_Gammaproteobacteria;o_Enterobacterales;f_Enterobacteriaceae;g_Escherichia;s_Escherichia coli
E167	E167_16231	18	species	Klebsiella pneumoniae	2	2	1	0.500	d_Bacteria;p_Proteobacteria;c_Gammaproteobacteria;o_Enterobacterales;f_Enterobacteriaceae;g_Klebsiella;s_Klebsiella pneumoniae
E167	E167_22695	18	species	Klebsiella pneumoniae	1	1	1	1.000	d_Bacteria;p_Proteobacteria;c_Gammaproteobacteria;o_Enterobacterales;f_Enterobacteriaceae;g_Klebsiella;s_Klebsiella pneumoniae
E167	E167_23207	36	species	Escherichia coli	2	2	1	0.940	d_Bacteria;p_Proteobacteria;c_Gammaproteobacteria;o_Enterobacterales;f_Enterobacteriaceae;g_Escherichia;s_Escherichia coli
E167	E167_16994	36	species	Escherichia coli	3	3	2	0.980	d_Bacteria;p_Proteobacteria;c_Gammaproteobacteria;o_Enterobacterales;f_Enterobacteriaceae;g_Escherichia;s_Escherichia coli
E167	E167_10548	36	species	Escherichia coli	3	3	3	1.000	d_Bacteria;p_Proteobacteria;c_Gammaproteobacteria;o_Enterobacterales;f_Enterobacteriaceae;g_Escherichia;s_Escherichia coli
E167	E167_19252	36	species	Escherichia coli	4	3	2	0.980	d_Bacteria;p_Proteobacteria;c_Gammaproteobacteria;o_Enterobacterales;f_Enterobacteriaceae;g_Escherichia;s_Escherichia coli
E167	E167_21492	36	species	Escherichia coli	5	5	2	0.960	d_Bacteria;p_Proteobacteria;c_Gammaproteobacteria;o_Enterobacterales;f_Enterobacteriaceae;g_Escherichia;s_Escherichia coli
E167	E167_6037	36	species	Escherichia coli	4	3	3	1.000	d_Bacteria;p_Proteobacteria;c_Gammaproteobacteria;o_Enterobacterales;f_Enterobacteriaceae;g_Escherichia;s_Escherichia coli
E167	E167_12693	292	species	Enterobacter kobei	2	2	1	0.500	d_Bacteria;p_Proteobacteria;c_Gammaproteobacteria;o_Enterobacterales;f_Enterobacteriaceae;g_Enterobacter;s_Enterobacter kobei
E167	E167_19521	36	species	Escherichia coli	1	1	1	1.000	d_Bacteria;p_Proteobacteria;c_Gammaproteobacteria;o_Enterobacterales;f_Enterobacteriaceae;g_Escherichia;s_Escherichia coli
E167	E167_7737	36	species	Escherichia coli	2	2	1	0.500	d_Bacteria;p_Proteobacteria;c_Gammaproteobacteria;o_Enterobacterales;f_Enterobacteriaceae;g_Escherichia;s_Escherichia coli
E167	E167_13403	36	species	Escherichia coli	2	1	1	1.000	d_Bacteria;p_Proteobacteria;c_Gammaproteobacteria;o_Enterobacterales;f_Enterobacteriaceae;g_Escherichia;s_Escherichia coli
E167	E167_16236	18	species	Klebsiella pneumoniae	4	4	3	0.970	d_Bacteria;p_Proteobacteria;c_Gammaproteobacteria;o_Enterobacterales;f_Enterobacteriaceae;g_Klebsiella;s_Klebsiella pneumoniae
E167	E167_18124	36	species	Escherichia coli	3	3	2	0.930	d_Bacteria;p_Proteobacteria;c_Gammaproteobacteria;o_Enterobacterales;f_Enterobacteriaceae;g_Escherichia;s_Escherichia coli
E167	E167_18796	18	species	Klebsiella pneumoniae	3	3	2	0.980	d_Bacteria;p_Proteobacteria;c_Gammaproteobacteria;o_Enterobacterales;f_Enterobacteriaceae;g_Klebsiella;s_Klebsiella pneumoniae
E167	E167_24204	36	species	Escherichia coli	2	1	1	1.000	d_Bacteria;p_Proteobacteria;c_Gammaproteobacteria;o_Enterobacterales;f_Enterobacteriaceae;g_Escherichia;s_Escherichia coli
E167	E167_16977	36	species	Escherichia coli	2	2	1	0.500	d_Bacteria;p_Proteobacteria;c_Gammaproteobacteria;o_Enterobacterales;f_Enterobacteriaceae;g_Escherichia;s_Escherichia coli
E167	E167_6898	36	species	Escherichia coli	2	2	1	0.500	d_Bacteria;p_Proteobacteria;c_Gammaproteobacteria;o_Enterobacterales;f_Enterobacteriaceae;g_Escherichia;s_Escherichia coli
E167	E167_22656	36	species	Escherichia coli	2	2	2	1.000	d_Bacteria;p_Proteobacteria;c_Gammaproteobacteria;o_Enterobacterales;f_Enterobacteriaceae;g_Escherichia;s_Escherichia coli
E167	E167_7754	36	species	Escherichia coli	3	3	2	0.670	d_Bacteria;p_Proteobacteria;c_Gammaproteobacteria;o_Enterobacterales;f_Enterobacteriaceae;g_Escherichia;s_Escherichia coli
E167	E167_12522	18	species	Klebsiella pneumoniae	2	2	2	1.000	d_Bacteria;p_Proteobacteria;c_Gammaproteobacteria;o_Enterobacterales;f_Enterobacteriaceae;g_Klebsiella;s_Klebsiella pneumoniae
E167	E167_15565	36	species	Escherichia coli	3	2	1	0.500	d_Bacteria;p_Proteobacteria;c_Gammaproteobacteria;o_Enterobacterales;f_Enterobacteriaceae;g_Escherichia;s_Escherichia coli
E167	E167_17613	18	species	Klebsiella pneumoniae	2	2	2	1.000	d_Bacteria;p_Proteobacteria;c_Gammaproteobacteria;o_Enterobacterales;f_Enterobacteriaceae;g_Klebsiella;s_Klebsiella pneumoniae
E167	E167_18413	36	species	Escherichia coli	3	3	1	0.930	d_Bacteria;p_Proteobacteria;c_Gammaproteobacteria;o_Enterobacterales;f_Enterobacteriaceae;g_Escherichia;s_Escherichia coli
E167	E167_11491	36	species	Escherichia coli	2	1	1	1.000	d_Bacteria;p_Proteobacteria;c_Gammaproteobacteria;o_Enterobacterales;f_Enterobacteriaceae;g_Escherichia;s_Escherichia coli
E167	E167_10400	36	species	Escherichia coli	2	2	2	1.000	d_Bacteria;p_Proteobacteria;c_Gammaproteobacteria;o_Enterobacterales;f_Enterobacteriaceae;g_Escherichia;s_Escherichia coli
E167	E167_22247	18	species	Klebsiella pneumoniae	2	2	1	0.500	d_Bacteria;p_Proteobacteria;c_Gammaproteobacteria;o_Enterobacterales;f_Enterobacteriaceae;g_Klebsiella;s_Klebsiella pneumoniae
E167	E167_5282	36	species	Escherichia coli	4	3	2	0.670	d_Bacteria;p_Proteobacteria;c_Gammaproteobacteria;o_Enterobacterales;f_Enterobacteriaceae;g_Escherichia;s_Escherichia coli
E167	E167_8350	36	species	Escherichia coli	3	2	2	1.000	d_Bacteria;p_Proteobacteria;c_Gammaproteobacteria;o_Enterobacterales;f_Enterobacteriaceae;g_Escherichia;s_Escherichia coli
E167	E167_9534	36	species	Escherichia coli	3	2	1	0.500	d_Bacteria;p_Proteobacteria;c_Gammaproteobacteria;o_Enterobacterales;f_Enterobacteriaceae;g_Escherichia;s_Escherichia coli
E167	E167_21330	36	species	Escherichia coli	2	2	2	1.000	d_Bacteria;p_Proteobacteria;c_Gammaproteobacteria;o_Enterobacterales;f_Enterobacteriaceae;g_Escherichia;s_Escherichia coli
E167	E167_13939	36	species	Escherichia coli	2	1	1	1.000	d_Bacteria;p_Proteobacteria;c_Gammaproteobacteria;o_Enterobacterales;f_Enterobacteriaceae;g_Escherichia;s_Escherichia coli
E167	E167_20051	18	species	Klebsiella pneumoniae	2	2	1	0.500	d_Bacteria;p_Proteobacteria;c_Gammaproteobacteria;o_Enterobacterales;f_Enterobacteriaceae;g_Klebsiella;s_Klebsiella pneumoniae
E167	E167_21971	18	species	Klebsiella pneumoniae	2	2	1	0.500	d_Bacteria;p_Proteobacteria;c_Gammaproteobacteria;o_Enterobacterales;f_Enterobacteriaceae;g_Klebsiella;s_Klebsiella pneumoniae
E167	E167_23667	36	species	Escherichia coli	2	2	2	1.000	d_Bacteria;p_Proteobacteria;c_Gammaproteobacteria;o_Enterobacterales;f_Enterobacteriaceae;g_Escherichia;s_Escherichia coli
E167	E167_24627	18	species	Klebsiella pneumoniae	2	2	2	1.000	d_Bacteria;p_Proteobacteria;c_Gammaproteobacteria;o_Enterobacterales;f_Enterobacteriaceae;g_Klebsiella;s_Klebsiella pneumoniae
E167	E167_19840	36	species	Escherichia coli	2	2	1	0.500	d_Bacteria;p_Proteobacteria;c_Gammaproteobacteria;o_Enterobacterales;f_Enterobacteriaceae;g_Escherichia;s_Escherichia coli
E167	E167_6405	36	species	Escherichia coli	2	2	1	0.500	d_Bacteria;p_Proteobacteria;c_Gammaproteobacteria;o_Enterobacterales;f_Enterobacteriaceae;g_Escherichia;s_Escherichia coli
E167	E167_11525	36	species	Escherichia coli	3	3	2	0.510	d_Bacteria;p_Proteobacteria;c_Gammaproteobacteria;o_Enterobacterales;f_Enterobacteriaceae;g_Escherichia;s_Escherichia coli
E167	E167_19769	18	species	Klebsiella pneumoniae	2	2	1	0.500	d_Bacteria;p_Proteobacteria;c_Gammaproteobacteria;o_Enterobacterales;f_Enterobacteriaceae;g_Klebsiella;s_Klebsiella pneumoniae
E167	E167_3578	36	species	Escherichia coli	6	5	3	0.740	d_Bacteria;p_Proteobacteria;c_Gammaproteobacteria;o_Enterobacterales;f_Enterobacteriaceae;g_Escherichia;s_Escherichia coli
E167	E167_16216	36	species	Escherichia coli	4	4	2	0.660	d_Bacteria;p_Proteobacteria;c_Gammaproteobacteria;o_Enterobacterales;f_Enterobacteriaceae;g_Escherichia;s_Escherichia coli
E167	E167_25752	36	species	Escherichia coli	1	1	1	1.000	d_Bacteria;p_Proteobacteria;c_Gammaproteobacteria;o_Enterobacterales;f_Enterobacteriaceae;g_Escherichia;s_Escherichia coli
E167	E167_1561	36	species	Escherichia coli	11	11	7	0.670	d_Bacteria;p_Proteobacteria;c_Gammaproteobacteria;o_Enterobacterales;f_Enterobacteriaceae;g_Escherichia;s_Escherichia coli
E167	E167_17541	36	species	Escherichia coli	2	2	1	1.000	d_Bacteria;p_Proteobacteria;c_Gammaproteobacteria;o_Enterobacterales;f_Enterobacteriaceae;g_Escherichia;s_Escherichia coli
E167	E167_10278	36	species	Escherichia coli	4	4	2	0.660	d_Bacteria;p_Proteobacteria;c_Gammaproteobacteria;o_Enterobacterales;f_Enterobacteriaceae;g_Escherichia;s_Escherichia coli
E167	E167_4906	36	species	Escherichia coli	6	5	4	0.760	d_Bacteria;p_Proteobacteria;c_Gammaproteobacteria;o_Enterobacterales;f_Enterobacteriaceae;g_Escherichia;s_Escherichia coli
E167	E167_16673	36	species	Escherichia coli	3	3	2	0.990	d_Bacteria;p_Proteobacteria;c_Gammaproteobacteria;o_Enterobacterales;f_Enterobacteriaceae;g_Escherichia;s_Escherichia coli
E167	E167_8260	36	species	Escherichia coli	3	2	2	1.000	d_Bacteria;p_Proteobacteria;c_Gammaproteobacteria;o_Enterobacterales;f_Enterobacteriaceae;g_Escherichia;s_Escherichia coli
E167	E167_16356	36	species	Escherichia coli	2	2	2	1.000	d_Bacteria;p_Proteobacteria;c_Gammaproteobacteria;o_Enterobacterales;f_Enterobacteriaceae;g_Escherichia;s_Escherichia coli
E167	E167_5370	36	species	Escherichia coli	3	3	2	0.670	d_Bacteria;p_Proteobacteria;c_Gammaproteobacteria;o_Enterobacterales;f_Enterobacteriaceae;g_Escherichia;s_Escherichia coli
E167	E167_12186	36	species	Escherichia coli	2	2	1	0.910	d_Bacteria;p_Proteobacteria;c_Gammaproteobacteria;o_Enterobacterales;f_Enterobacteriaceae;g_Escherichia;s_Escherichia coli
E167	E167_12250	36	species	Escherichia coli	2	2	1	0.500	d_Bacteria;p_Proteobacteria;c_Gammaproteobacteria;o_Enterobacterales;f_Enterobacteriaceae;g_Escherichia;s_Escherichia coli
E167	E167_12730	36	species	Escherichia coli	3	3	2	0.980	d_Bacteria;p_Proteobacteria;c_Gammaproteobacteria;o_Enterobacterales;f_Enterobacteriaceae;g_Escherichia;s_Escherichia coli
E167	E167_18650	36	species	Escherichia coli	2	2	1	0.500	d_Bacteria;p_Proteobacteria;c_Gammaproteobacteria;o_Enterobacterales;f_Enterobacteriaceae;g_Escherichia;s_Escherichia coli
E167	E167_6929	36	species	Escherichia coli	6	6	3	0.930	d_Bacteria;p_Proteobacteria;c_Gammaproteobacteria;o_Enterobacterales;f_Enterobacteriaceae;g_Escherichia;s_Escherichia coli
E167	E167_13153	36	species	Escherichia coli	2	2	1	0.500	d_Bacteria;p_Proteobacteria;c_Gammaproteobacteria;o_Enterobacterales;f_Enterobacteriaceae;g_Escherichia;s_Escherichia coli
E167	E167_13565	36	species	Escherichia coli	3	2	2	1.000	d_Bacteria;p_Proteobacteria;c_Gammaproteobacteria;o_Enterobacterales;f_Enterobacteriaceae;g_Escherichia;s_Escherichia coli
E167	E167_20608	18	species	Klebsiella pneumoniae	2	2	1	0.500	d_Bacteria;p_Proteobacteria;c_Gammaproteobacteria;o_Enterobacterales;f_Enterobacteriaceae;g_Klebsiella;s_Klebsiella pneumoniae
E167	E167_17469	36	species	Escherichia coli	3	3	2	0.520	d_Bacteria;p_Proteobacteria;c_Gammaproteobacteria;o_Enterobacterales;f_Enterobacteriaceae;g_Escherichia;s_Escherichia coli
E167	E167_19229	18	species	Klebsiella pneumoniae	1	1	1	1.000	d_Bacteria;p_Proteobacteria;c_Gammaproteobacteria;o_Enterobacterales;f_Enterobacteriaceae;g_Klebsiella;s_Klebsiella pneumoniae
E167	E167_24046	18	species	Klebsiella pneumoniae	2	2	1	0.960	d_Bacteria;p_Proteobacteria;c_Gammaproteobacteria;o_Enterobacterales;f_Enterobacteriaceae;g_Klebsiella;s_Klebsiella pneumoniae
E167	E167_24686	18	species	Klebsiella pneumoniae	2	2	1	0.950	d_Bacteria;p_Proteobacteria;c_Gammaproteobacteria;o_Enterobacterales;f_Enterobacteriaceae;g_Klebsiella;s_Klebsiella pneumoniae
E167	E167_23914	18	species	Klebsiella pneumoniae	2	2	1	0.500	d_Bacteria;p_Proteobacteria;c_Gammaproteobacteria;o_Enterobacterales;f_Enterobacteriaceae;g_Klebsiella;s_Klebsiella pneumoniae
E167	E167_16380	36	species	Escherichia coli	2	2	1	0.500	d_Bacteria;p_Proteobacteria;c_Gammaproteobacteria;o_Enterobacterales;f_Enterobacteriaceae;g_Escherichia;s_Escherichia coli
E167	E167_23196	18	species	Klebsiella pneumoniae	2	1	1	1.000	d_Bacteria;p_Proteobacteria;c_Gammaproteobacteria;o_Enterobacterales;f_Enterobacteriaceae;g_Klebsiella;s_Klebsiella pneumoniae
E167	E167_16194	36	species	Escherichia coli	2	2	1	0.960	d_Bacteria;p_Proteobacteria;c_Gammaproteobacteria;o_Enterobacterales;f_Enterobacteriaceae;g_Escherichia;s_Escherichia coli
E167	E167_23426	36	species	Escherichia coli	3	3	2	0.960	d_Bacteria;p_Proteobacteria;c_Gammaproteobacteria;o_Enterobacterales;f_Enterobacteriaceae;g_Escherichia;s_Escherichia coli
E167	E167_25666	36	species	Escherichia coli	3	3	3	1.000	d_Bacteria;p_Proteobacteria;c_Gammaproteobacteria;o_Enterobacterales;f_Enterobacteriaceae;g_Escherichia;s_Escherichia coli
E167	E167_4393	36	species	Escherichia coli	5	4	2	0.500	d_Bacteria;p_Proteobacteria;c_Gammaproteobacteria;o_Enterobacterales;f_Enterobacteriaceae;g_Escherichia;s_Escherichia coli
E167	E167_5481	36	species	Escherichia coli	4	4	4	1.000	d_Bacteria;p_Proteobacteria;c_Gammaproteobacteria;o_Enterobacterales;f_Enterobacteriaceae;g_Escherichia;s_Escherichia coli
E167	E167_7465	36	species	Escherichia coli	4	4	2	0.650	d_Bacteria;p_Proteobacteria;c_Gammaproteobacteria;o_Enterobacterales;f_Enterobacteriaceae;g_Escherichia;s_Escherichia coli
E167	E167_15433	36	species	Escherichia coli	3	3	2	0.970	d_Bacteria;p_Proteobacteria;c_Gammaproteobacteria;o_Enterobacterales;f_Enterobacteriaceae;g_Escherichia;s_Escherichia coli
E167	E167_17129	36	species	Escherichia coli	3	2	2	1.000	d_Bacteria;p_Proteobacteria;c_Gammaproteobacteria;o_Enterobacterales;f_Enterobacteriaceae;g_Escherichia;s_Escherichia coli
E167	E167_22410	18	species	Klebsiella pneumoniae	2	2	1	0.500	d_Bacteria;p_Proteobacteria;c_Gammaproteobacteria;o_Enterobacterales;f_Enterobacteriaceae;g_Klebsiella;s_Klebsiella pneumoniae
E167	E167_17335	36	species	Escherichia coli	3	3	2	0.970	d_Bacteria;p_Proteobacteria;c_Gammaproteobacteria;o_Enterobacterales;f_Enterobacteriaceae;g_Escherichia;s_Escherichia coli
E167	E167_23095	36	species	Escherichia coli	2	2	1	0.970	d_Bacteria;p_Proteobacteria;c_Gammaproteobacteria;o_Enterobacterales;f_Enterobacteriaceae;g_Escherichia;s_Escherichia coli
E167	E167_21246	18	species	Klebsiella pneumoniae	2	2	2	1.000	d_Bacteria;p_Proteobacteria;c_Gammaproteobacteria;o_Enterobacterales;f_Enterobacteriaceae;g_Klebsiella;s_Klebsiella pneumoniae
E167	E167_18585	36	species	Escherichia coli	2	2	1	0.500	d_Bacteria;p_Proteobacteria;c_Gammaproteobacteria;o_Enterobacterales;f_Enterobacteriaceae;g_Escherichia;s_Escherichia coli
E170	E170_11857	2301	species	Enterobacter cloacae I	1	1	1	1.000	d_Bacteria;p_Proteobacteria;c_Gammaproteobacteria;o_Enterobacterales;f_Enterobacteriaceae;g_Enterobacter;s_Enterobacter cloacae I
E170	E170_13849	55282	species	Enterobacter sp013927005	2	2	1	0.660	d_Bacteria;p_Proteobacteria;c_Gammaproteobacteria;o_Enterobacterales;f_Enterobacteriaceae;g_Enterobacter;s_Enterobacter sp013927005
E172	E172_16319	36	species	Escherichia coli	2	2	1	0.500	d_Bacteria;p_Proteobacteria;c_Gammaproteobacteria;o_Enterobacterales;f_Enterobacteriaceae;g_Escherichia;s_Escherichia coli
E172	E172_7040	36	species	Escherichia coli	2	2	2	1.000	d_Bacteria;p_Proteobacteria;c_Gammaproteobacteria;o_Enterobacterales;f_Enterobacteriaceae;g_Escherichia;s_Escherichia coli
E178	E178_18922	35	species	Acinetobacter baumannii	1	1	1	1.000	d_Bacteria;p_Proteobacteria;c_Gammaproteobacteria;o_Pseudomonadales;f_Moraxellaceae;g_Acinetobacter;s_Acinetobacter baumannii
E178	E178_14315	36	species	Escherichia coli	3	2	1	0.930	d_Bacteria;p_Proteobacteria;c_Gammaproteobacteria;o_Enterobacterales;f_Enterobacteriaceae;g_Escherichia;s_Escherichia coli
E178	E178_12258	2301	species	Enterobacter cloacae I	1	1	1	1.000	d_Bacteria;p_Proteobacteria;c_Gammaproteobacteria;o_Enterobacterales;f_Enterobacteriaceae;g_Enterobacter;s_Enterobacter cloacae I
E178	E178_16674	36	species	Escherichia coli	2	1	1	1.000	d_Bacteria;p_Proteobacteria;c_Gammaproteobacteria;o_Enterobacterales;f_Enterobacteriaceae;g_Escherichia;s_Escherichia coli
E178	E178_8905	36	species	Escherichia coli	3	1	1	1.000	d_Bacteria;p_Proteobacteria;c_Gammaproteobacteria;o_Enterobacterales;f_Enterobacteriaceae;g_Escherichia;s_Escherichia coli
E178	E178_17397	36	species	Escherichia coli	2	1	1	1.000	d_Bacteria;p_Proteobacteria;c_Gammaproteobacteria;o_Enterobacterales;f_Enterobacteriaceae;g_Escherichia;s_Escherichia coli
E178	E178_14281	36	species	Escherichia coli	2	2	1	0.500	d_Bacteria;p_Proteobacteria;c_Gammaproteobacteria;o_Enterobacterales;f_Enterobacteriaceae;g_Escherichia;s_Escherichia coli
E178	E178_16617	36	species	Escherichia coli	1	1	1	1.000	d_Bacteria;p_Proteobacteria;c_Gammaproteobacteria;o_Enterobacterales;f_Enterobacteriaceae;g_Escherichia;s_Escherichia coli
E178	E178_14749	36	species	Escherichia coli	2	2	1	0.500	d_Bacteria;p_Proteobacteria;c_Gammaproteobacteria;o_Enterobacterales;f_Enterobacteriaceae;g_Escherichia;s_Escherichia coli
E178	E178_10908	36	species	Escherichia coli	2	1	1	1.000	d_Bacteria;p_Proteobacteria;c_Gammaproteobacteria;o_Enterobacterales;f_Enterobacteriaceae;g_Escherichia;s_Escherichia coli
E178	E178_7935	36	species	Escherichia coli	2	2	1	0.500	d_Bacteria;p_Proteobacteria;c_Gammaproteobacteria;o_Enterobacterales;f_Enterobacteriaceae;g_Escherichia;s_Escherichia coli
E178	E178_11850	36	species	Escherichia coli	2	2	1	0.500	d_Bacteria;p_Proteobacteria;c_Gammaproteobacteria;o_Enterobacterales;f_Enterobacteriaceae;g_Escherichia;s_Escherichia coli
E178	E178_8646	36	species	Escherichia coli	2	2	1	0.500	d_Bacteria;p_Proteobacteria;c_Gammaproteobacteria;o_Enterobacterales;f_Enterobacteriaceae;g_Escherichia;s_Escherichia coli
E178	E178_11654	36	species	Escherichia coli	2	2	1	0.950	d_Bacteria;p_Proteobacteria;c_Gammaproteobacteria;o_Enterobacterales;f_Enterobacteriaceae;g_Escherichia;s_Escherichia coli
E178	E178_17478	36	species	Escherichia coli	1	1	1	1.000	d_Bacteria;p_Proteobacteria;c_Gammaproteobacteria;o_Enterobacterales;f_Enterobacteriaceae;g_Escherichia;s_Escherichia coli
E178	E178_19462	36	species	Escherichia coli	3	3	2	0.950	d_Bacteria;p_Proteobacteria;c_Gammaproteobacteria;o_Enterobacterales;f_Enterobacteriaceae;g_Escherichia;s_Escherichia coli
E178	E178_10366	35	species	Acinetobacter baumannii	1	1	1	1.000	d_Bacteria;p_Proteobacteria;c_Gammaproteobacteria;o_Pseudomonadales;f_Moraxellaceae;g_Acinetobacter;s_Acinetobacter baumannii
E178	E178_10465	36	species	Escherichia coli	2	2	1	0.930	d_Bacteria;p_Proteobacteria;c_Gammaproteobacteria;o_Enterobacterales;f_Enterobacteriaceae;g_Escherichia;s_Escherichia coli
E178	E178_15491	35	species	Acinetobacter baumannii	2	2	2	1.000	d_Bacteria;p_Proteobacteria;c_Gammaproteobacteria;o_Pseudomonadales;f_Moraxellaceae;g_Acinetobacter;s_Acinetobacter baumannii
E178	E178_15587	36	species	Escherichia coli	3	2	1	0.970	d_Bacteria;p_Proteobacteria;c_Gammaproteobacteria;o_Enterobacterales;f_Enterobacteriaceae;g_Escherichia;s_Escherichia coli
E178	E178_18115	36	species	Escherichia coli	3	2	1	0.920	d_Bacteria;p_Proteobacteria;c_Gammaproteobacteria;o_Enterobacterales;f_Enterobacteriaceae;g_Escherichia;s_Escherichia coli
E178	E178_19427	36	species	Escherichia coli	2	2	1	0.500	d_Bacteria;p_Proteobacteria;c_Gammaproteobacteria;o_Enterobacterales;f_Enterobacteriaceae;g_Escherichia;s_Escherichia coli
E178	E178_13512	55282	species	Enterobacter sp013927005	9	7	1	0.730	d_Bacteria;p_Proteobacteria;c_Gammaproteobacteria;o_Enterobacterales;f_Enterobacteriaceae;g_Enterobacter;s_Enterobacter sp013927005
E178	E178_8309	36	species	Escherichia coli	3	1	1	1.000	d_Bacteria;p_Proteobacteria;c_Gammaproteobacteria;o_Enterobacterales;f_Enterobacteriaceae;g_Escherichia;s_Escherichia coli
E178	E178_16555	36	species	Escherichia coli	2	2	1	0.500	d_Bacteria;p_Proteobacteria;c_Gammaproteobacteria;o_Enterobacterales;f_Enterobacteriaceae;g_Escherichia;s_Escherichia coli
E178	E178_18796	36	species	Escherichia coli	4	4	1	0.880	d_Bacteria;p_Proteobacteria;c_Gammaproteobacteria;o_Enterobacterales;f_Enterobacteriaceae;g_Escherichia;s_Escherichia coli
E178	E178_10916	2301	species	Enterobacter cloacae I	4	4	2	0.910	d_Bacteria;p_Proteobacteria;c_Gammaproteobacteria;o_Enterobacterales;f_Enterobacteriaceae;g_Enterobacter;s_Enterobacter cloacae I
E178	E178_15556	2303	species	Enterobacter mori	2	1	1	1.000	d_Bacteria;p_Proteobacteria;c_Gammaproteobacteria;o_Enterobacterales;f_Enterobacteriaceae;g_Enterobacter;s_Enterobacter mori
E178	E178_17252	36	species	Escherichia coli	2	2	1	0.920	d_Bacteria;p_Proteobacteria;c_Gammaproteobacteria;o_Enterobacterales;f_Enterobacteriaceae;g_Escherichia;s_Escherichia coli
E178	E178_6804	36	species	Escherichia coli	4	4	2	0.650	d_Bacteria;p_Proteobacteria;c_Gammaproteobacteria;o_Enterobacterales;f_Enterobacteriaceae;g_Escherichia;s_Escherichia coli
E178	E178_15124	36	species	Escherichia coli	2	2	1	0.500	d_Bacteria;p_Proteobacteria;c_Gammaproteobacteria;o_Enterobacterales;f_Enterobacteriaceae;g_Escherichia;s_Escherichia coli
E178	E178_12159	36	species	Escherichia coli	2	2	2	1.000	d_Bacteria;p_Proteobacteria;c_Gammaproteobacteria;o_Enterobacterales;f_Enterobacteriaceae;g_Escherichia;s_Escherichia coli
E178	E178_16191	36	species	Escherichia coli	1	1	1	1.000	d_Bacteria;p_Proteobacteria;c_Gammaproteobacteria;o_Enterobacterales;f_Enterobacteriaceae;g_Escherichia;s_Escherichia coli
E178	E178_18495	36	species	Escherichia coli	2	1	1	1.000	d_Bacteria;p_Proteobacteria;c_Gammaproteobacteria;o_Enterobacterales;f_Enterobacteriaceae;g_Escherichia;s_Escherichia coli
E178	E178_7760	36	species	Escherichia coli	3	3	2	0.670	d_Bacteria;p_Proteobacteria;c_Gammaproteobacteria;o_Enterobacterales;f_Enterobacteriaceae;g_Escherichia;s_Escherichia coli
E178	E178_6136	36	species	Escherichia coli	3	2	1	0.500	d_Bacteria;p_Proteobacteria;c_Gammaproteobacteria;o_Enterobacterales;f_Enterobacteriaceae;g_Escherichia;s_Escherichia coli
E178	E178_18232	36	species	Escherichia coli	2	2	1	0.500	d_Bacteria;p_Proteobacteria;c_Gammaproteobacteria;o_Enterobacterales;f_Enterobacteriaceae;g_Escherichia;s_Escherichia coli
E178	E178_13081	36	species	Escherichia coli	2	2	1	0.930	d_Bacteria;p_Proteobacteria;c_Gammaproteobacteria;o_Enterobacterales;f_Enterobacteriaceae;g_Escherichia;s_Escherichia coli
E178	E178_11130	36	species	Escherichia coli	1	1	1	1.000	d_Bacteria;p_Proteobacteria;c_Gammaproteobacteria;o_Enterobacterales;f_Enterobacteriaceae;g_Escherichia;s_Escherichia coli
E178	E178_12314	36	species	Escherichia coli	4	2	1	0.950	d_Bacteria;p_Proteobacteria;c_Gammaproteobacteria;o_Enterobacterales;f_Enterobacteriaceae;g_Escherichia;s_Escherichia coli
E178	E178_18866	36	species	Escherichia coli	9	8	1	0.850	d_Bacteria;p_Proteobacteria;c_Gammaproteobacteria;o_Enterobacterales;f_Enterobacteriaceae;g_Escherichia;s_Escherichia coli
E178	E178_9335	36	species	Escherichia coli	3	3	2	0.670	d_Bacteria;p_Proteobacteria;c_Gammaproteobacteria;o_Enterobacterales;f_Enterobacteriaceae;g_Escherichia;s_Escherichia coli
E184	E184_23169	17704	species	Enterobacter cloacae P	3	3	1	0.910	d_Bacteria;p_Proteobacteria;c_Gammaproteobacteria;o_Enterobacterales;f_Enterobacteriaceae;g_Enterobacter;s_Enterobacter cloacae P
E184	E184_4910	1903	species	Enterobacter hormaechei	10	5	3	0.510	d_Bacteria;p_Proteobacteria;c_Gammaproteobacteria;o_Enterobacterales;f_Enterobacteriaceae;g_Enterobacter;s_Enterobacter hormaechei
E184	E184_19406	2301	species	Enterobacter cloacae I	1	1	1	1.000	d_Bacteria;p_Proteobacteria;c_Gammaproteobacteria;o_Enterobacterales;f_Enterobacteriaceae;g_Enterobacter;s_Enterobacter cloacae I
E184	E184_12240	9756	species	Enterobacter D sp001888805	2	2	1	0.950	d_Bacteria;p_Proteobacteria;c_Gammaproteobacteria;o_Enterobacterales;f_Enterobacteriaceae;g_Enterobacter D;s_Enterobacter D sp001888805
E184	E184_4068	35	species	Acinetobacter baumannii	4	4	4	1.000	d_Bacteria;p_Proteobacteria;c_Gammaproteobacteria;o_Pseudomonadales;f_Moraxellaceae;g_Acinetobacter;s_Acinetobacter baumannii
E190	E190_11464	35	species	Acinetobacter baumannii	1	1	1	1.000	d_Bacteria;p_Proteobacteria;c_Gammaproteobacteria;o_Pseudomonadales;f_Moraxellaceae;g_Acinetobacter;s_Acinetobacter baumannii
E190	E190_7127	2301	species	Enterobacter cloacae I	1	1	1	1.000	d_Bacteria;p_Proteobacteria;c_Gammaproteobacteria;o_Enterobacterales;f_Enterobacteriaceae;g_Enterobacter;s_Enterobacter cloacae I
E190	E190_17994	35	species	Acinetobacter baumannii	1	1	1	1.000	d_Bacteria;p_Proteobacteria;c_Gammaproteobacteria;o_Pseudomonadales;f_Moraxellaceae;g_Acinetobacter;s_Acinetobacter baumannii
E190	E190_9747	35	species	Acinetobacter baumannii	2	2	1	0.960	d_Bacteria;p_Proteobacteria;c_Gammaproteobacteria;o_Pseudomonadales;f_Moraxellaceae;g_Acinetobacter;s_Acinetobacter baumannii
E190	E190_9306	35	species	Acinetobacter baumannii	2	2	2	1.000	d_Bacteria;p_Proteobacteria;c_Gammaproteobacteria;o_Pseudomonadales;f_Moraxellaceae;g_Acinetobacter;s_Acinetobacter baumannii
E193	E193_4820	2301	species	Enterobacter cloacae I	2	2	1	0.970	d_Bacteria;p_Proteobacteria;c_Gammaproteobacteria;o_Enterobacterales;f_Enterobacteriaceae;g_Enterobacter;s_Enterobacter cloacae I
E196	E196_9809	36	species	Escherichia coli	2	2	1	0.500	d_Bacteria;p_Proteobacteria;c_Gammaproteobacteria;o_Enterobacterales;f_Enterobacteriaceae;g_Escherichia;s_Escherichia coli
E196	E196_16796	36	species	Escherichia coli	1	1	1	1.000	d_Bacteria;p_Proteobacteria;c_Gammaproteobacteria;o_Enterobacterales;f_Enterobacteriaceae;g_Escherichia;s_Escherichia coli
E196	E196_10711	36	species	Escherichia coli	2	2	1	0.500	d_Bacteria;p_Proteobacteria;c_Gammaproteobacteria;o_Enterobacterales;f_Enterobacteriaceae;g_Escherichia;s_Escherichia coli
E196	E196_11927	36	species	Escherichia coli	2	2	1	0.960	d_Bacteria;p_Proteobacteria;c_Gammaproteobacteria;o_Enterobacterales;f_Enterobacteriaceae;g_Escherichia;s_Escherichia coli
E196	E196_15459	35	species	Acinetobacter baumannii	2	2	2	1.000	d_Bacteria;p_Proteobacteria;c_Gammaproteobacteria;o_Pseudomonadales;f_Moraxellaceae;g_Acinetobacter;s_Acinetobacter baumannii
E196	E196_8229	36	species	Escherichia coli	2	2	1	0.500	d_Bacteria;p_Proteobacteria;c_Gammaproteobacteria;o_Enterobacterales;f_Enterobacteriaceae;g_Escherichia;s_Escherichia coli
E196	E196_5756	36	species	Escherichia coli	2	2	1	0.500	d_Bacteria;p_Proteobacteria;c_Gammaproteobacteria;o_Enterobacterales;f_Enterobacteriaceae;g_Escherichia;s_Escherichia coli
E196	E196_5013	36	species	Escherichia coli	4	4	4	1.000	d_Bacteria;p_Proteobacteria;c_Gammaproteobacteria;o_Enterobacterales;f_Enterobacteriaceae;g_Escherichia;s_Escherichia coli
E196	E196_13209	36	species	Escherichia coli	3	1	1	1.000	d_Bacteria;p_Proteobacteria;c_Gammaproteobacteria;o_Enterobacterales;f_Enterobacteriaceae;g_Escherichia;s_Escherichia coli
E196	E196_11276	17704	species	Enterobacter cloacae P	4	3	1	0.890	d_Bacteria;p_Proteobacteria;c_Gammaproteobacteria;o_Enterobacterales;f_Enterobacteriaceae;g_Enterobacter;s_Enterobacter cloacae P
E196	E196_13228	36	species	Escherichia coli	2	2	1	0.500	d_Bacteria;p_Proteobacteria;c_Gammaproteobacteria;o_Enterobacterales;f_Enterobacteriaceae;g_Escherichia;s_Escherichia coli
E196	E196_16076	36	species	Escherichia coli	1	1	1	1.000	d_Bacteria;p_Proteobacteria;c_Gammaproteobacteria;o_Enterobacterales;f_Enterobacteriaceae;g_Escherichia;s_Escherichia coli
E196	E196_17773	36	species	Escherichia coli	1	1	1	1.000	d_Bacteria;p_Proteobacteria;c_Gammaproteobacteria;o_Enterobacterales;f_Enterobacteriaceae;g_Escherichia;s_Escherichia coli
E196	E196_8906	36	species	Escherichia coli	4	4	4	1.000	d_Bacteria;p_Proteobacteria;c_Gammaproteobacteria;o_Enterobacterales;f_Enterobacteriaceae;g_Escherichia;s_Escherichia coli
E196	E196_13492	36	species	Escherichia coli	2	2	1	0.930	d_Bacteria;p_Proteobacteria;c_Gammaproteobacteria;o_Enterobacterales;f_Enterobacteriaceae;g_Escherichia;s_Escherichia coli
E196	E196_10144	36	species	Escherichia coli	2	1	1	1.000	d_Bacteria;p_Proteobacteria;c_Gammaproteobacteria;o_Enterobacterales;f_Enterobacteriaceae;g_Escherichia;s_Escherichia coli
E196	E196_10432	36	species	Escherichia coli	2	2	1	0.930	d_Bacteria;p_Proteobacteria;c_Gammaproteobacteria;o_Enterobacterales;f_Enterobacteriaceae;g_Escherichia;s_Escherichia coli
E196	E196_12234	2303	species	Enterobacter mori	3	2	1	0.500	d_Bacteria;p_Proteobacteria;c_Gammaproteobacteria;o_Enterobacterales;f_Enterobacteriaceae;g_Enterobacter;s_Enterobacter mori
E196	E196_14509	36	species	Escherichia coli	2	2	2	1.000	d_Bacteria;p_Proteobacteria;c_Gammaproteobacteria;o_Enterobacterales;f_Enterobacteriaceae;g_Escherichia;s_Escherichia coli
E196	E196_11163	36	species	Escherichia coli	3	2	1	0.960	d_Bacteria;p_Proteobacteria;c_Gammaproteobacteria;o_Enterobacterales;f_Enterobacteriaceae;g_Escherichia;s_Escherichia coli
E196	E196_11195	35	species	Acinetobacter baumannii	3	3	3	1.000	d_Bacteria;p_Proteobacteria;c_Gammaproteobacteria;o_Pseudomonadales;f_Moraxellaceae;g_Acinetobacter;s_Acinetobacter baumannii
E196	E196_9656	36	species	Escherichia coli	3	3	1	0.910	d_Bacteria;p_Proteobacteria;c_Gammaproteobacteria;o_Enterobacterales;f_Enterobacteriaceae;g_Escherichia;s_Escherichia coli
E196	E196_14311	36	species	Escherichia coli	2	2	2	1.000	d_Bacteria;p_Proteobacteria;c_Gammaproteobacteria;o_Enterobacterales;f_Enterobacteriaceae;g_Escherichia;s_Escherichia coli
E196	E196_5790	36	species	Escherichia coli	4	4	2	0.650	d_Bacteria;p_Proteobacteria;c_Gammaproteobacteria;o_Enterobacterales;f_Enterobacteriaceae;g_Escherichia;s_Escherichia coli
E196	E196_17793	36	species	Escherichia coli	1	1	1	1.000	d_Bacteria;p_Proteobacteria;c_Gammaproteobacteria;o_Enterobacterales;f_Enterobacteriaceae;g_Escherichia;s_Escherichia coli
E196	E196_6821	36	species	Escherichia coli	2	2	1	0.500	d_Bacteria;p_Proteobacteria;c_Gammaproteobacteria;o_Enterobacterales;f_Enterobacteriaceae;g_Escherichia;s_Escherichia coli
E196	E196_10479	36	species	Escherichia coli	2	2	1	0.500	d_Bacteria;p_Proteobacteria;c_Gammaproteobacteria;o_Enterobacterales;f_Enterobacteriaceae;g_Escherichia;s_Escherichia coli
E196	E196_14198	36	species	Escherichia coli	1	1	1	1.000	d_Bacteria;p_Proteobacteria;c_Gammaproteobacteria;o_Enterobacterales;f_Enterobacteriaceae;g_Escherichia;s_Escherichia coli
E196	E196_12537	36	species	Escherichia coli	2	2	1	0.500	d_Bacteria;p_Proteobacteria;c_Gammaproteobacteria;o_Enterobacterales;f_Enterobacteriaceae;g_Escherichia;s_Escherichia coli
E196	E196_13434	36	species	Escherichia coli	2	2	1	0.500	d_Bacteria;p_Proteobacteria;c_Gammaproteobacteria;o_Enterobacterales;f_Enterobacteriaceae;g_Escherichia;s_Escherichia coli
E196	E196_10212	35	species	Acinetobacter baumannii	1	1	1	1.000	d_Bacteria;p_Proteobacteria;c_Gammaproteobacteria;o_Pseudomonadales;f_Moraxellaceae;g_Acinetobacter;s_Acinetobacter baumannii
E196	E196_3290	36	species	Escherichia coli	7	5	3	0.600	d_Bacteria;p_Proteobacteria;c_Gammaproteobacteria;o_Enterobacterales;f_Enterobacteriaceae;g_Escherichia;s_Escherichia coli
E196	E196_11555	36	species	Escherichia coli	2	2	1	0.500	d_Bacteria;p_Proteobacteria;c_Gammaproteobacteria;o_Enterobacterales;f_Enterobacteriaceae;g_Escherichia;s_Escherichia coli
E196	E196_13731	36	species	Escherichia coli	1	1	1	1.000	d_Bacteria;p_Proteobacteria;c_Gammaproteobacteria;o_Enterobacterales;f_Enterobacteriaceae;g_Escherichia;s_Escherichia coli
E196	E196_14896	36	species	Escherichia coli	3	2	1	0.970	d_Bacteria;p_Proteobacteria;c_Gammaproteobacteria;o_Enterobacterales;f_Enterobacteriaceae;g_Escherichia;s_Escherichia coli
E196	E196_17130	36	species	Escherichia coli	1	1	1	1.000	d_Bacteria;p_Proteobacteria;c_Gammaproteobacteria;o_Enterobacterales;f_Enterobacteriaceae;g_Escherichia;s_Escherichia coli
E196	E196_12917	36	species	Escherichia coli	2	2	1	0.500	d_Bacteria;p_Proteobacteria;c_Gammaproteobacteria;o_Enterobacterales;f_Enterobacteriaceae;g_Escherichia;s_Escherichia coli
E196	E196_5406	36	species	Escherichia coli	2	2	1	0.500	d_Bacteria;p_Proteobacteria;c_Gammaproteobacteria;o_Enterobacterales;f_Enterobacteriaceae;g_Escherichia;s_Escherichia coli
E196	E196_15525	36	species	Escherichia coli	2	2	1	0.920	d_Bacteria;p_Proteobacteria;c_Gammaproteobacteria;o_Enterobacterales;f_Enterobacteriaceae;g_Escherichia;s_Escherichia coli
E196	E196_17479	36	species	Escherichia coli	1	1	1	1.000	d_Bacteria;p_Proteobacteria;c_Gammaproteobacteria;o_Enterobacterales;f_Enterobacteriaceae;g_Escherichia;s_Escherichia coli
E196	E196_16340	36	species	Escherichia coli	2	2	2	1.000	d_Bacteria;p_Proteobacteria;c_Gammaproteobacteria;o_Enterobacterales;f_Enterobacteriaceae;g_Escherichia;s_Escherichia coli
E196	E196_11129	36	species	Escherichia coli	2	2	1	0.990	d_Bacteria;p_Proteobacteria;c_Gammaproteobacteria;o_Enterobacterales;f_Enterobacteriaceae;g_Escherichia;s_Escherichia coli
E196	E196_16887	36	species	Escherichia coli	2	1	1	1.000	d_Bacteria;p_Proteobacteria;c_Gammaproteobacteria;o_Enterobacterales;f_Enterobacteriaceae;g_Escherichia;s_Escherichia coli
E196	E196_10484	36	species	Escherichia coli	1	1	1	1.000	d_Bacteria;p_Proteobacteria;c_Gammaproteobacteria;o_Enterobacterales;f_Enterobacteriaceae;g_Escherichia;s_Escherichia coli
E196	E196_3531	18	species	Klebsiella pneumoniae	5	4	2	0.500	d_Bacteria;p_Proteobacteria;c_Gammaproteobacteria;o_Enterobacterales;f_Enterobacteriaceae;g_Klebsiella;s_Klebsiella pneumoniae
E196	E196_15469	36	species	Escherichia coli	2	2	1	0.970	d_Bacteria;p_Proteobacteria;c_Gammaproteobacteria;o_Enterobacterales;f_Enterobacteriaceae;g_Escherichia;s_Escherichia coli
E196	E196_13307	36	species	Escherichia coli	2	2	1	0.500	d_Bacteria;p_Proteobacteria;c_Gammaproteobacteria;o_Enterobacterales;f_Enterobacteriaceae;g_Escherichia;s_Escherichia coli
E196	E196_13371	36	species	Escherichia coli	3	2	1	1.000	d_Bacteria;p_Proteobacteria;c_Gammaproteobacteria;o_Enterobacterales;f_Enterobacteriaceae;g_Escherichia;s_Escherichia coli
E196	E196_14523	36	species	Escherichia coli	5	3	1	0.540	d_Bacteria;p_Proteobacteria;c_Gammaproteobacteria;o_Enterobacterales;f_Enterobacteriaceae;g_Escherichia;s_Escherichia coli
E196	E196_6008	36	species	Escherichia coli	4	4	2	0.930	d_Bacteria;p_Proteobacteria;c_Gammaproteobacteria;o_Enterobacterales;f_Enterobacteriaceae;g_Escherichia;s_Escherichia coli
E196	E196_17735	36	species	Escherichia coli	1	1	1	1.000	d_Bacteria;p_Proteobacteria;c_Gammaproteobacteria;o_Enterobacterales;f_Enterobacteriaceae;g_Escherichia;s_Escherichia coli
E196	E196_15756	36	species	Escherichia coli	3	2	1	0.960	d_Bacteria;p_Proteobacteria;c_Gammaproteobacteria;o_Enterobacterales;f_Enterobacteriaceae;g_Escherichia;s_Escherichia coli
E196	E196_9439	36	species	Escherichia coli	3	3	2	0.960	d_Bacteria;p_Proteobacteria;c_Gammaproteobacteria;o_Enterobacterales;f_Enterobacteriaceae;g_Escherichia;s_Escherichia coli
E196	E196_12754	36	species	Escherichia coli	2	2	1	0.500	d_Bacteria;p_Proteobacteria;c_Gammaproteobacteria;o_Enterobacterales;f_Enterobacteriaceae;g_Escherichia;s_Escherichia coli
E196	E196_8459	36	species	Escherichia coli	2	1	1	1.000	d_Bacteria;p_Proteobacteria;c_Gammaproteobacteria;o_Enterobacterales;f_Enterobacteriaceae;g_Escherichia;s_Escherichia coli
E196	E196_15382	36	species	Escherichia coli	2	2	1	0.500	d_Bacteria;p_Proteobacteria;c_Gammaproteobacteria;o_Enterobacterales;f_Enterobacteriaceae;g_Escherichia;s_Escherichia coli
E196	E196_17195	36	species	Escherichia coli	1	1	1	1.000	d_Bacteria;p_Proteobacteria;c_Gammaproteobacteria;o_Enterobacterales;f_Enterobacteriaceae;g_Escherichia;s_Escherichia coli
E196	E196_11519	36	species	Escherichia coli	2	2	1	0.500	d_Bacteria;p_Proteobacteria;c_Gammaproteobacteria;o_Enterobacterales;f_Enterobacteriaceae;g_Escherichia;s_Escherichia coli
E196	E196_14105	36	species	Escherichia coli	1	1	1	1.000	d_Bacteria;p_Proteobacteria;c_Gammaproteobacteria;o_Enterobacterales;f_Enterobacteriaceae;g_Escherichia;s_Escherichia coli
E196	E196_12946	36	species	Escherichia coli	2	2	1	0.920	d_Bacteria;p_Proteobacteria;c_Gammaproteobacteria;o_Enterobacterales;f_Enterobacteriaceae;g_Escherichia;s_Escherichia coli
E196	E196_7699	36	species	Escherichia coli	2	1	1	1.000	d_Bacteria;p_Proteobacteria;c_Gammaproteobacteria;o_Enterobacterales;f_Enterobacteriaceae;g_Escherichia;s_Escherichia coli
E196	E196_8140	36	species	Escherichia coli	3	2	1	0.500	d_Bacteria;p_Proteobacteria;c_Gammaproteobacteria;o_Enterobacterales;f_Enterobacteriaceae;g_Escherichia;s_Escherichia coli
E196	E196_9088	35	species	Acinetobacter baumannii	3	3	2	0.980	d_Bacteria;p_Proteobacteria;c_Gammaproteobacteria;o_Pseudomonadales;f_Moraxellaceae;g_Acinetobacter;s_Acinetobacter baumannii
E196	E196_5875	36	species	Escherichia coli	4	4	2	0.650	d_Bacteria;p_Proteobacteria;c_Gammaproteobacteria;o_Enterobacterales;f_Enterobacteriaceae;g_Escherichia;s_Escherichia coli
E196	E196_13186	36	species	Escherichia coli	2	2	1	0.500	d_Bacteria;p_Proteobacteria;c_Gammaproteobacteria;o_Enterobacterales;f_Enterobacteriaceae;g_Escherichia;s_Escherichia coli
E196	E196_16972	36	species	Escherichia coli	2	2	1	0.500	d_Bacteria;p_Proteobacteria;c_Gammaproteobacteria;o_Enterobacterales;f_Enterobacteriaceae;g_Escherichia;s_Escherichia coli
E196	E196_16566	36	species	Escherichia coli	2	2	1	0.930	d_Bacteria;p_Proteobacteria;c_Gammaproteobacteria;o_Enterobacterales;f_Enterobacteriaceae;g_Escherichia;s_Escherichia coli
E196	E196_16694	36	species	Escherichia coli	2	2	1	0.500	d_Bacteria;p_Proteobacteria;c_Gammaproteobacteria;o_Enterobacterales;f_Enterobacteriaceae;g_Escherichia;s_Escherichia coli
E196	E196_15194	36	species	Escherichia coli	2	2	1	0.500	d_Bacteria;p_Proteobacteria;c_Gammaproteobacteria;o_Enterobacterales;f_Enterobacteriaceae;g_Escherichia;s_Escherichia coli
E196	E196_13967	36	species	Escherichia coli	3	2	1	0.950	d_Bacteria;p_Proteobacteria;c_Gammaproteobacteria;o_Enterobacterales;f_Enterobacteriaceae;g_Escherichia;s_Escherichia coli
E196	E196_13011	36	species	Escherichia coli	6	6	1	0.770	d_Bacteria;p_Proteobacteria;c_Gammaproteobacteria;o_Enterobacterales;f_Enterobacteriaceae;g_Escherichia;s_Escherichia coli
E196	E196_14239	36	species	Escherichia coli	1	1	1	1.000	d_Bacteria;p_Proteobacteria;c_Gammaproteobacteria;o_Enterobacterales;f_Enterobacteriaceae;g_Escherichia;s_Escherichia coli
E196	E196_16991	35	species	Acinetobacter baumannii	1	1	1	1.000	d_Bacteria;p_Proteobacteria;c_Gammaproteobacteria;o_Pseudomonadales;f_Moraxellaceae;g_Acinetobacter;s_Acinetobacter baumannii
E196	E196_12644	36	species	Escherichia coli	2	2	1	0.500	d_Bacteria;p_Proteobacteria;c_Gammaproteobacteria;o_Enterobacterales;f_Enterobacteriaceae;g_Escherichia;s_Escherichia coli
E196	E196_15913	36	species	Escherichia coli	1	1	1	1.000	d_Bacteria;p_Proteobacteria;c_Gammaproteobacteria;o_Enterobacterales;f_Enterobacteriaceae;g_Escherichia;s_Escherichia coli
E201	E201_18312	35	species	Acinetobacter baumannii	2	2	2	1.000	d_Bacteria;p_Proteobacteria;c_Gammaproteobacteria;o_Pseudomonadales;f_Moraxellaceae;g_Acinetobacter;s_Acinetobacter baumannii
E201	E201_13521	2301	species	Enterobacter cloacae I	3	3	1	0.880	d_Bacteria;p_Proteobacteria;c_Gammaproteobacteria;o_Enterobacterales;f_Enterobacteriaceae;g_Enterobacter;s_Enterobacter cloacae I
E201	E201_20625	13229	species	Enterobacter cloacae O	2	2	1	0.910	d_Bacteria;p_Proteobacteria;c_Gammaproteobacteria;o_Enterobacterales;f_Enterobacteriaceae;g_Enterobacter;s_Enterobacter cloacae O
E201	E201_19453	27767	species	Enterobacter asburiae C	3	3	1	0.910	d_Bacteria;p_Proteobacteria;c_Gammaproteobacteria;o_Enterobacterales;f_Enterobacteriaceae;g_Enterobacter;s_Enterobacter asburiae C
E201	E201_21054	35	species	Acinetobacter baumannii	2	2	1	0.950	d_Bacteria;p_Proteobacteria;c_Gammaproteobacteria;o_Pseudomonadales;f_Moraxellaceae;g_Acinetobacter;s_Acinetobacter baumannii
E201	E201_12647	27767	species	Enterobacter asburiae C	2	2	2	1.000	d_Bacteria;p_Proteobacteria;c_Gammaproteobacteria;o_Enterobacterales;f_Enterobacteriaceae;g_Enterobacter;s_Enterobacter asburiae C
E201	E201_19002	2301	species	Enterobacter cloacae I	1	1	1	1.000	d_Bacteria;p_Proteobacteria;c_Gammaproteobacteria;o_Enterobacterales;f_Enterobacteriaceae;g_Enterobacter;s_Enterobacter cloacae I
E201	E201_15600	35	species	Acinetobacter baumannii	1	1	1	1.000	d_Bacteria;p_Proteobacteria;c_Gammaproteobacteria;o_Pseudomonadales;f_Moraxellaceae;g_Acinetobacter;s_Acinetobacter baumannii
E201	E201_22617	27767	species	Enterobacter asburiae C	3	2	2	1.000	d_Bacteria;p_Proteobacteria;c_Gammaproteobacteria;o_Enterobacterales;f_Enterobacteriaceae;g_Enterobacter;s_Enterobacter asburiae C
E201	E201_6754	2301	species	Enterobacter cloacae I	2	2	1	0.500	d_Bacteria;p_Proteobacteria;c_Gammaproteobacteria;o_Enterobacterales;f_Enterobacteriaceae;g_Enterobacter;s_Enterobacter cloacae I
E201	E201_3083	35	species	Acinetobacter baumannii	4	4	3	0.750	d_Bacteria;p_Proteobacteria;c_Gammaproteobacteria;o_Pseudomonadales;f_Moraxellaceae;g_Acinetobacter;s_Acinetobacter baumannii
E205	E205_16467	2303	species	Enterobacter mori	3	2	1	0.500	d_Bacteria;p_Proteobacteria;c_Gammaproteobacteria;o_Enterobacterales;f_Enterobacteriaceae;g_Enterobacter;s_Enterobacter mori
E205	E205_21875	36	species	Escherichia coli	2	2	2	1.000	d_Bacteria;p_Proteobacteria;c_Gammaproteobacteria;o_Enterobacterales;f_Enterobacteriaceae;g_Escherichia;s_Escherichia coli
E205	E205_23571	36	species	Escherichia coli	2	2	1	0.500	d_Bacteria;p_Proteobacteria;c_Gammaproteobacteria;o_Enterobacterales;f_Enterobacteriaceae;g_Escherichia;s_Escherichia coli
E205	E205_23060	36	species	Escherichia coli	3	2	1	0.920	d_Bacteria;p_Proteobacteria;c_Gammaproteobacteria;o_Enterobacterales;f_Enterobacteriaceae;g_Escherichia;s_Escherichia coli
E205	E205_4307	36	species	Escherichia coli	6	3	1	0.910	d_Bacteria;p_Proteobacteria;c_Gammaproteobacteria;o_Enterobacterales;f_Enterobacteriaceae;g_Escherichia;s_Escherichia coli
E205	E205_12659	36	species	Escherichia coli	2	2	1	0.500	d_Bacteria;p_Proteobacteria;c_Gammaproteobacteria;o_Enterobacterales;f_Enterobacteriaceae;g_Escherichia;s_Escherichia coli
E205	E205_23792	36	species	Escherichia coli	3	3	1	0.880	d_Bacteria;p_Proteobacteria;c_Gammaproteobacteria;o_Enterobacterales;f_Enterobacteriaceae;g_Escherichia;s_Escherichia coli
E205	E205_15537	36	species	Escherichia coli	2	1	1	1.000	d_Bacteria;p_Proteobacteria;c_Gammaproteobacteria;o_Enterobacterales;f_Enterobacteriaceae;g_Escherichia;s_Escherichia coli
E205	E205_15274	36	species	Escherichia coli	2	2	1	0.990	d_Bacteria;p_Proteobacteria;c_Gammaproteobacteria;o_Enterobacterales;f_Enterobacteriaceae;g_Escherichia;s_Escherichia coli
E205	E205_6366	36	species	Escherichia coli	4	2	1	0.500	d_Bacteria;p_Proteobacteria;c_Gammaproteobacteria;o_Enterobacterales;f_Enterobacteriaceae;g_Escherichia;s_Escherichia coli
E205	E205_14575	36	species	Escherichia coli	3	3	2	0.670	d_Bacteria;p_Proteobacteria;c_Gammaproteobacteria;o_Enterobacterales;f_Enterobacteriaceae;g_Escherichia;s_Escherichia coli
E205	E205_22095	36	species	Escherichia coli	2	2	1	0.500	d_Bacteria;p_Proteobacteria;c_Gammaproteobacteria;o_Enterobacterales;f_Enterobacteriaceae;g_Escherichia;s_Escherichia coli
E205	E205_23311	36	species	Escherichia coli	1	1	1	1.000	d_Bacteria;p_Proteobacteria;c_Gammaproteobacteria;o_Enterobacterales;f_Enterobacteriaceae;g_Escherichia;s_Escherichia coli
E205	E205_9161	2301	species	Enterobacter cloacae I	5	5	3	0.740	d_Bacteria;p_Proteobacteria;c_Gammaproteobacteria;o_Enterobacterales;f_Enterobacteriaceae;g_Enterobacter;s_Enterobacter cloacae I
E205	E205_21678	36	species	Escherichia coli	2	2	1	0.910	d_Bacteria;p_Proteobacteria;c_Gammaproteobacteria;o_Enterobacterales;f_Enterobacteriaceae;g_Escherichia;s_Escherichia coli
E205	E205_9956	35	species	Acinetobacter baumannii	4	4	3	0.980	d_Bacteria;p_Proteobacteria;c_Gammaproteobacteria;o_Pseudomonadales;f_Moraxellaceae;g_Acinetobacter;s_Acinetobacter baumannii
E205	E205_18382	36	species	Escherichia coli	1	1	1	1.000	d_Bacteria;p_Proteobacteria;c_Gammaproteobacteria;o_Enterobacterales;f_Enterobacteriaceae;g_Escherichia;s_Escherichia coli
E205	E205_19950	36	species	Escherichia coli	2	2	1	0.500	d_Bacteria;p_Proteobacteria;c_Gammaproteobacteria;o_Enterobacterales;f_Enterobacteriaceae;g_Escherichia;s_Escherichia coli
E205	E205_13152	36	species	Escherichia coli	2	2	1	0.500	d_Bacteria;p_Proteobacteria;c_Gammaproteobacteria;o_Enterobacterales;f_Enterobacteriaceae;g_Escherichia;s_Escherichia coli
E205	E205_16448	36	species	Escherichia coli	2	2	1	0.960	d_Bacteria;p_Proteobacteria;c_Gammaproteobacteria;o_Enterobacterales;f_Enterobacteriaceae;g_Escherichia;s_Escherichia coli
E205	E205_16480	36	species	Escherichia coli	2	2	2	1.000	d_Bacteria;p_Proteobacteria;c_Gammaproteobacteria;o_Enterobacterales;f_Enterobacteriaceae;g_Escherichia;s_Escherichia coli
E205	E205_19712	36	species	Escherichia coli	2	2	1	0.500	d_Bacteria;p_Proteobacteria;c_Gammaproteobacteria;o_Enterobacterales;f_Enterobacteriaceae;g_Escherichia;s_Escherichia coli
E205	E205_13333	36	species	Escherichia coli	5	3	1	0.850	d_Bacteria;p_Proteobacteria;c_Gammaproteobacteria;o_Enterobacterales;f_Enterobacteriaceae;g_Escherichia;s_Escherichia coli
E205	E205_16533	17704	species	Enterobacter cloacae P	6	5	1	0.800	d_Bacteria;p_Proteobacteria;c_Gammaproteobacteria;o_Enterobacterales;f_Enterobacteriaceae;g_Enterobacter;s_Enterobacter cloacae P
E205	E205_20597	36	species	Escherichia coli	1	1	1	1.000	d_Bacteria;p_Proteobacteria;c_Gammaproteobacteria;o_Enterobacterales;f_Enterobacteriaceae;g_Escherichia;s_Escherichia coli
E205	E205_23844	36	species	Escherichia coli	2	2	1	0.500	d_Bacteria;p_Proteobacteria;c_Gammaproteobacteria;o_Enterobacterales;f_Enterobacteriaceae;g_Escherichia;s_Escherichia coli
E205	E205_18156	36	species	Escherichia coli	4	4	1	0.910	d_Bacteria;p_Proteobacteria;c_Gammaproteobacteria;o_Enterobacterales;f_Enterobacteriaceae;g_Escherichia;s_Escherichia coli
E205	E205_24332	36	species	Escherichia coli	1	1	1	1.000	d_Bacteria;p_Proteobacteria;c_Gammaproteobacteria;o_Enterobacterales;f_Enterobacteriaceae;g_Escherichia;s_Escherichia coli
E205	E205_6509	36	species	Escherichia coli	5	2	1	0.500	d_Bacteria;p_Proteobacteria;c_Gammaproteobacteria;o_Enterobacterales;f_Enterobacteriaceae;g_Escherichia;s_Escherichia coli
E205	E205_6650	36	species	Escherichia coli	4	2	1	0.500	d_Bacteria;p_Proteobacteria;c_Gammaproteobacteria;o_Enterobacterales;f_Enterobacteriaceae;g_Escherichia;s_Escherichia coli
E205	E205_17928	36	species	Escherichia coli	2	2	1	0.500	d_Bacteria;p_Proteobacteria;c_Gammaproteobacteria;o_Enterobacterales;f_Enterobacteriaceae;g_Escherichia;s_Escherichia coli
E205	E205_10630	36	species	Escherichia coli	2	2	1	0.500	d_Bacteria;p_Proteobacteria;c_Gammaproteobacteria;o_Enterobacterales;f_Enterobacteriaceae;g_Escherichia;s_Escherichia coli
E205	E205_20390	36	species	Escherichia coli	1	1	1	1.000	d_Bacteria;p_Proteobacteria;c_Gammaproteobacteria;o_Enterobacterales;f_Enterobacteriaceae;g_Escherichia;s_Escherichia coli
E205	E205_20966	36	species	Escherichia coli	2	2	1	0.500	d_Bacteria;p_Proteobacteria;c_Gammaproteobacteria;o_Enterobacterales;f_Enterobacteriaceae;g_Escherichia;s_Escherichia coli
E205	E205_15191	36	species	Escherichia coli	2	2	1	0.990	d_Bacteria;p_Proteobacteria;c_Gammaproteobacteria;o_Enterobacterales;f_Enterobacteriaceae;g_Escherichia;s_Escherichia coli
E205	E205_15762	36	species	Escherichia coli	1	1	1	1.000	d_Bacteria;p_Proteobacteria;c_Gammaproteobacteria;o_Enterobacterales;f_Enterobacteriaceae;g_Escherichia;s_Escherichia coli
E205	E205_18066	36	species	Escherichia coli	2	2	1	0.500	d_Bacteria;p_Proteobacteria;c_Gammaproteobacteria;o_Enterobacterales;f_Enterobacteriaceae;g_Escherichia;s_Escherichia coli
E205	E205_18194	36	species	Escherichia coli	3	2	1	0.960	d_Bacteria;p_Proteobacteria;c_Gammaproteobacteria;o_Enterobacterales;f_Enterobacteriaceae;g_Escherichia;s_Escherichia coli
E205	E205_21266	36	species	Escherichia coli	5	5	1	0.830	d_Bacteria;p_Proteobacteria;c_Gammaproteobacteria;o_Enterobacterales;f_Enterobacteriaceae;g_Escherichia;s_Escherichia coli
E205	E205_19185	36	species	Escherichia coli	1	1	1	1.000	d_Bacteria;p_Proteobacteria;c_Gammaproteobacteria;o_Enterobacterales;f_Enterobacteriaceae;g_Escherichia;s_Escherichia coli
E205	E205_24945	36	species	Escherichia coli	2	2	1	0.500	d_Bacteria;p_Proteobacteria;c_Gammaproteobacteria;o_Enterobacterales;f_Enterobacteriaceae;g_Escherichia;s_Escherichia coli
E205	E205_24167	36	species	Escherichia coli	1	1	1	1.000	d_Bacteria;p_Proteobacteria;c_Gammaproteobacteria;o_Enterobacterales;f_Enterobacteriaceae;g_Escherichia;s_Escherichia coli
E205	E205_9270	36	species	Escherichia coli	5	5	2	0.630	d_Bacteria;p_Proteobacteria;c_Gammaproteobacteria;o_Enterobacterales;f_Enterobacteriaceae;g_Escherichia;s_Escherichia coli
E205	E205_17570	36	species	Escherichia coli	2	2	1	0.500	d_Bacteria;p_Proteobacteria;c_Gammaproteobacteria;o_Enterobacterales;f_Enterobacteriaceae;g_Escherichia;s_Escherichia coli
E205	E205_25826	36	species	Escherichia coli	3	3	3	1.000	d_Bacteria;p_Proteobacteria;c_Gammaproteobacteria;o_Enterobacterales;f_Enterobacteriaceae;g_Escherichia;s_Escherichia coli
E205	E205_12747	36	species	Escherichia coli	4	3	1	0.920	d_Bacteria;p_Proteobacteria;c_Gammaproteobacteria;o_Enterobacterales;f_Enterobacteriaceae;g_Escherichia;s_Escherichia coli
E205	E205_19947	36	species	Escherichia coli	1	1	1	1.000	d_Bacteria;p_Proteobacteria;c_Gammaproteobacteria;o_Enterobacterales;f_Enterobacteriaceae;g_Escherichia;s_Escherichia coli
E205	E205_20491	36	species	Escherichia coli	6	6	1	0.770	d_Bacteria;p_Proteobacteria;c_Gammaproteobacteria;o_Enterobacterales;f_Enterobacteriaceae;g_Escherichia;s_Escherichia coli
E205	E205_22027	36	species	Escherichia coli	2	1	1	1.000	d_Bacteria;p_Proteobacteria;c_Gammaproteobacteria;o_Enterobacterales;f_Enterobacteriaceae;g_Escherichia;s_Escherichia coli
E205	E205_12314	36	species	Escherichia coli	5	4	1	0.890	d_Bacteria;p_Proteobacteria;c_Gammaproteobacteria;o_Enterobacterales;f_Enterobacteriaceae;g_Escherichia;s_Escherichia coli
E205	E205_13082	36	species	Escherichia coli	3	2	1	0.920	d_Bacteria;p_Proteobacteria;c_Gammaproteobacteria;o_Enterobacterales;f_Enterobacteriaceae;g_Escherichia;s_Escherichia coli
E205	E205_23302	36	species	Escherichia coli	1	1	1	1.000	d_Bacteria;p_Proteobacteria;c_Gammaproteobacteria;o_Enterobacterales;f_Enterobacteriaceae;g_Escherichia;s_Escherichia coli
E205	E205_14921	36	species	Escherichia coli	2	2	1	0.970	d_Bacteria;p_Proteobacteria;c_Gammaproteobacteria;o_Enterobacterales;f_Enterobacteriaceae;g_Escherichia;s_Escherichia coli
E205	E205_23577	36	species	Escherichia coli	2	2	1	0.500	d_Bacteria;p_Proteobacteria;c_Gammaproteobacteria;o_Enterobacterales;f_Enterobacteriaceae;g_Escherichia;s_Escherichia coli
E205	E205_19651	36	species	Escherichia coli	1	1	1	1.000	d_Bacteria;p_Proteobacteria;c_Gammaproteobacteria;o_Enterobacterales;f_Enterobacteriaceae;g_Escherichia;s_Escherichia coli
E205	E205_9851	36	species	Escherichia coli	3	2	1	0.500	d_Bacteria;p_Proteobacteria;c_Gammaproteobacteria;o_Enterobacterales;f_Enterobacteriaceae;g_Escherichia;s_Escherichia coli
E205	E205_14364	36	species	Escherichia coli	2	2	1	0.500	d_Bacteria;p_Proteobacteria;c_Gammaproteobacteria;o_Enterobacterales;f_Enterobacteriaceae;g_Escherichia;s_Escherichia coli
E205	E205_16158	409	species	Enterobacter ludwigii	4	3	1	0.950	d_Bacteria;p_Proteobacteria;c_Gammaproteobacteria;o_Enterobacterales;f_Enterobacteriaceae;g_Enterobacter;s_Enterobacter ludwigii
E205	E205_16159	36	species	Escherichia coli	3	3	1	0.890	d_Bacteria;p_Proteobacteria;c_Gammaproteobacteria;o_Enterobacterales;f_Enterobacteriaceae;g_Escherichia;s_Escherichia coli
E205	E205_19903	36	species	Escherichia coli	2	2	1	0.500	d_Bacteria;p_Proteobacteria;c_Gammaproteobacteria;o_Enterobacterales;f_Enterobacteriaceae;g_Escherichia;s_Escherichia coli
E205	E205_20415	36	species	Escherichia coli	2	2	1	0.500	d_Bacteria;p_Proteobacteria;c_Gammaproteobacteria;o_Enterobacterales;f_Enterobacteriaceae;g_Escherichia;s_Escherichia coli
E205	E205_23423	18	species	Klebsiella pneumoniae	2	2	1	0.930	d_Bacteria;p_Proteobacteria;c_Gammaproteobacteria;o_Enterobacterales;f_Enterobacteriaceae;g_Klebsiella;s_Klebsiella pneumoniae
E209	E209_3195	3256	species	Enterobacter quasihormaechei	2	2	1	0.500	d_Bacteria;p_Proteobacteria;c_Gammaproteobacteria;o_Enterobacterales;f_Enterobacteriaceae;g_Enterobacter;s_Enterobacter quasihormaechei
E209	E209_8068	3256	species	Enterobacter quasihormaechei	2	2	1	0.970	d_Bacteria;p_Proteobacteria;c_Gammaproteobacteria;o_Enterobacterales;f_Enterobacteriaceae;g_Enterobacter;s_Enterobacter quasihormaechei
E209	E209_19637	13229	species	Enterobacter cloacae O	2	2	1	0.960	d_Bacteria;p_Proteobacteria;c_Gammaproteobacteria;o_Enterobacterales;f_Enterobacteriaceae;g_Enterobacter;s_Enterobacter cloacae O
E321	E321_11161	36	species	Escherichia coli	2	2	1	0.500	d_Bacteria;p_Proteobacteria;c_Gammaproteobacteria;o_Enterobacterales;f_Enterobacteriaceae;g_Escherichia;s_Escherichia coli
E321	E321_12268	49154	species	Enterobacter oligotrophicus	2	2	1	0.500	d_Bacteria;p_Proteobacteria;c_Gammaproteobacteria;o_Enterobacterales;f_Enterobacteriaceae;g_Enterobacter;s_Enterobacter oligotrophicus
E321	E321_24780	36	species	Escherichia coli	2	2	1	0.990	d_Bacteria;p_Proteobacteria;c_Gammaproteobacteria;o_Enterobacterales;f_Enterobacteriaceae;g_Escherichia;s_Escherichia coli
E321	E321_7146	36	species	Escherichia coli	5	3	2	0.670	d_Bacteria;p_Proteobacteria;c_Gammaproteobacteria;o_Enterobacterales;f_Enterobacteriaceae;g_Escherichia;s_Escherichia coli
E321	E321_11541	36	species	Escherichia coli	4	3	1	0.890	d_Bacteria;p_Proteobacteria;c_Gammaproteobacteria;o_Enterobacterales;f_Enterobacteriaceae;g_Escherichia;s_Escherichia coli
E321	E321_23279	36	species	Escherichia coli	2	2	1	0.500	d_Bacteria;p_Proteobacteria;c_Gammaproteobacteria;o_Enterobacterales;f_Enterobacteriaceae;g_Escherichia;s_Escherichia coli
E321	E321_23471	36	species	Escherichia coli	2	2	1	0.500	d_Bacteria;p_Proteobacteria;c_Gammaproteobacteria;o_Enterobacterales;f_Enterobacteriaceae;g_Escherichia;s_Escherichia coli
E321	E321_25999	36	species	Escherichia coli	1	1	1	1.000	d_Bacteria;p_Proteobacteria;c_Gammaproteobacteria;o_Enterobacterales;f_Enterobacteriaceae;g_Escherichia;s_Escherichia coli
E321	E321_16346	36	species	Escherichia coli	1	1	1	1.000	d_Bacteria;p_Proteobacteria;c_Gammaproteobacteria;o_Enterobacterales;f_Enterobacteriaceae;g_Escherichia;s_Escherichia coli
E321	E321_20314	36	species	Escherichia coli	2	1	1	1.000	d_Bacteria;p_Proteobacteria;c_Gammaproteobacteria;o_Enterobacterales;f_Enterobacteriaceae;g_Escherichia;s_Escherichia coli
E321	E321_23450	36	species	Escherichia coli	2	2	1	0.910	d_Bacteria;p_Proteobacteria;c_Gammaproteobacteria;o_Enterobacterales;f_Enterobacteriaceae;g_Escherichia;s_Escherichia coli
E321	E321_10331	36	species	Escherichia coli	3	3	2	0.960	d_Bacteria;p_Proteobacteria;c_Gammaproteobacteria;o_Enterobacterales;f_Enterobacteriaceae;g_Escherichia;s_Escherichia coli
E321	E321_13371	36	species	Escherichia coli	2	2	1	0.500	d_Bacteria;p_Proteobacteria;c_Gammaproteobacteria;o_Enterobacterales;f_Enterobacteriaceae;g_Escherichia;s_Escherichia coli
E321	E321_25243	36	species	Escherichia coli	1	1	1	1.000	d_Bacteria;p_Proteobacteria;c_Gammaproteobacteria;o_Enterobacterales;f_Enterobacteriaceae;g_Escherichia;s_Escherichia coli
E321	E321_10621	36	species	Escherichia coli	2	2	1	0.500	d_Bacteria;p_Proteobacteria;c_Gammaproteobacteria;o_Enterobacterales;f_Enterobacteriaceae;g_Escherichia;s_Escherichia coli
E321	E321_8412	36	species	Escherichia coli	3	2	2	1.000	d_Bacteria;p_Proteobacteria;c_Gammaproteobacteria;o_Enterobacterales;f_Enterobacteriaceae;g_Escherichia;s_Escherichia coli
E321	E321_9116	36	species	Escherichia coli	2	1	1	1.000	d_Bacteria;p_Proteobacteria;c_Gammaproteobacteria;o_Enterobacterales;f_Enterobacteriaceae;g_Escherichia;s_Escherichia coli
E321	E321_14620	36	species	Escherichia coli	2	2	1	0.500	d_Bacteria;p_Proteobacteria;c_Gammaproteobacteria;o_Enterobacterales;f_Enterobacteriaceae;g_Escherichia;s_Escherichia coli
E321	E321_17949	36	species	Escherichia coli	2	2	1	0.500	d_Bacteria;p_Proteobacteria;c_Gammaproteobacteria;o_Enterobacterales;f_Enterobacteriaceae;g_Escherichia;s_Escherichia coli
E321	E321_22557	36	species	Escherichia coli	4	3	3	1.000	d_Bacteria;p_Proteobacteria;c_Gammaproteobacteria;o_Enterobacterales;f_Enterobacteriaceae;g_Escherichia;s_Escherichia coli
E321	E321_22621	36	species	Escherichia coli	2	2	1	0.960	d_Bacteria;p_Proteobacteria;c_Gammaproteobacteria;o_Enterobacterales;f_Enterobacteriaceae;g_Escherichia;s_Escherichia coli
E321	E321_26109	36	species	Escherichia coli	1	1	1	1.000	d_Bacteria;p_Proteobacteria;c_Gammaproteobacteria;o_Enterobacterales;f_Enterobacteriaceae;g_Escherichia;s_Escherichia coli
E321	E321_10814	36	species	Escherichia coli	2	2	1	0.500	d_Bacteria;p_Proteobacteria;c_Gammaproteobacteria;o_Enterobacterales;f_Enterobacteriaceae;g_Escherichia;s_Escherichia coli
E321	E321_12542	36	species	Escherichia coli	4	3	2	0.980	d_Bacteria;p_Proteobacteria;c_Gammaproteobacteria;o_Enterobacterales;f_Enterobacteriaceae;g_Escherichia;s_Escherichia coli
E321	E321_17662	36	species	Escherichia coli	1	1	1	1.000	d_Bacteria;p_Proteobacteria;c_Gammaproteobacteria;o_Enterobacterales;f_Enterobacteriaceae;g_Escherichia;s_Escherichia coli
E321	E321_19454	36	species	Escherichia coli	4	3	2	0.970	d_Bacteria;p_Proteobacteria;c_Gammaproteobacteria;o_Enterobacterales;f_Enterobacteriaceae;g_Escherichia;s_Escherichia coli
E321	E321_22750	36	species	Escherichia coli	1	1	1	1.000	d_Bacteria;p_Proteobacteria;c_Gammaproteobacteria;o_Enterobacterales;f_Enterobacteriaceae;g_Escherichia;s_Escherichia coli
E321	E321_11697	36	species	Escherichia coli	4	4	2	0.500	d_Bacteria;p_Proteobacteria;c_Gammaproteobacteria;o_Enterobacterales;f_Enterobacteriaceae;g_Escherichia;s_Escherichia coli
E321	E321_24305	36	species	Escherichia coli	2	2	1	0.970	d_Bacteria;p_Proteobacteria;c_Gammaproteobacteria;o_Enterobacterales;f_Enterobacteriaceae;g_Escherichia;s_Escherichia coli
E321	E321_15159	36	species	Escherichia coli	4	3	1	0.930	d_Bacteria;p_Proteobacteria;c_Gammaproteobacteria;o_Enterobacterales;f_Enterobacteriaceae;g_Escherichia;s_Escherichia coli
E321	E321_5961	36	species	Escherichia coli	3	3	2	0.670	d_Bacteria;p_Proteobacteria;c_Gammaproteobacteria;o_Enterobacterales;f_Enterobacteriaceae;g_Escherichia;s_Escherichia coli
E321	E321_14697	36	species	Escherichia coli	1	1	1	1.000	d_Bacteria;p_Proteobacteria;c_Gammaproteobacteria;o_Enterobacterales;f_Enterobacteriaceae;g_Escherichia;s_Escherichia coli
E321	E321_22185	36	species	Escherichia coli	1	1	1	1.000	d_Bacteria;p_Proteobacteria;c_Gammaproteobacteria;o_Enterobacterales;f_Enterobacteriaceae;g_Escherichia;s_Escherichia coli
E321	E321_23413	36	species	Escherichia coli	2	2	2	1.000	d_Bacteria;p_Proteobacteria;c_Gammaproteobacteria;o_Enterobacterales;f_Enterobacteriaceae;g_Escherichia;s_Escherichia coli
E321	E321_14608	36	species	Escherichia coli	3	2	1	0.500	d_Bacteria;p_Proteobacteria;c_Gammaproteobacteria;o_Enterobacterales;f_Enterobacteriaceae;g_Escherichia;s_Escherichia coli
E321	E321_20912	36	species	Escherichia coli	2	2	1	0.980	d_Bacteria;p_Proteobacteria;c_Gammaproteobacteria;o_Enterobacterales;f_Enterobacteriaceae;g_Escherichia;s_Escherichia coli
E321	E321_22288	36	species	Escherichia coli	2	2	2	1.000	d_Bacteria;p_Proteobacteria;c_Gammaproteobacteria;o_Enterobacterales;f_Enterobacteriaceae;g_Escherichia;s_Escherichia coli
E321	E321_12952	35	species	Acinetobacter baumannii	1	1	1	1.000	d_Bacteria;p_Proteobacteria;c_Gammaproteobacteria;o_Pseudomonadales;f_Moraxellaceae;g_Acinetobacter;s_Acinetobacter baumannii
E321	E321_23149	36	species	Escherichia coli	2	2	1	0.950	d_Bacteria;p_Proteobacteria;c_Gammaproteobacteria;o_Enterobacterales;f_Enterobacteriaceae;g_Escherichia;s_Escherichia coli
E321	E321_26349	36	species	Escherichia coli	2	1	1	1.000	d_Bacteria;p_Proteobacteria;c_Gammaproteobacteria;o_Enterobacterales;f_Enterobacteriaceae;g_Escherichia;s_Escherichia coli
E321	E321_19284	36	species	Escherichia coli	2	2	1	0.940	d_Bacteria;p_Proteobacteria;c_Gammaproteobacteria;o_Enterobacterales;f_Enterobacteriaceae;g_Escherichia;s_Escherichia coli
E321	E321_12802	36	species	Escherichia coli	3	3	2	0.960	d_Bacteria;p_Proteobacteria;c_Gammaproteobacteria;o_Enterobacterales;f_Enterobacteriaceae;g_Escherichia;s_Escherichia coli
E321	E321_5839	36	species	Escherichia coli	3	2	1	0.980	d_Bacteria;p_Proteobacteria;c_Gammaproteobacteria;o_Enterobacterales;f_Enterobacteriaceae;g_Escherichia;s_Escherichia coli
E321	E321_12335	36	species	Escherichia coli	2	2	1	0.970	d_Bacteria;p_Proteobacteria;c_Gammaproteobacteria;o_Enterobacterales;f_Enterobacteriaceae;g_Escherichia;s_Escherichia coli
E321	E321_18496	36	species	Escherichia coli	2	2	1	0.960	d_Bacteria;p_Proteobacteria;c_Gammaproteobacteria;o_Enterobacterales;f_Enterobacteriaceae;g_Escherichia;s_Escherichia coli
E321	E321_19520	36	species	Escherichia coli	2	2	1	0.500	d_Bacteria;p_Proteobacteria;c_Gammaproteobacteria;o_Enterobacterales;f_Enterobacteriaceae;g_Escherichia;s_Escherichia coli
E321	E321_17476	36	species	Escherichia coli	2	2	1	0.500	d_Bacteria;p_Proteobacteria;c_Gammaproteobacteria;o_Enterobacterales;f_Enterobacteriaceae;g_Escherichia;s_Escherichia coli
E321	E321_19524	2301	species	Enterobacter cloacae I	1	1	1	1.000	d_Bacteria;p_Proteobacteria;c_Gammaproteobacteria;o_Enterobacterales;f_Enterobacteriaceae;g_Enterobacter;s_Enterobacter cloacae I
E321	E321_22340	36	species	Escherichia coli	2	2	1	0.500	d_Bacteria;p_Proteobacteria;c_Gammaproteobacteria;o_Enterobacterales;f_Enterobacteriaceae;g_Escherichia;s_Escherichia coli
E321	E321_15726	36	species	Escherichia coli	3	2	2	1.000	d_Bacteria;p_Proteobacteria;c_Gammaproteobacteria;o_Enterobacterales;f_Enterobacteriaceae;g_Escherichia;s_Escherichia coli
E321	E321_12812	36	species	Escherichia coli	3	3	2	0.670	d_Bacteria;p_Proteobacteria;c_Gammaproteobacteria;o_Enterobacterales;f_Enterobacteriaceae;g_Escherichia;s_Escherichia coli
E321	E321_8101	36	species	Escherichia coli	3	2	1	0.500	d_Bacteria;p_Proteobacteria;c_Gammaproteobacteria;o_Enterobacterales;f_Enterobacteriaceae;g_Escherichia;s_Escherichia coli
E321	E321_16517	17704	species	Enterobacter cloacae P	6	5	1	0.820	d_Bacteria;p_Proteobacteria;c_Gammaproteobacteria;o_Enterobacterales;f_Enterobacteriaceae;g_Enterobacter;s_Enterobacter cloacae P
E321	E321_10723	36	species	Escherichia coli	4	4	2	0.650	d_Bacteria;p_Proteobacteria;c_Gammaproteobacteria;o_Enterobacterales;f_Enterobacteriaceae;g_Escherichia;s_Escherichia coli
E321	E321_11811	36	species	Escherichia coli	3	2	1	0.500	d_Bacteria;p_Proteobacteria;c_Gammaproteobacteria;o_Enterobacterales;f_Enterobacteriaceae;g_Escherichia;s_Escherichia coli
E321	E321_14130	36	species	Escherichia coli	2	2	1	0.500	d_Bacteria;p_Proteobacteria;c_Gammaproteobacteria;o_Enterobacterales;f_Enterobacteriaceae;g_Escherichia;s_Escherichia coli
E321	E321_17170	36	species	Escherichia coli	2	2	1	0.500	d_Bacteria;p_Proteobacteria;c_Gammaproteobacteria;o_Enterobacterales;f_Enterobacteriaceae;g_Escherichia;s_Escherichia coli
E321	E321_22322	35	species	Acinetobacter baumannii	1	1	1	1.000	d_Bacteria;p_Proteobacteria;c_Gammaproteobacteria;o_Pseudomonadales;f_Moraxellaceae;g_Acinetobacter;s_Acinetobacter baumannii
E321	E321_15251	36	species	Escherichia coli	2	2	1	0.910	d_Bacteria;p_Proteobacteria;c_Gammaproteobacteria;o_Enterobacterales;f_Enterobacteriaceae;g_Escherichia;s_Escherichia coli
E321	E321_15859	36	species	Escherichia coli	1	1	1	1.000	d_Bacteria;p_Proteobacteria;c_Gammaproteobacteria;o_Enterobacterales;f_Enterobacteriaceae;g_Escherichia;s_Escherichia coli
E321	E321_17043	36	species	Escherichia coli	2	2	1	0.500	d_Bacteria;p_Proteobacteria;c_Gammaproteobacteria;o_Enterobacterales;f_Enterobacteriaceae;g_Escherichia;s_Escherichia coli
E321	E321_12437	36	species	Escherichia coli	3	2	1	0.930	d_Bacteria;p_Proteobacteria;c_Gammaproteobacteria;o_Enterobacterales;f_Enterobacteriaceae;g_Escherichia;s_Escherichia coli
E321	E321_7135	36	species	Escherichia coli	5	5	2	0.660	d_Bacteria;p_Proteobacteria;c_Gammaproteobacteria;o_Enterobacterales;f_Enterobacteriaceae;g_Escherichia;s_Escherichia coli
E321	E321_7327	36	species	Escherichia coli	5	5	4	0.970	d_Bacteria;p_Proteobacteria;c_Gammaproteobacteria;o_Enterobacterales;f_Enterobacteriaceae;g_Escherichia;s_Escherichia coli
E321	E321_24342	36	species	Escherichia coli	3	1	1	1.000	d_Bacteria;p_Proteobacteria;c_Gammaproteobacteria;o_Enterobacterales;f_Enterobacteriaceae;g_Escherichia;s_Escherichia coli
E321	E321_15402	36	species	Escherichia coli	2	2	1	0.980	d_Bacteria;p_Proteobacteria;c_Gammaproteobacteria;o_Enterobacterales;f_Enterobacteriaceae;g_Escherichia;s_Escherichia coli
E321	E321_18282	36	species	Escherichia coli	1	1	1	1.000	d_Bacteria;p_Proteobacteria;c_Gammaproteobacteria;o_Enterobacterales;f_Enterobacteriaceae;g_Escherichia;s_Escherichia coli
E321	E321_24778	36	species	Escherichia coli	2	2	1	0.500	d_Bacteria;p_Proteobacteria;c_Gammaproteobacteria;o_Enterobacterales;f_Enterobacteriaceae;g_Escherichia;s_Escherichia coli
E321	E321_14774	36	species	Escherichia coli	5	5	2	0.940	d_Bacteria;p_Proteobacteria;c_Gammaproteobacteria;o_Enterobacterales;f_Enterobacteriaceae;g_Escherichia;s_Escherichia coli
E321	E321_25702	36	species	Escherichia coli	2	2	2	1.000	d_Bacteria;p_Proteobacteria;c_Gammaproteobacteria;o_Enterobacterales;f_Enterobacteriaceae;g_Escherichia;s_Escherichia coli
E321	E321_15463	36	species	Escherichia coli	6	6	1	0.760	d_Bacteria;p_Proteobacteria;c_Gammaproteobacteria;o_Enterobacterales;f_Enterobacteriaceae;g_Escherichia;s_Escherichia coli
E321	E321_22887	36	species	Escherichia coli	3	2	2	1.000	d_Bacteria;p_Proteobacteria;c_Gammaproteobacteria;o_Enterobacterales;f_Enterobacteriaceae;g_Escherichia;s_Escherichia coli
E321	E321_16257	36	species	Escherichia coli	2	2	1	0.500	d_Bacteria;p_Proteobacteria;c_Gammaproteobacteria;o_Enterobacterales;f_Enterobacteriaceae;g_Escherichia;s_Escherichia coli
E321	E321_16547	2301	species	Enterobacter cloacae I	1	1	1	1.000	d_Bacteria;p_Proteobacteria;c_Gammaproteobacteria;o_Enterobacterales;f_Enterobacteriaceae;g_Enterobacter;s_Enterobacter cloacae I
E321	E321_17187	36	species	Escherichia coli	2	2	2	1.000	d_Bacteria;p_Proteobacteria;c_Gammaproteobacteria;o_Enterobacterales;f_Enterobacteriaceae;g_Escherichia;s_Escherichia coli
E321	E321_17603	36	species	Escherichia coli	2	2	1	0.500	d_Bacteria;p_Proteobacteria;c_Gammaproteobacteria;o_Enterobacterales;f_Enterobacteriaceae;g_Escherichia;s_Escherichia coli
E321	E321_17987	36	species	Escherichia coli	2	2	1	0.970	d_Bacteria;p_Proteobacteria;c_Gammaproteobacteria;o_Enterobacterales;f_Enterobacteriaceae;g_Escherichia;s_Escherichia coli
E324	E324_8121	3256	species	Enterobacter quasihormaechei	2	1	1	1.000	d_Bacteria;p_Proteobacteria;c_Gammaproteobacteria;o_Enterobacterales;f_Enterobacteriaceae;g_Enterobacter;s_Enterobacter quasihormaechei
E324	E324_25538	7117	species	Enterobacter cloacae L	2	2	1	0.980	d_Bacteria;p_Proteobacteria;c_Gammaproteobacteria;o_Enterobacterales;f_Enterobacteriaceae;g_Enterobacter;s_Enterobacter cloacae L
E324	E324_25334	13229	species	Enterobacter cloacae O	1	1	1	1.000	d_Bacteria;p_Proteobacteria;c_Gammaproteobacteria;o_Enterobacterales;f_Enterobacteriaceae;g_Enterobacter;s_Enterobacter cloacae O
E326	E326_18824	36	species	Escherichia coli	2	2	2	1.000	d_Bacteria;p_Proteobacteria;c_Gammaproteobacteria;o_Enterobacterales;f_Enterobacteriaceae;g_Escherichia;s_Escherichia coli
E326	E326_19976	36	species	Escherichia coli	2	2	1	0.910	d_Bacteria;p_Proteobacteria;c_Gammaproteobacteria;o_Enterobacterales;f_Enterobacteriaceae;g_Escherichia;s_Escherichia coli
E326	E326_10633	36	species	Escherichia coli	2	2	2	1.000	d_Bacteria;p_Proteobacteria;c_Gammaproteobacteria;o_Enterobacterales;f_Enterobacteriaceae;g_Escherichia;s_Escherichia coli
E326	E326_23910	36	species	Escherichia coli	2	1	1	1.000	d_Bacteria;p_Proteobacteria;c_Gammaproteobacteria;o_Enterobacterales;f_Enterobacteriaceae;g_Escherichia;s_Escherichia coli
E326	E326_15521	36	species	Escherichia coli	3	2	1	0.970	d_Bacteria;p_Proteobacteria;c_Gammaproteobacteria;o_Enterobacterales;f_Enterobacteriaceae;g_Escherichia;s_Escherichia coli
E326	E326_17359	36	species	Escherichia coli	2	2	1	0.500	d_Bacteria;p_Proteobacteria;c_Gammaproteobacteria;o_Enterobacterales;f_Enterobacteriaceae;g_Escherichia;s_Escherichia coli
E326	E326_17391	36	species	Escherichia coli	2	2	1	0.500	d_Bacteria;p_Proteobacteria;c_Gammaproteobacteria;o_Enterobacterales;f_Enterobacteriaceae;g_Escherichia;s_Escherichia coli
E326	E326_20463	36	species	Escherichia coli	3	2	1	0.970	d_Bacteria;p_Proteobacteria;c_Gammaproteobacteria;o_Enterobacterales;f_Enterobacteriaceae;g_Escherichia;s_Escherichia coli
E326	E326_11251	36	species	Escherichia coli	5	3	1	0.840	d_Bacteria;p_Proteobacteria;c_Gammaproteobacteria;o_Enterobacterales;f_Enterobacteriaceae;g_Escherichia;s_Escherichia coli
E326	E326_19621	2303	species	Enterobacter mori	3	2	1	0.500	d_Bacteria;p_Proteobacteria;c_Gammaproteobacteria;o_Enterobacterales;f_Enterobacteriaceae;g_Enterobacter;s_Enterobacter mori
E326	E326_20741	36	species	Escherichia coli	1	1	1	1.000	d_Bacteria;p_Proteobacteria;c_Gammaproteobacteria;o_Enterobacterales;f_Enterobacteriaceae;g_Escherichia;s_Escherichia coli
E326	E326_22341	36	species	Escherichia coli	2	2	1	0.920	d_Bacteria;p_Proteobacteria;c_Gammaproteobacteria;o_Enterobacterales;f_Enterobacteriaceae;g_Escherichia;s_Escherichia coli
E326	E326_7732	36	species	Escherichia coli	8	4	2	0.510	d_Bacteria;p_Proteobacteria;c_Gammaproteobacteria;o_Enterobacterales;f_Enterobacteriaceae;g_Escherichia;s_Escherichia coli
E326	E326_9411	36	species	Escherichia coli	2	2	1	0.500	d_Bacteria;p_Proteobacteria;c_Gammaproteobacteria;o_Enterobacterales;f_Enterobacteriaceae;g_Escherichia;s_Escherichia coli
E326	E326_9803	36	species	Escherichia coli	2	2	1	0.500	d_Bacteria;p_Proteobacteria;c_Gammaproteobacteria;o_Enterobacterales;f_Enterobacteriaceae;g_Escherichia;s_Escherichia coli
E326	E326_13131	36	species	Escherichia coli	2	2	1	0.500	d_Bacteria;p_Proteobacteria;c_Gammaproteobacteria;o_Enterobacterales;f_Enterobacteriaceae;g_Escherichia;s_Escherichia coli
E326	E326_18635	36	species	Escherichia coli	3	2	1	0.500	d_Bacteria;p_Proteobacteria;c_Gammaproteobacteria;o_Enterobacterales;f_Enterobacteriaceae;g_Escherichia;s_Escherichia coli
E326	E326_10576	36	species	Escherichia coli	2	2	1	0.500	d_Bacteria;p_Proteobacteria;c_Gammaproteobacteria;o_Enterobacterales;f_Enterobacteriaceae;g_Escherichia;s_Escherichia coli
E326	E326_15824	36	species	Escherichia coli	1	1	1	1.000	d_Bacteria;p_Proteobacteria;c_Gammaproteobacteria;o_Enterobacterales;f_Enterobacteriaceae;g_Escherichia;s_Escherichia coli
E326	E326_18736	36	species	Escherichia coli	2	2	1	0.940	d_Bacteria;p_Proteobacteria;c_Gammaproteobacteria;o_Enterobacterales;f_Enterobacteriaceae;g_Escherichia;s_Escherichia coli
E326	E326_19312	36	species	Escherichia coli	2	2	1	0.500	d_Bacteria;p_Proteobacteria;c_Gammaproteobacteria;o_Enterobacterales;f_Enterobacteriaceae;g_Escherichia;s_Escherichia coli
E326	E326_12412	36	species	Escherichia coli	4	4	2	0.660	d_Bacteria;p_Proteobacteria;c_Gammaproteobacteria;o_Enterobacterales;f_Enterobacteriaceae;g_Escherichia;s_Escherichia coli
E326	E326_16220	36	species	Escherichia coli	6	6	1	0.810	d_Bacteria;p_Proteobacteria;c_Gammaproteobacteria;o_Enterobacterales;f_Enterobacteriaceae;g_Escherichia;s_Escherichia coli
E326	E326_21980	36	species	Escherichia coli	2	1	1	1.000	d_Bacteria;p_Proteobacteria;c_Gammaproteobacteria;o_Enterobacterales;f_Enterobacteriaceae;g_Escherichia;s_Escherichia coli
E326	E326_9324	36	species	Escherichia coli	5	5	2	0.630	d_Bacteria;p_Proteobacteria;c_Gammaproteobacteria;o_Enterobacterales;f_Enterobacteriaceae;g_Escherichia;s_Escherichia coli
E326	E326_23671	36	species	Escherichia coli	2	1	1	1.000	d_Bacteria;p_Proteobacteria;c_Gammaproteobacteria;o_Enterobacterales;f_Enterobacteriaceae;g_Escherichia;s_Escherichia coli
E326	E326_21778	36	species	Escherichia coli	1	1	1	1.000	d_Bacteria;p_Proteobacteria;c_Gammaproteobacteria;o_Enterobacterales;f_Enterobacteriaceae;g_Escherichia;s_Escherichia coli
E326	E326_22194	36	species	Escherichia coli	2	2	1	0.500	d_Bacteria;p_Proteobacteria;c_Gammaproteobacteria;o_Enterobacterales;f_Enterobacteriaceae;g_Escherichia;s_Escherichia coli
E326	E326_17666	36	species	Escherichia coli	1	1	1	1.000	d_Bacteria;p_Proteobacteria;c_Gammaproteobacteria;o_Enterobacterales;f_Enterobacteriaceae;g_Escherichia;s_Escherichia coli
E326	E326_16774	36	species	Escherichia coli	2	2	1	0.500	d_Bacteria;p_Proteobacteria;c_Gammaproteobacteria;o_Enterobacterales;f_Enterobacteriaceae;g_Escherichia;s_Escherichia coli
E326	E326_18726	36	species	Escherichia coli	1	1	1	1.000	d_Bacteria;p_Proteobacteria;c_Gammaproteobacteria;o_Enterobacterales;f_Enterobacteriaceae;g_Escherichia;s_Escherichia coli
E326	E326_15783	36	species	Escherichia coli	4	4	3	0.980	d_Bacteria;p_Proteobacteria;c_Gammaproteobacteria;o_Enterobacterales;f_Enterobacteriaceae;g_Escherichia;s_Escherichia coli
E326	E326_18023	36	species	Escherichia coli	2	2	1	0.500	d_Bacteria;p_Proteobacteria;c_Gammaproteobacteria;o_Enterobacterales;f_Enterobacteriaceae;g_Escherichia;s_Escherichia coli
E326	E326_20391	36	species	Escherichia coli	1	1	1	1.000	d_Bacteria;p_Proteobacteria;c_Gammaproteobacteria;o_Enterobacterales;f_Enterobacteriaceae;g_Escherichia;s_Escherichia coli
E326	E326_21351	36	species	Escherichia coli	2	2	1	0.500	d_Bacteria;p_Proteobacteria;c_Gammaproteobacteria;o_Enterobacterales;f_Enterobacteriaceae;g_Escherichia;s_Escherichia coli
E326	E326_22183	36	species	Escherichia coli	2	2	1	0.500	d_Bacteria;p_Proteobacteria;c_Gammaproteobacteria;o_Enterobacterales;f_Enterobacteriaceae;g_Escherichia;s_Escherichia coli
E326	E326_7240	36	species	Escherichia coli	4	3	2	0.670	d_Bacteria;p_Proteobacteria;c_Gammaproteobacteria;o_Enterobacterales;f_Enterobacteriaceae;g_Escherichia;s_Escherichia coli
E326	E326_10196	36	species	Escherichia coli	3	2	1	0.500	d_Bacteria;p_Proteobacteria;c_Gammaproteobacteria;o_Enterobacterales;f_Enterobacteriaceae;g_Escherichia;s_Escherichia coli
E326	E326_20597	36	species	Escherichia coli	2	1	1	1.000	d_Bacteria;p_Proteobacteria;c_Gammaproteobacteria;o_Enterobacterales;f_Enterobacteriaceae;g_Escherichia;s_Escherichia coli
E326	E326_11861	36	species	Escherichia coli	3	3	3	1.000	d_Bacteria;p_Proteobacteria;c_Gammaproteobacteria;o_Enterobacterales;f_Enterobacteriaceae;g_Escherichia;s_Escherichia coli
E326	E326_12949	36	species	Escherichia coli	3	3	2	0.670	d_Bacteria;p_Proteobacteria;c_Gammaproteobacteria;o_Enterobacterales;f_Enterobacteriaceae;g_Escherichia;s_Escherichia coli
E326	E326_10354	36	species	Escherichia coli	2	2	1	0.500	d_Bacteria;p_Proteobacteria;c_Gammaproteobacteria;o_Enterobacterales;f_Enterobacteriaceae;g_Escherichia;s_Escherichia coli
E326	E326_6977	36	species	Escherichia coli	5	5	3	0.510	d_Bacteria;p_Proteobacteria;c_Gammaproteobacteria;o_Enterobacterales;f_Enterobacteriaceae;g_Escherichia;s_Escherichia coli
E326	E326_15481	36	species	Escherichia coli	4	4	2	0.650	d_Bacteria;p_Proteobacteria;c_Gammaproteobacteria;o_Enterobacterales;f_Enterobacteriaceae;g_Escherichia;s_Escherichia coli
E326	E326_16666	36	species	Escherichia coli	2	2	2	1.000	d_Bacteria;p_Proteobacteria;c_Gammaproteobacteria;o_Enterobacterales;f_Enterobacteriaceae;g_Escherichia;s_Escherichia coli
E326	E326_18330	36	species	Escherichia coli	3	2	1	0.500	d_Bacteria;p_Proteobacteria;c_Gammaproteobacteria;o_Enterobacterales;f_Enterobacteriaceae;g_Escherichia;s_Escherichia coli
E326	E326_20410	36	species	Escherichia coli	2	2	1	0.500	d_Bacteria;p_Proteobacteria;c_Gammaproteobacteria;o_Enterobacterales;f_Enterobacteriaceae;g_Escherichia;s_Escherichia coli
E326	E326_24804	36	species	Escherichia coli	1	1	1	1.000	d_Bacteria;p_Proteobacteria;c_Gammaproteobacteria;o_Enterobacterales;f_Enterobacteriaceae;g_Escherichia;s_Escherichia coli
E326	E326_3397	36	species	Escherichia coli	5	4	2	0.650	d_Bacteria;p_Proteobacteria;c_Gammaproteobacteria;o_Enterobacterales;f_Enterobacteriaceae;g_Escherichia;s_Escherichia coli
E326	E326_6709	35	species	Acinetobacter baumannii	1	1	1	1.000	d_Bacteria;p_Proteobacteria;c_Gammaproteobacteria;o_Pseudomonadales;f_Moraxellaceae;g_Acinetobacter;s_Acinetobacter baumannii
E326	E326_20433	36	species	Escherichia coli	2	2	1	0.910	d_Bacteria;p_Proteobacteria;c_Gammaproteobacteria;o_Enterobacterales;f_Enterobacteriaceae;g_Escherichia;s_Escherichia coli
E326	E326_9147	36	species	Escherichia coli	2	2	1	0.500	d_Bacteria;p_Proteobacteria;c_Gammaproteobacteria;o_Enterobacterales;f_Enterobacteriaceae;g_Escherichia;s_Escherichia coli
E326	E326_14491	36	species	Escherichia coli	4	4	3	0.990	d_Bacteria;p_Proteobacteria;c_Gammaproteobacteria;o_Enterobacterales;f_Enterobacteriaceae;g_Escherichia;s_Escherichia coli
E326	E326_16443	36	species	Escherichia coli	2	2	2	1.000	d_Bacteria;p_Proteobacteria;c_Gammaproteobacteria;o_Enterobacterales;f_Enterobacteriaceae;g_Escherichia;s_Escherichia coli
E326	E326_20379	36	species	Escherichia coli	1	1	1	1.000	d_Bacteria;p_Proteobacteria;c_Gammaproteobacteria;o_Enterobacterales;f_Enterobacteriaceae;g_Escherichia;s_Escherichia coli
E326	E326_7238	36	species	Escherichia coli	5	5	2	0.630	d_Bacteria;p_Proteobacteria;c_Gammaproteobacteria;o_Enterobacterales;f_Enterobacteriaceae;g_Escherichia;s_Escherichia coli
E326	E326_16437	36	species	Escherichia coli	4	4	2	0.900	d_Bacteria;p_Proteobacteria;c_Gammaproteobacteria;o_Enterobacterales;f_Enterobacteriaceae;g_Escherichia;s_Escherichia coli
E326	E326_12861	36	species	Escherichia coli	8	7	1	0.810	d_Bacteria;p_Proteobacteria;c_Gammaproteobacteria;o_Enterobacterales;f_Enterobacteriaceae;g_Escherichia;s_Escherichia coli
E326	E326_20541	36	species	Escherichia coli	2	2	1	0.500	d_Bacteria;p_Proteobacteria;c_Gammaproteobacteria;o_Enterobacterales;f_Enterobacteriaceae;g_Escherichia;s_Escherichia coli
E326	E326_21981	36	species	Escherichia coli	2	2	2	1.000	d_Bacteria;p_Proteobacteria;c_Gammaproteobacteria;o_Enterobacterales;f_Enterobacteriaceae;g_Escherichia;s_Escherichia coli
E326	E326_15488	36	species	Escherichia coli	2	2	1	0.500	d_Bacteria;p_Proteobacteria;c_Gammaproteobacteria;o_Enterobacterales;f_Enterobacteriaceae;g_Escherichia;s_Escherichia coli
E326	E326_3634	36	species	Escherichia coli	6	6	3	0.590	d_Bacteria;p_Proteobacteria;c_Gammaproteobacteria;o_Enterobacterales;f_Enterobacteriaceae;g_Escherichia;s_Escherichia coli
E326	E326_23798	36	species	Escherichia coli	3	2	1	0.500	d_Bacteria;p_Proteobacteria;c_Gammaproteobacteria;o_Enterobacterales;f_Enterobacteriaceae;g_Escherichia;s_Escherichia coli
E326	E326_16658	36	species	Escherichia coli	2	2	2	1.000	d_Bacteria;p_Proteobacteria;c_Gammaproteobacteria;o_Enterobacterales;f_Enterobacteriaceae;g_Escherichia;s_Escherichia coli
E326	E326_18764	36	species	Escherichia coli	2	2	1	0.500	d_Bacteria;p_Proteobacteria;c_Gammaproteobacteria;o_Enterobacterales;f_Enterobacteriaceae;g_Escherichia;s_Escherichia coli
E326	E326_5834	36	species	Escherichia coli	3	3	2	0.670	d_Bacteria;p_Proteobacteria;c_Gammaproteobacteria;o_Enterobacterales;f_Enterobacteriaceae;g_Escherichia;s_Escherichia coli
E326	E326_15562	35	species	Acinetobacter baumannii	2	2	1	0.500	d_Bacteria;p_Proteobacteria;c_Gammaproteobacteria;o_Pseudomonadales;f_Moraxellaceae;g_Acinetobacter;s_Acinetobacter baumannii
E326	E326_19018	36	species	Escherichia coli	3	2	1	0.500	d_Bacteria;p_Proteobacteria;c_Gammaproteobacteria;o_Enterobacterales;f_Enterobacteriaceae;g_Escherichia;s_Escherichia coli
E326	E326_22986	36	species	Escherichia coli	2	2	1	0.500	d_Bacteria;p_Proteobacteria;c_Gammaproteobacteria;o_Enterobacterales;f_Enterobacteriaceae;g_Escherichia;s_Escherichia coli
E326	E326_6861	36	species	Escherichia coli	10	9	1	0.680	d_Bacteria;p_Proteobacteria;c_Gammaproteobacteria;o_Enterobacterales;f_Enterobacteriaceae;g_Escherichia;s_Escherichia coli
E326	E326_11021	36	species	Escherichia coli	5	5	2	0.630	d_Bacteria;p_Proteobacteria;c_Gammaproteobacteria;o_Enterobacterales;f_Enterobacteriaceae;g_Escherichia;s_Escherichia coli
E326	E326_17229	36	species	Escherichia coli	1	1	1	1.000	d_Bacteria;p_Proteobacteria;c_Gammaproteobacteria;o_Enterobacterales;f_Enterobacteriaceae;g_Escherichia;s_Escherichia coli
E326	E326_13556	36	species	Escherichia coli	3	3	1	0.900	d_Bacteria;p_Proteobacteria;c_Gammaproteobacteria;o_Enterobacterales;f_Enterobacteriaceae;g_Escherichia;s_Escherichia coli
E326	E326_14708	36	species	Escherichia coli	2	2	1	0.500	d_Bacteria;p_Proteobacteria;c_Gammaproteobacteria;o_Enterobacterales;f_Enterobacteriaceae;g_Escherichia;s_Escherichia coli
E326	E326_23641	17704	species	Enterobacter cloacae P	3	3	1	0.880	d_Bacteria;p_Proteobacteria;c_Gammaproteobacteria;o_Enterobacterales;f_Enterobacteriaceae;g_Enterobacter;s_Enterobacter cloacae P
E326	E326_8500	36	species	Escherichia coli	2	2	1	0.500	d_Bacteria;p_Proteobacteria;c_Gammaproteobacteria;o_Enterobacterales;f_Enterobacteriaceae;g_Escherichia;s_Escherichia coli
E326	E326_9013	36	species	Escherichia coli	2	2	1	0.500	d_Bacteria;p_Proteobacteria;c_Gammaproteobacteria;o_Enterobacterales;f_Enterobacteriaceae;g_Escherichia;s_Escherichia coli
E326	E326_10774	36	species	Escherichia coli	2	2	1	0.500	d_Bacteria;p_Proteobacteria;c_Gammaproteobacteria;o_Enterobacterales;f_Enterobacteriaceae;g_Escherichia;s_Escherichia coli
E326	E326_15555	36	species	Escherichia coli	3	2	1	0.940	d_Bacteria;p_Proteobacteria;c_Gammaproteobacteria;o_Enterobacterales;f_Enterobacteriaceae;g_Escherichia;s_Escherichia coli
E326	E326_18531	36	species	Escherichia coli	2	1	1	1.000	d_Bacteria;p_Proteobacteria;c_Gammaproteobacteria;o_Enterobacterales;f_Enterobacteriaceae;g_Escherichia;s_Escherichia coli
E326	E326_24111	36	species	Escherichia coli	2	2	1	0.910	d_Bacteria;p_Proteobacteria;c_Gammaproteobacteria;o_Enterobacterales;f_Enterobacteriaceae;g_Escherichia;s_Escherichia coli
E326	E326_8582	36	species	Escherichia coli	4	4	4	1.000	d_Bacteria;p_Proteobacteria;c_Gammaproteobacteria;o_Enterobacterales;f_Enterobacteriaceae;g_Escherichia;s_Escherichia coli
E326	E326_12830	36	species	Escherichia coli	2	2	1	0.500	d_Bacteria;p_Proteobacteria;c_Gammaproteobacteria;o_Enterobacterales;f_Enterobacteriaceae;g_Escherichia;s_Escherichia coli
E326	E326_21950	36	species	Escherichia coli	1	1	1	1.000	d_Bacteria;p_Proteobacteria;c_Gammaproteobacteria;o_Enterobacterales;f_Enterobacteriaceae;g_Escherichia;s_Escherichia coli
E326	E326_21471	36	species	Escherichia coli	1	1	1	1.000	d_Bacteria;p_Proteobacteria;c_Gammaproteobacteria;o_Enterobacterales;f_Enterobacteriaceae;g_Escherichia;s_Escherichia coli
E326	E326_23103	36	species	Escherichia coli	1	1	1	1.000	d_Bacteria;p_Proteobacteria;c_Gammaproteobacteria;o_Enterobacterales;f_Enterobacteriaceae;g_Escherichia;s_Escherichia coli
E326	E326_16470	36	species	Escherichia coli	2	2	1	0.500	d_Bacteria;p_Proteobacteria;c_Gammaproteobacteria;o_Enterobacterales;f_Enterobacteriaceae;g_Escherichia;s_Escherichia coli
E326	E326_24306	36	species	Escherichia coli	1	1	1	1.000	d_Bacteria;p_Proteobacteria;c_Gammaproteobacteria;o_Enterobacterales;f_Enterobacteriaceae;g_Escherichia;s_Escherichia coli
E326	E326_9235	36	species	Escherichia coli	3	2	1	0.500	d_Bacteria;p_Proteobacteria;c_Gammaproteobacteria;o_Enterobacterales;f_Enterobacteriaceae;g_Escherichia;s_Escherichia coli
E326	E326_13715	36	species	Escherichia coli	2	2	1	0.980	d_Bacteria;p_Proteobacteria;c_Gammaproteobacteria;o_Enterobacterales;f_Enterobacteriaceae;g_Escherichia;s_Escherichia coli
E326	E326_12929	36	species	Escherichia coli	3	3	2	0.670	d_Bacteria;p_Proteobacteria;c_Gammaproteobacteria;o_Enterobacterales;f_Enterobacteriaceae;g_Escherichia;s_Escherichia coli
E326	E326_13889	36	species	Escherichia coli	4	4	2	0.510	d_Bacteria;p_Proteobacteria;c_Gammaproteobacteria;o_Enterobacterales;f_Enterobacteriaceae;g_Escherichia;s_Escherichia coli
E326	E326_13953	36	species	Escherichia coli	2	2	1	0.500	d_Bacteria;p_Proteobacteria;c_Gammaproteobacteria;o_Enterobacterales;f_Enterobacteriaceae;g_Escherichia;s_Escherichia coli
E326	E326_15201	36	species	Escherichia coli	3	3	2	0.970	d_Bacteria;p_Proteobacteria;c_Gammaproteobacteria;o_Enterobacterales;f_Enterobacteriaceae;g_Escherichia;s_Escherichia coli
E326	E326_20161	36	species	Escherichia coli	2	2	2	1.000	d_Bacteria;p_Proteobacteria;c_Gammaproteobacteria;o_Enterobacterales;f_Enterobacteriaceae;g_Escherichia;s_Escherichia coli
E326	E326_9251	35	species	Acinetobacter baumannii	4	4	3	0.990	d_Bacteria;p_Proteobacteria;c_Gammaproteobacteria;o_Pseudomonadales;f_Moraxellaceae;g_Acinetobacter;s_Acinetobacter baumannii
E326	E326_22435	36	species	Escherichia coli	2	2	1	0.500	d_Bacteria;p_Proteobacteria;c_Gammaproteobacteria;o_Enterobacterales;f_Enterobacteriaceae;g_Escherichia;s_Escherichia coli
E326	E326_13922	36	species	Escherichia coli	2	2	2	1.000	d_Bacteria;p_Proteobacteria;c_Gammaproteobacteria;o_Enterobacterales;f_Enterobacteriaceae;g_Escherichia;s_Escherichia coli
E326	E326_14958	36	species	Escherichia coli	2	2	1	0.500	d_Bacteria;p_Proteobacteria;c_Gammaproteobacteria;o_Enterobacterales;f_Enterobacteriaceae;g_Escherichia;s_Escherichia coli
E326	E326_16462	36	species	Escherichia coli	2	2	1	0.500	d_Bacteria;p_Proteobacteria;c_Gammaproteobacteria;o_Enterobacterales;f_Enterobacteriaceae;g_Escherichia;s_Escherichia coli
E326	E326_12102	36	species	Escherichia coli	3	2	1	0.970	d_Bacteria;p_Proteobacteria;c_Gammaproteobacteria;o_Enterobacterales;f_Enterobacteriaceae;g_Escherichia;s_Escherichia coli
E326	E326_6951	36	species	Escherichia coli	5	5	2	0.660	d_Bacteria;p_Proteobacteria;c_Gammaproteobacteria;o_Enterobacterales;f_Enterobacteriaceae;g_Escherichia;s_Escherichia coli
E326	E326_8231	36	species	Escherichia coli	4	4	2	0.650	d_Bacteria;p_Proteobacteria;c_Gammaproteobacteria;o_Enterobacterales;f_Enterobacteriaceae;g_Escherichia;s_Escherichia coli
E326	E326_9239	36	species	Escherichia coli	4	3	1	0.900	d_Bacteria;p_Proteobacteria;c_Gammaproteobacteria;o_Enterobacterales;f_Enterobacteriaceae;g_Escherichia;s_Escherichia coli
E326	E326_10135	36	species	Escherichia coli	4	4	2	0.500	d_Bacteria;p_Proteobacteria;c_Gammaproteobacteria;o_Enterobacterales;f_Enterobacteriaceae;g_Escherichia;s_Escherichia coli
E329	E329_17584	35	species	Acinetobacter baumannii	1	1	1	1.000	d_Bacteria;p_Proteobacteria;c_Gammaproteobacteria;o_Pseudomonadales;f_Moraxellaceae;g_Acinetobacter;s_Acinetobacter baumannii
E329	E329_9147	55282	species	Enterobacter sp013927005	2	2	1	0.500	d_Bacteria;p_Proteobacteria;c_Gammaproteobacteria;o_Enterobacterales;f_Enterobacteriaceae;g_Enterobacter;s_Enterobacter sp013927005
E329	E329_14420	55282	species	Enterobacter sp013927005	1	1	1	1.000	d_Bacteria;p_Proteobacteria;c_Gammaproteobacteria;o_Enterobacterales;f_Enterobacteriaceae;g_Enterobacter;s_Enterobacter sp013927005
E334	E334_22928	35	species	Acinetobacter baumannii	1	1	1	1.000	d_Bacteria;p_Proteobacteria;c_Gammaproteobacteria;o_Pseudomonadales;f_Moraxellaceae;g_Acinetobacter;s_Acinetobacter baumannii
E334	E334_2550	35	species	Acinetobacter baumannii	2	1	1	1.000	d_Bacteria;p_Proteobacteria;c_Gammaproteobacteria;o_Pseudomonadales;f_Moraxellaceae;g_Acinetobacter;s_Acinetobacter baumannii
E338	E338_15463	36	species	Escherichia coli	3	3	3	1.000	d_Bacteria;p_Proteobacteria;c_Gammaproteobacteria;o_Enterobacterales;f_Enterobacteriaceae;g_Escherichia;s_Escherichia coli
E338	E338_9223	18	species	Klebsiella pneumoniae	3	3	3	1.000	d_Bacteria;p_Proteobacteria;c_Gammaproteobacteria;o_Enterobacterales;f_Enterobacteriaceae;g_Klebsiella;s_Klebsiella pneumoniae
E338	E338_17063	36	species	Escherichia coli	4	4	3	0.980	d_Bacteria;p_Proteobacteria;c_Gammaproteobacteria;o_Enterobacterales;f_Enterobacteriaceae;g_Escherichia;s_Escherichia coli
E338	E338_10405	36	species	Escherichia coli	3	2	1	0.510	d_Bacteria;p_Proteobacteria;c_Gammaproteobacteria;o_Enterobacterales;f_Enterobacteriaceae;g_Escherichia;s_Escherichia coli
E338	E338_12101	36	species	Escherichia coli	2	2	1	0.920	d_Bacteria;p_Proteobacteria;c_Gammaproteobacteria;o_Enterobacterales;f_Enterobacteriaceae;g_Escherichia;s_Escherichia coli
E338	E338_16197	36	species	Escherichia coli	3	2	1	0.500	d_Bacteria;p_Proteobacteria;c_Gammaproteobacteria;o_Enterobacterales;f_Enterobacteriaceae;g_Escherichia;s_Escherichia coli
E338	E338_23397	36	species	Escherichia coli	2	2	1	0.940	d_Bacteria;p_Proteobacteria;c_Gammaproteobacteria;o_Enterobacterales;f_Enterobacteriaceae;g_Escherichia;s_Escherichia coli
E338	E338_5839	36	species	Escherichia coli	1	1	1	1.000	d_Bacteria;p_Proteobacteria;c_Gammaproteobacteria;o_Enterobacterales;f_Enterobacteriaceae;g_Escherichia;s_Escherichia coli
E338	E338_14895	36	species	Escherichia coli	3	3	2	0.990	d_Bacteria;p_Proteobacteria;c_Gammaproteobacteria;o_Enterobacterales;f_Enterobacteriaceae;g_Escherichia;s_Escherichia coli
E338	E338_24015	36	species	Escherichia coli	2	2	1	0.950	d_Bacteria;p_Proteobacteria;c_Gammaproteobacteria;o_Enterobacterales;f_Enterobacteriaceae;g_Escherichia;s_Escherichia coli
E338	E338_24815	18	species	Klebsiella pneumoniae	1	1	1	1.000	d_Bacteria;p_Proteobacteria;c_Gammaproteobacteria;o_Enterobacterales;f_Enterobacteriaceae;g_Klebsiella;s_Klebsiella pneumoniae
E338	E338_3096	36	species	Escherichia coli	8	7	5	0.990	d_Bacteria;p_Proteobacteria;c_Gammaproteobacteria;o_Enterobacterales;f_Enterobacteriaceae;g_Escherichia;s_Escherichia coli
E338	E338_26595	36	species	Escherichia coli	2	2	1	0.980	d_Bacteria;p_Proteobacteria;c_Gammaproteobacteria;o_Enterobacterales;f_Enterobacteriaceae;g_Escherichia;s_Escherichia coli
E338	E338_7476	36	species	Escherichia coli	3	2	2	1.000	d_Bacteria;p_Proteobacteria;c_Gammaproteobacteria;o_Enterobacterales;f_Enterobacteriaceae;g_Escherichia;s_Escherichia coli
E338	E338_9268	36	species	Escherichia coli	5	5	3	0.970	d_Bacteria;p_Proteobacteria;c_Gammaproteobacteria;o_Enterobacterales;f_Enterobacteriaceae;g_Escherichia;s_Escherichia coli
E338	E338_16723	36	species	Escherichia coli	3	2	1	0.500	d_Bacteria;p_Proteobacteria;c_Gammaproteobacteria;o_Enterobacterales;f_Enterobacteriaceae;g_Escherichia;s_Escherichia coli
E338	E338_3187	36	species	Escherichia coli	7	5	4	0.990	d_Bacteria;p_Proteobacteria;c_Gammaproteobacteria;o_Enterobacterales;f_Enterobacteriaceae;g_Escherichia;s_Escherichia coli
E338	E338_17278	36	species	Escherichia coli	4	4	2	0.930	d_Bacteria;p_Proteobacteria;c_Gammaproteobacteria;o_Enterobacterales;f_Enterobacteriaceae;g_Escherichia;s_Escherichia coli
E338	E338_20830	18	species	Klebsiella pneumoniae	2	2	1	0.500	d_Bacteria;p_Proteobacteria;c_Gammaproteobacteria;o_Enterobacterales;f_Enterobacteriaceae;g_Klebsiella;s_Klebsiella pneumoniae
E338	E338_23710	36	species	Escherichia coli	1	1	1	1.000	d_Bacteria;p_Proteobacteria;c_Gammaproteobacteria;o_Enterobacterales;f_Enterobacteriaceae;g_Escherichia;s_Escherichia coli
E338	E338_9406	36	species	Escherichia coli	3	2	1	0.500	d_Bacteria;p_Proteobacteria;c_Gammaproteobacteria;o_Enterobacterales;f_Enterobacteriaceae;g_Escherichia;s_Escherichia coli
E338	E338_11230	18	species	Klebsiella pneumoniae	2	2	2	1.000	d_Bacteria;p_Proteobacteria;c_Gammaproteobacteria;o_Enterobacterales;f_Enterobacteriaceae;g_Klebsiella;s_Klebsiella pneumoniae
E338	E338_5776	36	species	Escherichia coli	5	5	5	1.000	d_Bacteria;p_Proteobacteria;c_Gammaproteobacteria;o_Enterobacterales;f_Enterobacteriaceae;g_Escherichia;s_Escherichia coli
E338	E338_14576	36	species	Escherichia coli	4	4	2	0.500	d_Bacteria;p_Proteobacteria;c_Gammaproteobacteria;o_Enterobacterales;f_Enterobacteriaceae;g_Escherichia;s_Escherichia coli
E338	E338_2050	18	species	Klebsiella pneumoniae	6	6	5	0.800	d_Bacteria;p_Proteobacteria;c_Gammaproteobacteria;o_Enterobacterales;f_Enterobacteriaceae;g_Klebsiella;s_Klebsiella pneumoniae
E338	E338_14825	36	species	Escherichia coli	3	2	1	0.970	d_Bacteria;p_Proteobacteria;c_Gammaproteobacteria;o_Enterobacterales;f_Enterobacteriaceae;g_Escherichia;s_Escherichia coli
E338	E338_27413	36	species	Escherichia coli	3	2	1	0.500	d_Bacteria;p_Proteobacteria;c_Gammaproteobacteria;o_Enterobacterales;f_Enterobacteriaceae;g_Escherichia;s_Escherichia coli
E338	E338_13541	36	species	Escherichia coli	3	2	2	1.000	d_Bacteria;p_Proteobacteria;c_Gammaproteobacteria;o_Enterobacterales;f_Enterobacteriaceae;g_Escherichia;s_Escherichia coli
E338	E338_631	36	species	Escherichia coli	17	15	11	0.710	d_Bacteria;p_Proteobacteria;c_Gammaproteobacteria;o_Enterobacterales;f_Enterobacteriaceae;g_Escherichia;s_Escherichia coli
E338	E338_6519	35	species	Acinetobacter baumannii	3	3	3	1.000	d_Bacteria;p_Proteobacteria;c_Gammaproteobacteria;o_Pseudomonadales;f_Moraxellaceae;g_Acinetobacter;s_Acinetobacter baumannii
E338	E338_17111	36	species	Escherichia coli	2	1	1	1.000	d_Bacteria;p_Proteobacteria;c_Gammaproteobacteria;o_Enterobacterales;f_Enterobacteriaceae;g_Escherichia;s_Escherichia coli
E338	E338_22114	36	species	Escherichia coli	4	2	1	0.990	d_Bacteria;p_Proteobacteria;c_Gammaproteobacteria;o_Enterobacterales;f_Enterobacteriaceae;g_Escherichia;s_Escherichia coli
E338	E338_12707	18	species	Klebsiella pneumoniae	2	2	1	0.500	d_Bacteria;p_Proteobacteria;c_Gammaproteobacteria;o_Enterobacterales;f_Enterobacteriaceae;g_Klebsiella;s_Klebsiella pneumoniae
E338	E338_14307	36	species	Escherichia coli	2	1	1	1.000	d_Bacteria;p_Proteobacteria;c_Gammaproteobacteria;o_Enterobacterales;f_Enterobacteriaceae;g_Escherichia;s_Escherichia coli
E338	E338_2283	36	species	Escherichia coli	17	17	6	0.670	d_Bacteria;p_Proteobacteria;c_Gammaproteobacteria;o_Enterobacterales;f_Enterobacteriaceae;g_Escherichia;s_Escherichia coli
E338	E338_7787	36	species	Escherichia coli	3	3	2	0.980	d_Bacteria;p_Proteobacteria;c_Gammaproteobacteria;o_Enterobacterales;f_Enterobacteriaceae;g_Escherichia;s_Escherichia coli
E338	E338_3181	36	species	Escherichia coli	8	7	3	0.720	d_Bacteria;p_Proteobacteria;c_Gammaproteobacteria;o_Enterobacterales;f_Enterobacteriaceae;g_Escherichia;s_Escherichia coli
E338	E338_7213	36	species	Escherichia coli	5	5	5	1.000	d_Bacteria;p_Proteobacteria;c_Gammaproteobacteria;o_Enterobacterales;f_Enterobacteriaceae;g_Escherichia;s_Escherichia coli
E338	E338_15199	36	species	Escherichia coli	3	3	2	0.980	d_Bacteria;p_Proteobacteria;c_Gammaproteobacteria;o_Enterobacterales;f_Enterobacteriaceae;g_Escherichia;s_Escherichia coli
E338	E338_19263	18	species	Klebsiella pneumoniae	1	1	1	1.000	d_Bacteria;p_Proteobacteria;c_Gammaproteobacteria;o_Enterobacterales;f_Enterobacteriaceae;g_Klebsiella;s_Klebsiella pneumoniae
E338	E338_23231	36	species	Escherichia coli	2	2	1	0.500	d_Bacteria;p_Proteobacteria;c_Gammaproteobacteria;o_Enterobacterales;f_Enterobacteriaceae;g_Escherichia;s_Escherichia coli
E338	E338_4095	36	species	Escherichia coli	9	9	5	0.700	d_Bacteria;p_Proteobacteria;c_Gammaproteobacteria;o_Enterobacterales;f_Enterobacteriaceae;g_Escherichia;s_Escherichia coli
E338	E338_5715	36	species	Escherichia coli	3	2	1	0.990	d_Bacteria;p_Proteobacteria;c_Gammaproteobacteria;o_Enterobacterales;f_Enterobacteriaceae;g_Escherichia;s_Escherichia coli
E338	E338_12147	36	species	Escherichia coli	9	9	1	0.820	d_Bacteria;p_Proteobacteria;c_Gammaproteobacteria;o_Enterobacterales;f_Enterobacteriaceae;g_Escherichia;s_Escherichia coli
E338	E338_628	36	species	Escherichia coli	18	18	13	0.760	d_Bacteria;p_Proteobacteria;c_Gammaproteobacteria;o_Enterobacterales;f_Enterobacteriaceae;g_Escherichia;s_Escherichia coli
E338	E338_27156	36	species	Escherichia coli	1	1	1	1.000	d_Bacteria;p_Proteobacteria;c_Gammaproteobacteria;o_Enterobacterales;f_Enterobacteriaceae;g_Escherichia;s_Escherichia coli
E338	E338_1490	36	species	Escherichia coli	11	11	7	0.700	d_Bacteria;p_Proteobacteria;c_Gammaproteobacteria;o_Enterobacterales;f_Enterobacteriaceae;g_Escherichia;s_Escherichia coli
E338	E338_7734	36	species	Escherichia coli	4	3	2	0.980	d_Bacteria;p_Proteobacteria;c_Gammaproteobacteria;o_Enterobacterales;f_Enterobacteriaceae;g_Escherichia;s_Escherichia coli
E338	E338_20182	36	species	Escherichia coli	1	1	1	1.000	d_Bacteria;p_Proteobacteria;c_Gammaproteobacteria;o_Enterobacterales;f_Enterobacteriaceae;g_Escherichia;s_Escherichia coli
E338	E338_21462	49154	species	Enterobacter oligotrophicus	3	2	1	0.910	d_Bacteria;p_Proteobacteria;c_Gammaproteobacteria;o_Enterobacterales;f_Enterobacteriaceae;g_Enterobacter;s_Enterobacter oligotrophicus
E338	E338_3425	36	species	Escherichia coli	7	6	6	1.000	d_Bacteria;p_Proteobacteria;c_Gammaproteobacteria;o_Enterobacterales;f_Enterobacteriaceae;g_Escherichia;s_Escherichia coli
E338	E338_14049	17530	species	Enterobacter B lignolyticus	3	3	2	0.670	d_Bacteria;p_Proteobacteria;c_Gammaproteobacteria;o_Enterobacterales;f_Enterobacteriaceae;g_Enterobacter B;s_Enterobacter B lignolyticus
E338	E338_15265	36	species	Escherichia coli	3	2	2	1.000	d_Bacteria;p_Proteobacteria;c_Gammaproteobacteria;o_Enterobacterales;f_Enterobacteriaceae;g_Escherichia;s_Escherichia coli
E338	E338_15905	36	species	Escherichia coli	3	2	2	1.000	d_Bacteria;p_Proteobacteria;c_Gammaproteobacteria;o_Enterobacterales;f_Enterobacteriaceae;g_Escherichia;s_Escherichia coli
E338	E338_17921	36	species	Escherichia coli	2	2	1	0.500	d_Bacteria;p_Proteobacteria;c_Gammaproteobacteria;o_Enterobacterales;f_Enterobacteriaceae;g_Escherichia;s_Escherichia coli
E338	E338_4316	36	species	Escherichia coli	7	6	3	0.590	d_Bacteria;p_Proteobacteria;c_Gammaproteobacteria;o_Enterobacterales;f_Enterobacteriaceae;g_Escherichia;s_Escherichia coli
E338	E338_7836	36	species	Escherichia coli	4	4	3	0.750	d_Bacteria;p_Proteobacteria;c_Gammaproteobacteria;o_Enterobacterales;f_Enterobacteriaceae;g_Escherichia;s_Escherichia coli
E338	E338_19004	36	species	Escherichia coli	2	2	2	1.000	d_Bacteria;p_Proteobacteria;c_Gammaproteobacteria;o_Enterobacterales;f_Enterobacteriaceae;g_Escherichia;s_Escherichia coli
E338	E338_24595	36	species	Escherichia coli	2	2	2	1.000	d_Bacteria;p_Proteobacteria;c_Gammaproteobacteria;o_Enterobacterales;f_Enterobacteriaceae;g_Escherichia;s_Escherichia coli
E338	E338_27154	36	species	Escherichia coli	3	3	1	0.900	d_Bacteria;p_Proteobacteria;c_Gammaproteobacteria;o_Enterobacterales;f_Enterobacteriaceae;g_Escherichia;s_Escherichia coli
E338	E338_14432	36	species	Escherichia coli	3	3	2	0.990	d_Bacteria;p_Proteobacteria;c_Gammaproteobacteria;o_Enterobacterales;f_Enterobacteriaceae;g_Escherichia;s_Escherichia coli
E338	E338_2625	36	species	Escherichia coli	7	7	5	0.710	d_Bacteria;p_Proteobacteria;c_Gammaproteobacteria;o_Enterobacterales;f_Enterobacteriaceae;g_Escherichia;s_Escherichia coli
E338	E338_17446	36	species	Escherichia coli	2	2	2	1.000	d_Bacteria;p_Proteobacteria;c_Gammaproteobacteria;o_Enterobacterales;f_Enterobacteriaceae;g_Escherichia;s_Escherichia coli
E338	E338_21286	18	species	Klebsiella pneumoniae	3	3	3	1.000	d_Bacteria;p_Proteobacteria;c_Gammaproteobacteria;o_Enterobacterales;f_Enterobacteriaceae;g_Klebsiella;s_Klebsiella pneumoniae
E338	E338_24166	36	species	Escherichia coli	2	1	1	1.000	d_Bacteria;p_Proteobacteria;c_Gammaproteobacteria;o_Enterobacterales;f_Enterobacteriaceae;g_Escherichia;s_Escherichia coli
E338	E338_25798	36	species	Escherichia coli	3	2	1	0.500	d_Bacteria;p_Proteobacteria;c_Gammaproteobacteria;o_Enterobacterales;f_Enterobacteriaceae;g_Escherichia;s_Escherichia coli
E338	E338_2116	36	species	Escherichia coli	10	9	8	0.860	d_Bacteria;p_Proteobacteria;c_Gammaproteobacteria;o_Enterobacterales;f_Enterobacteriaceae;g_Escherichia;s_Escherichia coli
E338	E338_17796	36	species	Escherichia coli	1	1	1	1.000	d_Bacteria;p_Proteobacteria;c_Gammaproteobacteria;o_Enterobacterales;f_Enterobacteriaceae;g_Escherichia;s_Escherichia coli
E338	E338_26692	36	species	Escherichia coli	3	3	1	0.890	d_Bacteria;p_Proteobacteria;c_Gammaproteobacteria;o_Enterobacterales;f_Enterobacteriaceae;g_Escherichia;s_Escherichia coli
E338	E338_1770	36	species	Escherichia coli	9	9	6	0.750	d_Bacteria;p_Proteobacteria;c_Gammaproteobacteria;o_Enterobacterales;f_Enterobacteriaceae;g_Escherichia;s_Escherichia coli
E338	E338_9130	18	species	Klebsiella pneumoniae	3	2	1	0.500	d_Bacteria;p_Proteobacteria;c_Gammaproteobacteria;o_Enterobacterales;f_Enterobacteriaceae;g_Klebsiella;s_Klebsiella pneumoniae
E338	E338_13834	36	species	Escherichia coli	4	3	3	1.000	d_Bacteria;p_Proteobacteria;c_Gammaproteobacteria;o_Enterobacterales;f_Enterobacteriaceae;g_Escherichia;s_Escherichia coli
E338	E338_21706	36	species	Escherichia coli	3	2	1	0.970	d_Bacteria;p_Proteobacteria;c_Gammaproteobacteria;o_Enterobacterales;f_Enterobacteriaceae;g_Escherichia;s_Escherichia coli
E338	E338_14936	36	species	Escherichia coli	1	1	1	1.000	d_Bacteria;p_Proteobacteria;c_Gammaproteobacteria;o_Enterobacterales;f_Enterobacteriaceae;g_Escherichia;s_Escherichia coli
E338	E338_22680	36	species	Escherichia coli	2	2	1	0.500	d_Bacteria;p_Proteobacteria;c_Gammaproteobacteria;o_Enterobacterales;f_Enterobacteriaceae;g_Escherichia;s_Escherichia coli
E338	E338_23512	409	species	Enterobacter ludwigii	2	2	1	0.500	d_Bacteria;p_Proteobacteria;c_Gammaproteobacteria;o_Enterobacterales;f_Enterobacteriaceae;g_Enterobacter;s_Enterobacter ludwigii
E338	E338_10754	36	species	Escherichia coli	5	5	3	0.980	d_Bacteria;p_Proteobacteria;c_Gammaproteobacteria;o_Enterobacterales;f_Enterobacteriaceae;g_Escherichia;s_Escherichia coli
E338	E338_11970	36	species	Escherichia coli	2	2	1	0.500	d_Bacteria;p_Proteobacteria;c_Gammaproteobacteria;o_Enterobacterales;f_Enterobacteriaceae;g_Escherichia;s_Escherichia coli
E338	E338_13954	18	species	Klebsiella pneumoniae	3	3	2	0.970	d_Bacteria;p_Proteobacteria;c_Gammaproteobacteria;o_Enterobacterales;f_Enterobacteriaceae;g_Klebsiella;s_Klebsiella pneumoniae
E338	E338_17872	36	species	Escherichia coli	2	2	1	0.500	d_Bacteria;p_Proteobacteria;c_Gammaproteobacteria;o_Enterobacterales;f_Enterobacteriaceae;g_Escherichia;s_Escherichia coli
E338	E338_26000	36	species	Escherichia coli	2	2	1	0.500	d_Bacteria;p_Proteobacteria;c_Gammaproteobacteria;o_Enterobacterales;f_Enterobacteriaceae;g_Escherichia;s_Escherichia coli
E338	E338_14065	36	species	Escherichia coli	3	2	2	1.000	d_Bacteria;p_Proteobacteria;c_Gammaproteobacteria;o_Enterobacterales;f_Enterobacteriaceae;g_Escherichia;s_Escherichia coli
E338	E338_14833	36	species	Escherichia coli	2	2	1	0.970	d_Bacteria;p_Proteobacteria;c_Gammaproteobacteria;o_Enterobacterales;f_Enterobacteriaceae;g_Escherichia;s_Escherichia coli
E338	E338_15153	36	species	Escherichia coli	2	2	1	0.500	d_Bacteria;p_Proteobacteria;c_Gammaproteobacteria;o_Enterobacterales;f_Enterobacteriaceae;g_Escherichia;s_Escherichia coli
E338	E338_15793	36	species	Escherichia coli	2	2	1	0.990	d_Bacteria;p_Proteobacteria;c_Gammaproteobacteria;o_Enterobacterales;f_Enterobacteriaceae;g_Escherichia;s_Escherichia coli
E338	E338_20428	36	species	Escherichia coli	1	1	1	1.000	d_Bacteria;p_Proteobacteria;c_Gammaproteobacteria;o_Enterobacterales;f_Enterobacteriaceae;g_Escherichia;s_Escherichia coli
E338	E338_22669	36	species	Escherichia coli	2	2	1	0.940	d_Bacteria;p_Proteobacteria;c_Gammaproteobacteria;o_Enterobacterales;f_Enterobacteriaceae;g_Escherichia;s_Escherichia coli
E338	E338_22701	36	species	Escherichia coli	2	2	1	0.500	d_Bacteria;p_Proteobacteria;c_Gammaproteobacteria;o_Enterobacterales;f_Enterobacteriaceae;g_Escherichia;s_Escherichia coli
E338	E338_26221	36	species	Escherichia coli	2	2	2	1.000	d_Bacteria;p_Proteobacteria;c_Gammaproteobacteria;o_Enterobacterales;f_Enterobacteriaceae;g_Escherichia;s_Escherichia coli
E338	E338_4347	36	species	Escherichia coli	6	5	3	0.530	d_Bacteria;p_Proteobacteria;c_Gammaproteobacteria;o_Enterobacterales;f_Enterobacteriaceae;g_Escherichia;s_Escherichia coli
E338	E338_21141	36	species	Escherichia coli	1	1	1	1.000	d_Bacteria;p_Proteobacteria;c_Gammaproteobacteria;o_Enterobacterales;f_Enterobacteriaceae;g_Escherichia;s_Escherichia coli
E338	E338_14388	36	species	Escherichia coli	3	2	1	0.920	d_Bacteria;p_Proteobacteria;c_Gammaproteobacteria;o_Enterobacterales;f_Enterobacteriaceae;g_Escherichia;s_Escherichia coli
E338	E338_11473	36	species	Escherichia coli	2	2	1	0.500	d_Bacteria;p_Proteobacteria;c_Gammaproteobacteria;o_Enterobacterales;f_Enterobacteriaceae;g_Escherichia;s_Escherichia coli
E338	E338_11921	36	species	Escherichia coli	3	3	1	0.980	d_Bacteria;p_Proteobacteria;c_Gammaproteobacteria;o_Enterobacterales;f_Enterobacteriaceae;g_Escherichia;s_Escherichia coli
E338	E338_12433	18	species	Klebsiella pneumoniae	2	2	2	1.000	d_Bacteria;p_Proteobacteria;c_Gammaproteobacteria;o_Enterobacterales;f_Enterobacteriaceae;g_Klebsiella;s_Klebsiella pneumoniae
E338	E338_25857	36	species	Escherichia coli	1	1	1	1.000	d_Bacteria;p_Proteobacteria;c_Gammaproteobacteria;o_Enterobacterales;f_Enterobacteriaceae;g_Escherichia;s_Escherichia coli
E338	E338_11899	36	species	Escherichia coli	2	2	1	0.500	d_Bacteria;p_Proteobacteria;c_Gammaproteobacteria;o_Enterobacterales;f_Enterobacteriaceae;g_Escherichia;s_Escherichia coli
E338	E338_2653	36	species	Escherichia coli	3	3	2	0.510	d_Bacteria;p_Proteobacteria;c_Gammaproteobacteria;o_Enterobacterales;f_Enterobacteriaceae;g_Escherichia;s_Escherichia coli
E338	E338_5723	36	species	Escherichia coli	3	3	2	0.670	d_Bacteria;p_Proteobacteria;c_Gammaproteobacteria;o_Enterobacterales;f_Enterobacteriaceae;g_Escherichia;s_Escherichia coli
E338	E338_21970	36	species	Escherichia coli	2	1	1	1.000	d_Bacteria;p_Proteobacteria;c_Gammaproteobacteria;o_Enterobacterales;f_Enterobacteriaceae;g_Escherichia;s_Escherichia coli
E338	E338_22866	36	species	Escherichia coli	1	1	1	1.000	d_Bacteria;p_Proteobacteria;c_Gammaproteobacteria;o_Enterobacterales;f_Enterobacteriaceae;g_Escherichia;s_Escherichia coli
E338	E338_23602	36	species	Escherichia coli	2	2	1	0.500	d_Bacteria;p_Proteobacteria;c_Gammaproteobacteria;o_Enterobacterales;f_Enterobacteriaceae;g_Escherichia;s_Escherichia coli
E338	E338_20435	36	species	Escherichia coli	2	2	1	0.500	d_Bacteria;p_Proteobacteria;c_Gammaproteobacteria;o_Enterobacterales;f_Enterobacteriaceae;g_Escherichia;s_Escherichia coli
E338	E338_27119	36	species	Escherichia coli	2	2	1	0.930	d_Bacteria;p_Proteobacteria;c_Gammaproteobacteria;o_Enterobacterales;f_Enterobacteriaceae;g_Escherichia;s_Escherichia coli
E338	E338_16898	36	species	Escherichia coli	2	2	2	1.000	d_Bacteria;p_Proteobacteria;c_Gammaproteobacteria;o_Enterobacterales;f_Enterobacteriaceae;g_Escherichia;s_Escherichia coli
E338	E338_26958	36	species	Escherichia coli	3	3	1	0.960	d_Bacteria;p_Proteobacteria;c_Gammaproteobacteria;o_Enterobacterales;f_Enterobacteriaceae;g_Escherichia;s_Escherichia coli
E338	E338_27150	36	species	Escherichia coli	1	1	1	1.000	d_Bacteria;p_Proteobacteria;c_Gammaproteobacteria;o_Enterobacterales;f_Enterobacteriaceae;g_Escherichia;s_Escherichia coli
E338	E338_15673	36	species	Escherichia coli	3	3	2	0.670	d_Bacteria;p_Proteobacteria;c_Gammaproteobacteria;o_Enterobacterales;f_Enterobacteriaceae;g_Escherichia;s_Escherichia coli
E338	E338_1664	36	species	Escherichia coli	12	11	7	0.770	d_Bacteria;p_Proteobacteria;c_Gammaproteobacteria;o_Enterobacterales;f_Enterobacteriaceae;g_Escherichia;s_Escherichia coli
E338	E338_10120	36	species	Escherichia coli	3	2	1	0.500	d_Bacteria;p_Proteobacteria;c_Gammaproteobacteria;o_Enterobacterales;f_Enterobacteriaceae;g_Escherichia;s_Escherichia coli
E338	E338_11560	36	species	Escherichia coli	2	2	2	1.000	d_Bacteria;p_Proteobacteria;c_Gammaproteobacteria;o_Enterobacterales;f_Enterobacteriaceae;g_Escherichia;s_Escherichia coli
E338	E338_12936	36	species	Escherichia coli	3	2	1	0.940	d_Bacteria;p_Proteobacteria;c_Gammaproteobacteria;o_Enterobacterales;f_Enterobacteriaceae;g_Escherichia;s_Escherichia coli
E338	E338_17736	18	species	Klebsiella pneumoniae	1	1	1	1.000	d_Bacteria;p_Proteobacteria;c_Gammaproteobacteria;o_Enterobacterales;f_Enterobacteriaceae;g_Klebsiella;s_Klebsiella pneumoniae
E338	E338_21928	36	species	Escherichia coli	5	5	1	0.820	d_Bacteria;p_Proteobacteria;c_Gammaproteobacteria;o_Enterobacterales;f_Enterobacteriaceae;g_Escherichia;s_Escherichia coli
E338	E338_19067	36	species	Escherichia coli	3	2	1	0.910	d_Bacteria;p_Proteobacteria;c_Gammaproteobacteria;o_Enterobacterales;f_Enterobacteriaceae;g_Escherichia;s_Escherichia coli
E338	E338_23229	36	species	Escherichia coli	2	2	1	0.500	d_Bacteria;p_Proteobacteria;c_Gammaproteobacteria;o_Enterobacterales;f_Enterobacteriaceae;g_Escherichia;s_Escherichia coli
E338	E338_23549	36	species	Escherichia coli	3	3	2	0.990	d_Bacteria;p_Proteobacteria;c_Gammaproteobacteria;o_Enterobacterales;f_Enterobacteriaceae;g_Escherichia;s_Escherichia coli
E338	E338_11892	36	species	Escherichia coli	11	10	1	0.790	d_Bacteria;p_Proteobacteria;c_Gammaproteobacteria;o_Enterobacterales;f_Enterobacteriaceae;g_Escherichia;s_Escherichia coli
E338	E338_15229	36	species	Escherichia coli	3	2	1	0.500	d_Bacteria;p_Proteobacteria;c_Gammaproteobacteria;o_Enterobacterales;f_Enterobacteriaceae;g_Escherichia;s_Escherichia coli
E338	E338_18109	36	species	Escherichia coli	5	3	2	0.910	d_Bacteria;p_Proteobacteria;c_Gammaproteobacteria;o_Enterobacterales;f_Enterobacteriaceae;g_Escherichia;s_Escherichia coli
E338	E338_20253	36	species	Escherichia coli	2	2	1	0.960	d_Bacteria;p_Proteobacteria;c_Gammaproteobacteria;o_Enterobacterales;f_Enterobacteriaceae;g_Escherichia;s_Escherichia coli
E338	E338_19831	36	species	Escherichia coli	2	1	1	1.000	d_Bacteria;p_Proteobacteria;c_Gammaproteobacteria;o_Enterobacterales;f_Enterobacteriaceae;g_Escherichia;s_Escherichia coli
E338	E338_19305	36	species	Escherichia coli	1	1	1	1.000	d_Bacteria;p_Proteobacteria;c_Gammaproteobacteria;o_Enterobacterales;f_Enterobacteriaceae;g_Escherichia;s_Escherichia coli
E338	E338_20841	2301	species	Enterobacter cloacae I	5	4	2	0.940	d_Bacteria;p_Proteobacteria;c_Gammaproteobacteria;o_Enterobacterales;f_Enterobacteriaceae;g_Enterobacter;s_Enterobacter cloacae I
E338	E338_1114	36	species	Escherichia coli	12	11	4	0.650	d_Bacteria;p_Proteobacteria;c_Gammaproteobacteria;o_Enterobacterales;f_Enterobacteriaceae;g_Escherichia;s_Escherichia coli
E338	E338_806	36	species	Escherichia coli	15	15	6	0.580	d_Bacteria;p_Proteobacteria;c_Gammaproteobacteria;o_Enterobacterales;f_Enterobacteriaceae;g_Escherichia;s_Escherichia coli
E338	E338_1286	36	species	Escherichia coli	12	12	7	0.700	d_Bacteria;p_Proteobacteria;c_Gammaproteobacteria;o_Enterobacterales;f_Enterobacteriaceae;g_Escherichia;s_Escherichia coli
E338	E338_5734	36	species	Escherichia coli	3	3	2	0.670	d_Bacteria;p_Proteobacteria;c_Gammaproteobacteria;o_Enterobacterales;f_Enterobacteriaceae;g_Escherichia;s_Escherichia coli
E338	E338_3613	36	species	Escherichia coli	6	6	3	0.600	d_Bacteria;p_Proteobacteria;c_Gammaproteobacteria;o_Enterobacterales;f_Enterobacteriaceae;g_Escherichia;s_Escherichia coli
E338	E338_6237	36	species	Escherichia coli	3	3	2	0.670	d_Bacteria;p_Proteobacteria;c_Gammaproteobacteria;o_Enterobacterales;f_Enterobacteriaceae;g_Escherichia;s_Escherichia coli
E338	E338_11653	36	species	Escherichia coli	2	2	2	1.000	d_Bacteria;p_Proteobacteria;c_Gammaproteobacteria;o_Enterobacterales;f_Enterobacteriaceae;g_Escherichia;s_Escherichia coli
E338	E338_8774	36	species	Escherichia coli	3	3	2	0.670	d_Bacteria;p_Proteobacteria;c_Gammaproteobacteria;o_Enterobacterales;f_Enterobacteriaceae;g_Escherichia;s_Escherichia coli
E338	E338_10054	36	species	Escherichia coli	3	2	1	0.500	d_Bacteria;p_Proteobacteria;c_Gammaproteobacteria;o_Enterobacterales;f_Enterobacteriaceae;g_Escherichia;s_Escherichia coli
E338	E338_10982	36	species	Escherichia coli	3	2	2	1.000	d_Bacteria;p_Proteobacteria;c_Gammaproteobacteria;o_Enterobacterales;f_Enterobacteriaceae;g_Escherichia;s_Escherichia coli
E341	E341_7958	55282	species	Enterobacter sp013927005	2	1	1	1.000	d_Bacteria;p_Proteobacteria;c_Gammaproteobacteria;o_Enterobacterales;f_Enterobacteriaceae;g_Enterobacter;s_Enterobacter sp013927005
E341	E341_4297	2301	species	Enterobacter cloacae I	2	2	1	0.920	d_Bacteria;p_Proteobacteria;c_Gammaproteobacteria;o_Enterobacterales;f_Enterobacteriaceae;g_Enterobacter;s_Enterobacter cloacae I
E344	E344_21568	13229	species	Enterobacter cloacae O	2	2	1	0.500	d_Bacteria;p_Proteobacteria;c_Gammaproteobacteria;o_Enterobacterales;f_Enterobacteriaceae;g_Enterobacter;s_Enterobacter cloacae O
E344	E344_13683	2301	species	Enterobacter cloacae I	1	1	1	1.000	d_Bacteria;p_Proteobacteria;c_Gammaproteobacteria;o_Enterobacterales;f_Enterobacteriaceae;g_Enterobacter;s_Enterobacter cloacae I
E344	E344_12489	35	species	Acinetobacter baumannii	1	1	1	1.000	d_Bacteria;p_Proteobacteria;c_Gammaproteobacteria;o_Pseudomonadales;f_Moraxellaceae;g_Acinetobacter;s_Acinetobacter baumannii
E346	E346_15439	287	species	Enterobacter cloacae	1	1	1	1.000	d_Bacteria;p_Proteobacteria;c_Gammaproteobacteria;o_Enterobacterales;f_Enterobacteriaceae;g_Enterobacter;s_Enterobacter cloacae
E350	E350_18005	35	species	Acinetobacter baumannii	1	1	1	1.000	d_Bacteria;p_Proteobacteria;c_Gammaproteobacteria;o_Pseudomonadales;f_Moraxellaceae;g_Acinetobacter;s_Acinetobacter baumannii
E350	E350_25600	35	species	Acinetobacter baumannii	1	1	1	1.000	d_Bacteria;p_Proteobacteria;c_Gammaproteobacteria;o_Pseudomonadales;f_Moraxellaceae;g_Acinetobacter;s_Acinetobacter baumannii
E350	E350_25012	13229	species	Enterobacter cloacae O	2	2	1	0.500	d_Bacteria;p_Proteobacteria;c_Gammaproteobacteria;o_Enterobacterales;f_Enterobacteriaceae;g_Enterobacter;s_Enterobacter cloacae O
E350	E350_22102	2301	species	Enterobacter cloacae I	1	1	1	1.000	d_Bacteria;p_Proteobacteria;c_Gammaproteobacteria;o_Enterobacterales;f_Enterobacteriaceae;g_Enterobacter;s_Enterobacter cloacae I
E350	E350_20870	35	species	Acinetobacter baumannii	2	2	1	0.930	d_Bacteria;p_Proteobacteria;c_Gammaproteobacteria;o_Pseudomonadales;f_Moraxellaceae;g_Acinetobacter;s_Acinetobacter baumannii
E350	E350_5326	35	species	Acinetobacter baumannii	4	4	3	0.750	d_Bacteria;p_Proteobacteria;c_Gammaproteobacteria;o_Pseudomonadales;f_Moraxellaceae;g_Acinetobacter;s_Acinetobacter baumannii
E350	E350_12724	2301	species	Enterobacter cloacae I	2	2	1	0.500	d_Bacteria;p_Proteobacteria;c_Gammaproteobacteria;o_Enterobacterales;f_Enterobacteriaceae;g_Enterobacter;s_Enterobacter cloacae I
E353	E353_8679	35	species	Acinetobacter baumannii	1	1	1	1.000	d_Bacteria;p_Proteobacteria;c_Gammaproteobacteria;o_Pseudomonadales;f_Moraxellaceae;g_Acinetobacter;s_Acinetobacter baumannii
E353	E353_1953	2301	species	Enterobacter cloacae I	1	1	1	1.000	d_Bacteria;p_Proteobacteria;c_Gammaproteobacteria;o_Enterobacterales;f_Enterobacteriaceae;g_Enterobacter;s_Enterobacter cloacae I
E353	E353_7729	2301	species	Enterobacter cloacae I	2	2	1	0.950	d_Bacteria;p_Proteobacteria;c_Gammaproteobacteria;o_Enterobacterales;f_Enterobacteriaceae;g_Enterobacter;s_Enterobacter cloacae I
E356	E356_11568	36	species	Escherichia coli	2	2	1	0.500	d_Bacteria;p_Proteobacteria;c_Gammaproteobacteria;o_Enterobacterales;f_Enterobacteriaceae;g_Escherichia;s_Escherichia coli
E356	E356_11888	36	species	Escherichia coli	1	1	1	1.000	d_Bacteria;p_Proteobacteria;c_Gammaproteobacteria;o_Enterobacterales;f_Enterobacteriaceae;g_Escherichia;s_Escherichia coli
E356	E356_14064	36	species	Escherichia coli	2	2	1	0.500	d_Bacteria;p_Proteobacteria;c_Gammaproteobacteria;o_Enterobacterales;f_Enterobacteriaceae;g_Escherichia;s_Escherichia coli
E356	E356_14384	36	species	Escherichia coli	3	3	2	0.500	d_Bacteria;p_Proteobacteria;c_Gammaproteobacteria;o_Enterobacterales;f_Enterobacteriaceae;g_Escherichia;s_Escherichia coli
E356	E356_19344	36	species	Escherichia coli	3	3	1	0.970	d_Bacteria;p_Proteobacteria;c_Gammaproteobacteria;o_Enterobacterales;f_Enterobacteriaceae;g_Escherichia;s_Escherichia coli
E356	E356_14785	36	species	Escherichia coli	2	2	1	0.500	d_Bacteria;p_Proteobacteria;c_Gammaproteobacteria;o_Enterobacterales;f_Enterobacteriaceae;g_Escherichia;s_Escherichia coli
E356	E356_10818	36	species	Escherichia coli	2	2	1	0.500	d_Bacteria;p_Proteobacteria;c_Gammaproteobacteria;o_Enterobacterales;f_Enterobacteriaceae;g_Escherichia;s_Escherichia coli
E356	E356_15714	36	species	Escherichia coli	1	1	1	1.000	d_Bacteria;p_Proteobacteria;c_Gammaproteobacteria;o_Enterobacterales;f_Enterobacteriaceae;g_Escherichia;s_Escherichia coli
E356	E356_3043	36	species	Escherichia coli	5	2	1	0.980	d_Bacteria;p_Proteobacteria;c_Gammaproteobacteria;o_Enterobacterales;f_Enterobacteriaceae;g_Escherichia;s_Escherichia coli
E356	E356_17503	36	species	Escherichia coli	1	1	1	1.000	d_Bacteria;p_Proteobacteria;c_Gammaproteobacteria;o_Enterobacterales;f_Enterobacteriaceae;g_Escherichia;s_Escherichia coli
E356	E356_15022	36	species	Escherichia coli	2	1	1	1.000	d_Bacteria;p_Proteobacteria;c_Gammaproteobacteria;o_Enterobacterales;f_Enterobacteriaceae;g_Escherichia;s_Escherichia coli
E356	E356_19246	36	species	Escherichia coli	2	2	1	0.500	d_Bacteria;p_Proteobacteria;c_Gammaproteobacteria;o_Enterobacterales;f_Enterobacteriaceae;g_Escherichia;s_Escherichia coli
E356	E356_20399	36	species	Escherichia coli	1	1	1	1.000	d_Bacteria;p_Proteobacteria;c_Gammaproteobacteria;o_Enterobacterales;f_Enterobacteriaceae;g_Escherichia;s_Escherichia coli
E356	E356_5846	36	species	Escherichia coli	2	2	1	0.500	d_Bacteria;p_Proteobacteria;c_Gammaproteobacteria;o_Enterobacterales;f_Enterobacteriaceae;g_Escherichia;s_Escherichia coli
E356	E356_9462	36	species	Escherichia coli	5	4	2	0.660	d_Bacteria;p_Proteobacteria;c_Gammaproteobacteria;o_Enterobacterales;f_Enterobacteriaceae;g_Escherichia;s_Escherichia coli
E356	E356_12118	36	species	Escherichia coli	2	2	1	0.500	d_Bacteria;p_Proteobacteria;c_Gammaproteobacteria;o_Enterobacterales;f_Enterobacteriaceae;g_Escherichia;s_Escherichia coli
E356	E356_3945	36	species	Escherichia coli	4	4	3	0.750	d_Bacteria;p_Proteobacteria;c_Gammaproteobacteria;o_Enterobacterales;f_Enterobacteriaceae;g_Escherichia;s_Escherichia coli
E356	E356_7281	36	species	Escherichia coli	4	3	1	0.910	d_Bacteria;p_Proteobacteria;c_Gammaproteobacteria;o_Enterobacterales;f_Enterobacteriaceae;g_Escherichia;s_Escherichia coli
E356	E356_18082	36	species	Escherichia coli	2	2	1	0.950	d_Bacteria;p_Proteobacteria;c_Gammaproteobacteria;o_Enterobacterales;f_Enterobacteriaceae;g_Escherichia;s_Escherichia coli
E356	E356_9120	36	species	Escherichia coli	4	3	2	0.510	d_Bacteria;p_Proteobacteria;c_Gammaproteobacteria;o_Enterobacterales;f_Enterobacteriaceae;g_Escherichia;s_Escherichia coli
E356	E356_13733	36	species	Escherichia coli	1	1	1	1.000	d_Bacteria;p_Proteobacteria;c_Gammaproteobacteria;o_Enterobacterales;f_Enterobacteriaceae;g_Escherichia;s_Escherichia coli
E356	E356_9126	36	species	Escherichia coli	3	3	1	0.940	d_Bacteria;p_Proteobacteria;c_Gammaproteobacteria;o_Enterobacterales;f_Enterobacteriaceae;g_Escherichia;s_Escherichia coli
E356	E356_9222	36	species	Escherichia coli	3	3	1	0.870	d_Bacteria;p_Proteobacteria;c_Gammaproteobacteria;o_Enterobacterales;f_Enterobacteriaceae;g_Escherichia;s_Escherichia coli
E356	E356_19979	36	species	Escherichia coli	2	2	2	1.000	d_Bacteria;p_Proteobacteria;c_Gammaproteobacteria;o_Enterobacterales;f_Enterobacteriaceae;g_Escherichia;s_Escherichia coli
E356	E356_6668	36	species	Escherichia coli	4	4	2	0.500	d_Bacteria;p_Proteobacteria;c_Gammaproteobacteria;o_Enterobacterales;f_Enterobacteriaceae;g_Escherichia;s_Escherichia coli
E356	E356_7852	36	species	Escherichia coli	3	3	1	0.930	d_Bacteria;p_Proteobacteria;c_Gammaproteobacteria;o_Enterobacterales;f_Enterobacteriaceae;g_Escherichia;s_Escherichia coli
E356	E356_15008	36	species	Escherichia coli	2	2	2	1.000	d_Bacteria;p_Proteobacteria;c_Gammaproteobacteria;o_Enterobacterales;f_Enterobacteriaceae;g_Escherichia;s_Escherichia coli
E356	E356_10058	36	species	Escherichia coli	2	2	2	1.000	d_Bacteria;p_Proteobacteria;c_Gammaproteobacteria;o_Enterobacterales;f_Enterobacteriaceae;g_Escherichia;s_Escherichia coli
E356	E356_20436	36	species	Escherichia coli	2	2	1	0.500	d_Bacteria;p_Proteobacteria;c_Gammaproteobacteria;o_Enterobacterales;f_Enterobacteriaceae;g_Escherichia;s_Escherichia coli
E356	E356_6421	36	species	Escherichia coli	4	4	2	0.650	d_Bacteria;p_Proteobacteria;c_Gammaproteobacteria;o_Enterobacterales;f_Enterobacteriaceae;g_Escherichia;s_Escherichia coli
E356	E356_11767	36	species	Escherichia coli	4	4	3	0.670	d_Bacteria;p_Proteobacteria;c_Gammaproteobacteria;o_Enterobacterales;f_Enterobacteriaceae;g_Escherichia;s_Escherichia coli
E356	E356_20680	36	species	Escherichia coli	1	1	1	1.000	d_Bacteria;p_Proteobacteria;c_Gammaproteobacteria;o_Enterobacterales;f_Enterobacteriaceae;g_Escherichia;s_Escherichia coli
E356	E356_12064	36	species	Escherichia coli	3	3	1	0.910	d_Bacteria;p_Proteobacteria;c_Gammaproteobacteria;o_Enterobacterales;f_Enterobacteriaceae;g_Escherichia;s_Escherichia coli
E356	E356_8664	36	species	Escherichia coli	3	2	2	1.000	d_Bacteria;p_Proteobacteria;c_Gammaproteobacteria;o_Enterobacterales;f_Enterobacteriaceae;g_Escherichia;s_Escherichia coli
E356	E356_19714	36	species	Escherichia coli	2	2	1	0.500	d_Bacteria;p_Proteobacteria;c_Gammaproteobacteria;o_Enterobacterales;f_Enterobacteriaceae;g_Escherichia;s_Escherichia coli
E356	E356_4782	36	species	Escherichia coli	4	2	1	0.500	d_Bacteria;p_Proteobacteria;c_Gammaproteobacteria;o_Enterobacterales;f_Enterobacteriaceae;g_Escherichia;s_Escherichia coli
E356	E356_9134	36	species	Escherichia coli	3	2	1	0.960	d_Bacteria;p_Proteobacteria;c_Gammaproteobacteria;o_Enterobacterales;f_Enterobacteriaceae;g_Escherichia;s_Escherichia coli
E356	E356_9966	1903	species	Enterobacter hormaechei	5	3	2	0.920	d_Bacteria;p_Proteobacteria;c_Gammaproteobacteria;o_Enterobacterales;f_Enterobacteriaceae;g_Enterobacter;s_Enterobacter hormaechei
E356	E356_12046	36	species	Escherichia coli	2	2	1	0.500	d_Bacteria;p_Proteobacteria;c_Gammaproteobacteria;o_Enterobacterales;f_Enterobacteriaceae;g_Escherichia;s_Escherichia coli
E356	E356_15797	36	species	Escherichia coli	1	1	1	1.000	d_Bacteria;p_Proteobacteria;c_Gammaproteobacteria;o_Enterobacterales;f_Enterobacteriaceae;g_Escherichia;s_Escherichia coli
E356	E356_16213	36	species	Escherichia coli	2	2	1	0.500	d_Bacteria;p_Proteobacteria;c_Gammaproteobacteria;o_Enterobacterales;f_Enterobacteriaceae;g_Escherichia;s_Escherichia coli
E356	E356_16789	36	species	Escherichia coli	2	2	1	0.940	d_Bacteria;p_Proteobacteria;c_Gammaproteobacteria;o_Enterobacterales;f_Enterobacteriaceae;g_Escherichia;s_Escherichia coli
E356	E356_17269	36	species	Escherichia coli	1	1	1	1.000	d_Bacteria;p_Proteobacteria;c_Gammaproteobacteria;o_Enterobacterales;f_Enterobacteriaceae;g_Escherichia;s_Escherichia coli
E356	E356_19061	36	species	Escherichia coli	1	1	1	1.000	d_Bacteria;p_Proteobacteria;c_Gammaproteobacteria;o_Enterobacterales;f_Enterobacteriaceae;g_Escherichia;s_Escherichia coli
E356	E356_19157	36	species	Escherichia coli	1	1	1	1.000	d_Bacteria;p_Proteobacteria;c_Gammaproteobacteria;o_Enterobacterales;f_Enterobacteriaceae;g_Escherichia;s_Escherichia coli
E356	E356_2652	36	species	Escherichia coli	4	4	2	0.650	d_Bacteria;p_Proteobacteria;c_Gammaproteobacteria;o_Enterobacterales;f_Enterobacteriaceae;g_Escherichia;s_Escherichia coli
E356	E356_15388	36	species	Escherichia coli	1	1	1	1.000	d_Bacteria;p_Proteobacteria;c_Gammaproteobacteria;o_Enterobacterales;f_Enterobacteriaceae;g_Escherichia;s_Escherichia coli
E356	E356_15836	36	species	Escherichia coli	2	2	1	0.920	d_Bacteria;p_Proteobacteria;c_Gammaproteobacteria;o_Enterobacterales;f_Enterobacteriaceae;g_Escherichia;s_Escherichia coli
E356	E356_16732	36	species	Escherichia coli	2	2	1	0.920	d_Bacteria;p_Proteobacteria;c_Gammaproteobacteria;o_Enterobacterales;f_Enterobacteriaceae;g_Escherichia;s_Escherichia coli
E356	E356_6726	36	species	Escherichia coli	3	3	2	0.670	d_Bacteria;p_Proteobacteria;c_Gammaproteobacteria;o_Enterobacterales;f_Enterobacteriaceae;g_Escherichia;s_Escherichia coli
E356	E356_8217	36	species	Escherichia coli	4	3	1	0.940	d_Bacteria;p_Proteobacteria;c_Gammaproteobacteria;o_Enterobacterales;f_Enterobacteriaceae;g_Escherichia;s_Escherichia coli
E356	E356_20313	36	species	Escherichia coli	2	2	1	0.910	d_Bacteria;p_Proteobacteria;c_Gammaproteobacteria;o_Enterobacterales;f_Enterobacteriaceae;g_Escherichia;s_Escherichia coli
E356	E356_7063	36	species	Escherichia coli	4	4	2	0.930	d_Bacteria;p_Proteobacteria;c_Gammaproteobacteria;o_Enterobacterales;f_Enterobacteriaceae;g_Escherichia;s_Escherichia coli
E356	E356_16710	36	species	Escherichia coli	2	2	1	0.960	d_Bacteria;p_Proteobacteria;c_Gammaproteobacteria;o_Enterobacterales;f_Enterobacteriaceae;g_Escherichia;s_Escherichia coli
E356	E356_16870	36	species	Escherichia coli	3	1	1	1.000	d_Bacteria;p_Proteobacteria;c_Gammaproteobacteria;o_Enterobacterales;f_Enterobacteriaceae;g_Escherichia;s_Escherichia coli
E356	E356_19398	36	species	Escherichia coli	2	2	1	0.500	d_Bacteria;p_Proteobacteria;c_Gammaproteobacteria;o_Enterobacterales;f_Enterobacteriaceae;g_Escherichia;s_Escherichia coli
E356	E356_8583	36	species	Escherichia coli	2	2	1	0.500	d_Bacteria;p_Proteobacteria;c_Gammaproteobacteria;o_Enterobacterales;f_Enterobacteriaceae;g_Escherichia;s_Escherichia coli
E356	E356_10151	36	species	Escherichia coli	2	2	2	1.000	d_Bacteria;p_Proteobacteria;c_Gammaproteobacteria;o_Enterobacterales;f_Enterobacteriaceae;g_Escherichia;s_Escherichia coli
E356	E356_1632	36	species	Escherichia coli	7	6	3	0.590	d_Bacteria;p_Proteobacteria;c_Gammaproteobacteria;o_Enterobacterales;f_Enterobacteriaceae;g_Escherichia;s_Escherichia coli
E356	E356_19066	36	species	Escherichia coli	1	1	1	1.000	d_Bacteria;p_Proteobacteria;c_Gammaproteobacteria;o_Enterobacterales;f_Enterobacteriaceae;g_Escherichia;s_Escherichia coli
E356	E356_19770	36	species	Escherichia coli	3	3	2	0.970	d_Bacteria;p_Proteobacteria;c_Gammaproteobacteria;o_Enterobacterales;f_Enterobacteriaceae;g_Escherichia;s_Escherichia coli
E356	E356_9563	36	species	Escherichia coli	2	2	1	0.500	d_Bacteria;p_Proteobacteria;c_Gammaproteobacteria;o_Enterobacterales;f_Enterobacteriaceae;g_Escherichia;s_Escherichia coli
E356	E356_12090	36	species	Escherichia coli	2	2	2	1.000	d_Bacteria;p_Proteobacteria;c_Gammaproteobacteria;o_Enterobacterales;f_Enterobacteriaceae;g_Escherichia;s_Escherichia coli
E356	E356_15386	36	species	Escherichia coli	3	3	2	0.670	d_Bacteria;p_Proteobacteria;c_Gammaproteobacteria;o_Enterobacterales;f_Enterobacteriaceae;g_Escherichia;s_Escherichia coli
E356	E356_13246	36	species	Escherichia coli	2	2	1	0.500	d_Bacteria;p_Proteobacteria;c_Gammaproteobacteria;o_Enterobacterales;f_Enterobacteriaceae;g_Escherichia;s_Escherichia coli
E356	E356_17470	36	species	Escherichia coli	2	2	1	0.500	d_Bacteria;p_Proteobacteria;c_Gammaproteobacteria;o_Enterobacterales;f_Enterobacteriaceae;g_Escherichia;s_Escherichia coli
E356	E356_12391	36	species	Escherichia coli	2	2	1	0.500	d_Bacteria;p_Proteobacteria;c_Gammaproteobacteria;o_Enterobacterales;f_Enterobacteriaceae;g_Escherichia;s_Escherichia coli
E356	E356_12583	36	species	Escherichia coli	3	3	1	0.890	d_Bacteria;p_Proteobacteria;c_Gammaproteobacteria;o_Enterobacterales;f_Enterobacteriaceae;g_Escherichia;s_Escherichia coli
E356	E356_15592	36	species	Escherichia coli	1	1	1	1.000	d_Bacteria;p_Proteobacteria;c_Gammaproteobacteria;o_Enterobacterales;f_Enterobacteriaceae;g_Escherichia;s_Escherichia coli
E356	E356_3147	36	species	Escherichia coli	6	5	3	0.750	d_Bacteria;p_Proteobacteria;c_Gammaproteobacteria;o_Enterobacterales;f_Enterobacteriaceae;g_Escherichia;s_Escherichia coli
E356	E356_4587	36	species	Escherichia coli	2	2	1	0.500	d_Bacteria;p_Proteobacteria;c_Gammaproteobacteria;o_Enterobacterales;f_Enterobacteriaceae;g_Escherichia;s_Escherichia coli
E356	E356_8203	36	species	Escherichia coli	2	2	1	0.500	d_Bacteria;p_Proteobacteria;c_Gammaproteobacteria;o_Enterobacterales;f_Enterobacteriaceae;g_Escherichia;s_Escherichia coli
E356	E356_17341	36	species	Escherichia coli	2	2	1	0.500	d_Bacteria;p_Proteobacteria;c_Gammaproteobacteria;o_Enterobacterales;f_Enterobacteriaceae;g_Escherichia;s_Escherichia coli
E356	E356_11593	36	species	Escherichia coli	2	1	1	1.000	d_Bacteria;p_Proteobacteria;c_Gammaproteobacteria;o_Enterobacterales;f_Enterobacteriaceae;g_Escherichia;s_Escherichia coli
E356	E356_14793	36	species	Escherichia coli	2	2	1	0.970	d_Bacteria;p_Proteobacteria;c_Gammaproteobacteria;o_Enterobacterales;f_Enterobacteriaceae;g_Escherichia;s_Escherichia coli
E356	E356_15721	36	species	Escherichia coli	1	1	1	1.000	d_Bacteria;p_Proteobacteria;c_Gammaproteobacteria;o_Enterobacterales;f_Enterobacteriaceae;g_Escherichia;s_Escherichia coli
E356	E356_11425	36	species	Escherichia coli	2	1	1	1.000	d_Bacteria;p_Proteobacteria;c_Gammaproteobacteria;o_Enterobacterales;f_Enterobacteriaceae;g_Escherichia;s_Escherichia coli
E356	E356_14678	36	species	Escherichia coli	2	2	1	0.950	d_Bacteria;p_Proteobacteria;c_Gammaproteobacteria;o_Enterobacterales;f_Enterobacteriaceae;g_Escherichia;s_Escherichia coli
E356	E356_11349	36	species	Escherichia coli	2	2	1	0.500	d_Bacteria;p_Proteobacteria;c_Gammaproteobacteria;o_Enterobacterales;f_Enterobacteriaceae;g_Escherichia;s_Escherichia coli
E356	E356_11967	36	species	Escherichia coli	2	2	1	0.500	d_Bacteria;p_Proteobacteria;c_Gammaproteobacteria;o_Enterobacterales;f_Enterobacteriaceae;g_Escherichia;s_Escherichia coli
E356	E356_17759	36	species	Escherichia coli	3	3	2	0.500	d_Bacteria;p_Proteobacteria;c_Gammaproteobacteria;o_Enterobacterales;f_Enterobacteriaceae;g_Escherichia;s_Escherichia coli
E356	E356_7944	36	species	Escherichia coli	4	3	1	0.910	d_Bacteria;p_Proteobacteria;c_Gammaproteobacteria;o_Enterobacterales;f_Enterobacteriaceae;g_Escherichia;s_Escherichia coli
E356	E356_14588	36	species	Escherichia coli	3	3	1	0.850	d_Bacteria;p_Proteobacteria;c_Gammaproteobacteria;o_Enterobacterales;f_Enterobacteriaceae;g_Escherichia;s_Escherichia coli
E356	E356_6194	36	species	Escherichia coli	3	3	2	0.670	d_Bacteria;p_Proteobacteria;c_Gammaproteobacteria;o_Enterobacterales;f_Enterobacteriaceae;g_Escherichia;s_Escherichia coli
E356	E356_14578	36	species	Escherichia coli	3	3	1	0.910	d_Bacteria;p_Proteobacteria;c_Gammaproteobacteria;o_Enterobacterales;f_Enterobacteriaceae;g_Escherichia;s_Escherichia coli
E356	E356_15378	36	species	Escherichia coli	3	3	2	0.970	d_Bacteria;p_Proteobacteria;c_Gammaproteobacteria;o_Enterobacterales;f_Enterobacteriaceae;g_Escherichia;s_Escherichia coli
E356	E356_19282	36	species	Escherichia coli	2	2	1	0.970	d_Bacteria;p_Proteobacteria;c_Gammaproteobacteria;o_Enterobacterales;f_Enterobacteriaceae;g_Escherichia;s_Escherichia coli
E356	E356_4723	36	species	Escherichia coli	4	4	2	0.650	d_Bacteria;p_Proteobacteria;c_Gammaproteobacteria;o_Enterobacterales;f_Enterobacteriaceae;g_Escherichia;s_Escherichia coli
E356	E356_6355	36	species	Escherichia coli	3	3	2	0.670	d_Bacteria;p_Proteobacteria;c_Gammaproteobacteria;o_Enterobacterales;f_Enterobacteriaceae;g_Escherichia;s_Escherichia coli
E356	E356_7230	36	species	Escherichia coli	3	2	1	0.500	d_Bacteria;p_Proteobacteria;c_Gammaproteobacteria;o_Enterobacterales;f_Enterobacteriaceae;g_Escherichia;s_Escherichia coli
E356	E356_13484	36	species	Escherichia coli	2	2	1	0.990	d_Bacteria;p_Proteobacteria;c_Gammaproteobacteria;o_Enterobacterales;f_Enterobacteriaceae;g_Escherichia;s_Escherichia coli
E356	E356_14540	36	species	Escherichia coli	2	2	1	0.500	d_Bacteria;p_Proteobacteria;c_Gammaproteobacteria;o_Enterobacterales;f_Enterobacteriaceae;g_Escherichia;s_Escherichia coli
E356	E356_15788	36	species	Escherichia coli	9	9	1	0.780	d_Bacteria;p_Proteobacteria;c_Gammaproteobacteria;o_Enterobacterales;f_Enterobacteriaceae;g_Escherichia;s_Escherichia coli
E356	E356_18060	36	species	Escherichia coli	3	3	2	0.950	d_Bacteria;p_Proteobacteria;c_Gammaproteobacteria;o_Enterobacterales;f_Enterobacteriaceae;g_Escherichia;s_Escherichia coli
E356	E356_20180	36	species	Escherichia coli	2	1	1	1.000	d_Bacteria;p_Proteobacteria;c_Gammaproteobacteria;o_Enterobacterales;f_Enterobacteriaceae;g_Escherichia;s_Escherichia coli
E356	E356_14725	36	species	Escherichia coli	3	3	2	0.980	d_Bacteria;p_Proteobacteria;c_Gammaproteobacteria;o_Enterobacterales;f_Enterobacteriaceae;g_Escherichia;s_Escherichia coli
E356	E356_15237	36	species	Escherichia coli	1	1	1	1.000	d_Bacteria;p_Proteobacteria;c_Gammaproteobacteria;o_Enterobacterales;f_Enterobacteriaceae;g_Escherichia;s_Escherichia coli
E356	E356_18309	36	species	Escherichia coli	2	2	1	0.500	d_Bacteria;p_Proteobacteria;c_Gammaproteobacteria;o_Enterobacterales;f_Enterobacteriaceae;g_Escherichia;s_Escherichia coli
E356	E356_6430	36	species	Escherichia coli	2	2	1	0.500	d_Bacteria;p_Proteobacteria;c_Gammaproteobacteria;o_Enterobacterales;f_Enterobacteriaceae;g_Escherichia;s_Escherichia coli
E356	E356_10526	36	species	Escherichia coli	4	3	1	0.940	d_Bacteria;p_Proteobacteria;c_Gammaproteobacteria;o_Enterobacterales;f_Enterobacteriaceae;g_Escherichia;s_Escherichia coli
E356	E356_14111	36	species	Escherichia coli	2	2	1	0.500	d_Bacteria;p_Proteobacteria;c_Gammaproteobacteria;o_Enterobacterales;f_Enterobacteriaceae;g_Escherichia;s_Escherichia coli
E356	E356_5562	36	species	Escherichia coli	3	3	2	0.670	d_Bacteria;p_Proteobacteria;c_Gammaproteobacteria;o_Enterobacterales;f_Enterobacteriaceae;g_Escherichia;s_Escherichia coli
E356	E356_10149	36	species	Escherichia coli	1	1	1	1.000	d_Bacteria;p_Proteobacteria;c_Gammaproteobacteria;o_Enterobacterales;f_Enterobacteriaceae;g_Escherichia;s_Escherichia coli
E356	E356_9923	36	species	Escherichia coli	3	3	1	0.900	d_Bacteria;p_Proteobacteria;c_Gammaproteobacteria;o_Enterobacterales;f_Enterobacteriaceae;g_Escherichia;s_Escherichia coli
E356	E356_11811	36	species	Escherichia coli	2	2	1	0.500	d_Bacteria;p_Proteobacteria;c_Gammaproteobacteria;o_Enterobacterales;f_Enterobacteriaceae;g_Escherichia;s_Escherichia coli
E356	E356_16340	36	species	Escherichia coli	2	2	1	0.500	d_Bacteria;p_Proteobacteria;c_Gammaproteobacteria;o_Enterobacterales;f_Enterobacteriaceae;g_Escherichia;s_Escherichia coli
E356	E356_16500	36	species	Escherichia coli	2	2	1	0.930	d_Bacteria;p_Proteobacteria;c_Gammaproteobacteria;o_Enterobacterales;f_Enterobacteriaceae;g_Escherichia;s_Escherichia coli
E356	E356_18452	36	species	Escherichia coli	1	1	1	1.000	d_Bacteria;p_Proteobacteria;c_Gammaproteobacteria;o_Enterobacterales;f_Enterobacteriaceae;g_Escherichia;s_Escherichia coli
E356	E356_14619	36	species	Escherichia coli	2	2	1	0.500	d_Bacteria;p_Proteobacteria;c_Gammaproteobacteria;o_Enterobacterales;f_Enterobacteriaceae;g_Escherichia;s_Escherichia coli
E356	E356_15931	36	species	Escherichia coli	2	2	1	0.500	d_Bacteria;p_Proteobacteria;c_Gammaproteobacteria;o_Enterobacterales;f_Enterobacteriaceae;g_Escherichia;s_Escherichia coli
E356	E356_14464	36	species	Escherichia coli	1	1	1	1.000	d_Bacteria;p_Proteobacteria;c_Gammaproteobacteria;o_Enterobacterales;f_Enterobacteriaceae;g_Escherichia;s_Escherichia coli
E356	E356_18530	36	species	Escherichia coli	1	1	1	1.000	d_Bacteria;p_Proteobacteria;c_Gammaproteobacteria;o_Enterobacterales;f_Enterobacteriaceae;g_Escherichia;s_Escherichia coli
E356	E356_18658	36	species	Escherichia coli	2	2	1	0.920	d_Bacteria;p_Proteobacteria;c_Gammaproteobacteria;o_Enterobacterales;f_Enterobacteriaceae;g_Escherichia;s_Escherichia coli
E356	E356_12811	36	species	Escherichia coli	3	3	2	0.670	d_Bacteria;p_Proteobacteria;c_Gammaproteobacteria;o_Enterobacterales;f_Enterobacteriaceae;g_Escherichia;s_Escherichia coli
E356	E356_14667	36	species	Escherichia coli	4	4	3	0.980	d_Bacteria;p_Proteobacteria;c_Gammaproteobacteria;o_Enterobacterales;f_Enterobacteriaceae;g_Escherichia;s_Escherichia coli
E361	E361_18603	36	species	Escherichia coli	2	2	1	0.960	d_Bacteria;p_Proteobacteria;c_Gammaproteobacteria;o_Enterobacterales;f_Enterobacteriaceae;g_Escherichia;s_Escherichia coli
E361	E361_17943	36	species	Escherichia coli	2	2	1	0.920	d_Bacteria;p_Proteobacteria;c_Gammaproteobacteria;o_Enterobacterales;f_Enterobacteriaceae;g_Escherichia;s_Escherichia coli
E361	E361_18231	13229	species	Enterobacter cloacae O	2	2	1	0.940	d_Bacteria;p_Proteobacteria;c_Gammaproteobacteria;o_Enterobacterales;f_Enterobacteriaceae;g_Enterobacter;s_Enterobacter cloacae O
E361	E361_18058	13229	species	Enterobacter cloacae O	2	2	1	0.500	d_Bacteria;p_Proteobacteria;c_Gammaproteobacteria;o_Enterobacterales;f_Enterobacteriaceae;g_Enterobacter;s_Enterobacter cloacae O
E361	E361_20030	27767	species	Enterobacter asburiae C	1	1	1	1.000	d_Bacteria;p_Proteobacteria;c_Gammaproteobacteria;o_Enterobacterales;f_Enterobacteriaceae;g_Enterobacter;s_Enterobacter asburiae C
E361	E361_16691	36	species	Escherichia coli	3	1	1	1.000	d_Bacteria;p_Proteobacteria;c_Gammaproteobacteria;o_Enterobacterales;f_Enterobacteriaceae;g_Escherichia;s_Escherichia coli
E361	E361_18630	2301	species	Enterobacter cloacae I	1	1	1	1.000	d_Bacteria;p_Proteobacteria;c_Gammaproteobacteria;o_Enterobacterales;f_Enterobacteriaceae;g_Enterobacter;s_Enterobacter cloacae I
E361	E361_20070	2301	species	Enterobacter cloacae I	1	1	1	1.000	d_Bacteria;p_Proteobacteria;c_Gammaproteobacteria;o_Enterobacterales;f_Enterobacteriaceae;g_Enterobacter;s_Enterobacter cloacae I
E361	E361_2720	35	species	Acinetobacter baumannii	4	3	3	1.000	d_Bacteria;p_Proteobacteria;c_Gammaproteobacteria;o_Pseudomonadales;f_Moraxellaceae;g_Acinetobacter;s_Acinetobacter baumannii
E361	E361_14193	36	species	Escherichia coli	1	1	1	1.000	d_Bacteria;p_Proteobacteria;c_Gammaproteobacteria;o_Enterobacterales;f_Enterobacteriaceae;g_Escherichia;s_Escherichia coli
E361	E361_20430	36	species	Escherichia coli	3	3	1	0.910	d_Bacteria;p_Proteobacteria;c_Gammaproteobacteria;o_Enterobacterales;f_Enterobacteriaceae;g_Escherichia;s_Escherichia coli
E362	E362_9359	7117	species	Enterobacter cloacae L	2	2	1	0.500	d_Bacteria;p_Proteobacteria;c_Gammaproteobacteria;o_Enterobacterales;f_Enterobacteriaceae;g_Enterobacter;s_Enterobacter cloacae L
E365	E365_23450	36	species	Escherichia coli	3	3	2	0.980	d_Bacteria;p_Proteobacteria;c_Gammaproteobacteria;o_Enterobacterales;f_Enterobacteriaceae;g_Escherichia;s_Escherichia coli
E365	E365_11744	36	species	Escherichia coli	3	2	1	0.500	d_Bacteria;p_Proteobacteria;c_Gammaproteobacteria;o_Enterobacterales;f_Enterobacteriaceae;g_Escherichia;s_Escherichia coli
E365	E365_13664	36	species	Escherichia coli	2	2	1	0.500	d_Bacteria;p_Proteobacteria;c_Gammaproteobacteria;o_Enterobacterales;f_Enterobacteriaceae;g_Escherichia;s_Escherichia coli
E365	E365_19936	36	species	Escherichia coli	2	1	1	1.000	d_Bacteria;p_Proteobacteria;c_Gammaproteobacteria;o_Enterobacterales;f_Enterobacteriaceae;g_Escherichia;s_Escherichia coli
E365	E365_17906	36	species	Escherichia coli	1	1	1	1.000	d_Bacteria;p_Proteobacteria;c_Gammaproteobacteria;o_Enterobacterales;f_Enterobacteriaceae;g_Escherichia;s_Escherichia coli
E365	E365_19506	36	species	Escherichia coli	2	2	1	0.500	d_Bacteria;p_Proteobacteria;c_Gammaproteobacteria;o_Enterobacterales;f_Enterobacteriaceae;g_Escherichia;s_Escherichia coli
E365	E365_27954	36	species	Escherichia coli	2	2	1	0.930	d_Bacteria;p_Proteobacteria;c_Gammaproteobacteria;o_Enterobacterales;f_Enterobacteriaceae;g_Escherichia;s_Escherichia coli
E365	E365_11419	2301	species	Enterobacter cloacae I	2	2	1	0.500	d_Bacteria;p_Proteobacteria;c_Gammaproteobacteria;o_Enterobacterales;f_Enterobacteriaceae;g_Enterobacter;s_Enterobacter cloacae I
E365	E365_19963	36	species	Escherichia coli	2	2	1	0.500	d_Bacteria;p_Proteobacteria;c_Gammaproteobacteria;o_Enterobacterales;f_Enterobacteriaceae;g_Escherichia;s_Escherichia coli
E365	E365_21098	36	species	Escherichia coli	2	2	2	1.000	d_Bacteria;p_Proteobacteria;c_Gammaproteobacteria;o_Enterobacterales;f_Enterobacteriaceae;g_Escherichia;s_Escherichia coli
E365	E365_27309	36	species	Escherichia coli	3	2	2	1.000	d_Bacteria;p_Proteobacteria;c_Gammaproteobacteria;o_Enterobacterales;f_Enterobacteriaceae;g_Escherichia;s_Escherichia coli
E365	E365_9715	36	species	Escherichia coli	7	6	2	0.630	d_Bacteria;p_Proteobacteria;c_Gammaproteobacteria;o_Enterobacterales;f_Enterobacteriaceae;g_Escherichia;s_Escherichia coli
E365	E365_13840	36	species	Escherichia coli	3	2	1	0.970	d_Bacteria;p_Proteobacteria;c_Gammaproteobacteria;o_Enterobacterales;f_Enterobacteriaceae;g_Escherichia;s_Escherichia coli
E365	E365_14864	36	species	Escherichia coli	5	4	1	0.880	d_Bacteria;p_Proteobacteria;c_Gammaproteobacteria;o_Enterobacterales;f_Enterobacteriaceae;g_Escherichia;s_Escherichia coli
E365	E365_18478	36	species	Escherichia coli	3	2	1	0.500	d_Bacteria;p_Proteobacteria;c_Gammaproteobacteria;o_Enterobacterales;f_Enterobacteriaceae;g_Escherichia;s_Escherichia coli
E365	E365_24984	35	species	Acinetobacter baumannii	2	2	2	1.000	d_Bacteria;p_Proteobacteria;c_Gammaproteobacteria;o_Pseudomonadales;f_Moraxellaceae;g_Acinetobacter;s_Acinetobacter baumannii
E365	E365_25066	36	species	Escherichia coli	2	2	1	0.500	d_Bacteria;p_Proteobacteria;c_Gammaproteobacteria;o_Enterobacterales;f_Enterobacteriaceae;g_Escherichia;s_Escherichia coli
E365	E365_23478	36	species	Escherichia coli	2	2	1	0.500	d_Bacteria;p_Proteobacteria;c_Gammaproteobacteria;o_Enterobacterales;f_Enterobacteriaceae;g_Escherichia;s_Escherichia coli
E365	E365_20004	36	species	Escherichia coli	4	4	1	0.880	d_Bacteria;p_Proteobacteria;c_Gammaproteobacteria;o_Enterobacterales;f_Enterobacteriaceae;g_Escherichia;s_Escherichia coli
E365	E365_20988	36	species	Escherichia coli	3	2	1	0.990	d_Bacteria;p_Proteobacteria;c_Gammaproteobacteria;o_Enterobacterales;f_Enterobacteriaceae;g_Escherichia;s_Escherichia coli
E365	E365_21843	36	species	Escherichia coli	3	3	1	0.850	d_Bacteria;p_Proteobacteria;c_Gammaproteobacteria;o_Enterobacterales;f_Enterobacteriaceae;g_Escherichia;s_Escherichia coli
E365	E365_20805	36	species	Escherichia coli	2	2	1	0.500	d_Bacteria;p_Proteobacteria;c_Gammaproteobacteria;o_Enterobacterales;f_Enterobacteriaceae;g_Escherichia;s_Escherichia coli
E365	E365_10709	2301	species	Enterobacter cloacae I	1	1	1	1.000	d_Bacteria;p_Proteobacteria;c_Gammaproteobacteria;o_Enterobacterales;f_Enterobacteriaceae;g_Enterobacter;s_Enterobacter cloacae I
E365	E365_15919	36	species	Escherichia coli	2	2	1	0.500	d_Bacteria;p_Proteobacteria;c_Gammaproteobacteria;o_Enterobacterales;f_Enterobacteriaceae;g_Escherichia;s_Escherichia coli
E365	E365_25551	36	species	Escherichia coli	1	1	1	1.000	d_Bacteria;p_Proteobacteria;c_Gammaproteobacteria;o_Enterobacterales;f_Enterobacteriaceae;g_Escherichia;s_Escherichia coli
E365	E365_24739	36	species	Escherichia coli	2	1	1	1.000	d_Bacteria;p_Proteobacteria;c_Gammaproteobacteria;o_Enterobacterales;f_Enterobacteriaceae;g_Escherichia;s_Escherichia coli
E365	E365_26073	409	species	Enterobacter ludwigii	4	3	1	0.940	d_Bacteria;p_Proteobacteria;c_Gammaproteobacteria;o_Enterobacterales;f_Enterobacteriaceae;g_Enterobacter;s_Enterobacter ludwigii
E365	E365_19412	36	species	Escherichia coli	2	2	1	0.920	d_Bacteria;p_Proteobacteria;c_Gammaproteobacteria;o_Enterobacterales;f_Enterobacteriaceae;g_Escherichia;s_Escherichia coli
E365	E365_21460	36	species	Escherichia coli	3	3	1	0.910	d_Bacteria;p_Proteobacteria;c_Gammaproteobacteria;o_Enterobacterales;f_Enterobacteriaceae;g_Escherichia;s_Escherichia coli
E365	E365_26599	36	species	Escherichia coli	2	2	1	0.950	d_Bacteria;p_Proteobacteria;c_Gammaproteobacteria;o_Enterobacterales;f_Enterobacteriaceae;g_Escherichia;s_Escherichia coli
E365	E365_22028	36	species	Escherichia coli	3	2	1	0.910	d_Bacteria;p_Proteobacteria;c_Gammaproteobacteria;o_Enterobacterales;f_Enterobacteriaceae;g_Escherichia;s_Escherichia coli
E365	E365_22412	36	species	Escherichia coli	2	2	1	0.970	d_Bacteria;p_Proteobacteria;c_Gammaproteobacteria;o_Enterobacterales;f_Enterobacteriaceae;g_Escherichia;s_Escherichia coli
E365	E365_24332	36	species	Escherichia coli	2	2	1	0.500	d_Bacteria;p_Proteobacteria;c_Gammaproteobacteria;o_Enterobacterales;f_Enterobacteriaceae;g_Escherichia;s_Escherichia coli
E365	E365_4914	35	species	Acinetobacter baumannii	5	5	4	0.990	d_Bacteria;p_Proteobacteria;c_Gammaproteobacteria;o_Pseudomonadales;f_Moraxellaceae;g_Acinetobacter;s_Acinetobacter baumannii
E365	E365_24997	36	species	Escherichia coli	1	1	1	1.000	d_Bacteria;p_Proteobacteria;c_Gammaproteobacteria;o_Enterobacterales;f_Enterobacteriaceae;g_Escherichia;s_Escherichia coli
E365	E365_14078	36	species	Escherichia coli	5	4	1	0.890	d_Bacteria;p_Proteobacteria;c_Gammaproteobacteria;o_Enterobacterales;f_Enterobacteriaceae;g_Escherichia;s_Escherichia coli
E365	E365_24094	36	species	Escherichia coli	2	2	1	0.970	d_Bacteria;p_Proteobacteria;c_Gammaproteobacteria;o_Enterobacterales;f_Enterobacteriaceae;g_Escherichia;s_Escherichia coli
E365	E365_26718	36	species	Escherichia coli	2	2	1	0.500	d_Bacteria;p_Proteobacteria;c_Gammaproteobacteria;o_Enterobacterales;f_Enterobacteriaceae;g_Escherichia;s_Escherichia coli
E365	E365_28350	2301	species	Enterobacter cloacae I	18	17	1	0.570	d_Bacteria;p_Proteobacteria;c_Gammaproteobacteria;o_Enterobacterales;f_Enterobacteriaceae;g_Enterobacter;s_Enterobacter cloacae I
E365	E365_17160	36	species	Escherichia coli	4	2	1	0.950	d_Bacteria;p_Proteobacteria;c_Gammaproteobacteria;o_Enterobacterales;f_Enterobacteriaceae;g_Escherichia;s_Escherichia coli
E365	E365_16919	36	species	Escherichia coli	2	2	1	0.500	d_Bacteria;p_Proteobacteria;c_Gammaproteobacteria;o_Enterobacterales;f_Enterobacteriaceae;g_Escherichia;s_Escherichia coli
E365	E365_17599	36	species	Escherichia coli	2	2	1	0.500	d_Bacteria;p_Proteobacteria;c_Gammaproteobacteria;o_Enterobacterales;f_Enterobacteriaceae;g_Escherichia;s_Escherichia coli
E365	E365_25151	36	species	Escherichia coli	2	2	1	0.950	d_Bacteria;p_Proteobacteria;c_Gammaproteobacteria;o_Enterobacterales;f_Enterobacteriaceae;g_Escherichia;s_Escherichia coli
E365	E365_19875	36	species	Escherichia coli	1	1	1	1.000	d_Bacteria;p_Proteobacteria;c_Gammaproteobacteria;o_Enterobacterales;f_Enterobacteriaceae;g_Escherichia;s_Escherichia coli
E365	E365_24464	36	species	Escherichia coli	1	1	1	1.000	d_Bacteria;p_Proteobacteria;c_Gammaproteobacteria;o_Enterobacterales;f_Enterobacteriaceae;g_Escherichia;s_Escherichia coli
E365	E365_27280	36	species	Escherichia coli	2	2	1	0.980	d_Bacteria;p_Proteobacteria;c_Gammaproteobacteria;o_Enterobacterales;f_Enterobacteriaceae;g_Escherichia;s_Escherichia coli
E365	E365_25152	36	species	Escherichia coli	2	2	1	0.500	d_Bacteria;p_Proteobacteria;c_Gammaproteobacteria;o_Enterobacterales;f_Enterobacteriaceae;g_Escherichia;s_Escherichia coli
E365	E365_20294	36	species	Escherichia coli	2	2	2	1.000	d_Bacteria;p_Proteobacteria;c_Gammaproteobacteria;o_Enterobacterales;f_Enterobacteriaceae;g_Escherichia;s_Escherichia coli
E365	E365_15430	36	species	Escherichia coli	3	2	1	0.500	d_Bacteria;p_Proteobacteria;c_Gammaproteobacteria;o_Enterobacterales;f_Enterobacteriaceae;g_Escherichia;s_Escherichia coli
E365	E365_20117	36	species	Escherichia coli	2	2	1	0.500	d_Bacteria;p_Proteobacteria;c_Gammaproteobacteria;o_Enterobacterales;f_Enterobacteriaceae;g_Escherichia;s_Escherichia coli
E365	E365_26356	2301	species	Enterobacter cloacae I	3	3	1	0.880	d_Bacteria;p_Proteobacteria;c_Gammaproteobacteria;o_Enterobacterales;f_Enterobacteriaceae;g_Enterobacter;s_Enterobacter cloacae I
E369	E369_8840	13229	species	Enterobacter cloacae O	2	2	1	0.500	d_Bacteria;p_Proteobacteria;c_Gammaproteobacteria;o_Enterobacterales;f_Enterobacteriaceae;g_Enterobacter;s_Enterobacter cloacae O
E376	E376_5558	36	species	Escherichia coli	3	2	1	0.500	d_Bacteria;p_Proteobacteria;c_Gammaproteobacteria;o_Enterobacterales;f_Enterobacteriaceae;g_Escherichia;s_Escherichia coli
E376	E376_11639	36	species	Escherichia coli	3	2	1	0.980	d_Bacteria;p_Proteobacteria;c_Gammaproteobacteria;o_Enterobacterales;f_Enterobacteriaceae;g_Escherichia;s_Escherichia coli
E376	E376_17724	2301	species	Enterobacter cloacae I	2	2	1	0.980	d_Bacteria;p_Proteobacteria;c_Gammaproteobacteria;o_Enterobacterales;f_Enterobacteriaceae;g_Enterobacter;s_Enterobacter cloacae I
E376	E376_16563	36	species	Escherichia coli	5	4	1	0.810	d_Bacteria;p_Proteobacteria;c_Gammaproteobacteria;o_Enterobacterales;f_Enterobacteriaceae;g_Escherichia;s_Escherichia coli
E376	E376_12770	36	species	Escherichia coli	2	2	1	0.970	d_Bacteria;p_Proteobacteria;c_Gammaproteobacteria;o_Enterobacterales;f_Enterobacteriaceae;g_Escherichia;s_Escherichia coli
E376	E376_15436	36	species	Escherichia coli	2	2	2	1.000	d_Bacteria;p_Proteobacteria;c_Gammaproteobacteria;o_Enterobacterales;f_Enterobacteriaceae;g_Escherichia;s_Escherichia coli
E376	E376_9613	36	species	Escherichia coli	3	2	1	0.500	d_Bacteria;p_Proteobacteria;c_Gammaproteobacteria;o_Enterobacterales;f_Enterobacteriaceae;g_Escherichia;s_Escherichia coli
E376	E376_14022	36	species	Escherichia coli	1	1	1	1.000	d_Bacteria;p_Proteobacteria;c_Gammaproteobacteria;o_Enterobacterales;f_Enterobacteriaceae;g_Escherichia;s_Escherichia coli
E376	E376_11576	2301	species	Enterobacter cloacae I	1	1	1	1.000	d_Bacteria;p_Proteobacteria;c_Gammaproteobacteria;o_Enterobacterales;f_Enterobacteriaceae;g_Enterobacter;s_Enterobacter cloacae I
E376	E376_6735	36	species	Escherichia coli	3	3	2	0.950	d_Bacteria;p_Proteobacteria;c_Gammaproteobacteria;o_Enterobacterales;f_Enterobacteriaceae;g_Escherichia;s_Escherichia coli
E376	E376_15762	13229	species	Enterobacter cloacae O	2	2	1	0.500	d_Bacteria;p_Proteobacteria;c_Gammaproteobacteria;o_Enterobacterales;f_Enterobacteriaceae;g_Enterobacter;s_Enterobacter cloacae O
E376	E376_17483	36	species	Escherichia coli	2	2	1	0.970	d_Bacteria;p_Proteobacteria;c_Gammaproteobacteria;o_Enterobacterales;f_Enterobacteriaceae;g_Escherichia;s_Escherichia coli
E379	E379_8040	7117	species	Enterobacter cloacae L	2	2	1	0.500	d_Bacteria;p_Proteobacteria;c_Gammaproteobacteria;o_Enterobacterales;f_Enterobacteriaceae;g_Enterobacter;s_Enterobacter cloacae L
E379	E379_22323	55282	species	Enterobacter sp013927005	2	1	1	1.000	d_Bacteria;p_Proteobacteria;c_Gammaproteobacteria;o_Enterobacterales;f_Enterobacteriaceae;g_Enterobacter;s_Enterobacter sp013927005
E382	E382_11179	36	species	Escherichia coli	3	3	2	0.980	d_Bacteria;p_Proteobacteria;c_Gammaproteobacteria;o_Enterobacterales;f_Enterobacteriaceae;g_Escherichia;s_Escherichia coli
E382	E382_10453	18	species	Klebsiella pneumoniae	2	2	1	0.500	d_Bacteria;p_Proteobacteria;c_Gammaproteobacteria;o_Enterobacterales;f_Enterobacteriaceae;g_Klebsiella;s_Klebsiella pneumoniae
E382	E382_11061	36	species	Escherichia coli	3	2	1	0.500	d_Bacteria;p_Proteobacteria;c_Gammaproteobacteria;o_Enterobacterales;f_Enterobacteriaceae;g_Escherichia;s_Escherichia coli
E382	E382_7094	36	species	Escherichia coli	3	2	2	1.000	d_Bacteria;p_Proteobacteria;c_Gammaproteobacteria;o_Enterobacterales;f_Enterobacteriaceae;g_Escherichia;s_Escherichia coli
E382	E382_12790	36	species	Escherichia coli	1	1	1	1.000	d_Bacteria;p_Proteobacteria;c_Gammaproteobacteria;o_Enterobacterales;f_Enterobacteriaceae;g_Escherichia;s_Escherichia coli
E382	E382_6208	36	species	Escherichia coli	2	2	1	0.500	d_Bacteria;p_Proteobacteria;c_Gammaproteobacteria;o_Enterobacterales;f_Enterobacteriaceae;g_Escherichia;s_Escherichia coli
E382	E382_11264	36	species	Escherichia coli	3	3	1	0.910	d_Bacteria;p_Proteobacteria;c_Gammaproteobacteria;o_Enterobacterales;f_Enterobacteriaceae;g_Escherichia;s_Escherichia coli
E382	E382_11549	36	species	Escherichia coli	3	3	2	0.980	d_Bacteria;p_Proteobacteria;c_Gammaproteobacteria;o_Enterobacterales;f_Enterobacteriaceae;g_Escherichia;s_Escherichia coli
E382	E382_15517	36	species	Escherichia coli	1	1	1	1.000	d_Bacteria;p_Proteobacteria;c_Gammaproteobacteria;o_Enterobacterales;f_Enterobacteriaceae;g_Escherichia;s_Escherichia coli
E382	E382_19037	36	species	Escherichia coli	1	1	1	1.000	d_Bacteria;p_Proteobacteria;c_Gammaproteobacteria;o_Enterobacterales;f_Enterobacteriaceae;g_Escherichia;s_Escherichia coli
E382	E382_7838	36	species	Escherichia coli	4	4	2	0.930	d_Bacteria;p_Proteobacteria;c_Gammaproteobacteria;o_Enterobacterales;f_Enterobacteriaceae;g_Escherichia;s_Escherichia coli
E382	E382_9150	36	species	Escherichia coli	3	3	2	0.670	d_Bacteria;p_Proteobacteria;c_Gammaproteobacteria;o_Enterobacterales;f_Enterobacteriaceae;g_Escherichia;s_Escherichia coli
E382	E382_3728	36	species	Escherichia coli	2	2	1	0.500	d_Bacteria;p_Proteobacteria;c_Gammaproteobacteria;o_Enterobacterales;f_Enterobacteriaceae;g_Escherichia;s_Escherichia coli
E382	E382_13106	36	species	Escherichia coli	2	1	1	1.000	d_Bacteria;p_Proteobacteria;c_Gammaproteobacteria;o_Enterobacterales;f_Enterobacteriaceae;g_Escherichia;s_Escherichia coli
E382	E382_16562	36	species	Escherichia coli	2	2	1	0.500	d_Bacteria;p_Proteobacteria;c_Gammaproteobacteria;o_Enterobacterales;f_Enterobacteriaceae;g_Escherichia;s_Escherichia coli
E382	E382_6104	36	species	Escherichia coli	3	3	2	0.670	d_Bacteria;p_Proteobacteria;c_Gammaproteobacteria;o_Enterobacterales;f_Enterobacteriaceae;g_Escherichia;s_Escherichia coli
E382	E382_17751	36	species	Escherichia coli	3	3	2	0.950	d_Bacteria;p_Proteobacteria;c_Gammaproteobacteria;o_Enterobacterales;f_Enterobacteriaceae;g_Escherichia;s_Escherichia coli
E382	E382_17146	36	species	Escherichia coli	3	3	3	1.000	d_Bacteria;p_Proteobacteria;c_Gammaproteobacteria;o_Enterobacterales;f_Enterobacteriaceae;g_Escherichia;s_Escherichia coli
E382	E382_17338	36	species	Escherichia coli	1	1	1	1.000	d_Bacteria;p_Proteobacteria;c_Gammaproteobacteria;o_Enterobacterales;f_Enterobacteriaceae;g_Escherichia;s_Escherichia coli
E382	E382_14529	36	species	Escherichia coli	1	1	1	1.000	d_Bacteria;p_Proteobacteria;c_Gammaproteobacteria;o_Enterobacterales;f_Enterobacteriaceae;g_Escherichia;s_Escherichia coli
E382	E382_10137	36	species	Escherichia coli	2	2	1	0.500	d_Bacteria;p_Proteobacteria;c_Gammaproteobacteria;o_Enterobacterales;f_Enterobacteriaceae;g_Escherichia;s_Escherichia coli
E382	E382_10499	36	species	Escherichia coli	1	1	1	1.000	d_Bacteria;p_Proteobacteria;c_Gammaproteobacteria;o_Enterobacterales;f_Enterobacteriaceae;g_Escherichia;s_Escherichia coli
E382	E382_14179	36	species	Escherichia coli	2	2	2	1.000	d_Bacteria;p_Proteobacteria;c_Gammaproteobacteria;o_Enterobacterales;f_Enterobacteriaceae;g_Escherichia;s_Escherichia coli
E382	E382_7850	36	species	Escherichia coli	3	2	2	1.000	d_Bacteria;p_Proteobacteria;c_Gammaproteobacteria;o_Enterobacterales;f_Enterobacteriaceae;g_Escherichia;s_Escherichia coli
E382	E382_11415	36	species	Escherichia coli	2	2	1	0.910	d_Bacteria;p_Proteobacteria;c_Gammaproteobacteria;o_Enterobacterales;f_Enterobacteriaceae;g_Escherichia;s_Escherichia coli
E382	E382_13527	36	species	Escherichia coli	1	1	1	1.000	d_Bacteria;p_Proteobacteria;c_Gammaproteobacteria;o_Enterobacterales;f_Enterobacteriaceae;g_Escherichia;s_Escherichia coli
E382	E382_16082	36	species	Escherichia coli	1	1	1	1.000	d_Bacteria;p_Proteobacteria;c_Gammaproteobacteria;o_Enterobacterales;f_Enterobacteriaceae;g_Escherichia;s_Escherichia coli
E382	E382_16779	36	species	Escherichia coli	2	1	1	1.000	d_Bacteria;p_Proteobacteria;c_Gammaproteobacteria;o_Enterobacterales;f_Enterobacteriaceae;g_Escherichia;s_Escherichia coli
E382	E382_11267	36	species	Escherichia coli	2	2	1	0.950	d_Bacteria;p_Proteobacteria;c_Gammaproteobacteria;o_Enterobacterales;f_Enterobacteriaceae;g_Escherichia;s_Escherichia coli
E382	E382_11365	36	species	Escherichia coli	2	2	2	1.000	d_Bacteria;p_Proteobacteria;c_Gammaproteobacteria;o_Enterobacterales;f_Enterobacteriaceae;g_Escherichia;s_Escherichia coli
E382	E382_16051	36	species	Escherichia coli	2	2	2	1.000	d_Bacteria;p_Proteobacteria;c_Gammaproteobacteria;o_Enterobacterales;f_Enterobacteriaceae;g_Escherichia;s_Escherichia coli
E382	E382_16083	36	species	Escherichia coli	1	1	1	1.000	d_Bacteria;p_Proteobacteria;c_Gammaproteobacteria;o_Enterobacterales;f_Enterobacteriaceae;g_Escherichia;s_Escherichia coli
E382	E382_17011	36	species	Escherichia coli	2	2	1	0.500	d_Bacteria;p_Proteobacteria;c_Gammaproteobacteria;o_Enterobacterales;f_Enterobacteriaceae;g_Escherichia;s_Escherichia coli
E382	E382_5588	36	species	Escherichia coli	4	4	2	0.500	d_Bacteria;p_Proteobacteria;c_Gammaproteobacteria;o_Enterobacterales;f_Enterobacteriaceae;g_Escherichia;s_Escherichia coli
E382	E382_11252	1868	species	Enterobacter sichuanensis	5	5	1	0.860	d_Bacteria;p_Proteobacteria;c_Gammaproteobacteria;o_Enterobacterales;f_Enterobacteriaceae;g_Enterobacter;s_Enterobacter sichuanensis
E382	E382_15495	36	species	Escherichia coli	1	1	1	1.000	d_Bacteria;p_Proteobacteria;c_Gammaproteobacteria;o_Enterobacterales;f_Enterobacteriaceae;g_Escherichia;s_Escherichia coli
E382	E382_14048	36	species	Escherichia coli	3	3	2	0.960	d_Bacteria;p_Proteobacteria;c_Gammaproteobacteria;o_Enterobacterales;f_Enterobacteriaceae;g_Escherichia;s_Escherichia coli
E382	E382_13441	36	species	Escherichia coli	2	2	1	0.500	d_Bacteria;p_Proteobacteria;c_Gammaproteobacteria;o_Enterobacterales;f_Enterobacteriaceae;g_Escherichia;s_Escherichia coli
E382	E382_6530	36	species	Escherichia coli	4	4	2	0.660	d_Bacteria;p_Proteobacteria;c_Gammaproteobacteria;o_Enterobacterales;f_Enterobacteriaceae;g_Escherichia;s_Escherichia coli
E382	E382_10018	36	species	Escherichia coli	3	2	2	1.000	d_Bacteria;p_Proteobacteria;c_Gammaproteobacteria;o_Enterobacterales;f_Enterobacteriaceae;g_Escherichia;s_Escherichia coli
E382	E382_4677	36	species	Escherichia coli	4	4	2	0.500	d_Bacteria;p_Proteobacteria;c_Gammaproteobacteria;o_Enterobacterales;f_Enterobacteriaceae;g_Escherichia;s_Escherichia coli
E382	E382_15000	36	species	Escherichia coli	1	1	1	1.000	d_Bacteria;p_Proteobacteria;c_Gammaproteobacteria;o_Enterobacterales;f_Enterobacteriaceae;g_Escherichia;s_Escherichia coli
E382	E382_17112	36	species	Escherichia coli	2	2	1	0.950	d_Bacteria;p_Proteobacteria;c_Gammaproteobacteria;o_Enterobacterales;f_Enterobacteriaceae;g_Escherichia;s_Escherichia coli
E382	E382_3368	36	species	Escherichia coli	7	7	6	0.830	d_Bacteria;p_Proteobacteria;c_Gammaproteobacteria;o_Enterobacterales;f_Enterobacteriaceae;g_Escherichia;s_Escherichia coli
E382	E382_14471	36	species	Escherichia coli	2	2	1	0.930	d_Bacteria;p_Proteobacteria;c_Gammaproteobacteria;o_Enterobacterales;f_Enterobacteriaceae;g_Escherichia;s_Escherichia coli
E382	E382_6972	36	species	Escherichia coli	4	4	2	0.520	d_Bacteria;p_Proteobacteria;c_Gammaproteobacteria;o_Enterobacterales;f_Enterobacteriaceae;g_Escherichia;s_Escherichia coli
E382	E382_3018	36	species	Escherichia coli	6	6	3	0.590	d_Bacteria;p_Proteobacteria;c_Gammaproteobacteria;o_Enterobacterales;f_Enterobacteriaceae;g_Escherichia;s_Escherichia coli
E382	E382_3818	36	species	Escherichia coli	7	6	2	0.950	d_Bacteria;p_Proteobacteria;c_Gammaproteobacteria;o_Enterobacterales;f_Enterobacteriaceae;g_Escherichia;s_Escherichia coli
E382	E382_8292	36	species	Escherichia coli	2	2	1	0.500	d_Bacteria;p_Proteobacteria;c_Gammaproteobacteria;o_Enterobacterales;f_Enterobacteriaceae;g_Escherichia;s_Escherichia coli
E382	E382_17784	36	species	Escherichia coli	2	2	1	0.500	d_Bacteria;p_Proteobacteria;c_Gammaproteobacteria;o_Enterobacterales;f_Enterobacteriaceae;g_Escherichia;s_Escherichia coli
E382	E382_5757	36	species	Escherichia coli	5	4	2	0.520	d_Bacteria;p_Proteobacteria;c_Gammaproteobacteria;o_Enterobacterales;f_Enterobacteriaceae;g_Escherichia;s_Escherichia coli
E382	E382_6493	36	species	Escherichia coli	4	4	2	0.950	d_Bacteria;p_Proteobacteria;c_Gammaproteobacteria;o_Enterobacterales;f_Enterobacteriaceae;g_Escherichia;s_Escherichia coli
E382	E382_14329	36	species	Escherichia coli	2	2	1	0.500	d_Bacteria;p_Proteobacteria;c_Gammaproteobacteria;o_Enterobacterales;f_Enterobacteriaceae;g_Escherichia;s_Escherichia coli
E382	E382_7322	36	species	Escherichia coli	3	3	3	1.000	d_Bacteria;p_Proteobacteria;c_Gammaproteobacteria;o_Enterobacterales;f_Enterobacteriaceae;g_Escherichia;s_Escherichia coli
E382	E382_4533	36	species	Escherichia coli	4	4	2	0.640	d_Bacteria;p_Proteobacteria;c_Gammaproteobacteria;o_Enterobacterales;f_Enterobacteriaceae;g_Escherichia;s_Escherichia coli
E382	E382_5173	36	species	Escherichia coli	4	4	2	0.660	d_Bacteria;p_Proteobacteria;c_Gammaproteobacteria;o_Enterobacterales;f_Enterobacteriaceae;g_Escherichia;s_Escherichia coli
E382	E382_17837	36	species	Escherichia coli	2	2	1	0.970	d_Bacteria;p_Proteobacteria;c_Gammaproteobacteria;o_Enterobacterales;f_Enterobacteriaceae;g_Escherichia;s_Escherichia coli
E382	E382_7310	36	species	Escherichia coli	3	3	2	0.670	d_Bacteria;p_Proteobacteria;c_Gammaproteobacteria;o_Enterobacterales;f_Enterobacteriaceae;g_Escherichia;s_Escherichia coli
E382	E382_12772	36	species	Escherichia coli	2	2	1	0.970	d_Bacteria;p_Proteobacteria;c_Gammaproteobacteria;o_Enterobacterales;f_Enterobacteriaceae;g_Escherichia;s_Escherichia coli
E382	E382_14912	36	species	Escherichia coli	1	1	1	1.000	d_Bacteria;p_Proteobacteria;c_Gammaproteobacteria;o_Enterobacterales;f_Enterobacteriaceae;g_Escherichia;s_Escherichia coli
E382	E382_6000	36	species	Escherichia coli	3	2	2	1.000	d_Bacteria;p_Proteobacteria;c_Gammaproteobacteria;o_Enterobacterales;f_Enterobacteriaceae;g_Escherichia;s_Escherichia coli
E382	E382_8615	36	species	Escherichia coli	2	1	1	1.000	d_Bacteria;p_Proteobacteria;c_Gammaproteobacteria;o_Enterobacterales;f_Enterobacteriaceae;g_Escherichia;s_Escherichia coli
E382	E382_2938	36	species	Escherichia coli	4	4	2	0.520	d_Bacteria;p_Proteobacteria;c_Gammaproteobacteria;o_Enterobacterales;f_Enterobacteriaceae;g_Escherichia;s_Escherichia coli
E382	E382_14697	36	species	Escherichia coli	1	1	1	1.000	d_Bacteria;p_Proteobacteria;c_Gammaproteobacteria;o_Enterobacterales;f_Enterobacteriaceae;g_Escherichia;s_Escherichia coli
E382	E382_2399	36	species	Escherichia coli	9	9	4	0.780	d_Bacteria;p_Proteobacteria;c_Gammaproteobacteria;o_Enterobacterales;f_Enterobacteriaceae;g_Escherichia;s_Escherichia coli
E382	E382_13535	55282	species	Enterobacter sp013927005	1	1	1	1.000	d_Bacteria;p_Proteobacteria;c_Gammaproteobacteria;o_Enterobacterales;f_Enterobacteriaceae;g_Enterobacter;s_Enterobacter sp013927005
E382	E382_16607	36	species	Escherichia coli	1	1	1	1.000	d_Bacteria;p_Proteobacteria;c_Gammaproteobacteria;o_Enterobacterales;f_Enterobacteriaceae;g_Escherichia;s_Escherichia coli
E382	E382_6735	36	species	Escherichia coli	2	2	2	1.000	d_Bacteria;p_Proteobacteria;c_Gammaproteobacteria;o_Enterobacterales;f_Enterobacteriaceae;g_Escherichia;s_Escherichia coli
E382	E382_15119	36	species	Escherichia coli	2	2	1	0.950	d_Bacteria;p_Proteobacteria;c_Gammaproteobacteria;o_Enterobacterales;f_Enterobacteriaceae;g_Escherichia;s_Escherichia coli
E382	E382_15556	36	species	Escherichia coli	1	1	1	1.000	d_Bacteria;p_Proteobacteria;c_Gammaproteobacteria;o_Enterobacterales;f_Enterobacteriaceae;g_Escherichia;s_Escherichia coli
E382	E382_10705	36	species	Escherichia coli	3	3	2	0.960	d_Bacteria;p_Proteobacteria;c_Gammaproteobacteria;o_Enterobacterales;f_Enterobacteriaceae;g_Escherichia;s_Escherichia coli
E382	E382_17617	36	species	Escherichia coli	2	2	1	0.970	d_Bacteria;p_Proteobacteria;c_Gammaproteobacteria;o_Enterobacterales;f_Enterobacteriaceae;g_Escherichia;s_Escherichia coli
E382	E382_17029	36	species	Escherichia coli	2	2	1	0.500	d_Bacteria;p_Proteobacteria;c_Gammaproteobacteria;o_Enterobacterales;f_Enterobacteriaceae;g_Escherichia;s_Escherichia coli
E382	E382_10726	36	species	Escherichia coli	2	2	1	0.500	d_Bacteria;p_Proteobacteria;c_Gammaproteobacteria;o_Enterobacterales;f_Enterobacteriaceae;g_Escherichia;s_Escherichia coli
E382	E382_15366	36	species	Escherichia coli	4	4	1	0.900	d_Bacteria;p_Proteobacteria;c_Gammaproteobacteria;o_Enterobacterales;f_Enterobacteriaceae;g_Escherichia;s_Escherichia coli
E382	E382_16902	36	species	Escherichia coli	2	2	1	0.500	d_Bacteria;p_Proteobacteria;c_Gammaproteobacteria;o_Enterobacterales;f_Enterobacteriaceae;g_Escherichia;s_Escherichia coli
E382	E382_8071	36	species	Escherichia coli	2	2	1	0.500	d_Bacteria;p_Proteobacteria;c_Gammaproteobacteria;o_Enterobacterales;f_Enterobacteriaceae;g_Escherichia;s_Escherichia coli
E385	E385_12235	55282	species	Enterobacter sp013927005	1	1	1	1.000	d_Bacteria;p_Proteobacteria;c_Gammaproteobacteria;o_Enterobacterales;f_Enterobacteriaceae;g_Enterobacter;s_Enterobacter sp013927005
E385	E385_12570	9756	species	Enterobacter D sp001888805	1	1	1	1.000	d_Bacteria;p_Proteobacteria;c_Gammaproteobacteria;o_Enterobacterales;f_Enterobacteriaceae;g_Enterobacter D;s_Enterobacter D sp001888805
E389	E389_12369	287	species	Enterobacter cloacae	1	1	1	1.000	d_Bacteria;p_Proteobacteria;c_Gammaproteobacteria;o_Enterobacterales;f_Enterobacteriaceae;g_Enterobacter;s_Enterobacter cloacae
E393	E393_10955	2301	species	Enterobacter cloacae I	2	2	1	0.500	d_Bacteria;p_Proteobacteria;c_Gammaproteobacteria;o_Enterobacterales;f_Enterobacteriaceae;g_Enterobacter;s_Enterobacter cloacae I
E393	E393_20427	36	species	Escherichia coli	2	2	1	0.500	d_Bacteria;p_Proteobacteria;c_Gammaproteobacteria;o_Enterobacterales;f_Enterobacteriaceae;g_Escherichia;s_Escherichia coli
E393	E393_20971	18	species	Klebsiella pneumoniae	1	1	1	1.000	d_Bacteria;p_Proteobacteria;c_Gammaproteobacteria;o_Enterobacterales;f_Enterobacteriaceae;g_Klebsiella;s_Klebsiella pneumoniae
E393	E393_22475	36	species	Escherichia coli	2	2	1	0.500	d_Bacteria;p_Proteobacteria;c_Gammaproteobacteria;o_Enterobacterales;f_Enterobacteriaceae;g_Escherichia;s_Escherichia coli
E393	E393_876	36	species	Escherichia coli	16	16	13	0.860	d_Bacteria;p_Proteobacteria;c_Gammaproteobacteria;o_Enterobacterales;f_Enterobacteriaceae;g_Escherichia;s_Escherichia coli
E393	E393_21210	36	species	Escherichia coli	2	2	1	0.910	d_Bacteria;p_Proteobacteria;c_Gammaproteobacteria;o_Enterobacterales;f_Enterobacteriaceae;g_Escherichia;s_Escherichia coli
E393	E393_9650	36	species	Escherichia coli	4	2	1	0.500	d_Bacteria;p_Proteobacteria;c_Gammaproteobacteria;o_Enterobacterales;f_Enterobacteriaceae;g_Escherichia;s_Escherichia coli
E393	E393_18898	18	species	Klebsiella pneumoniae	2	2	2	1.000	d_Bacteria;p_Proteobacteria;c_Gammaproteobacteria;o_Enterobacterales;f_Enterobacteriaceae;g_Klebsiella;s_Klebsiella pneumoniae
E393	E393_23826	36	species	Escherichia coli	4	3	1	0.880	d_Bacteria;p_Proteobacteria;c_Gammaproteobacteria;o_Enterobacterales;f_Enterobacteriaceae;g_Escherichia;s_Escherichia coli
E393	E393_2293	36	species	Escherichia coli	10	9	8	0.860	d_Bacteria;p_Proteobacteria;c_Gammaproteobacteria;o_Enterobacterales;f_Enterobacteriaceae;g_Escherichia;s_Escherichia coli
E393	E393_12661	36	species	Escherichia coli	2	2	2	1.000	d_Bacteria;p_Proteobacteria;c_Gammaproteobacteria;o_Enterobacterales;f_Enterobacteriaceae;g_Escherichia;s_Escherichia coli
E393	E393_17557	36	species	Escherichia coli	2	1	1	1.000	d_Bacteria;p_Proteobacteria;c_Gammaproteobacteria;o_Enterobacterales;f_Enterobacteriaceae;g_Escherichia;s_Escherichia coli
E393	E393_18069	18	species	Klebsiella pneumoniae	2	2	2	1.000	d_Bacteria;p_Proteobacteria;c_Gammaproteobacteria;o_Enterobacterales;f_Enterobacteriaceae;g_Klebsiella;s_Klebsiella pneumoniae
E393	E393_17024	36	species	Escherichia coli	2	2	2	1.000	d_Bacteria;p_Proteobacteria;c_Gammaproteobacteria;o_Enterobacterales;f_Enterobacteriaceae;g_Escherichia;s_Escherichia coli
E393	E393_17696	36	species	Escherichia coli	2	2	1	0.500	d_Bacteria;p_Proteobacteria;c_Gammaproteobacteria;o_Enterobacterales;f_Enterobacteriaceae;g_Escherichia;s_Escherichia coli
E393	E393_18944	55282	species	Enterobacter sp013927005	8	7	1	0.740	d_Bacteria;p_Proteobacteria;c_Gammaproteobacteria;o_Enterobacterales;f_Enterobacteriaceae;g_Enterobacter;s_Enterobacter sp013927005
E393	E393_20864	36	species	Escherichia coli	3	3	2	0.510	d_Bacteria;p_Proteobacteria;c_Gammaproteobacteria;o_Enterobacterales;f_Enterobacteriaceae;g_Escherichia;s_Escherichia coli
E393	E393_20928	36	species	Escherichia coli	2	2	2	1.000	d_Bacteria;p_Proteobacteria;c_Gammaproteobacteria;o_Enterobacterales;f_Enterobacteriaceae;g_Escherichia;s_Escherichia coli
E393	E393_5071	36	species	Escherichia coli	5	5	4	0.800	d_Bacteria;p_Proteobacteria;c_Gammaproteobacteria;o_Enterobacterales;f_Enterobacteriaceae;g_Escherichia;s_Escherichia coli
E393	E393_5423	36	species	Escherichia coli	8	8	5	0.700	d_Bacteria;p_Proteobacteria;c_Gammaproteobacteria;o_Enterobacterales;f_Enterobacteriaceae;g_Escherichia;s_Escherichia coli
E393	E393_5775	36	species	Escherichia coli	4	4	2	0.660	d_Bacteria;p_Proteobacteria;c_Gammaproteobacteria;o_Enterobacterales;f_Enterobacteriaceae;g_Escherichia;s_Escherichia coli
E393	E393_11535	17704	species	Enterobacter cloacae P	10	8	1	0.750	d_Bacteria;p_Proteobacteria;c_Gammaproteobacteria;o_Enterobacterales;f_Enterobacteriaceae;g_Enterobacter;s_Enterobacter cloacae P
E393	E393_15215	36	species	Escherichia coli	2	2	1	0.960	d_Bacteria;p_Proteobacteria;c_Gammaproteobacteria;o_Enterobacterales;f_Enterobacteriaceae;g_Escherichia;s_Escherichia coli
E393	E393_16815	36	species	Escherichia coli	5	4	3	0.990	d_Bacteria;p_Proteobacteria;c_Gammaproteobacteria;o_Enterobacterales;f_Enterobacteriaceae;g_Escherichia;s_Escherichia coli
E393	E393_22063	36	species	Escherichia coli	2	2	2	1.000	d_Bacteria;p_Proteobacteria;c_Gammaproteobacteria;o_Enterobacterales;f_Enterobacteriaceae;g_Escherichia;s_Escherichia coli
E393	E393_24495	18	species	Klebsiella pneumoniae	2	1	1	1.000	d_Bacteria;p_Proteobacteria;c_Gammaproteobacteria;o_Enterobacterales;f_Enterobacteriaceae;g_Klebsiella;s_Klebsiella pneumoniae
E393	E393_3696	36	species	Escherichia coli	7	6	3	0.720	d_Bacteria;p_Proteobacteria;c_Gammaproteobacteria;o_Enterobacterales;f_Enterobacteriaceae;g_Escherichia;s_Escherichia coli
E393	E393_9139	36	species	Escherichia coli	3	3	2	0.670	d_Bacteria;p_Proteobacteria;c_Gammaproteobacteria;o_Enterobacterales;f_Enterobacteriaceae;g_Escherichia;s_Escherichia coli
E393	E393_15763	36	species	Escherichia coli	3	2	2	1.000	d_Bacteria;p_Proteobacteria;c_Gammaproteobacteria;o_Enterobacterales;f_Enterobacteriaceae;g_Escherichia;s_Escherichia coli
E393	E393_17875	36	species	Escherichia coli	2	2	2	1.000	d_Bacteria;p_Proteobacteria;c_Gammaproteobacteria;o_Enterobacterales;f_Enterobacteriaceae;g_Escherichia;s_Escherichia coli
E393	E393_3524	36	species	Escherichia coli	6	4	3	0.750	d_Bacteria;p_Proteobacteria;c_Gammaproteobacteria;o_Enterobacterales;f_Enterobacteriaceae;g_Escherichia;s_Escherichia coli
E393	E393_15458	36	species	Escherichia coli	2	2	1	0.500	d_Bacteria;p_Proteobacteria;c_Gammaproteobacteria;o_Enterobacterales;f_Enterobacteriaceae;g_Escherichia;s_Escherichia coli
E393	E393_20226	36	species	Escherichia coli	2	2	2	1.000	d_Bacteria;p_Proteobacteria;c_Gammaproteobacteria;o_Enterobacterales;f_Enterobacteriaceae;g_Escherichia;s_Escherichia coli
E393	E393_20930	18	species	Klebsiella pneumoniae	1	1	1	1.000	d_Bacteria;p_Proteobacteria;c_Gammaproteobacteria;o_Enterobacterales;f_Enterobacteriaceae;g_Klebsiella;s_Klebsiella pneumoniae
E393	E393_1251	36	species	Escherichia coli	15	15	5	0.540	d_Bacteria;p_Proteobacteria;c_Gammaproteobacteria;o_Enterobacterales;f_Enterobacteriaceae;g_Escherichia;s_Escherichia coli
E393	E393_6097	36	species	Escherichia coli	10	10	2	0.750	d_Bacteria;p_Proteobacteria;c_Gammaproteobacteria;o_Enterobacterales;f_Enterobacteriaceae;g_Escherichia;s_Escherichia coli
E393	E393_7281	36	species	Escherichia coli	3	3	2	0.670	d_Bacteria;p_Proteobacteria;c_Gammaproteobacteria;o_Enterobacterales;f_Enterobacteriaceae;g_Escherichia;s_Escherichia coli
E393	E393_9421	36	species	Escherichia coli	4	4	2	0.960	d_Bacteria;p_Proteobacteria;c_Gammaproteobacteria;o_Enterobacterales;f_Enterobacteriaceae;g_Escherichia;s_Escherichia coli
E393	E393_13389	36	species	Escherichia coli	2	2	2	1.000	d_Bacteria;p_Proteobacteria;c_Gammaproteobacteria;o_Enterobacterales;f_Enterobacteriaceae;g_Escherichia;s_Escherichia coli
E393	E393_18829	36	species	Escherichia coli	2	2	2	1.000	d_Bacteria;p_Proteobacteria;c_Gammaproteobacteria;o_Enterobacterales;f_Enterobacteriaceae;g_Escherichia;s_Escherichia coli
E393	E393_19341	36	species	Escherichia coli	2	2	1	0.500	d_Bacteria;p_Proteobacteria;c_Gammaproteobacteria;o_Enterobacterales;f_Enterobacteriaceae;g_Escherichia;s_Escherichia coli
E393	E393_21389	36	species	Escherichia coli	2	2	2	1.000	d_Bacteria;p_Proteobacteria;c_Gammaproteobacteria;o_Enterobacterales;f_Enterobacteriaceae;g_Escherichia;s_Escherichia coli
E393	E393_23757	36	species	Escherichia coli	1	1	1	1.000	d_Bacteria;p_Proteobacteria;c_Gammaproteobacteria;o_Enterobacterales;f_Enterobacteriaceae;g_Escherichia;s_Escherichia coli
E393	E393_24301	36	species	Escherichia coli	1	1	1	1.000	d_Bacteria;p_Proteobacteria;c_Gammaproteobacteria;o_Enterobacterales;f_Enterobacteriaceae;g_Escherichia;s_Escherichia coli
E393	E393_24611	36	species	Escherichia coli	1	1	1	1.000	d_Bacteria;p_Proteobacteria;c_Gammaproteobacteria;o_Enterobacterales;f_Enterobacteriaceae;g_Escherichia;s_Escherichia coli
E393	E393_22113	36	species	Escherichia coli	2	1	1	1.000	d_Bacteria;p_Proteobacteria;c_Gammaproteobacteria;o_Enterobacterales;f_Enterobacteriaceae;g_Escherichia;s_Escherichia coli
E393	E393_11688	36	species	Escherichia coli	3	3	3	1.000	d_Bacteria;p_Proteobacteria;c_Gammaproteobacteria;o_Enterobacterales;f_Enterobacteriaceae;g_Escherichia;s_Escherichia coli
E393	E393_21704	36	species	Escherichia coli	2	2	2	1.000	d_Bacteria;p_Proteobacteria;c_Gammaproteobacteria;o_Enterobacterales;f_Enterobacteriaceae;g_Escherichia;s_Escherichia coli
E393	E393_16538	36	species	Escherichia coli	2	2	2	1.000	d_Bacteria;p_Proteobacteria;c_Gammaproteobacteria;o_Enterobacterales;f_Enterobacteriaceae;g_Escherichia;s_Escherichia coli
E393	E393_13530	36	species	Escherichia coli	3	2	1	1.000	d_Bacteria;p_Proteobacteria;c_Gammaproteobacteria;o_Enterobacterales;f_Enterobacteriaceae;g_Escherichia;s_Escherichia coli
E393	E393_1883	36	species	Escherichia coli	9	9	6	0.750	d_Bacteria;p_Proteobacteria;c_Gammaproteobacteria;o_Enterobacterales;f_Enterobacteriaceae;g_Escherichia;s_Escherichia coli
E393	E393_7169	36	species	Escherichia coli	4	4	2	0.500	d_Bacteria;p_Proteobacteria;c_Gammaproteobacteria;o_Enterobacterales;f_Enterobacteriaceae;g_Escherichia;s_Escherichia coli
E393	E393_9217	36	species	Escherichia coli	2	2	1	0.500	d_Bacteria;p_Proteobacteria;c_Gammaproteobacteria;o_Enterobacterales;f_Enterobacteriaceae;g_Escherichia;s_Escherichia coli
E393	E393_23621	36	species	Escherichia coli	1	1	1	1.000	d_Bacteria;p_Proteobacteria;c_Gammaproteobacteria;o_Enterobacterales;f_Enterobacteriaceae;g_Escherichia;s_Escherichia coli
E393	E393_15974	36	species	Escherichia coli	1	1	1	1.000	d_Bacteria;p_Proteobacteria;c_Gammaproteobacteria;o_Enterobacterales;f_Enterobacteriaceae;g_Escherichia;s_Escherichia coli
E393	E393_16550	36	species	Escherichia coli	3	2	2	1.000	d_Bacteria;p_Proteobacteria;c_Gammaproteobacteria;o_Enterobacterales;f_Enterobacteriaceae;g_Escherichia;s_Escherichia coli
E393	E393_18886	36	species	Escherichia coli	2	2	1	0.500	d_Bacteria;p_Proteobacteria;c_Gammaproteobacteria;o_Enterobacterales;f_Enterobacteriaceae;g_Escherichia;s_Escherichia coli
E393	E393_22534	18	species	Klebsiella pneumoniae	2	2	1	0.500	d_Bacteria;p_Proteobacteria;c_Gammaproteobacteria;o_Enterobacterales;f_Enterobacteriaceae;g_Klebsiella;s_Klebsiella pneumoniae
E393	E393_25254	36	species	Escherichia coli	3	2	1	0.960	d_Bacteria;p_Proteobacteria;c_Gammaproteobacteria;o_Enterobacterales;f_Enterobacteriaceae;g_Escherichia;s_Escherichia coli
E393	E393_19331	36	species	Escherichia coli	3	3	2	0.990	d_Bacteria;p_Proteobacteria;c_Gammaproteobacteria;o_Enterobacterales;f_Enterobacteriaceae;g_Escherichia;s_Escherichia coli
E393	E393_18523	36	species	Escherichia coli	2	2	2	1.000	d_Bacteria;p_Proteobacteria;c_Gammaproteobacteria;o_Enterobacterales;f_Enterobacteriaceae;g_Escherichia;s_Escherichia coli
E393	E393_25339	27767	species	Enterobacter asburiae C	2	2	1	0.500	d_Bacteria;p_Proteobacteria;c_Gammaproteobacteria;o_Enterobacterales;f_Enterobacteriaceae;g_Enterobacter;s_Enterobacter asburiae C
E393	E393_3216	36	species	Escherichia coli	5	5	3	0.730	d_Bacteria;p_Proteobacteria;c_Gammaproteobacteria;o_Enterobacterales;f_Enterobacteriaceae;g_Escherichia;s_Escherichia coli
E393	E393_19766	18	species	Klebsiella pneumoniae	1	1	1	1.000	d_Bacteria;p_Proteobacteria;c_Gammaproteobacteria;o_Enterobacterales;f_Enterobacteriaceae;g_Klebsiella;s_Klebsiella pneumoniae
E393	E393_22486	36	species	Escherichia coli	2	2	1	0.500	d_Bacteria;p_Proteobacteria;c_Gammaproteobacteria;o_Enterobacterales;f_Enterobacteriaceae;g_Escherichia;s_Escherichia coli
E393	E393_25590	18	species	Klebsiella pneumoniae	2	2	1	0.970	d_Bacteria;p_Proteobacteria;c_Gammaproteobacteria;o_Enterobacterales;f_Enterobacteriaceae;g_Klebsiella;s_Klebsiella pneumoniae
E393	E393_17068	36	species	Escherichia coli	2	2	2	1.000	d_Bacteria;p_Proteobacteria;c_Gammaproteobacteria;o_Enterobacterales;f_Enterobacteriaceae;g_Escherichia;s_Escherichia coli
E393	E393_17132	36	species	Escherichia coli	2	2	1	0.500	d_Bacteria;p_Proteobacteria;c_Gammaproteobacteria;o_Enterobacterales;f_Enterobacteriaceae;g_Escherichia;s_Escherichia coli
E393	E393_2868	36	species	Escherichia coli	8	7	4	0.570	d_Bacteria;p_Proteobacteria;c_Gammaproteobacteria;o_Enterobacterales;f_Enterobacteriaceae;g_Escherichia;s_Escherichia coli
E393	E393_12697	36	species	Escherichia coli	2	2	1	0.500	d_Bacteria;p_Proteobacteria;c_Gammaproteobacteria;o_Enterobacterales;f_Enterobacteriaceae;g_Escherichia;s_Escherichia coli
E393	E393_15321	36	species	Escherichia coli	4	4	4	1.000	d_Bacteria;p_Proteobacteria;c_Gammaproteobacteria;o_Enterobacterales;f_Enterobacteriaceae;g_Escherichia;s_Escherichia coli
E393	E393_2749	36	species	Escherichia coli	7	6	4	0.790	d_Bacteria;p_Proteobacteria;c_Gammaproteobacteria;o_Enterobacterales;f_Enterobacteriaceae;g_Escherichia;s_Escherichia coli
E393	E393_7005	18	species	Klebsiella pneumoniae	4	2	1	0.500	d_Bacteria;p_Proteobacteria;c_Gammaproteobacteria;o_Enterobacterales;f_Enterobacteriaceae;g_Klebsiella;s_Klebsiella pneumoniae
E393	E393_17661	36	species	Escherichia coli	2	2	2	1.000	d_Bacteria;p_Proteobacteria;c_Gammaproteobacteria;o_Enterobacterales;f_Enterobacteriaceae;g_Escherichia;s_Escherichia coli
E393	E393_21853	36	species	Escherichia coli	2	2	1	0.920	d_Bacteria;p_Proteobacteria;c_Gammaproteobacteria;o_Enterobacterales;f_Enterobacteriaceae;g_Escherichia;s_Escherichia coli
E393	E393_18046	18	species	Klebsiella pneumoniae	1	1	1	1.000	d_Bacteria;p_Proteobacteria;c_Gammaproteobacteria;o_Enterobacterales;f_Enterobacteriaceae;g_Klebsiella;s_Klebsiella pneumoniae
E393	E393_22398	36	species	Escherichia coli	1	1	1	1.000	d_Bacteria;p_Proteobacteria;c_Gammaproteobacteria;o_Enterobacterales;f_Enterobacteriaceae;g_Escherichia;s_Escherichia coli
E393	E393_7864	36	species	Escherichia coli	3	2	1	0.980	d_Bacteria;p_Proteobacteria;c_Gammaproteobacteria;o_Enterobacterales;f_Enterobacteriaceae;g_Escherichia;s_Escherichia coli
E393	E393_24929	36	species	Escherichia coli	1	1	1	1.000	d_Bacteria;p_Proteobacteria;c_Gammaproteobacteria;o_Enterobacterales;f_Enterobacteriaceae;g_Escherichia;s_Escherichia coli
E393	E393_5603	36	species	Escherichia coli	9	9	4	0.650	d_Bacteria;p_Proteobacteria;c_Gammaproteobacteria;o_Enterobacterales;f_Enterobacteriaceae;g_Escherichia;s_Escherichia coli
E393	E393_11779	13229	species	Enterobacter cloacae O	2	2	1	0.500	d_Bacteria;p_Proteobacteria;c_Gammaproteobacteria;o_Enterobacterales;f_Enterobacteriaceae;g_Enterobacter;s_Enterobacter cloacae O
E393	E393_20867	18	species	Klebsiella pneumoniae	2	2	2	1.000	d_Bacteria;p_Proteobacteria;c_Gammaproteobacteria;o_Enterobacterales;f_Enterobacteriaceae;g_Klebsiella;s_Klebsiella pneumoniae
E393	E393_8196	36	species	Escherichia coli	3	3	2	0.980	d_Bacteria;p_Proteobacteria;c_Gammaproteobacteria;o_Enterobacterales;f_Enterobacteriaceae;g_Escherichia;s_Escherichia coli
E393	E393_10404	36	species	Escherichia coli	2	1	1	1.000	d_Bacteria;p_Proteobacteria;c_Gammaproteobacteria;o_Enterobacterales;f_Enterobacteriaceae;g_Escherichia;s_Escherichia coli
E393	E393_15620	36	species	Escherichia coli	2	2	1	0.500	d_Bacteria;p_Proteobacteria;c_Gammaproteobacteria;o_Enterobacterales;f_Enterobacteriaceae;g_Escherichia;s_Escherichia coli
E393	E393_17796	36	species	Escherichia coli	2	2	1	0.500	d_Bacteria;p_Proteobacteria;c_Gammaproteobacteria;o_Enterobacterales;f_Enterobacteriaceae;g_Escherichia;s_Escherichia coli
E393	E393_17956	36	species	Escherichia coli	2	2	1	0.500	d_Bacteria;p_Proteobacteria;c_Gammaproteobacteria;o_Enterobacterales;f_Enterobacteriaceae;g_Escherichia;s_Escherichia coli
E393	E393_18340	2301	species	Enterobacter cloacae I	2	2	2	1.000	d_Bacteria;p_Proteobacteria;c_Gammaproteobacteria;o_Enterobacterales;f_Enterobacteriaceae;g_Enterobacter;s_Enterobacter cloacae I
E393	E393_21956	36	species	Escherichia coli	1	1	1	1.000	d_Bacteria;p_Proteobacteria;c_Gammaproteobacteria;o_Enterobacterales;f_Enterobacteriaceae;g_Escherichia;s_Escherichia coli
E393	E393_10478	2301	species	Enterobacter cloacae I	1	1	1	1.000	d_Bacteria;p_Proteobacteria;c_Gammaproteobacteria;o_Enterobacterales;f_Enterobacteriaceae;g_Enterobacter;s_Enterobacter cloacae I
E393	E393_25764	36	species	Escherichia coli	1	1	1	1.000	d_Bacteria;p_Proteobacteria;c_Gammaproteobacteria;o_Enterobacterales;f_Enterobacteriaceae;g_Escherichia;s_Escherichia coli
E393	E393_25988	36	species	Escherichia coli	2	2	2	1.000	d_Bacteria;p_Proteobacteria;c_Gammaproteobacteria;o_Enterobacterales;f_Enterobacteriaceae;g_Escherichia;s_Escherichia coli
E393	E393_10981	36	species	Escherichia coli	3	2	1	0.500	d_Bacteria;p_Proteobacteria;c_Gammaproteobacteria;o_Enterobacterales;f_Enterobacteriaceae;g_Escherichia;s_Escherichia coli
E393	E393_13509	36	species	Escherichia coli	3	3	3	1.000	d_Bacteria;p_Proteobacteria;c_Gammaproteobacteria;o_Enterobacterales;f_Enterobacteriaceae;g_Escherichia;s_Escherichia coli
E393	E393_15269	36	species	Escherichia coli	2	2	2	1.000	d_Bacteria;p_Proteobacteria;c_Gammaproteobacteria;o_Enterobacterales;f_Enterobacteriaceae;g_Escherichia;s_Escherichia coli
E393	E393_25386	36	species	Escherichia coli	2	2	1	0.500	d_Bacteria;p_Proteobacteria;c_Gammaproteobacteria;o_Enterobacterales;f_Enterobacteriaceae;g_Escherichia;s_Escherichia coli
E393	E393_26090	36	species	Escherichia coli	2	2	1	0.500	d_Bacteria;p_Proteobacteria;c_Gammaproteobacteria;o_Enterobacterales;f_Enterobacteriaceae;g_Escherichia;s_Escherichia coli
E393	E393_14119	36	species	Escherichia coli	3	2	1	0.500	d_Bacteria;p_Proteobacteria;c_Gammaproteobacteria;o_Enterobacterales;f_Enterobacteriaceae;g_Escherichia;s_Escherichia coli
E393	E393_11936	18	species	Klebsiella pneumoniae	2	2	2	1.000	d_Bacteria;p_Proteobacteria;c_Gammaproteobacteria;o_Enterobacterales;f_Enterobacteriaceae;g_Klebsiella;s_Klebsiella pneumoniae
E393	E393_3469	36	species	Escherichia coli	8	7	3	0.720	d_Bacteria;p_Proteobacteria;c_Gammaproteobacteria;o_Enterobacterales;f_Enterobacteriaceae;g_Escherichia;s_Escherichia coli
E393	E393_7565	36	species	Escherichia coli	4	4	4	1.000	d_Bacteria;p_Proteobacteria;c_Gammaproteobacteria;o_Enterobacterales;f_Enterobacteriaceae;g_Escherichia;s_Escherichia coli
E393	E393_12961	36	species	Escherichia coli	2	2	2	1.000	d_Bacteria;p_Proteobacteria;c_Gammaproteobacteria;o_Enterobacterales;f_Enterobacteriaceae;g_Escherichia;s_Escherichia coli
E393	E393_14337	18	species	Klebsiella pneumoniae	2	2	2	1.000	d_Bacteria;p_Proteobacteria;c_Gammaproteobacteria;o_Enterobacterales;f_Enterobacteriaceae;g_Klebsiella;s_Klebsiella pneumoniae
E393	E393_3210	36	species	Escherichia coli	6	6	4	0.600	d_Bacteria;p_Proteobacteria;c_Gammaproteobacteria;o_Enterobacterales;f_Enterobacteriaceae;g_Escherichia;s_Escherichia coli
E393	E393_4266	36	species	Escherichia coli	6	6	4	0.800	d_Bacteria;p_Proteobacteria;c_Gammaproteobacteria;o_Enterobacterales;f_Enterobacteriaceae;g_Escherichia;s_Escherichia coli
E393	E393_10090	36	species	Escherichia coli	3	2	1	0.500	d_Bacteria;p_Proteobacteria;c_Gammaproteobacteria;o_Enterobacterales;f_Enterobacteriaceae;g_Escherichia;s_Escherichia coli
E393	E393_19516	36	species	Escherichia coli	1	1	1	1.000	d_Bacteria;p_Proteobacteria;c_Gammaproteobacteria;o_Enterobacterales;f_Enterobacteriaceae;g_Escherichia;s_Escherichia coli
E393	E393_26044	18	species	Klebsiella pneumoniae	1	1	1	1.000	d_Bacteria;p_Proteobacteria;c_Gammaproteobacteria;o_Enterobacterales;f_Enterobacteriaceae;g_Klebsiella;s_Klebsiella pneumoniae
E393	E393_5119	36	species	Escherichia coli	6	6	3	0.500	d_Bacteria;p_Proteobacteria;c_Gammaproteobacteria;o_Enterobacterales;f_Enterobacteriaceae;g_Escherichia;s_Escherichia coli
E393	E393_5631	36	species	Escherichia coli	7	4	1	0.940	d_Bacteria;p_Proteobacteria;c_Gammaproteobacteria;o_Enterobacterales;f_Enterobacteriaceae;g_Escherichia;s_Escherichia coli
E393	E393_11071	36	species	Escherichia coli	3	3	2	0.670	d_Bacteria;p_Proteobacteria;c_Gammaproteobacteria;o_Enterobacterales;f_Enterobacteriaceae;g_Escherichia;s_Escherichia coli
E393	E393_18079	36	species	Escherichia coli	2	2	2	1.000	d_Bacteria;p_Proteobacteria;c_Gammaproteobacteria;o_Enterobacterales;f_Enterobacteriaceae;g_Escherichia;s_Escherichia coli
E393	E393_19479	36	species	Escherichia coli	2	2	2	1.000	d_Bacteria;p_Proteobacteria;c_Gammaproteobacteria;o_Enterobacterales;f_Enterobacteriaceae;g_Escherichia;s_Escherichia coli
E393	E393_19927	18	species	Klebsiella pneumoniae	2	2	2	1.000	d_Bacteria;p_Proteobacteria;c_Gammaproteobacteria;o_Enterobacterales;f_Enterobacteriaceae;g_Klebsiella;s_Klebsiella pneumoniae
E393	E393_21281	36	species	Escherichia coli	1	1	1	1.000	d_Bacteria;p_Proteobacteria;c_Gammaproteobacteria;o_Enterobacterales;f_Enterobacteriaceae;g_Escherichia;s_Escherichia coli
E393	E393_4355	36	species	Escherichia coli	6	5	4	0.800	d_Bacteria;p_Proteobacteria;c_Gammaproteobacteria;o_Enterobacterales;f_Enterobacteriaceae;g_Escherichia;s_Escherichia coli
E393	E393_6659	36	species	Escherichia coli	4	4	4	1.000	d_Bacteria;p_Proteobacteria;c_Gammaproteobacteria;o_Enterobacterales;f_Enterobacteriaceae;g_Escherichia;s_Escherichia coli
E393	E393_6284	36	species	Escherichia coli	6	5	2	0.650	d_Bacteria;p_Proteobacteria;c_Gammaproteobacteria;o_Enterobacterales;f_Enterobacteriaceae;g_Escherichia;s_Escherichia coli
E393	E393_4148	36	species	Escherichia coli	4	3	2	0.670	d_Bacteria;p_Proteobacteria;c_Gammaproteobacteria;o_Enterobacterales;f_Enterobacteriaceae;g_Escherichia;s_Escherichia coli
E393	E393_5492	36	species	Escherichia coli	4	4	2	0.660	d_Bacteria;p_Proteobacteria;c_Gammaproteobacteria;o_Enterobacterales;f_Enterobacteriaceae;g_Escherichia;s_Escherichia coli
E393	E393_6260	36	species	Escherichia coli	7	7	2	0.630	d_Bacteria;p_Proteobacteria;c_Gammaproteobacteria;o_Enterobacterales;f_Enterobacteriaceae;g_Escherichia;s_Escherichia coli
E393	E393_15685	36	species	Escherichia coli	4	4	2	0.650	d_Bacteria;p_Proteobacteria;c_Gammaproteobacteria;o_Enterobacterales;f_Enterobacteriaceae;g_Escherichia;s_Escherichia coli
E393	E393_15662	36	species	Escherichia coli	9	8	1	0.750	d_Bacteria;p_Proteobacteria;c_Gammaproteobacteria;o_Enterobacterales;f_Enterobacteriaceae;g_Escherichia;s_Escherichia coli
E393	E393_23758	36	species	Escherichia coli	2	1	1	1.000	d_Bacteria;p_Proteobacteria;c_Gammaproteobacteria;o_Enterobacterales;f_Enterobacteriaceae;g_Escherichia;s_Escherichia coli
E393	E393_1807	36	species	Escherichia coli	10	8	4	0.570	d_Bacteria;p_Proteobacteria;c_Gammaproteobacteria;o_Enterobacterales;f_Enterobacteriaceae;g_Escherichia;s_Escherichia coli
E393	E393_2031	36	species	Escherichia coli	10	10	7	0.860	d_Bacteria;p_Proteobacteria;c_Gammaproteobacteria;o_Enterobacterales;f_Enterobacteriaceae;g_Escherichia;s_Escherichia coli
E393	E393_19184	36	species	Escherichia coli	3	3	2	0.520	d_Bacteria;p_Proteobacteria;c_Gammaproteobacteria;o_Enterobacterales;f_Enterobacteriaceae;g_Escherichia;s_Escherichia coli
E393	E393_21264	36	species	Escherichia coli	2	1	1	1.000	d_Bacteria;p_Proteobacteria;c_Gammaproteobacteria;o_Enterobacterales;f_Enterobacteriaceae;g_Escherichia;s_Escherichia coli
E393	E393_21584	18	species	Klebsiella pneumoniae	1	1	1	1.000	d_Bacteria;p_Proteobacteria;c_Gammaproteobacteria;o_Enterobacterales;f_Enterobacteriaceae;g_Klebsiella;s_Klebsiella pneumoniae
E393	E393_22864	36	species	Escherichia coli	4	4	1	0.910	d_Bacteria;p_Proteobacteria;c_Gammaproteobacteria;o_Enterobacterales;f_Enterobacteriaceae;g_Escherichia;s_Escherichia coli
E399	E399_20571	2301	species	Enterobacter cloacae I	1	1	1	1.000	d_Bacteria;p_Proteobacteria;c_Gammaproteobacteria;o_Enterobacterales;f_Enterobacteriaceae;g_Enterobacter;s_Enterobacter cloacae I
E399	E399_20038	55282	species	Enterobacter sp013927005	8	7	1	0.730	d_Bacteria;p_Proteobacteria;c_Gammaproteobacteria;o_Enterobacterales;f_Enterobacteriaceae;g_Enterobacter;s_Enterobacter sp013927005
E399	E399_7565	35	species	Acinetobacter baumannii	2	2	1	0.500	d_Bacteria;p_Proteobacteria;c_Gammaproteobacteria;o_Pseudomonadales;f_Moraxellaceae;g_Acinetobacter;s_Acinetobacter baumannii
E399	E399_24303	17704	species	Enterobacter cloacae P	4	3	1	0.890	d_Bacteria;p_Proteobacteria;c_Gammaproteobacteria;o_Enterobacterales;f_Enterobacteriaceae;g_Enterobacter;s_Enterobacter cloacae P
E399	E399_10557	35	species	Acinetobacter baumannii	2	2	1	0.500	d_Bacteria;p_Proteobacteria;c_Gammaproteobacteria;o_Pseudomonadales;f_Moraxellaceae;g_Acinetobacter;s_Acinetobacter baumannii
E399	E399_24302	3256	species	Enterobacter quasihormaechei	2	2	1	0.930	d_Bacteria;p_Proteobacteria;c_Gammaproteobacteria;o_Enterobacterales;f_Enterobacteriaceae;g_Enterobacter;s_Enterobacter quasihormaechei
E399	E399_23439	35	species	Acinetobacter baumannii	1	1	1	1.000	d_Bacteria;p_Proteobacteria;c_Gammaproteobacteria;o_Pseudomonadales;f_Moraxellaceae;g_Acinetobacter;s_Acinetobacter baumannii
E399	E399_15807	2301	species	Enterobacter cloacae I	3	3	1	0.900	d_Bacteria;p_Proteobacteria;c_Gammaproteobacteria;o_Enterobacterales;f_Enterobacteriaceae;g_Enterobacter;s_Enterobacter cloacae I
E399	E399_15626	35	species	Acinetobacter baumannii	4	4	3	0.520	d_Bacteria;p_Proteobacteria;c_Gammaproteobacteria;o_Pseudomonadales;f_Moraxellaceae;g_Acinetobacter;s_Acinetobacter baumannii
E399	E399_5227	35	species	Acinetobacter baumannii	4	4	4	1.000	d_Bacteria;p_Proteobacteria;c_Gammaproteobacteria;o_Pseudomonadales;f_Moraxellaceae;g_Acinetobacter;s_Acinetobacter baumannii
E401	E401_23763	7907	species	Enterobacter soli	1	1	1	1.000	d_Bacteria;p_Proteobacteria;c_Gammaproteobacteria;o_Enterobacterales;f_Enterobacteriaceae;g_Enterobacter;s_Enterobacter soli
E401	E401_15729	287	species	Enterobacter cloacae	1	1	1	1.000	d_Bacteria;p_Proteobacteria;c_Gammaproteobacteria;o_Enterobacterales;f_Enterobacteriaceae;g_Enterobacter;s_Enterobacter cloacae
E405	E405_14234	36	species	Escherichia coli	2	1	1	1.000	d_Bacteria;p_Proteobacteria;c_Gammaproteobacteria;o_Enterobacterales;f_Enterobacteriaceae;g_Escherichia;s_Escherichia coli
E405	E405_14399	2301	species	Enterobacter cloacae I	3	3	1	0.890	d_Bacteria;p_Proteobacteria;c_Gammaproteobacteria;o_Enterobacterales;f_Enterobacteriaceae;g_Enterobacter;s_Enterobacter cloacae I
E405	E405_25535	36	species	Escherichia coli	3	3	1	0.860	d_Bacteria;p_Proteobacteria;c_Gammaproteobacteria;o_Enterobacterales;f_Enterobacteriaceae;g_Escherichia;s_Escherichia coli
E405	E405_16163	36	species	Escherichia coli	2	2	1	0.500	d_Bacteria;p_Proteobacteria;c_Gammaproteobacteria;o_Enterobacterales;f_Enterobacteriaceae;g_Escherichia;s_Escherichia coli
E405	E405_23522	36	species	Escherichia coli	1	1	1	1.000	d_Bacteria;p_Proteobacteria;c_Gammaproteobacteria;o_Enterobacterales;f_Enterobacteriaceae;g_Escherichia;s_Escherichia coli
E405	E405_24802	36	species	Escherichia coli	1	1	1	1.000	d_Bacteria;p_Proteobacteria;c_Gammaproteobacteria;o_Enterobacterales;f_Enterobacteriaceae;g_Escherichia;s_Escherichia coli
E405	E405_16995	36	species	Escherichia coli	3	1	1	1.000	d_Bacteria;p_Proteobacteria;c_Gammaproteobacteria;o_Enterobacterales;f_Enterobacteriaceae;g_Escherichia;s_Escherichia coli
E405	E405_23826	36	species	Escherichia coli	2	2	1	0.950	d_Bacteria;p_Proteobacteria;c_Gammaproteobacteria;o_Enterobacterales;f_Enterobacteriaceae;g_Escherichia;s_Escherichia coli
E405	E405_17843	27767	species	Enterobacter asburiae C	2	1	1	1.000	d_Bacteria;p_Proteobacteria;c_Gammaproteobacteria;o_Enterobacterales;f_Enterobacteriaceae;g_Enterobacter;s_Enterobacter asburiae C
E405	E405_25363	36	species	Escherichia coli	2	1	1	1.000	d_Bacteria;p_Proteobacteria;c_Gammaproteobacteria;o_Enterobacterales;f_Enterobacteriaceae;g_Escherichia;s_Escherichia coli
E405	E405_9994	35	species	Acinetobacter baumannii	3	3	3	1.000	d_Bacteria;p_Proteobacteria;c_Gammaproteobacteria;o_Pseudomonadales;f_Moraxellaceae;g_Acinetobacter;s_Acinetobacter baumannii
E405	E405_18165	36	species	Escherichia coli	3	1	1	1.000	d_Bacteria;p_Proteobacteria;c_Gammaproteobacteria;o_Enterobacterales;f_Enterobacteriaceae;g_Escherichia;s_Escherichia coli
E405	E405_16513	35	species	Acinetobacter baumannii	1	1	1	1.000	d_Bacteria;p_Proteobacteria;c_Gammaproteobacteria;o_Pseudomonadales;f_Moraxellaceae;g_Acinetobacter;s_Acinetobacter baumannii
E405	E405_18736	2301	species	Enterobacter cloacae I	1	1	1	1.000	d_Bacteria;p_Proteobacteria;c_Gammaproteobacteria;o_Enterobacterales;f_Enterobacteriaceae;g_Enterobacter;s_Enterobacter cloacae I
E405	E405_20944	36	species	Escherichia coli	2	2	1	0.980	d_Bacteria;p_Proteobacteria;c_Gammaproteobacteria;o_Enterobacterales;f_Enterobacteriaceae;g_Escherichia;s_Escherichia coli
E405	E405_16042	36	species	Escherichia coli	2	2	1	0.500	d_Bacteria;p_Proteobacteria;c_Gammaproteobacteria;o_Enterobacterales;f_Enterobacteriaceae;g_Escherichia;s_Escherichia coli
E405	E405_16860	36	species	Escherichia coli	3	1	1	1.000	d_Bacteria;p_Proteobacteria;c_Gammaproteobacteria;o_Enterobacterales;f_Enterobacteriaceae;g_Escherichia;s_Escherichia coli
E405	E405_15136	36	species	Escherichia coli	3	3	1	0.870	d_Bacteria;p_Proteobacteria;c_Gammaproteobacteria;o_Enterobacterales;f_Enterobacteriaceae;g_Escherichia;s_Escherichia coli
E405	E405_22071	36	species	Escherichia coli	2	2	1	0.500	d_Bacteria;p_Proteobacteria;c_Gammaproteobacteria;o_Enterobacterales;f_Enterobacteriaceae;g_Escherichia;s_Escherichia coli
E405	E405_15437	36	species	Escherichia coli	2	1	1	1.000	d_Bacteria;p_Proteobacteria;c_Gammaproteobacteria;o_Enterobacterales;f_Enterobacteriaceae;g_Escherichia;s_Escherichia coli
E405	E405_19949	36	species	Escherichia coli	2	2	1	0.500	d_Bacteria;p_Proteobacteria;c_Gammaproteobacteria;o_Enterobacterales;f_Enterobacteriaceae;g_Escherichia;s_Escherichia coli
E405	E405_25325	36	species	Escherichia coli	3	2	1	0.950	d_Bacteria;p_Proteobacteria;c_Gammaproteobacteria;o_Enterobacterales;f_Enterobacteriaceae;g_Escherichia;s_Escherichia coli
E405	E405_25678	35	species	Acinetobacter baumannii	1	1	1	1.000	d_Bacteria;p_Proteobacteria;c_Gammaproteobacteria;o_Pseudomonadales;f_Moraxellaceae;g_Acinetobacter;s_Acinetobacter baumannii
E405	E405_22340	36	species	Escherichia coli	2	2	1	0.970	d_Bacteria;p_Proteobacteria;c_Gammaproteobacteria;o_Enterobacterales;f_Enterobacteriaceae;g_Escherichia;s_Escherichia coli
E405	E405_24446	36	species	Escherichia coli	2	2	1	0.500	d_Bacteria;p_Proteobacteria;c_Gammaproteobacteria;o_Enterobacterales;f_Enterobacteriaceae;g_Escherichia;s_Escherichia coli
E408	E408_4468	2301	species	Enterobacter cloacae I	3	3	1	0.890	d_Bacteria;p_Proteobacteria;c_Gammaproteobacteria;o_Enterobacterales;f_Enterobacteriaceae;g_Enterobacter;s_Enterobacter cloacae I
E408	E408_7003	13229	species	Enterobacter cloacae O	2	2	1	0.500	d_Bacteria;p_Proteobacteria;c_Gammaproteobacteria;o_Enterobacterales;f_Enterobacteriaceae;g_Enterobacter;s_Enterobacter cloacae O
E411	E411_21581	36	species	Escherichia coli	2	2	1	0.500	d_Bacteria;p_Proteobacteria;c_Gammaproteobacteria;o_Enterobacterales;f_Enterobacteriaceae;g_Escherichia;s_Escherichia coli
E411	E411_8110	36	species	Escherichia coli	3	3	2	0.670	d_Bacteria;p_Proteobacteria;c_Gammaproteobacteria;o_Enterobacterales;f_Enterobacteriaceae;g_Escherichia;s_Escherichia coli
E411	E411_11150	36	species	Escherichia coli	2	2	1	0.500	d_Bacteria;p_Proteobacteria;c_Gammaproteobacteria;o_Enterobacterales;f_Enterobacteriaceae;g_Escherichia;s_Escherichia coli
E411	E411_13870	36	species	Escherichia coli	3	2	1	0.500	d_Bacteria;p_Proteobacteria;c_Gammaproteobacteria;o_Enterobacterales;f_Enterobacteriaceae;g_Escherichia;s_Escherichia coli
E411	E411_18670	36	species	Escherichia coli	2	2	1	0.940	d_Bacteria;p_Proteobacteria;c_Gammaproteobacteria;o_Enterobacterales;f_Enterobacteriaceae;g_Escherichia;s_Escherichia coli
E411	E411_21518	36	species	Escherichia coli	2	2	1	0.930	d_Bacteria;p_Proteobacteria;c_Gammaproteobacteria;o_Enterobacterales;f_Enterobacteriaceae;g_Escherichia;s_Escherichia coli
E411	E411_9167	36	species	Escherichia coli	3	3	1	0.920	d_Bacteria;p_Proteobacteria;c_Gammaproteobacteria;o_Enterobacterales;f_Enterobacteriaceae;g_Escherichia;s_Escherichia coli
E411	E411_9040	36	species	Escherichia coli	4	2	1	0.980	d_Bacteria;p_Proteobacteria;c_Gammaproteobacteria;o_Enterobacterales;f_Enterobacteriaceae;g_Escherichia;s_Escherichia coli
E411	E411_18768	36	species	Escherichia coli	2	2	1	0.910	d_Bacteria;p_Proteobacteria;c_Gammaproteobacteria;o_Enterobacterales;f_Enterobacteriaceae;g_Escherichia;s_Escherichia coli
E411	E411_18960	36	species	Escherichia coli	1	1	1	1.000	d_Bacteria;p_Proteobacteria;c_Gammaproteobacteria;o_Enterobacterales;f_Enterobacteriaceae;g_Escherichia;s_Escherichia coli
E411	E411_14193	36	species	Escherichia coli	2	2	1	0.500	d_Bacteria;p_Proteobacteria;c_Gammaproteobacteria;o_Enterobacterales;f_Enterobacteriaceae;g_Escherichia;s_Escherichia coli
E411	E411_18417	36	species	Escherichia coli	2	2	1	0.500	d_Bacteria;p_Proteobacteria;c_Gammaproteobacteria;o_Enterobacterales;f_Enterobacteriaceae;g_Escherichia;s_Escherichia coli
E411	E411_10674	36	species	Escherichia coli	2	2	1	0.500	d_Bacteria;p_Proteobacteria;c_Gammaproteobacteria;o_Enterobacterales;f_Enterobacteriaceae;g_Escherichia;s_Escherichia coli
E411	E411_15890	36	species	Escherichia coli	3	3	2	0.670	d_Bacteria;p_Proteobacteria;c_Gammaproteobacteria;o_Enterobacterales;f_Enterobacteriaceae;g_Escherichia;s_Escherichia coli
E411	E411_20978	36	species	Escherichia coli	2	2	2	1.000	d_Bacteria;p_Proteobacteria;c_Gammaproteobacteria;o_Enterobacterales;f_Enterobacteriaceae;g_Escherichia;s_Escherichia coli
E411	E411_6099	36	species	Escherichia coli	5	4	1	0.900	d_Bacteria;p_Proteobacteria;c_Gammaproteobacteria;o_Enterobacterales;f_Enterobacteriaceae;g_Escherichia;s_Escherichia coli
E411	E411_7923	36	species	Escherichia coli	3	2	1	0.950	d_Bacteria;p_Proteobacteria;c_Gammaproteobacteria;o_Enterobacterales;f_Enterobacteriaceae;g_Escherichia;s_Escherichia coli
E411	E411_16787	36	species	Escherichia coli	2	2	1	0.500	d_Bacteria;p_Proteobacteria;c_Gammaproteobacteria;o_Enterobacterales;f_Enterobacteriaceae;g_Escherichia;s_Escherichia coli
E411	E411_17715	36	species	Escherichia coli	2	2	1	0.940	d_Bacteria;p_Proteobacteria;c_Gammaproteobacteria;o_Enterobacterales;f_Enterobacteriaceae;g_Escherichia;s_Escherichia coli
E411	E411_10900	36	species	Escherichia coli	3	2	1	0.950	d_Bacteria;p_Proteobacteria;c_Gammaproteobacteria;o_Enterobacterales;f_Enterobacteriaceae;g_Escherichia;s_Escherichia coli
E411	E411_12404	36	species	Escherichia coli	3	2	1	0.960	d_Bacteria;p_Proteobacteria;c_Gammaproteobacteria;o_Enterobacterales;f_Enterobacteriaceae;g_Escherichia;s_Escherichia coli
E411	E411_9414	36	species	Escherichia coli	4	3	1	0.960	d_Bacteria;p_Proteobacteria;c_Gammaproteobacteria;o_Enterobacterales;f_Enterobacteriaceae;g_Escherichia;s_Escherichia coli
E411	E411_10726	36	species	Escherichia coli	4	3	2	0.920	d_Bacteria;p_Proteobacteria;c_Gammaproteobacteria;o_Enterobacterales;f_Enterobacteriaceae;g_Escherichia;s_Escherichia coli
E411	E411_2622	36	species	Escherichia coli	4	3	2	0.670	d_Bacteria;p_Proteobacteria;c_Gammaproteobacteria;o_Enterobacterales;f_Enterobacteriaceae;g_Escherichia;s_Escherichia coli
E411	E411_16826	36	species	Escherichia coli	2	2	1	0.500	d_Bacteria;p_Proteobacteria;c_Gammaproteobacteria;o_Enterobacterales;f_Enterobacteriaceae;g_Escherichia;s_Escherichia coli
E411	E411_20122	36	species	Escherichia coli	2	2	2	1.000	d_Bacteria;p_Proteobacteria;c_Gammaproteobacteria;o_Enterobacterales;f_Enterobacteriaceae;g_Escherichia;s_Escherichia coli
E411	E411_21850	36	species	Escherichia coli	2	2	1	0.500	d_Bacteria;p_Proteobacteria;c_Gammaproteobacteria;o_Enterobacterales;f_Enterobacteriaceae;g_Escherichia;s_Escherichia coli
E411	E411_10272	36	species	Escherichia coli	2	2	1	0.500	d_Bacteria;p_Proteobacteria;c_Gammaproteobacteria;o_Enterobacterales;f_Enterobacteriaceae;g_Escherichia;s_Escherichia coli
E411	E411_8444	36	species	Escherichia coli	5	4	2	0.660	d_Bacteria;p_Proteobacteria;c_Gammaproteobacteria;o_Enterobacterales;f_Enterobacteriaceae;g_Escherichia;s_Escherichia coli
E411	E411_10876	36	species	Escherichia coli	2	2	1	0.500	d_Bacteria;p_Proteobacteria;c_Gammaproteobacteria;o_Enterobacterales;f_Enterobacteriaceae;g_Escherichia;s_Escherichia coli
E411	E411_18908	36	species	Escherichia coli	4	4	2	0.500	d_Bacteria;p_Proteobacteria;c_Gammaproteobacteria;o_Enterobacterales;f_Enterobacteriaceae;g_Escherichia;s_Escherichia coli
E411	E411_18363	36	species	Escherichia coli	2	2	2	1.000	d_Bacteria;p_Proteobacteria;c_Gammaproteobacteria;o_Enterobacterales;f_Enterobacteriaceae;g_Escherichia;s_Escherichia coli
E411	E411_19035	36	species	Escherichia coli	2	1	1	1.000	d_Bacteria;p_Proteobacteria;c_Gammaproteobacteria;o_Enterobacterales;f_Enterobacteriaceae;g_Escherichia;s_Escherichia coli
E411	E411_14140	36	species	Escherichia coli	3	3	1	0.950	d_Bacteria;p_Proteobacteria;c_Gammaproteobacteria;o_Enterobacterales;f_Enterobacteriaceae;g_Escherichia;s_Escherichia coli
E411	E411_17623	36	species	Escherichia coli	2	2	1	0.500	d_Bacteria;p_Proteobacteria;c_Gammaproteobacteria;o_Enterobacterales;f_Enterobacteriaceae;g_Escherichia;s_Escherichia coli
E411	E411_18583	36	species	Escherichia coli	4	3	1	0.930	d_Bacteria;p_Proteobacteria;c_Gammaproteobacteria;o_Enterobacterales;f_Enterobacteriaceae;g_Escherichia;s_Escherichia coli
E411	E411_20887	36	species	Escherichia coli	3	3	1	0.890	d_Bacteria;p_Proteobacteria;c_Gammaproteobacteria;o_Enterobacterales;f_Enterobacteriaceae;g_Escherichia;s_Escherichia coli
E411	E411_16968	36	species	Escherichia coli	4	4	2	0.960	d_Bacteria;p_Proteobacteria;c_Gammaproteobacteria;o_Enterobacterales;f_Enterobacteriaceae;g_Escherichia;s_Escherichia coli
E411	E411_11620	36	species	Escherichia coli	5	4	2	0.660	d_Bacteria;p_Proteobacteria;c_Gammaproteobacteria;o_Enterobacterales;f_Enterobacteriaceae;g_Escherichia;s_Escherichia coli
E411	E411_14491	36	species	Escherichia coli	1	1	1	1.000	d_Bacteria;p_Proteobacteria;c_Gammaproteobacteria;o_Enterobacterales;f_Enterobacteriaceae;g_Escherichia;s_Escherichia coli
E411	E411_13752	36	species	Escherichia coli	4	3	1	0.930	d_Bacteria;p_Proteobacteria;c_Gammaproteobacteria;o_Enterobacterales;f_Enterobacteriaceae;g_Escherichia;s_Escherichia coli
E411	E411_14520	36	species	Escherichia coli	2	2	1	0.500	d_Bacteria;p_Proteobacteria;c_Gammaproteobacteria;o_Enterobacterales;f_Enterobacteriaceae;g_Escherichia;s_Escherichia coli
E411	E411_19800	36	species	Escherichia coli	3	3	1	0.910	d_Bacteria;p_Proteobacteria;c_Gammaproteobacteria;o_Enterobacterales;f_Enterobacteriaceae;g_Escherichia;s_Escherichia coli
E411	E411_20376	36	species	Escherichia coli	3	3	1	0.920	d_Bacteria;p_Proteobacteria;c_Gammaproteobacteria;o_Enterobacterales;f_Enterobacteriaceae;g_Escherichia;s_Escherichia coli
E411	E411_20728	36	species	Escherichia coli	1	1	1	1.000	d_Bacteria;p_Proteobacteria;c_Gammaproteobacteria;o_Enterobacterales;f_Enterobacteriaceae;g_Escherichia;s_Escherichia coli
E411	E411_9977	36	species	Escherichia coli	3	3	2	0.510	d_Bacteria;p_Proteobacteria;c_Gammaproteobacteria;o_Enterobacterales;f_Enterobacteriaceae;g_Escherichia;s_Escherichia coli
E411	E411_13305	36	species	Escherichia coli	4	4	1	0.850	d_Bacteria;p_Proteobacteria;c_Gammaproteobacteria;o_Enterobacterales;f_Enterobacteriaceae;g_Escherichia;s_Escherichia coli
E411	E411_14041	36	species	Escherichia coli	2	2	1	0.500	d_Bacteria;p_Proteobacteria;c_Gammaproteobacteria;o_Enterobacterales;f_Enterobacteriaceae;g_Escherichia;s_Escherichia coli
E411	E411_15033	36	species	Escherichia coli	2	2	1	0.500	d_Bacteria;p_Proteobacteria;c_Gammaproteobacteria;o_Enterobacterales;f_Enterobacteriaceae;g_Escherichia;s_Escherichia coli
E411	E411_16345	36	species	Escherichia coli	2	2	1	0.930	d_Bacteria;p_Proteobacteria;c_Gammaproteobacteria;o_Enterobacterales;f_Enterobacteriaceae;g_Escherichia;s_Escherichia coli
E411	E411_19065	36	species	Escherichia coli	1	1	1	1.000	d_Bacteria;p_Proteobacteria;c_Gammaproteobacteria;o_Enterobacterales;f_Enterobacteriaceae;g_Escherichia;s_Escherichia coli
E411	E411_15107	36	species	Escherichia coli	2	2	1	0.500	d_Bacteria;p_Proteobacteria;c_Gammaproteobacteria;o_Enterobacterales;f_Enterobacteriaceae;g_Escherichia;s_Escherichia coli
E411	E411_9002	36	species	Escherichia coli	2	2	1	0.500	d_Bacteria;p_Proteobacteria;c_Gammaproteobacteria;o_Enterobacterales;f_Enterobacteriaceae;g_Escherichia;s_Escherichia coli
E411	E411_9994	1853	species	Enterobacter asburiae	1	1	1	1.000	d_Bacteria;p_Proteobacteria;c_Gammaproteobacteria;o_Enterobacterales;f_Enterobacteriaceae;g_Enterobacter;s_Enterobacter asburiae
E411	E411_12618	36	species	Escherichia coli	3	3	2	0.980	d_Bacteria;p_Proteobacteria;c_Gammaproteobacteria;o_Enterobacterales;f_Enterobacteriaceae;g_Escherichia;s_Escherichia coli
E411	E411_14026	36	species	Escherichia coli	2	2	1	0.940	d_Bacteria;p_Proteobacteria;c_Gammaproteobacteria;o_Enterobacterales;f_Enterobacteriaceae;g_Escherichia;s_Escherichia coli
E411	E411_14282	36	species	Escherichia coli	2	2	1	0.500	d_Bacteria;p_Proteobacteria;c_Gammaproteobacteria;o_Enterobacterales;f_Enterobacteriaceae;g_Escherichia;s_Escherichia coli
E411	E411_9512	409	species	Enterobacter ludwigii	4	3	1	0.940	d_Bacteria;p_Proteobacteria;c_Gammaproteobacteria;o_Enterobacterales;f_Enterobacteriaceae;g_Enterobacter;s_Enterobacter ludwigii
E411	E411_16104	36	species	Escherichia coli	2	2	1	0.960	d_Bacteria;p_Proteobacteria;c_Gammaproteobacteria;o_Enterobacterales;f_Enterobacteriaceae;g_Escherichia;s_Escherichia coli
E411	E411_17224	36	species	Escherichia coli	4	4	1	0.810	d_Bacteria;p_Proteobacteria;c_Gammaproteobacteria;o_Enterobacterales;f_Enterobacteriaceae;g_Escherichia;s_Escherichia coli
E411	E411_19240	36	species	Escherichia coli	2	2	2	1.000	d_Bacteria;p_Proteobacteria;c_Gammaproteobacteria;o_Enterobacterales;f_Enterobacteriaceae;g_Escherichia;s_Escherichia coli
E411	E411_10825	36	species	Escherichia coli	2	2	1	0.500	d_Bacteria;p_Proteobacteria;c_Gammaproteobacteria;o_Enterobacterales;f_Enterobacteriaceae;g_Escherichia;s_Escherichia coli
E411	E411_11433	36	species	Escherichia coli	1	1	1	1.000	d_Bacteria;p_Proteobacteria;c_Gammaproteobacteria;o_Enterobacterales;f_Enterobacteriaceae;g_Escherichia;s_Escherichia coli
E411	E411_14473	36	species	Escherichia coli	3	2	1	0.500	d_Bacteria;p_Proteobacteria;c_Gammaproteobacteria;o_Enterobacterales;f_Enterobacteriaceae;g_Escherichia;s_Escherichia coli
E411	E411_15721	36	species	Escherichia coli	2	2	1	0.500	d_Bacteria;p_Proteobacteria;c_Gammaproteobacteria;o_Enterobacterales;f_Enterobacteriaceae;g_Escherichia;s_Escherichia coli
E411	E411_5634	36	species	Escherichia coli	7	6	2	0.950	d_Bacteria;p_Proteobacteria;c_Gammaproteobacteria;o_Enterobacterales;f_Enterobacteriaceae;g_Escherichia;s_Escherichia coli
E411	E411_3675	36	species	Escherichia coli	4	4	2	0.500	d_Bacteria;p_Proteobacteria;c_Gammaproteobacteria;o_Enterobacterales;f_Enterobacteriaceae;g_Escherichia;s_Escherichia coli
E411	E411_12901	36	species	Escherichia coli	3	3	2	0.720	d_Bacteria;p_Proteobacteria;c_Gammaproteobacteria;o_Enterobacterales;f_Enterobacteriaceae;g_Escherichia;s_Escherichia coli
E411	E411_13061	36	species	Escherichia coli	4	2	1	0.940	d_Bacteria;p_Proteobacteria;c_Gammaproteobacteria;o_Enterobacterales;f_Enterobacteriaceae;g_Escherichia;s_Escherichia coli
E411	E411_13573	36	species	Escherichia coli	3	3	2	0.510	d_Bacteria;p_Proteobacteria;c_Gammaproteobacteria;o_Enterobacterales;f_Enterobacteriaceae;g_Escherichia;s_Escherichia coli
E411	E411_5126	35	species	Acinetobacter baumannii	3	3	3	1.000	d_Bacteria;p_Proteobacteria;c_Gammaproteobacteria;o_Pseudomonadales;f_Moraxellaceae;g_Acinetobacter;s_Acinetobacter baumannii
E411	E411_6406	36	species	Escherichia coli	4	4	2	0.660	d_Bacteria;p_Proteobacteria;c_Gammaproteobacteria;o_Enterobacterales;f_Enterobacteriaceae;g_Escherichia;s_Escherichia coli
E411	E411_15427	36	species	Escherichia coli	2	2	1	0.500	d_Bacteria;p_Proteobacteria;c_Gammaproteobacteria;o_Enterobacterales;f_Enterobacteriaceae;g_Escherichia;s_Escherichia coli
E411	E411_14540	36	species	Escherichia coli	2	2	1	0.960	d_Bacteria;p_Proteobacteria;c_Gammaproteobacteria;o_Enterobacterales;f_Enterobacteriaceae;g_Escherichia;s_Escherichia coli
E411	E411_16812	36	species	Escherichia coli	2	2	1	0.910	d_Bacteria;p_Proteobacteria;c_Gammaproteobacteria;o_Enterobacterales;f_Enterobacteriaceae;g_Escherichia;s_Escherichia coli
E411	E411_17772	36	species	Escherichia coli	2	2	1	0.500	d_Bacteria;p_Proteobacteria;c_Gammaproteobacteria;o_Enterobacterales;f_Enterobacteriaceae;g_Escherichia;s_Escherichia coli
E411	E411_21100	36	species	Escherichia coli	3	2	1	0.970	d_Bacteria;p_Proteobacteria;c_Gammaproteobacteria;o_Enterobacterales;f_Enterobacteriaceae;g_Escherichia;s_Escherichia coli
E411	E411_21228	36	species	Escherichia coli	2	2	1	0.500	d_Bacteria;p_Proteobacteria;c_Gammaproteobacteria;o_Enterobacterales;f_Enterobacteriaceae;g_Escherichia;s_Escherichia coli
E411	E411_8749	36	species	Escherichia coli	4	4	3	0.980	d_Bacteria;p_Proteobacteria;c_Gammaproteobacteria;o_Enterobacterales;f_Enterobacteriaceae;g_Escherichia;s_Escherichia coli
E411	E411_15053	36	species	Escherichia coli	2	2	2	1.000	d_Bacteria;p_Proteobacteria;c_Gammaproteobacteria;o_Enterobacterales;f_Enterobacteriaceae;g_Escherichia;s_Escherichia coli
E411	E411_16589	2303	species	Enterobacter mori	2	1	1	1.000	d_Bacteria;p_Proteobacteria;c_Gammaproteobacteria;o_Enterobacterales;f_Enterobacteriaceae;g_Enterobacter;s_Enterobacter mori
E411	E411_12126	36	species	Escherichia coli	2	2	1	0.910	d_Bacteria;p_Proteobacteria;c_Gammaproteobacteria;o_Enterobacterales;f_Enterobacteriaceae;g_Escherichia;s_Escherichia coli
E411	E411_13086	36	species	Escherichia coli	4	4	1	0.910	d_Bacteria;p_Proteobacteria;c_Gammaproteobacteria;o_Enterobacterales;f_Enterobacteriaceae;g_Escherichia;s_Escherichia coli
E411	E411_17086	36	species	Escherichia coli	2	2	1	0.500	d_Bacteria;p_Proteobacteria;c_Gammaproteobacteria;o_Enterobacterales;f_Enterobacteriaceae;g_Escherichia;s_Escherichia coli
E411	E411_17566	36	species	Escherichia coli	1	1	1	1.000	d_Bacteria;p_Proteobacteria;c_Gammaproteobacteria;o_Enterobacterales;f_Enterobacteriaceae;g_Escherichia;s_Escherichia coli
E411	E411_19262	2301	species	Enterobacter cloacae I	1	1	1	1.000	d_Bacteria;p_Proteobacteria;c_Gammaproteobacteria;o_Enterobacterales;f_Enterobacteriaceae;g_Enterobacter;s_Enterobacter cloacae I
E411	E411_4607	36	species	Escherichia coli	4	3	2	0.670	d_Bacteria;p_Proteobacteria;c_Gammaproteobacteria;o_Enterobacterales;f_Enterobacteriaceae;g_Escherichia;s_Escherichia coli
E411	E411_5983	36	species	Escherichia coli	2	2	1	0.500	d_Bacteria;p_Proteobacteria;c_Gammaproteobacteria;o_Enterobacterales;f_Enterobacteriaceae;g_Escherichia;s_Escherichia coli
E411	E411_10143	36	species	Escherichia coli	2	2	1	0.500	d_Bacteria;p_Proteobacteria;c_Gammaproteobacteria;o_Enterobacterales;f_Enterobacteriaceae;g_Escherichia;s_Escherichia coli
E411	E411_11071	36	species	Escherichia coli	3	3	2	0.980	d_Bacteria;p_Proteobacteria;c_Gammaproteobacteria;o_Enterobacterales;f_Enterobacteriaceae;g_Escherichia;s_Escherichia coli
E411	E411_14751	36	species	Escherichia coli	2	1	1	1.000	d_Bacteria;p_Proteobacteria;c_Gammaproteobacteria;o_Enterobacterales;f_Enterobacteriaceae;g_Escherichia;s_Escherichia coli
E411	E411_17663	36	species	Escherichia coli	2	2	1	0.500	d_Bacteria;p_Proteobacteria;c_Gammaproteobacteria;o_Enterobacterales;f_Enterobacteriaceae;g_Escherichia;s_Escherichia coli
E411	E411_20863	36	species	Escherichia coli	2	2	2	1.000	d_Bacteria;p_Proteobacteria;c_Gammaproteobacteria;o_Enterobacterales;f_Enterobacteriaceae;g_Escherichia;s_Escherichia coli
E411	E411_4363	36	species	Escherichia coli	6	5	2	0.910	d_Bacteria;p_Proteobacteria;c_Gammaproteobacteria;o_Enterobacterales;f_Enterobacteriaceae;g_Escherichia;s_Escherichia coli
E411	E411_17355	36	species	Escherichia coli	2	2	1	0.960	d_Bacteria;p_Proteobacteria;c_Gammaproteobacteria;o_Enterobacterales;f_Enterobacteriaceae;g_Escherichia;s_Escherichia coli
E411	E411_8693	36	species	Escherichia coli	3	2	1	0.500	d_Bacteria;p_Proteobacteria;c_Gammaproteobacteria;o_Enterobacterales;f_Enterobacteriaceae;g_Escherichia;s_Escherichia coli
E411	E411_11509	36	species	Escherichia coli	3	3	3	1.000	d_Bacteria;p_Proteobacteria;c_Gammaproteobacteria;o_Enterobacterales;f_Enterobacteriaceae;g_Escherichia;s_Escherichia coli
E411	E411_21749	36	species	Escherichia coli	2	2	1	0.970	d_Bacteria;p_Proteobacteria;c_Gammaproteobacteria;o_Enterobacterales;f_Enterobacteriaceae;g_Escherichia;s_Escherichia coli
E411	E411_1654	36	species	Escherichia coli	9	6	2	0.630	d_Bacteria;p_Proteobacteria;c_Gammaproteobacteria;o_Enterobacterales;f_Enterobacteriaceae;g_Escherichia;s_Escherichia coli
E411	E411_4470	36	species	Escherichia coli	3	3	2	0.670	d_Bacteria;p_Proteobacteria;c_Gammaproteobacteria;o_Enterobacterales;f_Enterobacteriaceae;g_Escherichia;s_Escherichia coli
E411	E411_8342	36	species	Escherichia coli	6	5	1	0.800	d_Bacteria;p_Proteobacteria;c_Gammaproteobacteria;o_Enterobacterales;f_Enterobacteriaceae;g_Escherichia;s_Escherichia coli
E411	E411_8662	36	species	Escherichia coli	3	2	1	0.500	d_Bacteria;p_Proteobacteria;c_Gammaproteobacteria;o_Enterobacterales;f_Enterobacteriaceae;g_Escherichia;s_Escherichia coli
E411	E411_15190	36	species	Escherichia coli	4	4	1	0.850	d_Bacteria;p_Proteobacteria;c_Gammaproteobacteria;o_Enterobacterales;f_Enterobacteriaceae;g_Escherichia;s_Escherichia coli
E411	E411_12770	36	species	Escherichia coli	3	3	3	1.000	d_Bacteria;p_Proteobacteria;c_Gammaproteobacteria;o_Enterobacterales;f_Enterobacteriaceae;g_Escherichia;s_Escherichia coli
E411	E411_15842	36	species	Escherichia coli	3	3	2	0.510	d_Bacteria;p_Proteobacteria;c_Gammaproteobacteria;o_Enterobacterales;f_Enterobacteriaceae;g_Escherichia;s_Escherichia coli
E411	E411_19779	36	species	Escherichia coli	2	2	1	0.500	d_Bacteria;p_Proteobacteria;c_Gammaproteobacteria;o_Enterobacterales;f_Enterobacteriaceae;g_Escherichia;s_Escherichia coli
E411	E411_4263	36	species	Escherichia coli	4	4	2	0.500	d_Bacteria;p_Proteobacteria;c_Gammaproteobacteria;o_Enterobacterales;f_Enterobacteriaceae;g_Escherichia;s_Escherichia coli
E411	E411_4679	36	species	Escherichia coli	6	6	2	0.620	d_Bacteria;p_Proteobacteria;c_Gammaproteobacteria;o_Enterobacterales;f_Enterobacteriaceae;g_Escherichia;s_Escherichia coli
E411	E411_10759	36	species	Escherichia coli	2	2	1	0.500	d_Bacteria;p_Proteobacteria;c_Gammaproteobacteria;o_Enterobacterales;f_Enterobacteriaceae;g_Escherichia;s_Escherichia coli
E411	E411_12615	36	species	Escherichia coli	2	2	1	0.500	d_Bacteria;p_Proteobacteria;c_Gammaproteobacteria;o_Enterobacterales;f_Enterobacteriaceae;g_Escherichia;s_Escherichia coli
E411	E411_15975	36	species	Escherichia coli	1	1	1	1.000	d_Bacteria;p_Proteobacteria;c_Gammaproteobacteria;o_Enterobacterales;f_Enterobacteriaceae;g_Escherichia;s_Escherichia coli
E411	E411_16071	36	species	Escherichia coli	2	2	2	1.000	d_Bacteria;p_Proteobacteria;c_Gammaproteobacteria;o_Enterobacterales;f_Enterobacteriaceae;g_Escherichia;s_Escherichia coli
E411	E411_17351	36	species	Escherichia coli	2	2	2	1.000	d_Bacteria;p_Proteobacteria;c_Gammaproteobacteria;o_Enterobacterales;f_Enterobacteriaceae;g_Escherichia;s_Escherichia coli
E416	E416_2050	36	species	Escherichia coli	11	11	8	0.780	d_Bacteria;p_Proteobacteria;c_Gammaproteobacteria;o_Enterobacterales;f_Enterobacteriaceae;g_Escherichia;s_Escherichia coli
E416	E416_8809	36	species	Escherichia coli	3	3	3	1.000	d_Bacteria;p_Proteobacteria;c_Gammaproteobacteria;o_Enterobacterales;f_Enterobacteriaceae;g_Escherichia;s_Escherichia coli
E416	E416_17609	18	species	Klebsiella pneumoniae	2	2	1	0.500	d_Bacteria;p_Proteobacteria;c_Gammaproteobacteria;o_Enterobacterales;f_Enterobacteriaceae;g_Klebsiella;s_Klebsiella pneumoniae
E416	E416_17769	36	species	Escherichia coli	2	2	1	0.970	d_Bacteria;p_Proteobacteria;c_Gammaproteobacteria;o_Enterobacterales;f_Enterobacteriaceae;g_Escherichia;s_Escherichia coli
E416	E416_1272	36	species	Escherichia coli	15	15	7	0.570	d_Bacteria;p_Proteobacteria;c_Gammaproteobacteria;o_Enterobacterales;f_Enterobacteriaceae;g_Escherichia;s_Escherichia coli
E416	E416_7928	36	species	Escherichia coli	3	3	3	1.000	d_Bacteria;p_Proteobacteria;c_Gammaproteobacteria;o_Enterobacterales;f_Enterobacteriaceae;g_Escherichia;s_Escherichia coli
E416	E416_9980	36	species	Escherichia coli	4	4	3	0.670	d_Bacteria;p_Proteobacteria;c_Gammaproteobacteria;o_Enterobacterales;f_Enterobacteriaceae;g_Escherichia;s_Escherichia coli
E416	E416_11036	36	species	Escherichia coli	2	2	1	0.500	d_Bacteria;p_Proteobacteria;c_Gammaproteobacteria;o_Enterobacterales;f_Enterobacteriaceae;g_Escherichia;s_Escherichia coli
E416	E416_15836	36	species	Escherichia coli	3	2	1	0.500	d_Bacteria;p_Proteobacteria;c_Gammaproteobacteria;o_Enterobacterales;f_Enterobacteriaceae;g_Escherichia;s_Escherichia coli
E416	E416_20232	36	species	Escherichia coli	2	2	1	0.950	d_Bacteria;p_Proteobacteria;c_Gammaproteobacteria;o_Enterobacterales;f_Enterobacteriaceae;g_Escherichia;s_Escherichia coli
E416	E416_2151	36	species	Escherichia coli	14	13	4	0.560	d_Bacteria;p_Proteobacteria;c_Gammaproteobacteria;o_Enterobacterales;f_Enterobacteriaceae;g_Escherichia;s_Escherichia coli
E416	E416_23431	2301	species	Enterobacter cloacae I	1	1	1	1.000	d_Bacteria;p_Proteobacteria;c_Gammaproteobacteria;o_Enterobacterales;f_Enterobacteriaceae;g_Enterobacter;s_Enterobacter cloacae I
E416	E416_26823	36	species	Escherichia coli	1	1	1	1.000	d_Bacteria;p_Proteobacteria;c_Gammaproteobacteria;o_Enterobacterales;f_Enterobacteriaceae;g_Escherichia;s_Escherichia coli
E416	E416_16205	36	species	Escherichia coli	6	6	2	0.630	d_Bacteria;p_Proteobacteria;c_Gammaproteobacteria;o_Enterobacterales;f_Enterobacteriaceae;g_Escherichia;s_Escherichia coli
E416	E416_5491	36	species	Escherichia coli	4	4	2	0.500	d_Bacteria;p_Proteobacteria;c_Gammaproteobacteria;o_Enterobacterales;f_Enterobacteriaceae;g_Escherichia;s_Escherichia coli
E416	E416_5939	36	species	Escherichia coli	5	2	1	0.990	d_Bacteria;p_Proteobacteria;c_Gammaproteobacteria;o_Enterobacterales;f_Enterobacteriaceae;g_Escherichia;s_Escherichia coli
E416	E416_5501	36	species	Escherichia coli	7	6	4	0.980	d_Bacteria;p_Proteobacteria;c_Gammaproteobacteria;o_Enterobacterales;f_Enterobacteriaceae;g_Escherichia;s_Escherichia coli
E416	E416_13446	35	species	Acinetobacter baumannii	2	2	1	0.500	d_Bacteria;p_Proteobacteria;c_Gammaproteobacteria;o_Pseudomonadales;f_Moraxellaceae;g_Acinetobacter;s_Acinetobacter baumannii
E416	E416_18918	36	species	Escherichia coli	2	2	1	1.000	d_Bacteria;p_Proteobacteria;c_Gammaproteobacteria;o_Enterobacterales;f_Enterobacteriaceae;g_Escherichia;s_Escherichia coli
E416	E416_4999	36	species	Escherichia coli	4	3	2	0.510	d_Bacteria;p_Proteobacteria;c_Gammaproteobacteria;o_Enterobacterales;f_Enterobacteriaceae;g_Escherichia;s_Escherichia coli
E416	E416_22290	36	species	Escherichia coli	3	3	1	0.880	d_Bacteria;p_Proteobacteria;c_Gammaproteobacteria;o_Enterobacterales;f_Enterobacteriaceae;g_Escherichia;s_Escherichia coli
E416	E416_25874	36	species	Escherichia coli	2	2	2	1.000	d_Bacteria;p_Proteobacteria;c_Gammaproteobacteria;o_Enterobacterales;f_Enterobacteriaceae;g_Escherichia;s_Escherichia coli
E416	E416_18483	36	species	Escherichia coli	2	2	2	1.000	d_Bacteria;p_Proteobacteria;c_Gammaproteobacteria;o_Enterobacterales;f_Enterobacteriaceae;g_Escherichia;s_Escherichia coli
E416	E416_23251	36	species	Escherichia coli	8	5	1	0.890	d_Bacteria;p_Proteobacteria;c_Gammaproteobacteria;o_Enterobacterales;f_Enterobacteriaceae;g_Escherichia;s_Escherichia coli
E416	E416_23731	36	species	Escherichia coli	2	2	1	0.500	d_Bacteria;p_Proteobacteria;c_Gammaproteobacteria;o_Enterobacterales;f_Enterobacteriaceae;g_Escherichia;s_Escherichia coli
E416	E416_6281	36	species	Escherichia coli	5	5	3	0.600	d_Bacteria;p_Proteobacteria;c_Gammaproteobacteria;o_Enterobacterales;f_Enterobacteriaceae;g_Escherichia;s_Escherichia coli
E416	E416_6569	36	species	Escherichia coli	4	4	2	0.500	d_Bacteria;p_Proteobacteria;c_Gammaproteobacteria;o_Enterobacterales;f_Enterobacteriaceae;g_Escherichia;s_Escherichia coli
E416	E416_27067	36	species	Escherichia coli	2	1	1	1.000	d_Bacteria;p_Proteobacteria;c_Gammaproteobacteria;o_Enterobacterales;f_Enterobacteriaceae;g_Escherichia;s_Escherichia coli
E416	E416_14524	36	species	Escherichia coli	3	2	1	0.500	d_Bacteria;p_Proteobacteria;c_Gammaproteobacteria;o_Enterobacterales;f_Enterobacteriaceae;g_Escherichia;s_Escherichia coli
E416	E416_18572	36	species	Escherichia coli	2	2	2	1.000	d_Bacteria;p_Proteobacteria;c_Gammaproteobacteria;o_Enterobacterales;f_Enterobacteriaceae;g_Escherichia;s_Escherichia coli
E416	E416_22796	36	species	Escherichia coli	1	1	1	1.000	d_Bacteria;p_Proteobacteria;c_Gammaproteobacteria;o_Enterobacterales;f_Enterobacteriaceae;g_Escherichia;s_Escherichia coli
E416	E416_23436	13229	species	Enterobacter cloacae O	2	2	1	0.910	d_Bacteria;p_Proteobacteria;c_Gammaproteobacteria;o_Enterobacterales;f_Enterobacteriaceae;g_Enterobacter;s_Enterobacter cloacae O
E416	E416_23468	287	species	Enterobacter cloacae	1	1	1	1.000	d_Bacteria;p_Proteobacteria;c_Gammaproteobacteria;o_Enterobacterales;f_Enterobacteriaceae;g_Enterobacter;s_Enterobacter cloacae
E416	E416_2799	36	species	Escherichia coli	7	7	4	0.660	d_Bacteria;p_Proteobacteria;c_Gammaproteobacteria;o_Enterobacterales;f_Enterobacteriaceae;g_Escherichia;s_Escherichia coli
E416	E416_12463	36	species	Escherichia coli	2	2	2	1.000	d_Bacteria;p_Proteobacteria;c_Gammaproteobacteria;o_Enterobacterales;f_Enterobacteriaceae;g_Escherichia;s_Escherichia coli
E416	E416_12228	36	species	Escherichia coli	2	2	2	1.000	d_Bacteria;p_Proteobacteria;c_Gammaproteobacteria;o_Enterobacterales;f_Enterobacteriaceae;g_Escherichia;s_Escherichia coli
E416	E416_21983	36	species	Escherichia coli	3	2	1	0.980	d_Bacteria;p_Proteobacteria;c_Gammaproteobacteria;o_Enterobacterales;f_Enterobacteriaceae;g_Escherichia;s_Escherichia coli
E416	E416_14760	36	species	Escherichia coli	3	3	3	1.000	d_Bacteria;p_Proteobacteria;c_Gammaproteobacteria;o_Enterobacterales;f_Enterobacteriaceae;g_Escherichia;s_Escherichia coli
E416	E416_3529	36	species	Escherichia coli	7	7	3	0.590	d_Bacteria;p_Proteobacteria;c_Gammaproteobacteria;o_Enterobacterales;f_Enterobacteriaceae;g_Escherichia;s_Escherichia coli
E416	E416_25017	36	species	Escherichia coli	1	1	1	1.000	d_Bacteria;p_Proteobacteria;c_Gammaproteobacteria;o_Enterobacterales;f_Enterobacteriaceae;g_Escherichia;s_Escherichia coli
E416	E416_7743	36	species	Escherichia coli	4	4	2	0.650	d_Bacteria;p_Proteobacteria;c_Gammaproteobacteria;o_Enterobacterales;f_Enterobacteriaceae;g_Escherichia;s_Escherichia coli
E416	E416_11967	36	species	Escherichia coli	3	2	1	0.500	d_Bacteria;p_Proteobacteria;c_Gammaproteobacteria;o_Enterobacterales;f_Enterobacteriaceae;g_Escherichia;s_Escherichia coli
E416	E416_26175	18	species	Klebsiella pneumoniae	1	1	1	1.000	d_Bacteria;p_Proteobacteria;c_Gammaproteobacteria;o_Enterobacterales;f_Enterobacteriaceae;g_Klebsiella;s_Klebsiella pneumoniae
E416	E416_19141	36	species	Escherichia coli	2	2	2	1.000	d_Bacteria;p_Proteobacteria;c_Gammaproteobacteria;o_Enterobacterales;f_Enterobacteriaceae;g_Escherichia;s_Escherichia coli
E416	E416_20421	36	species	Escherichia coli	3	3	1	0.920	d_Bacteria;p_Proteobacteria;c_Gammaproteobacteria;o_Enterobacterales;f_Enterobacteriaceae;g_Escherichia;s_Escherichia coli
E416	E416_20517	36	species	Escherichia coli	2	2	2	1.000	d_Bacteria;p_Proteobacteria;c_Gammaproteobacteria;o_Enterobacterales;f_Enterobacteriaceae;g_Escherichia;s_Escherichia coli
E416	E416_21893	36	species	Escherichia coli	3	3	2	0.990	d_Bacteria;p_Proteobacteria;c_Gammaproteobacteria;o_Enterobacterales;f_Enterobacteriaceae;g_Escherichia;s_Escherichia coli
E416	E416_23525	36	species	Escherichia coli	2	2	1	0.500	d_Bacteria;p_Proteobacteria;c_Gammaproteobacteria;o_Enterobacterales;f_Enterobacteriaceae;g_Escherichia;s_Escherichia coli
E416	E416_26021	36	species	Escherichia coli	2	2	1	0.960	d_Bacteria;p_Proteobacteria;c_Gammaproteobacteria;o_Enterobacterales;f_Enterobacteriaceae;g_Escherichia;s_Escherichia coli
E416	E416_18021	36	species	Escherichia coli	2	2	1	0.500	d_Bacteria;p_Proteobacteria;c_Gammaproteobacteria;o_Enterobacterales;f_Enterobacteriaceae;g_Escherichia;s_Escherichia coli
E416	E416_5567	36	species	Escherichia coli	6	6	3	0.500	d_Bacteria;p_Proteobacteria;c_Gammaproteobacteria;o_Enterobacterales;f_Enterobacteriaceae;g_Escherichia;s_Escherichia coli
E416	E416_5663	36	species	Escherichia coli	4	3	2	0.670	d_Bacteria;p_Proteobacteria;c_Gammaproteobacteria;o_Enterobacterales;f_Enterobacteriaceae;g_Escherichia;s_Escherichia coli
E416	E416_26655	36	species	Escherichia coli	1	1	1	1.000	d_Bacteria;p_Proteobacteria;c_Gammaproteobacteria;o_Enterobacterales;f_Enterobacteriaceae;g_Escherichia;s_Escherichia coli
E416	E416_12916	36	species	Escherichia coli	3	2	1	0.500	d_Bacteria;p_Proteobacteria;c_Gammaproteobacteria;o_Enterobacterales;f_Enterobacteriaceae;g_Escherichia;s_Escherichia coli
E416	E416_3767	35	species	Acinetobacter baumannii	4	4	3	0.750	d_Bacteria;p_Proteobacteria;c_Gammaproteobacteria;o_Pseudomonadales;f_Moraxellaceae;g_Acinetobacter;s_Acinetobacter baumannii
E416	E416_10551	36	species	Escherichia coli	4	4	2	0.500	d_Bacteria;p_Proteobacteria;c_Gammaproteobacteria;o_Enterobacterales;f_Enterobacteriaceae;g_Escherichia;s_Escherichia coli
E416	E416_12691	36	species	Escherichia coli	3	3	1	0.900	d_Bacteria;p_Proteobacteria;c_Gammaproteobacteria;o_Enterobacterales;f_Enterobacteriaceae;g_Escherichia;s_Escherichia coli
E416	E416_6140	36	species	Escherichia coli	5	4	2	0.500	d_Bacteria;p_Proteobacteria;c_Gammaproteobacteria;o_Enterobacterales;f_Enterobacteriaceae;g_Escherichia;s_Escherichia coli
E416	E416_8812	36	species	Escherichia coli	3	3	3	1.000	d_Bacteria;p_Proteobacteria;c_Gammaproteobacteria;o_Enterobacterales;f_Enterobacteriaceae;g_Escherichia;s_Escherichia coli
E416	E416_18768	36	species	Escherichia coli	2	2	1	0.500	d_Bacteria;p_Proteobacteria;c_Gammaproteobacteria;o_Enterobacterales;f_Enterobacteriaceae;g_Escherichia;s_Escherichia coli
E416	E416_18960	36	species	Escherichia coli	2	2	1	0.500	d_Bacteria;p_Proteobacteria;c_Gammaproteobacteria;o_Enterobacterales;f_Enterobacteriaceae;g_Escherichia;s_Escherichia coli
E416	E416_19504	14	species	Staphylococcus aureus	1	1	1	1.000	d_Bacteria;p_Firmicutes;c_Bacilli;o_Staphylococcales;f_Staphylococcaceae;g_Staphylococcus;s_Staphylococcus aureus
E416	E416_18123	36	species	Escherichia coli	3	2	2	1.000	d_Bacteria;p_Proteobacteria;c_Gammaproteobacteria;o_Enterobacterales;f_Enterobacteriaceae;g_Escherichia;s_Escherichia coli
E416	E416_13513	36	species	Escherichia coli	3	3	2	0.980	d_Bacteria;p_Proteobacteria;c_Gammaproteobacteria;o_Enterobacterales;f_Enterobacteriaceae;g_Escherichia;s_Escherichia coli
E416	E416_13737	36	species	Escherichia coli	2	2	1	0.500	d_Bacteria;p_Proteobacteria;c_Gammaproteobacteria;o_Enterobacterales;f_Enterobacteriaceae;g_Escherichia;s_Escherichia coli
E416	E416_16233	36	species	Escherichia coli	4	3	2	0.670	d_Bacteria;p_Proteobacteria;c_Gammaproteobacteria;o_Enterobacterales;f_Enterobacteriaceae;g_Escherichia;s_Escherichia coli
E416	E416_25396	36	species	Escherichia coli	2	2	2	1.000	d_Bacteria;p_Proteobacteria;c_Gammaproteobacteria;o_Enterobacterales;f_Enterobacteriaceae;g_Escherichia;s_Escherichia coli
E416	E416_26068	36	species	Escherichia coli	1	1	1	1.000	d_Bacteria;p_Proteobacteria;c_Gammaproteobacteria;o_Enterobacterales;f_Enterobacteriaceae;g_Escherichia;s_Escherichia coli
E416	E416_27028	36	species	Escherichia coli	1	1	1	1.000	d_Bacteria;p_Proteobacteria;c_Gammaproteobacteria;o_Enterobacterales;f_Enterobacteriaceae;g_Escherichia;s_Escherichia coli
E416	E416_11065	36	species	Escherichia coli	2	1	1	1.000	d_Bacteria;p_Proteobacteria;c_Gammaproteobacteria;o_Enterobacterales;f_Enterobacteriaceae;g_Escherichia;s_Escherichia coli
E416	E416_10722	36	species	Escherichia coli	3	2	1	0.930	d_Bacteria;p_Proteobacteria;c_Gammaproteobacteria;o_Enterobacterales;f_Enterobacteriaceae;g_Escherichia;s_Escherichia coli
E416	E416_5214	36	species	Escherichia coli	6	6	5	0.990	d_Bacteria;p_Proteobacteria;c_Gammaproteobacteria;o_Enterobacterales;f_Enterobacteriaceae;g_Escherichia;s_Escherichia coli
E416	E416_22669	36	species	Escherichia coli	2	2	1	0.500	d_Bacteria;p_Proteobacteria;c_Gammaproteobacteria;o_Enterobacterales;f_Enterobacteriaceae;g_Escherichia;s_Escherichia coli
E416	E416_14433	36	species	Escherichia coli	2	1	1	1.000	d_Bacteria;p_Proteobacteria;c_Gammaproteobacteria;o_Enterobacterales;f_Enterobacteriaceae;g_Escherichia;s_Escherichia coli
E416	E416_15435	36	species	Escherichia coli	3	3	3	1.000	d_Bacteria;p_Proteobacteria;c_Gammaproteobacteria;o_Enterobacterales;f_Enterobacteriaceae;g_Escherichia;s_Escherichia coli
E416	E416_8146	36	species	Escherichia coli	6	5	2	0.640	d_Bacteria;p_Proteobacteria;c_Gammaproteobacteria;o_Enterobacterales;f_Enterobacteriaceae;g_Escherichia;s_Escherichia coli
E416	E416_14418	36	species	Escherichia coli	3	3	2	0.980	d_Bacteria;p_Proteobacteria;c_Gammaproteobacteria;o_Enterobacterales;f_Enterobacteriaceae;g_Escherichia;s_Escherichia coli
E416	E416_19698	36	species	Escherichia coli	2	2	1	0.500	d_Bacteria;p_Proteobacteria;c_Gammaproteobacteria;o_Enterobacterales;f_Enterobacteriaceae;g_Escherichia;s_Escherichia coli
E416	E416_2437	36	species	Escherichia coli	9	9	6	0.750	d_Bacteria;p_Proteobacteria;c_Gammaproteobacteria;o_Enterobacterales;f_Enterobacteriaceae;g_Escherichia;s_Escherichia coli
E416	E416_26528	36	species	Escherichia coli	1	1	1	1.000	d_Bacteria;p_Proteobacteria;c_Gammaproteobacteria;o_Enterobacterales;f_Enterobacteriaceae;g_Escherichia;s_Escherichia coli
E416	E416_4042	36	species	Escherichia coli	8	7	3	0.580	d_Bacteria;p_Proteobacteria;c_Gammaproteobacteria;o_Enterobacterales;f_Enterobacteriaceae;g_Escherichia;s_Escherichia coli
E416	E416_23253	36	species	Escherichia coli	1	1	1	1.000	d_Bacteria;p_Proteobacteria;c_Gammaproteobacteria;o_Enterobacterales;f_Enterobacteriaceae;g_Escherichia;s_Escherichia coli
E416	E416_7670	36	species	Escherichia coli	5	5	4	1.000	d_Bacteria;p_Proteobacteria;c_Gammaproteobacteria;o_Enterobacterales;f_Enterobacteriaceae;g_Escherichia;s_Escherichia coli
E416	E416_3926	36	species	Escherichia coli	8	7	3	0.590	d_Bacteria;p_Proteobacteria;c_Gammaproteobacteria;o_Enterobacterales;f_Enterobacteriaceae;g_Escherichia;s_Escherichia coli
E416	E416_22552	36	species	Escherichia coli	2	2	2	1.000	d_Bacteria;p_Proteobacteria;c_Gammaproteobacteria;o_Enterobacterales;f_Enterobacteriaceae;g_Escherichia;s_Escherichia coli
E416	E416_23608	36	species	Escherichia coli	2	2	2	1.000	d_Bacteria;p_Proteobacteria;c_Gammaproteobacteria;o_Enterobacterales;f_Enterobacteriaceae;g_Escherichia;s_Escherichia coli
E416	E416_11605	55282	species	Enterobacter sp013927005	3	3	3	1.000	d_Bacteria;p_Proteobacteria;c_Gammaproteobacteria;o_Enterobacterales;f_Enterobacteriaceae;g_Enterobacter;s_Enterobacter sp013927005
E416	E416_19096	36	species	Escherichia coli	2	2	2	1.000	d_Bacteria;p_Proteobacteria;c_Gammaproteobacteria;o_Enterobacterales;f_Enterobacteriaceae;g_Escherichia;s_Escherichia coli
E416	E416_3499	36	species	Escherichia coli	8	7	4	0.790	d_Bacteria;p_Proteobacteria;c_Gammaproteobacteria;o_Enterobacterales;f_Enterobacteriaceae;g_Escherichia;s_Escherichia coli
E416	E416_2503	36	species	Escherichia coli	8	7	5	0.820	d_Bacteria;p_Proteobacteria;c_Gammaproteobacteria;o_Enterobacterales;f_Enterobacteriaceae;g_Escherichia;s_Escherichia coli
E416	E416_4600	36	species	Escherichia coli	5	5	2	0.650	d_Bacteria;p_Proteobacteria;c_Gammaproteobacteria;o_Enterobacterales;f_Enterobacteriaceae;g_Escherichia;s_Escherichia coli
E416	E416_11288	36	species	Escherichia coli	5	4	1	0.830	d_Bacteria;p_Proteobacteria;c_Gammaproteobacteria;o_Enterobacterales;f_Enterobacteriaceae;g_Escherichia;s_Escherichia coli
E416	E416_6466	36	species	Escherichia coli	14	11	2	0.630	d_Bacteria;p_Proteobacteria;c_Gammaproteobacteria;o_Enterobacterales;f_Enterobacteriaceae;g_Escherichia;s_Escherichia coli
E416	E416_16118	36	species	Escherichia coli	3	2	1	0.500	d_Bacteria;p_Proteobacteria;c_Gammaproteobacteria;o_Enterobacterales;f_Enterobacteriaceae;g_Escherichia;s_Escherichia coli
E416	E416_14554	36	species	Escherichia coli	2	2	2	1.000	d_Bacteria;p_Proteobacteria;c_Gammaproteobacteria;o_Enterobacterales;f_Enterobacteriaceae;g_Escherichia;s_Escherichia coli
E416	E416_14586	36	species	Escherichia coli	2	1	1	1.000	d_Bacteria;p_Proteobacteria;c_Gammaproteobacteria;o_Enterobacterales;f_Enterobacteriaceae;g_Escherichia;s_Escherichia coli
E416	E416_15002	36	species	Escherichia coli	3	3	3	1.000	d_Bacteria;p_Proteobacteria;c_Gammaproteobacteria;o_Enterobacterales;f_Enterobacteriaceae;g_Escherichia;s_Escherichia coli
E416	E416_6229	36	species	Escherichia coli	5	4	3	0.750	d_Bacteria;p_Proteobacteria;c_Gammaproteobacteria;o_Enterobacterales;f_Enterobacteriaceae;g_Escherichia;s_Escherichia coli
E416	E416_18436	36	species	Escherichia coli	2	2	2	1.000	d_Bacteria;p_Proteobacteria;c_Gammaproteobacteria;o_Enterobacterales;f_Enterobacteriaceae;g_Escherichia;s_Escherichia coli
E416	E416_7197	36	species	Escherichia coli	2	1	1	1.000	d_Bacteria;p_Proteobacteria;c_Gammaproteobacteria;o_Enterobacterales;f_Enterobacteriaceae;g_Escherichia;s_Escherichia coli
E416	E416_10621	36	species	Escherichia coli	3	2	1	0.500	d_Bacteria;p_Proteobacteria;c_Gammaproteobacteria;o_Enterobacterales;f_Enterobacteriaceae;g_Escherichia;s_Escherichia coli
E416	E416_19223	36	species	Escherichia coli	2	2	1	0.500	d_Bacteria;p_Proteobacteria;c_Gammaproteobacteria;o_Enterobacterales;f_Enterobacteriaceae;g_Escherichia;s_Escherichia coli
E416	E416_20218	36	species	Escherichia coli	3	3	2	0.970	d_Bacteria;p_Proteobacteria;c_Gammaproteobacteria;o_Enterobacterales;f_Enterobacteriaceae;g_Escherichia;s_Escherichia coli
E416	E416_20474	36	species	Escherichia coli	2	2	2	1.000	d_Bacteria;p_Proteobacteria;c_Gammaproteobacteria;o_Enterobacterales;f_Enterobacteriaceae;g_Escherichia;s_Escherichia coli
E416	E416_21760	36	species	Escherichia coli	2	2	1	0.500	d_Bacteria;p_Proteobacteria;c_Gammaproteobacteria;o_Enterobacterales;f_Enterobacteriaceae;g_Escherichia;s_Escherichia coli
E416	E416_12033	36	species	Escherichia coli	2	2	2	1.000	d_Bacteria;p_Proteobacteria;c_Gammaproteobacteria;o_Enterobacterales;f_Enterobacteriaceae;g_Escherichia;s_Escherichia coli
E416	E416_5350	36	species	Escherichia coli	5	5	4	0.800	d_Bacteria;p_Proteobacteria;c_Gammaproteobacteria;o_Enterobacterales;f_Enterobacteriaceae;g_Escherichia;s_Escherichia coli
E416	E416_6608	36	species	Escherichia coli	6	5	3	0.980	d_Bacteria;p_Proteobacteria;c_Gammaproteobacteria;o_Enterobacterales;f_Enterobacteriaceae;g_Escherichia;s_Escherichia coli
E416	E416_6864	36	species	Escherichia coli	3	3	2	0.670	d_Bacteria;p_Proteobacteria;c_Gammaproteobacteria;o_Enterobacterales;f_Enterobacteriaceae;g_Escherichia;s_Escherichia coli
E416	E416_10192	36	species	Escherichia coli	4	3	3	1.000	d_Bacteria;p_Proteobacteria;c_Gammaproteobacteria;o_Enterobacterales;f_Enterobacteriaceae;g_Escherichia;s_Escherichia coli
E416	E416_21060	36	species	Escherichia coli	1	1	1	1.000	d_Bacteria;p_Proteobacteria;c_Gammaproteobacteria;o_Enterobacterales;f_Enterobacteriaceae;g_Escherichia;s_Escherichia coli
E416	E416_4593	36	species	Escherichia coli	8	7	2	0.620	d_Bacteria;p_Proteobacteria;c_Gammaproteobacteria;o_Enterobacterales;f_Enterobacteriaceae;g_Escherichia;s_Escherichia coli
E416	E416_4817	36	species	Escherichia coli	5	5	3	0.730	d_Bacteria;p_Proteobacteria;c_Gammaproteobacteria;o_Enterobacterales;f_Enterobacteriaceae;g_Escherichia;s_Escherichia coli
E416	E416_23377	36	species	Escherichia coli	2	2	1	0.930	d_Bacteria;p_Proteobacteria;c_Gammaproteobacteria;o_Enterobacterales;f_Enterobacteriaceae;g_Escherichia;s_Escherichia coli
E416	E416_3310	36	species	Escherichia coli	8	8	3	0.590	d_Bacteria;p_Proteobacteria;c_Gammaproteobacteria;o_Enterobacterales;f_Enterobacteriaceae;g_Escherichia;s_Escherichia coli
E416	E416_6883	36	species	Escherichia coli	6	6	3	0.590	d_Bacteria;p_Proteobacteria;c_Gammaproteobacteria;o_Enterobacterales;f_Enterobacteriaceae;g_Escherichia;s_Escherichia coli
E416	E416_8163	36	species	Escherichia coli	3	3	2	0.980	d_Bacteria;p_Proteobacteria;c_Gammaproteobacteria;o_Enterobacterales;f_Enterobacteriaceae;g_Escherichia;s_Escherichia coli
E416	E416_13027	36	species	Escherichia coli	3	3	2	0.970	d_Bacteria;p_Proteobacteria;c_Gammaproteobacteria;o_Enterobacterales;f_Enterobacteriaceae;g_Escherichia;s_Escherichia coli
E416	E416_18659	36	species	Escherichia coli	2	2	2	1.000	d_Bacteria;p_Proteobacteria;c_Gammaproteobacteria;o_Enterobacterales;f_Enterobacteriaceae;g_Escherichia;s_Escherichia coli
E416	E416_6756	36	species	Escherichia coli	4	4	2	0.660	d_Bacteria;p_Proteobacteria;c_Gammaproteobacteria;o_Enterobacterales;f_Enterobacteriaceae;g_Escherichia;s_Escherichia coli
E416	E416_25361	55282	species	Enterobacter sp013927005	2	1	1	1.000	d_Bacteria;p_Proteobacteria;c_Gammaproteobacteria;o_Enterobacterales;f_Enterobacteriaceae;g_Enterobacter;s_Enterobacter sp013927005
E416	E416_4992	36	species	Escherichia coli	6	6	4	0.800	d_Bacteria;p_Proteobacteria;c_Gammaproteobacteria;o_Enterobacterales;f_Enterobacteriaceae;g_Escherichia;s_Escherichia coli
E416	E416_5504	36	species	Escherichia coli	7	7	7	1.000	d_Bacteria;p_Proteobacteria;c_Gammaproteobacteria;o_Enterobacterales;f_Enterobacteriaceae;g_Escherichia;s_Escherichia coli
E416	E416_10240	36	species	Escherichia coli	3	2	1	0.500	d_Bacteria;p_Proteobacteria;c_Gammaproteobacteria;o_Enterobacterales;f_Enterobacteriaceae;g_Escherichia;s_Escherichia coli
E416	E416_12032	36	species	Escherichia coli	4	4	4	1.000	d_Bacteria;p_Proteobacteria;c_Gammaproteobacteria;o_Enterobacterales;f_Enterobacteriaceae;g_Escherichia;s_Escherichia coli
E416	E416_16384	36	species	Escherichia coli	1	1	1	1.000	d_Bacteria;p_Proteobacteria;c_Gammaproteobacteria;o_Enterobacterales;f_Enterobacteriaceae;g_Escherichia;s_Escherichia coli
E416	E416_16864	36	species	Escherichia coli	1	1	1	1.000	d_Bacteria;p_Proteobacteria;c_Gammaproteobacteria;o_Enterobacterales;f_Enterobacteriaceae;g_Escherichia;s_Escherichia coli
E416	E416_7046	36	species	Escherichia coli	4	2	1	0.500	d_Bacteria;p_Proteobacteria;c_Gammaproteobacteria;o_Enterobacterales;f_Enterobacteriaceae;g_Escherichia;s_Escherichia coli
E416	E416_21934	36	species	Escherichia coli	2	1	1	1.000	d_Bacteria;p_Proteobacteria;c_Gammaproteobacteria;o_Enterobacterales;f_Enterobacteriaceae;g_Escherichia;s_Escherichia coli
E416	E416_22126	36	species	Escherichia coli	1	1	1	1.000	d_Bacteria;p_Proteobacteria;c_Gammaproteobacteria;o_Enterobacterales;f_Enterobacteriaceae;g_Escherichia;s_Escherichia coli
E416	E416_16989	36	species	Escherichia coli	2	2	1	0.500	d_Bacteria;p_Proteobacteria;c_Gammaproteobacteria;o_Enterobacterales;f_Enterobacteriaceae;g_Escherichia;s_Escherichia coli
E416	E416_10794	36	species	Escherichia coli	3	3	3	1.000	d_Bacteria;p_Proteobacteria;c_Gammaproteobacteria;o_Enterobacterales;f_Enterobacteriaceae;g_Escherichia;s_Escherichia coli
E416	E416_10922	36	species	Escherichia coli	9	9	2	0.620	d_Bacteria;p_Proteobacteria;c_Gammaproteobacteria;o_Enterobacterales;f_Enterobacteriaceae;g_Escherichia;s_Escherichia coli
E416	E416_19576	36	species	Escherichia coli	3	3	2	0.520	d_Bacteria;p_Proteobacteria;c_Gammaproteobacteria;o_Enterobacterales;f_Enterobacteriaceae;g_Escherichia;s_Escherichia coli
E416	E416_22337	36	species	Escherichia coli	2	1	1	1.000	d_Bacteria;p_Proteobacteria;c_Gammaproteobacteria;o_Enterobacterales;f_Enterobacteriaceae;g_Escherichia;s_Escherichia coli
E416	E416_8001	36	species	Escherichia coli	3	2	1	0.500	d_Bacteria;p_Proteobacteria;c_Gammaproteobacteria;o_Enterobacterales;f_Enterobacteriaceae;g_Escherichia;s_Escherichia coli
E416	E416_25941	36	species	Escherichia coli	1	1	1	1.000	d_Bacteria;p_Proteobacteria;c_Gammaproteobacteria;o_Enterobacterales;f_Enterobacteriaceae;g_Escherichia;s_Escherichia coli
E420	E420_7290	36	species	Escherichia coli	11	9	1	0.680	d_Bacteria;p_Proteobacteria;c_Gammaproteobacteria;o_Enterobacterales;f_Enterobacteriaceae;g_Escherichia;s_Escherichia coli
E420	E420_10461	36	species	Escherichia coli	2	2	2	1.000	d_Bacteria;p_Proteobacteria;c_Gammaproteobacteria;o_Enterobacterales;f_Enterobacteriaceae;g_Escherichia;s_Escherichia coli
E420	E420_14507	36	species	Escherichia coli	3	3	1	0.910	d_Bacteria;p_Proteobacteria;c_Gammaproteobacteria;o_Enterobacterales;f_Enterobacteriaceae;g_Escherichia;s_Escherichia coli
E420	E420_20843	36	species	Escherichia coli	3	2	1	0.910	d_Bacteria;p_Proteobacteria;c_Gammaproteobacteria;o_Enterobacterales;f_Enterobacteriaceae;g_Escherichia;s_Escherichia coli
E420	E420_13413	36	species	Escherichia coli	2	2	1	0.950	d_Bacteria;p_Proteobacteria;c_Gammaproteobacteria;o_Enterobacterales;f_Enterobacteriaceae;g_Escherichia;s_Escherichia coli
E420	E420_22181	36	species	Escherichia coli	2	2	2	1.000	d_Bacteria;p_Proteobacteria;c_Gammaproteobacteria;o_Enterobacterales;f_Enterobacteriaceae;g_Escherichia;s_Escherichia coli
E420	E420_11462	36	species	Escherichia coli	4	4	2	0.650	d_Bacteria;p_Proteobacteria;c_Gammaproteobacteria;o_Enterobacterales;f_Enterobacteriaceae;g_Escherichia;s_Escherichia coli
E420	E420_19946	36	species	Escherichia coli	3	2	1	0.980	d_Bacteria;p_Proteobacteria;c_Gammaproteobacteria;o_Enterobacterales;f_Enterobacteriaceae;g_Escherichia;s_Escherichia coli
E420	E420_24985	36	species	Escherichia coli	3	3	1	0.880	d_Bacteria;p_Proteobacteria;c_Gammaproteobacteria;o_Enterobacterales;f_Enterobacteriaceae;g_Escherichia;s_Escherichia coli
E420	E420_18670	36	species	Escherichia coli	2	2	1	0.500	d_Bacteria;p_Proteobacteria;c_Gammaproteobacteria;o_Enterobacterales;f_Enterobacteriaceae;g_Escherichia;s_Escherichia coli
E420	E420_20110	36	species	Escherichia coli	3	3	1	0.890	d_Bacteria;p_Proteobacteria;c_Gammaproteobacteria;o_Enterobacterales;f_Enterobacteriaceae;g_Escherichia;s_Escherichia coli
E420	E420_14588	36	species	Escherichia coli	3	2	2	1.000	d_Bacteria;p_Proteobacteria;c_Gammaproteobacteria;o_Enterobacterales;f_Enterobacteriaceae;g_Escherichia;s_Escherichia coli
E420	E420_16521	36	species	Escherichia coli	3	2	1	0.500	d_Bacteria;p_Proteobacteria;c_Gammaproteobacteria;o_Enterobacterales;f_Enterobacteriaceae;g_Escherichia;s_Escherichia coli
E420	E420_18308	36	species	Escherichia coli	2	2	1	0.500	d_Bacteria;p_Proteobacteria;c_Gammaproteobacteria;o_Enterobacterales;f_Enterobacteriaceae;g_Escherichia;s_Escherichia coli
E420	E420_13799	36	species	Escherichia coli	3	1	1	1.000	d_Bacteria;p_Proteobacteria;c_Gammaproteobacteria;o_Enterobacterales;f_Enterobacteriaceae;g_Escherichia;s_Escherichia coli
E420	E420_22623	2301	species	Enterobacter cloacae I	1	1	1	1.000	d_Bacteria;p_Proteobacteria;c_Gammaproteobacteria;o_Enterobacterales;f_Enterobacteriaceae;g_Enterobacter;s_Enterobacter cloacae I
E420	E420_12776	36	species	Escherichia coli	2	2	2	1.000	d_Bacteria;p_Proteobacteria;c_Gammaproteobacteria;o_Enterobacterales;f_Enterobacteriaceae;g_Escherichia;s_Escherichia coli
E420	E420_23534	36	species	Escherichia coli	2	2	1	0.950	d_Bacteria;p_Proteobacteria;c_Gammaproteobacteria;o_Enterobacterales;f_Enterobacteriaceae;g_Escherichia;s_Escherichia coli
E420	E420_13327	36	species	Escherichia coli	3	1	1	1.000	d_Bacteria;p_Proteobacteria;c_Gammaproteobacteria;o_Enterobacterales;f_Enterobacteriaceae;g_Escherichia;s_Escherichia coli
E420	E420_9923	35	species	Acinetobacter baumannii	4	4	4	1.000	d_Bacteria;p_Proteobacteria;c_Gammaproteobacteria;o_Pseudomonadales;f_Moraxellaceae;g_Acinetobacter;s_Acinetobacter baumannii
E420	E420_20701	36	species	Escherichia coli	2	2	1	0.500	d_Bacteria;p_Proteobacteria;c_Gammaproteobacteria;o_Enterobacterales;f_Enterobacteriaceae;g_Escherichia;s_Escherichia coli
E420	E420_22646	36	species	Escherichia coli	3	2	1	0.950	d_Bacteria;p_Proteobacteria;c_Gammaproteobacteria;o_Enterobacterales;f_Enterobacteriaceae;g_Escherichia;s_Escherichia coli
E420	E420_14267	36	species	Escherichia coli	2	2	1	0.500	d_Bacteria;p_Proteobacteria;c_Gammaproteobacteria;o_Enterobacterales;f_Enterobacteriaceae;g_Escherichia;s_Escherichia coli
E420	E420_21003	36	species	Escherichia coli	2	2	1	0.970	d_Bacteria;p_Proteobacteria;c_Gammaproteobacteria;o_Enterobacterales;f_Enterobacteriaceae;g_Escherichia;s_Escherichia coli
E420	E420_18516	36	species	Escherichia coli	2	2	1	0.930	d_Bacteria;p_Proteobacteria;c_Gammaproteobacteria;o_Enterobacterales;f_Enterobacteriaceae;g_Escherichia;s_Escherichia coli
E420	E420_20660	36	species	Escherichia coli	2	2	1	0.930	d_Bacteria;p_Proteobacteria;c_Gammaproteobacteria;o_Enterobacterales;f_Enterobacteriaceae;g_Escherichia;s_Escherichia coli
E420	E420_19075	36	species	Escherichia coli	3	2	1	0.910	d_Bacteria;p_Proteobacteria;c_Gammaproteobacteria;o_Enterobacterales;f_Enterobacteriaceae;g_Escherichia;s_Escherichia coli
E420	E420_17735	36	species	Escherichia coli	2	2	1	0.500	d_Bacteria;p_Proteobacteria;c_Gammaproteobacteria;o_Enterobacterales;f_Enterobacteriaceae;g_Escherichia;s_Escherichia coli
E420	E420_22545	36	species	Escherichia coli	2	2	2	1.000	d_Bacteria;p_Proteobacteria;c_Gammaproteobacteria;o_Enterobacterales;f_Enterobacteriaceae;g_Escherichia;s_Escherichia coli
E420	E420_21023	36	species	Escherichia coli	2	2	1	0.940	d_Bacteria;p_Proteobacteria;c_Gammaproteobacteria;o_Enterobacterales;f_Enterobacteriaceae;g_Escherichia;s_Escherichia coli
E420	E420_15244	36	species	Escherichia coli	6	5	2	0.930	d_Bacteria;p_Proteobacteria;c_Gammaproteobacteria;o_Enterobacterales;f_Enterobacteriaceae;g_Escherichia;s_Escherichia coli
E420	E420_20716	36	species	Escherichia coli	2	2	1	0.500	d_Bacteria;p_Proteobacteria;c_Gammaproteobacteria;o_Enterobacterales;f_Enterobacteriaceae;g_Escherichia;s_Escherichia coli
E420	E420_22100	36	species	Escherichia coli	2	2	1	0.980	d_Bacteria;p_Proteobacteria;c_Gammaproteobacteria;o_Enterobacterales;f_Enterobacteriaceae;g_Escherichia;s_Escherichia coli
E420	E420_15061	36	species	Escherichia coli	2	2	2	1.000	d_Bacteria;p_Proteobacteria;c_Gammaproteobacteria;o_Enterobacterales;f_Enterobacteriaceae;g_Escherichia;s_Escherichia coli
E420	E420_21594	2303	species	Enterobacter mori	2	2	1	0.500	d_Bacteria;p_Proteobacteria;c_Gammaproteobacteria;o_Enterobacterales;f_Enterobacteriaceae;g_Enterobacter;s_Enterobacter mori
E420	E420_24288	36	species	Escherichia coli	2	2	1	0.990	d_Bacteria;p_Proteobacteria;c_Gammaproteobacteria;o_Enterobacterales;f_Enterobacteriaceae;g_Escherichia;s_Escherichia coli
E420	E420_9153	36	species	Escherichia coli	2	1	1	1.000	d_Bacteria;p_Proteobacteria;c_Gammaproteobacteria;o_Enterobacterales;f_Enterobacteriaceae;g_Escherichia;s_Escherichia coli
E420	E420_15073	36	species	Escherichia coli	4	3	1	0.880	d_Bacteria;p_Proteobacteria;c_Gammaproteobacteria;o_Enterobacterales;f_Enterobacteriaceae;g_Escherichia;s_Escherichia coli
E420	E420_18743	36	species	Escherichia coli	3	3	2	1.000	d_Bacteria;p_Proteobacteria;c_Gammaproteobacteria;o_Enterobacterales;f_Enterobacteriaceae;g_Escherichia;s_Escherichia coli
E420	E420_7730	36	species	Escherichia coli	4	4	2	0.650	d_Bacteria;p_Proteobacteria;c_Gammaproteobacteria;o_Enterobacterales;f_Enterobacteriaceae;g_Escherichia;s_Escherichia coli
E420	E420_15419	36	species	Escherichia coli	2	2	1	0.500	d_Bacteria;p_Proteobacteria;c_Gammaproteobacteria;o_Enterobacterales;f_Enterobacteriaceae;g_Escherichia;s_Escherichia coli
E420	E420_14192	36	species	Escherichia coli	3	3	2	0.670	d_Bacteria;p_Proteobacteria;c_Gammaproteobacteria;o_Enterobacterales;f_Enterobacteriaceae;g_Escherichia;s_Escherichia coli
E420	E420_17264	36	species	Escherichia coli	2	1	1	1.000	d_Bacteria;p_Proteobacteria;c_Gammaproteobacteria;o_Enterobacterales;f_Enterobacteriaceae;g_Escherichia;s_Escherichia coli
E420	E420_24917	36	species	Escherichia coli	2	2	1	0.500	d_Bacteria;p_Proteobacteria;c_Gammaproteobacteria;o_Enterobacterales;f_Enterobacteriaceae;g_Escherichia;s_Escherichia coli
E420	E420_24949	36	species	Escherichia coli	1	1	1	1.000	d_Bacteria;p_Proteobacteria;c_Gammaproteobacteria;o_Enterobacterales;f_Enterobacteriaceae;g_Escherichia;s_Escherichia coli
E420	E420_7849	36	species	Escherichia coli	3	2	1	0.500	d_Bacteria;p_Proteobacteria;c_Gammaproteobacteria;o_Enterobacterales;f_Enterobacteriaceae;g_Escherichia;s_Escherichia coli
E420	E420_16905	36	species	Escherichia coli	3	3	1	0.900	d_Bacteria;p_Proteobacteria;c_Gammaproteobacteria;o_Enterobacterales;f_Enterobacteriaceae;g_Escherichia;s_Escherichia coli
E420	E420_23268	36	species	Escherichia coli	2	2	1	0.980	d_Bacteria;p_Proteobacteria;c_Gammaproteobacteria;o_Enterobacterales;f_Enterobacteriaceae;g_Escherichia;s_Escherichia coli
E420	E420_15121	36	species	Escherichia coli	4	2	1	0.500	d_Bacteria;p_Proteobacteria;c_Gammaproteobacteria;o_Enterobacterales;f_Enterobacteriaceae;g_Escherichia;s_Escherichia coli
E420	E420_20401	36	species	Escherichia coli	2	2	1	0.500	d_Bacteria;p_Proteobacteria;c_Gammaproteobacteria;o_Enterobacterales;f_Enterobacteriaceae;g_Escherichia;s_Escherichia coli
E420	E420_22513	36	species	Escherichia coli	3	2	1	0.700	d_Bacteria;p_Proteobacteria;c_Gammaproteobacteria;o_Enterobacterales;f_Enterobacteriaceae;g_Escherichia;s_Escherichia coli
E420	E420_10618	36	species	Escherichia coli	3	2	1	0.960	d_Bacteria;p_Proteobacteria;c_Gammaproteobacteria;o_Enterobacterales;f_Enterobacteriaceae;g_Escherichia;s_Escherichia coli
E420	E420_12489	36	species	Escherichia coli	2	2	1	0.500	d_Bacteria;p_Proteobacteria;c_Gammaproteobacteria;o_Enterobacterales;f_Enterobacteriaceae;g_Escherichia;s_Escherichia coli
E420	E420_17361	36	species	Escherichia coli	2	2	2	1.000	d_Bacteria;p_Proteobacteria;c_Gammaproteobacteria;o_Enterobacterales;f_Enterobacteriaceae;g_Escherichia;s_Escherichia coli
E420	E420_17538	36	species	Escherichia coli	2	2	1	0.960	d_Bacteria;p_Proteobacteria;c_Gammaproteobacteria;o_Enterobacterales;f_Enterobacteriaceae;g_Escherichia;s_Escherichia coli
E420	E420_17954	36	species	Escherichia coli	3	2	1	0.920	d_Bacteria;p_Proteobacteria;c_Gammaproteobacteria;o_Enterobacterales;f_Enterobacteriaceae;g_Escherichia;s_Escherichia coli
E420	E420_16957	36	species	Escherichia coli	2	2	1	0.500	d_Bacteria;p_Proteobacteria;c_Gammaproteobacteria;o_Enterobacterales;f_Enterobacteriaceae;g_Escherichia;s_Escherichia coli
E420	E420_18369	36	species	Escherichia coli	2	2	2	1.000	d_Bacteria;p_Proteobacteria;c_Gammaproteobacteria;o_Enterobacterales;f_Enterobacteriaceae;g_Escherichia;s_Escherichia coli
E420	E420_23233	36	species	Escherichia coli	2	2	1	0.500	d_Bacteria;p_Proteobacteria;c_Gammaproteobacteria;o_Enterobacterales;f_Enterobacteriaceae;g_Escherichia;s_Escherichia coli
E420	E420_10323	36	species	Escherichia coli	4	3	2	0.510	d_Bacteria;p_Proteobacteria;c_Gammaproteobacteria;o_Enterobacterales;f_Enterobacteriaceae;g_Escherichia;s_Escherichia coli
E420	E420_19059	36	species	Escherichia coli	2	2	1	0.500	d_Bacteria;p_Proteobacteria;c_Gammaproteobacteria;o_Enterobacterales;f_Enterobacteriaceae;g_Escherichia;s_Escherichia coli
E420	E420_21363	36	species	Escherichia coli	2	2	1	0.930	d_Bacteria;p_Proteobacteria;c_Gammaproteobacteria;o_Enterobacterales;f_Enterobacteriaceae;g_Escherichia;s_Escherichia coli
E420	E420_5279	35	species	Acinetobacter baumannii	5	5	3	0.510	d_Bacteria;p_Proteobacteria;c_Gammaproteobacteria;o_Pseudomonadales;f_Moraxellaceae;g_Acinetobacter;s_Acinetobacter baumannii
E420	E420_22800	36	species	Escherichia coli	2	2	2	1.000	d_Bacteria;p_Proteobacteria;c_Gammaproteobacteria;o_Enterobacterales;f_Enterobacteriaceae;g_Escherichia;s_Escherichia coli
E420	E420_20219	36	species	Escherichia coli	2	2	1	0.500	d_Bacteria;p_Proteobacteria;c_Gammaproteobacteria;o_Enterobacterales;f_Enterobacteriaceae;g_Escherichia;s_Escherichia coli
E420	E420_22473	36	species	Escherichia coli	1	1	1	1.000	d_Bacteria;p_Proteobacteria;c_Gammaproteobacteria;o_Enterobacterales;f_Enterobacteriaceae;g_Escherichia;s_Escherichia coli
E420	E420_24201	36	species	Escherichia coli	2	2	1	0.500	d_Bacteria;p_Proteobacteria;c_Gammaproteobacteria;o_Enterobacterales;f_Enterobacteriaceae;g_Escherichia;s_Escherichia coli
E420	E420_13758	36	species	Escherichia coli	2	2	1	0.500	d_Bacteria;p_Proteobacteria;c_Gammaproteobacteria;o_Enterobacterales;f_Enterobacteriaceae;g_Escherichia;s_Escherichia coli
E420	E420_18206	36	species	Escherichia coli	2	2	1	0.500	d_Bacteria;p_Proteobacteria;c_Gammaproteobacteria;o_Enterobacterales;f_Enterobacteriaceae;g_Escherichia;s_Escherichia coli
E420	E420_20254	36	species	Escherichia coli	2	2	1	0.500	d_Bacteria;p_Proteobacteria;c_Gammaproteobacteria;o_Enterobacterales;f_Enterobacteriaceae;g_Escherichia;s_Escherichia coli
E425	E425_24860	3256	species	Enterobacter quasihormaechei	1	1	1	1.000	d_Bacteria;p_Proteobacteria;c_Gammaproteobacteria;o_Enterobacterales;f_Enterobacteriaceae;g_Enterobacter;s_Enterobacter quasihormaechei
E425	E425_37939	55282	species	Enterobacter sp013927005	1	1	1	1.000	d_Bacteria;p_Proteobacteria;c_Gammaproteobacteria;o_Enterobacterales;f_Enterobacteriaceae;g_Enterobacter;s_Enterobacter sp013927005
E425	E425_38046	35	species	Acinetobacter baumannii	2	2	2	1.000	d_Bacteria;p_Proteobacteria;c_Gammaproteobacteria;o_Pseudomonadales;f_Moraxellaceae;g_Acinetobacter;s_Acinetobacter baumannii
E425	E425_29734	2301	species	Enterobacter cloacae I	1	1	1	1.000	d_Bacteria;p_Proteobacteria;c_Gammaproteobacteria;o_Enterobacterales;f_Enterobacteriaceae;g_Enterobacter;s_Enterobacter cloacae I
E425	E425_8971	2301	species	Enterobacter cloacae I	1	1	1	1.000	d_Bacteria;p_Proteobacteria;c_Gammaproteobacteria;o_Enterobacterales;f_Enterobacteriaceae;g_Enterobacter;s_Enterobacter cloacae I
E425	E425_34071	2301	species	Enterobacter cloacae I	2	2	2	1.000	d_Bacteria;p_Proteobacteria;c_Gammaproteobacteria;o_Enterobacterales;f_Enterobacteriaceae;g_Enterobacter;s_Enterobacter cloacae I
E426	E426_32830	2301	species	Enterobacter cloacae I	1	1	1	1.000	d_Bacteria;p_Proteobacteria;c_Gammaproteobacteria;o_Enterobacterales;f_Enterobacteriaceae;g_Enterobacter;s_Enterobacter cloacae I
E430	E430_19318	7117	species	Enterobacter cloacae L	2	2	1	0.500	d_Bacteria;p_Proteobacteria;c_Gammaproteobacteria;o_Enterobacterales;f_Enterobacteriaceae;g_Enterobacter;s_Enterobacter cloacae L
E430	E430_20247	35	species	Acinetobacter baumannii	1	1	1	1.000	d_Bacteria;p_Proteobacteria;c_Gammaproteobacteria;o_Pseudomonadales;f_Moraxellaceae;g_Acinetobacter;s_Acinetobacter baumannii
E430	E430_4463	13229	species	Enterobacter cloacae O	2	1	1	1.000	d_Bacteria;p_Proteobacteria;c_Gammaproteobacteria;o_Enterobacterales;f_Enterobacteriaceae;g_Enterobacter;s_Enterobacter cloacae O
E430	E430_12688	7117	species	Enterobacter cloacae L	2	2	1	0.500	d_Bacteria;p_Proteobacteria;c_Gammaproteobacteria;o_Enterobacterales;f_Enterobacteriaceae;g_Enterobacter;s_Enterobacter cloacae L
E433	E433_13222	2301	species	Enterobacter cloacae I	1	1	1	1.000	d_Bacteria;p_Proteobacteria;c_Gammaproteobacteria;o_Enterobacterales;f_Enterobacteriaceae;g_Enterobacter;s_Enterobacter cloacae I
E433	E433_8711	36	species	Escherichia coli	3	1	1	1.000	d_Bacteria;p_Proteobacteria;c_Gammaproteobacteria;o_Enterobacterales;f_Enterobacteriaceae;g_Escherichia;s_Escherichia coli
E433	E433_15853	22142	species	Enterobacter cloacae Q	2	2	1	0.890	d_Bacteria;p_Proteobacteria;c_Gammaproteobacteria;o_Enterobacterales;f_Enterobacteriaceae;g_Enterobacter;s_Enterobacter cloacae Q
E433	E433_15298	409	species	Enterobacter ludwigii	3	2	1	0.970	d_Bacteria;p_Proteobacteria;c_Gammaproteobacteria;o_Enterobacterales;f_Enterobacteriaceae;g_Enterobacter;s_Enterobacter ludwigii
E433	E433_17922	36	species	Escherichia coli	2	2	1	0.500	d_Bacteria;p_Proteobacteria;c_Gammaproteobacteria;o_Enterobacterales;f_Enterobacteriaceae;g_Escherichia;s_Escherichia coli
E433	E433_13308	36	species	Escherichia coli	2	2	1	0.500	d_Bacteria;p_Proteobacteria;c_Gammaproteobacteria;o_Enterobacterales;f_Enterobacteriaceae;g_Escherichia;s_Escherichia coli
E433	E433_13371	36	species	Escherichia coli	2	1	1	1.000	d_Bacteria;p_Proteobacteria;c_Gammaproteobacteria;o_Enterobacterales;f_Enterobacteriaceae;g_Escherichia;s_Escherichia coli
E433	E433_11923	36	species	Escherichia coli	2	2	1	0.960	d_Bacteria;p_Proteobacteria;c_Gammaproteobacteria;o_Enterobacterales;f_Enterobacteriaceae;g_Escherichia;s_Escherichia coli
E433	E433_14739	36	species	Escherichia coli	1	1	1	1.000	d_Bacteria;p_Proteobacteria;c_Gammaproteobacteria;o_Enterobacterales;f_Enterobacteriaceae;g_Escherichia;s_Escherichia coli
E433	E433_13105	36	species	Escherichia coli	3	2	1	0.500	d_Bacteria;p_Proteobacteria;c_Gammaproteobacteria;o_Enterobacterales;f_Enterobacteriaceae;g_Escherichia;s_Escherichia coli
E433	E433_9906	36	species	Escherichia coli	2	2	1	0.910	d_Bacteria;p_Proteobacteria;c_Gammaproteobacteria;o_Enterobacterales;f_Enterobacteriaceae;g_Escherichia;s_Escherichia coli
E433	E433_15794	36	species	Escherichia coli	3	2	1	0.500	d_Bacteria;p_Proteobacteria;c_Gammaproteobacteria;o_Enterobacterales;f_Enterobacteriaceae;g_Escherichia;s_Escherichia coli
E433	E433_6419	292	species	Enterobacter kobei	3	3	2	0.670	d_Bacteria;p_Proteobacteria;c_Gammaproteobacteria;o_Enterobacterales;f_Enterobacteriaceae;g_Enterobacter;s_Enterobacter kobei
E433	E433_9487	36	species	Escherichia coli	3	2	1	0.500	d_Bacteria;p_Proteobacteria;c_Gammaproteobacteria;o_Enterobacterales;f_Enterobacteriaceae;g_Escherichia;s_Escherichia coli
E433	E433_13320	36	species	Escherichia coli	2	2	1	0.500	d_Bacteria;p_Proteobacteria;c_Gammaproteobacteria;o_Enterobacterales;f_Enterobacteriaceae;g_Escherichia;s_Escherichia coli
E433	E433_14879	36	species	Escherichia coli	2	2	1	0.970	d_Bacteria;p_Proteobacteria;c_Gammaproteobacteria;o_Enterobacterales;f_Enterobacteriaceae;g_Escherichia;s_Escherichia coli
E433	E433_16735	35	species	Acinetobacter baumannii	2	2	2	1.000	d_Bacteria;p_Proteobacteria;c_Gammaproteobacteria;o_Pseudomonadales;f_Moraxellaceae;g_Acinetobacter;s_Acinetobacter baumannii
E433	E433_8436	36	species	Escherichia coli	3	2	1	0.500	d_Bacteria;p_Proteobacteria;c_Gammaproteobacteria;o_Enterobacterales;f_Enterobacteriaceae;g_Escherichia;s_Escherichia coli
E433	E433_11540	36	species	Escherichia coli	2	2	1	0.500	d_Bacteria;p_Proteobacteria;c_Gammaproteobacteria;o_Enterobacterales;f_Enterobacteriaceae;g_Escherichia;s_Escherichia coli
E433	E433_11573	36	species	Escherichia coli	3	3	1	0.900	d_Bacteria;p_Proteobacteria;c_Gammaproteobacteria;o_Enterobacterales;f_Enterobacteriaceae;g_Escherichia;s_Escherichia coli
E439	E439_19435	1868	species	Enterobacter sichuanensis	7	7	1	0.740	d_Bacteria;p_Proteobacteria;c_Gammaproteobacteria;o_Enterobacterales;f_Enterobacteriaceae;g_Enterobacter;s_Enterobacter sichuanensis
E441	E441_13631	6041	species	Enterobacter D kobei A	2	2	1	0.960	d_Bacteria;p_Proteobacteria;c_Gammaproteobacteria;o_Enterobacterales;f_Enterobacteriaceae;g_Enterobacter D;s_Enterobacter D kobei A
E441	E441_27529	7907	species	Enterobacter soli	1	1	1	1.000	d_Bacteria;p_Proteobacteria;c_Gammaproteobacteria;o_Enterobacterales;f_Enterobacteriaceae;g_Enterobacter;s_Enterobacter soli
E441	E441_22861	2301	species	Enterobacter cloacae I	22	21	1	0.520	d_Bacteria;p_Proteobacteria;c_Gammaproteobacteria;o_Enterobacterales;f_Enterobacteriaceae;g_Enterobacter;s_Enterobacter cloacae I
E445	E445_18222	18	species	Klebsiella pneumoniae	3	3	2	0.990	d_Bacteria;p_Proteobacteria;c_Gammaproteobacteria;o_Enterobacterales;f_Enterobacteriaceae;g_Klebsiella;s_Klebsiella pneumoniae
E445	E445_20878	36	species	Escherichia coli	3	3	1	0.890	d_Bacteria;p_Proteobacteria;c_Gammaproteobacteria;o_Enterobacterales;f_Enterobacteriaceae;g_Escherichia;s_Escherichia coli
E445	E445_21230	36	species	Escherichia coli	2	2	2	1.000	d_Bacteria;p_Proteobacteria;c_Gammaproteobacteria;o_Enterobacterales;f_Enterobacteriaceae;g_Escherichia;s_Escherichia coli
E445	E445_1135	36	species	Escherichia coli	14	14	10	0.760	d_Bacteria;p_Proteobacteria;c_Gammaproteobacteria;o_Enterobacterales;f_Enterobacteriaceae;g_Escherichia;s_Escherichia coli
E445	E445_6319	36	species	Escherichia coli	4	4	3	0.670	d_Bacteria;p_Proteobacteria;c_Gammaproteobacteria;o_Enterobacterales;f_Enterobacteriaceae;g_Escherichia;s_Escherichia coli
E445	E445_9615	36	species	Escherichia coli	4	4	2	0.650	d_Bacteria;p_Proteobacteria;c_Gammaproteobacteria;o_Enterobacterales;f_Enterobacteriaceae;g_Escherichia;s_Escherichia coli
E445	E445_10974	18	species	Klebsiella pneumoniae	3	3	2	0.970	d_Bacteria;p_Proteobacteria;c_Gammaproteobacteria;o_Enterobacterales;f_Enterobacteriaceae;g_Klebsiella;s_Klebsiella pneumoniae
E445	E445_15966	36	species	Escherichia coli	1	1	1	1.000	d_Bacteria;p_Proteobacteria;c_Gammaproteobacteria;o_Enterobacterales;f_Enterobacteriaceae;g_Escherichia;s_Escherichia coli
E445	E445_8361	36	species	Escherichia coli	2	2	1	0.500	d_Bacteria;p_Proteobacteria;c_Gammaproteobacteria;o_Enterobacterales;f_Enterobacteriaceae;g_Escherichia;s_Escherichia coli
E445	E445_9545	36	species	Escherichia coli	3	3	2	0.510	d_Bacteria;p_Proteobacteria;c_Gammaproteobacteria;o_Enterobacterales;f_Enterobacteriaceae;g_Escherichia;s_Escherichia coli
E445	E445_3071	36	species	Escherichia coli	5	4	3	0.750	d_Bacteria;p_Proteobacteria;c_Gammaproteobacteria;o_Enterobacterales;f_Enterobacteriaceae;g_Escherichia;s_Escherichia coli
E445	E445_17610	36	species	Escherichia coli	2	2	1	0.500	d_Bacteria;p_Proteobacteria;c_Gammaproteobacteria;o_Enterobacterales;f_Enterobacteriaceae;g_Escherichia;s_Escherichia coli
E445	E445_20362	36	species	Escherichia coli	1	1	1	1.000	d_Bacteria;p_Proteobacteria;c_Gammaproteobacteria;o_Enterobacterales;f_Enterobacteriaceae;g_Escherichia;s_Escherichia coli
E445	E445_2115	36	species	Escherichia coli	11	11	4	0.550	d_Bacteria;p_Proteobacteria;c_Gammaproteobacteria;o_Enterobacterales;f_Enterobacteriaceae;g_Escherichia;s_Escherichia coli
E445	E445_13091	36	species	Escherichia coli	3	3	2	0.670	d_Bacteria;p_Proteobacteria;c_Gammaproteobacteria;o_Enterobacterales;f_Enterobacteriaceae;g_Escherichia;s_Escherichia coli
E445	E445_13219	36	species	Escherichia coli	2	2	1	0.950	d_Bacteria;p_Proteobacteria;c_Gammaproteobacteria;o_Enterobacterales;f_Enterobacteriaceae;g_Escherichia;s_Escherichia coli
E445	E445_13955	36	species	Escherichia coli	1	1	1	1.000	d_Bacteria;p_Proteobacteria;c_Gammaproteobacteria;o_Enterobacterales;f_Enterobacteriaceae;g_Escherichia;s_Escherichia coli
E445	E445_15591	36	species	Escherichia coli	4	3	1	0.890	d_Bacteria;p_Proteobacteria;c_Gammaproteobacteria;o_Enterobacterales;f_Enterobacteriaceae;g_Escherichia;s_Escherichia coli
E445	E445_10920	36	species	Escherichia coli	4	3	1	0.960	d_Bacteria;p_Proteobacteria;c_Gammaproteobacteria;o_Enterobacterales;f_Enterobacteriaceae;g_Escherichia;s_Escherichia coli
E445	E445_1424	36	species	Escherichia coli	12	11	10	0.900	d_Bacteria;p_Proteobacteria;c_Gammaproteobacteria;o_Enterobacterales;f_Enterobacteriaceae;g_Escherichia;s_Escherichia coli
E445	E445_6256	2301	species	Enterobacter cloacae I	1	1	1	1.000	d_Bacteria;p_Proteobacteria;c_Gammaproteobacteria;o_Enterobacterales;f_Enterobacteriaceae;g_Enterobacter;s_Enterobacter cloacae I
E445	E445_6672	36	species	Escherichia coli	6	5	2	0.970	d_Bacteria;p_Proteobacteria;c_Gammaproteobacteria;o_Enterobacterales;f_Enterobacteriaceae;g_Escherichia;s_Escherichia coli
E445	E445_20181	36	species	Escherichia coli	2	2	1	0.500	d_Bacteria;p_Proteobacteria;c_Gammaproteobacteria;o_Enterobacterales;f_Enterobacteriaceae;g_Escherichia;s_Escherichia coli
E445	E445_21493	36	species	Escherichia coli	2	2	1	0.500	d_Bacteria;p_Proteobacteria;c_Gammaproteobacteria;o_Enterobacterales;f_Enterobacteriaceae;g_Escherichia;s_Escherichia coli
E445	E445_17346	36	species	Escherichia coli	1	1	1	1.000	d_Bacteria;p_Proteobacteria;c_Gammaproteobacteria;o_Enterobacterales;f_Enterobacteriaceae;g_Escherichia;s_Escherichia coli
E445	E445_19202	18	species	Klebsiella pneumoniae	2	2	2	1.000	d_Bacteria;p_Proteobacteria;c_Gammaproteobacteria;o_Enterobacterales;f_Enterobacteriaceae;g_Klebsiella;s_Klebsiella pneumoniae
E445	E445_21314	18	species	Klebsiella pneumoniae	1	1	1	1.000	d_Bacteria;p_Proteobacteria;c_Gammaproteobacteria;o_Enterobacterales;f_Enterobacteriaceae;g_Klebsiella;s_Klebsiella pneumoniae
E445	E445_13483	36	species	Escherichia coli	4	4	2	0.500	d_Bacteria;p_Proteobacteria;c_Gammaproteobacteria;o_Enterobacterales;f_Enterobacteriaceae;g_Escherichia;s_Escherichia coli
E445	E445_2023	36	species	Escherichia coli	9	8	4	0.660	d_Bacteria;p_Proteobacteria;c_Gammaproteobacteria;o_Enterobacterales;f_Enterobacteriaceae;g_Escherichia;s_Escherichia coli
E445	E445_3975	36	species	Escherichia coli	6	5	3	0.600	d_Bacteria;p_Proteobacteria;c_Gammaproteobacteria;o_Enterobacterales;f_Enterobacteriaceae;g_Escherichia;s_Escherichia coli
E445	E445_13609	36	species	Escherichia coli	2	2	1	0.500	d_Bacteria;p_Proteobacteria;c_Gammaproteobacteria;o_Enterobacterales;f_Enterobacteriaceae;g_Escherichia;s_Escherichia coli
E445	E445_9590	36	species	Escherichia coli	3	3	2	1.000	d_Bacteria;p_Proteobacteria;c_Gammaproteobacteria;o_Enterobacterales;f_Enterobacteriaceae;g_Escherichia;s_Escherichia coli
E445	E445_14166	36	species	Escherichia coli	2	2	2	1.000	d_Bacteria;p_Proteobacteria;c_Gammaproteobacteria;o_Enterobacterales;f_Enterobacteriaceae;g_Escherichia;s_Escherichia coli
E445	E445_10107	18	species	Klebsiella pneumoniae	3	3	3	1.000	d_Bacteria;p_Proteobacteria;c_Gammaproteobacteria;o_Enterobacterales;f_Enterobacteriaceae;g_Klebsiella;s_Klebsiella pneumoniae
E445	E445_17531	36	species	Escherichia coli	2	2	1	0.960	d_Bacteria;p_Proteobacteria;c_Gammaproteobacteria;o_Enterobacterales;f_Enterobacteriaceae;g_Escherichia;s_Escherichia coli
E445	E445_17627	36	species	Escherichia coli	2	1	1	1.000	d_Bacteria;p_Proteobacteria;c_Gammaproteobacteria;o_Enterobacterales;f_Enterobacteriaceae;g_Escherichia;s_Escherichia coli
E445	E445_20763	36	species	Escherichia coli	2	2	2	1.000	d_Bacteria;p_Proteobacteria;c_Gammaproteobacteria;o_Enterobacterales;f_Enterobacteriaceae;g_Escherichia;s_Escherichia coli
E445	E445_4604	36	species	Escherichia coli	5	5	3	0.730	d_Bacteria;p_Proteobacteria;c_Gammaproteobacteria;o_Enterobacterales;f_Enterobacteriaceae;g_Escherichia;s_Escherichia coli
E445	E445_21052	36	species	Escherichia coli	2	1	1	1.000	d_Bacteria;p_Proteobacteria;c_Gammaproteobacteria;o_Enterobacterales;f_Enterobacteriaceae;g_Escherichia;s_Escherichia coli
E445	E445_4020	36	species	Escherichia coli	6	5	4	0.990	d_Bacteria;p_Proteobacteria;c_Gammaproteobacteria;o_Enterobacterales;f_Enterobacteriaceae;g_Escherichia;s_Escherichia coli
E445	E445_5984	36	species	Escherichia coli	2	2	1	0.500	d_Bacteria;p_Proteobacteria;c_Gammaproteobacteria;o_Enterobacterales;f_Enterobacteriaceae;g_Escherichia;s_Escherichia coli
E445	E445_15712	36	species	Escherichia coli	1	1	1	1.000	d_Bacteria;p_Proteobacteria;c_Gammaproteobacteria;o_Enterobacterales;f_Enterobacteriaceae;g_Escherichia;s_Escherichia coli
E445	E445_10909	36	species	Escherichia coli	2	1	1	1.000	d_Bacteria;p_Proteobacteria;c_Gammaproteobacteria;o_Enterobacterales;f_Enterobacteriaceae;g_Escherichia;s_Escherichia coli
E445	E445_15613	36	species	Escherichia coli	2	2	1	0.930	d_Bacteria;p_Proteobacteria;c_Gammaproteobacteria;o_Enterobacterales;f_Enterobacteriaceae;g_Escherichia;s_Escherichia coli
E445	E445_4676	36	species	Escherichia coli	4	3	3	1.000	d_Bacteria;p_Proteobacteria;c_Gammaproteobacteria;o_Enterobacterales;f_Enterobacteriaceae;g_Escherichia;s_Escherichia coli
E445	E445_15825	36	species	Escherichia coli	2	2	1	0.920	d_Bacteria;p_Proteobacteria;c_Gammaproteobacteria;o_Enterobacterales;f_Enterobacteriaceae;g_Escherichia;s_Escherichia coli
E445	E445_20945	18	species	Klebsiella pneumoniae	2	2	1	0.500	d_Bacteria;p_Proteobacteria;c_Gammaproteobacteria;o_Enterobacterales;f_Enterobacteriaceae;g_Klebsiella;s_Klebsiella pneumoniae
E445	E445_14802	36	species	Escherichia coli	2	2	1	0.920	d_Bacteria;p_Proteobacteria;c_Gammaproteobacteria;o_Enterobacterales;f_Enterobacteriaceae;g_Escherichia;s_Escherichia coli
E445	E445_19826	36	species	Escherichia coli	1	1	1	1.000	d_Bacteria;p_Proteobacteria;c_Gammaproteobacteria;o_Enterobacterales;f_Enterobacteriaceae;g_Escherichia;s_Escherichia coli
E445	E445_5971	36	species	Escherichia coli	3	2	2	1.000	d_Bacteria;p_Proteobacteria;c_Gammaproteobacteria;o_Enterobacterales;f_Enterobacteriaceae;g_Escherichia;s_Escherichia coli
E445	E445_9747	36	species	Escherichia coli	2	2	1	0.500	d_Bacteria;p_Proteobacteria;c_Gammaproteobacteria;o_Enterobacterales;f_Enterobacteriaceae;g_Escherichia;s_Escherichia coli
E445	E445_4954	36	species	Escherichia coli	4	3	2	0.670	d_Bacteria;p_Proteobacteria;c_Gammaproteobacteria;o_Enterobacterales;f_Enterobacteriaceae;g_Escherichia;s_Escherichia coli
E445	E445_6234	36	species	Escherichia coli	3	3	2	0.980	d_Bacteria;p_Proteobacteria;c_Gammaproteobacteria;o_Enterobacterales;f_Enterobacteriaceae;g_Escherichia;s_Escherichia coli
E445	E445_6362	36	species	Escherichia coli	5	3	3	1.000	d_Bacteria;p_Proteobacteria;c_Gammaproteobacteria;o_Enterobacterales;f_Enterobacteriaceae;g_Escherichia;s_Escherichia coli
E445	E445_6874	36	species	Escherichia coli	3	3	3	1.000	d_Bacteria;p_Proteobacteria;c_Gammaproteobacteria;o_Enterobacterales;f_Enterobacteriaceae;g_Escherichia;s_Escherichia coli
E445	E445_15041	13229	species	Enterobacter cloacae O	1	1	1	1.000	d_Bacteria;p_Proteobacteria;c_Gammaproteobacteria;o_Enterobacterales;f_Enterobacteriaceae;g_Enterobacter;s_Enterobacter cloacae O
E445	E445_4386	36	species	Escherichia coli	6	3	2	0.670	d_Bacteria;p_Proteobacteria;c_Gammaproteobacteria;o_Enterobacterales;f_Enterobacteriaceae;g_Escherichia;s_Escherichia coli
E445	E445_18356	36	species	Escherichia coli	1	1	1	1.000	d_Bacteria;p_Proteobacteria;c_Gammaproteobacteria;o_Enterobacterales;f_Enterobacteriaceae;g_Escherichia;s_Escherichia coli
E445	E445_13663	36	species	Escherichia coli	2	2	2	1.000	d_Bacteria;p_Proteobacteria;c_Gammaproteobacteria;o_Enterobacterales;f_Enterobacteriaceae;g_Escherichia;s_Escherichia coli
E445	E445_17503	36	species	Escherichia coli	1	1	1	1.000	d_Bacteria;p_Proteobacteria;c_Gammaproteobacteria;o_Enterobacterales;f_Enterobacteriaceae;g_Escherichia;s_Escherichia coli
E445	E445_18015	36	species	Escherichia coli	2	2	2	1.000	d_Bacteria;p_Proteobacteria;c_Gammaproteobacteria;o_Enterobacterales;f_Enterobacteriaceae;g_Escherichia;s_Escherichia coli
E445	E445_20161	36	species	Escherichia coli	1	1	1	1.000	d_Bacteria;p_Proteobacteria;c_Gammaproteobacteria;o_Enterobacterales;f_Enterobacteriaceae;g_Escherichia;s_Escherichia coli
E445	E445_8312	36	species	Escherichia coli	4	4	2	0.500	d_Bacteria;p_Proteobacteria;c_Gammaproteobacteria;o_Enterobacterales;f_Enterobacteriaceae;g_Escherichia;s_Escherichia coli
E445	E445_9176	36	species	Escherichia coli	2	2	1	0.500	d_Bacteria;p_Proteobacteria;c_Gammaproteobacteria;o_Enterobacterales;f_Enterobacteriaceae;g_Escherichia;s_Escherichia coli
E445	E445_9976	36	species	Escherichia coli	3	3	3	1.000	d_Bacteria;p_Proteobacteria;c_Gammaproteobacteria;o_Enterobacterales;f_Enterobacteriaceae;g_Escherichia;s_Escherichia coli
E445	E445_11192	36	species	Escherichia coli	2	2	2	1.000	d_Bacteria;p_Proteobacteria;c_Gammaproteobacteria;o_Enterobacterales;f_Enterobacteriaceae;g_Escherichia;s_Escherichia coli
E445	E445_15672	36	species	Escherichia coli	3	3	1	0.910	d_Bacteria;p_Proteobacteria;c_Gammaproteobacteria;o_Enterobacterales;f_Enterobacteriaceae;g_Escherichia;s_Escherichia coli
E445	E445_10395	36	species	Escherichia coli	5	5	2	0.650	d_Bacteria;p_Proteobacteria;c_Gammaproteobacteria;o_Enterobacterales;f_Enterobacteriaceae;g_Escherichia;s_Escherichia coli
E445	E445_14075	36	species	Escherichia coli	1	1	1	1.000	d_Bacteria;p_Proteobacteria;c_Gammaproteobacteria;o_Enterobacterales;f_Enterobacteriaceae;g_Escherichia;s_Escherichia coli
E445	E445_6334	36	species	Escherichia coli	6	3	2	0.510	d_Bacteria;p_Proteobacteria;c_Gammaproteobacteria;o_Enterobacterales;f_Enterobacteriaceae;g_Escherichia;s_Escherichia coli
E445	E445_6430	36	species	Escherichia coli	7	6	2	0.900	d_Bacteria;p_Proteobacteria;c_Gammaproteobacteria;o_Enterobacterales;f_Enterobacteriaceae;g_Escherichia;s_Escherichia coli
E445	E445_7390	36	species	Escherichia coli	3	3	3	1.000	d_Bacteria;p_Proteobacteria;c_Gammaproteobacteria;o_Enterobacterales;f_Enterobacteriaceae;g_Escherichia;s_Escherichia coli
E445	E445_14992	36	species	Escherichia coli	1	1	1	1.000	d_Bacteria;p_Proteobacteria;c_Gammaproteobacteria;o_Enterobacterales;f_Enterobacteriaceae;g_Escherichia;s_Escherichia coli
E445	E445_3330	36	species	Escherichia coli	6	6	4	0.790	d_Bacteria;p_Proteobacteria;c_Gammaproteobacteria;o_Enterobacterales;f_Enterobacteriaceae;g_Escherichia;s_Escherichia coli
E445	E445_17734	36	species	Escherichia coli	3	3	2	0.980	d_Bacteria;p_Proteobacteria;c_Gammaproteobacteria;o_Enterobacterales;f_Enterobacteriaceae;g_Escherichia;s_Escherichia coli
E445	E445_8588	36	species	Escherichia coli	3	3	3	1.000	d_Bacteria;p_Proteobacteria;c_Gammaproteobacteria;o_Enterobacterales;f_Enterobacteriaceae;g_Escherichia;s_Escherichia coli
E445	E445_14316	2303	species	Enterobacter mori	3	3	2	0.500	d_Bacteria;p_Proteobacteria;c_Gammaproteobacteria;o_Enterobacterales;f_Enterobacteriaceae;g_Enterobacter;s_Enterobacter mori
E445	E445_20332	36	species	Escherichia coli	2	2	1	0.500	d_Bacteria;p_Proteobacteria;c_Gammaproteobacteria;o_Enterobacterales;f_Enterobacteriaceae;g_Escherichia;s_Escherichia coli
E445	E445_21452	36	species	Escherichia coli	2	2	2	1.000	d_Bacteria;p_Proteobacteria;c_Gammaproteobacteria;o_Enterobacterales;f_Enterobacteriaceae;g_Escherichia;s_Escherichia coli
E445	E445_1793	36	species	Escherichia coli	8	6	3	0.500	d_Bacteria;p_Proteobacteria;c_Gammaproteobacteria;o_Enterobacterales;f_Enterobacteriaceae;g_Escherichia;s_Escherichia coli
E445	E445_9057	36	species	Escherichia coli	2	1	1	1.000	d_Bacteria;p_Proteobacteria;c_Gammaproteobacteria;o_Enterobacterales;f_Enterobacteriaceae;g_Escherichia;s_Escherichia coli
E445	E445_6361	36	species	Escherichia coli	3	3	2	0.520	d_Bacteria;p_Proteobacteria;c_Gammaproteobacteria;o_Enterobacterales;f_Enterobacteriaceae;g_Escherichia;s_Escherichia coli
E445	E445_13049	36	species	Escherichia coli	3	2	2	1.000	d_Bacteria;p_Proteobacteria;c_Gammaproteobacteria;o_Enterobacterales;f_Enterobacteriaceae;g_Escherichia;s_Escherichia coli
E445	E445_9687	36	species	Escherichia coli	2	2	2	1.000	d_Bacteria;p_Proteobacteria;c_Gammaproteobacteria;o_Enterobacterales;f_Enterobacteriaceae;g_Escherichia;s_Escherichia coli
E445	E445_10935	36	species	Escherichia coli	2	2	1	0.500	d_Bacteria;p_Proteobacteria;c_Gammaproteobacteria;o_Enterobacterales;f_Enterobacteriaceae;g_Escherichia;s_Escherichia coli
E445	E445_10967	36	species	Escherichia coli	3	3	2	0.510	d_Bacteria;p_Proteobacteria;c_Gammaproteobacteria;o_Enterobacterales;f_Enterobacteriaceae;g_Escherichia;s_Escherichia coli
E445	E445_13576	36	species	Escherichia coli	2	2	1	0.990	d_Bacteria;p_Proteobacteria;c_Gammaproteobacteria;o_Enterobacterales;f_Enterobacteriaceae;g_Escherichia;s_Escherichia coli
E445	E445_5951	36	species	Escherichia coli	5	5	5	1.000	d_Bacteria;p_Proteobacteria;c_Gammaproteobacteria;o_Enterobacterales;f_Enterobacteriaceae;g_Escherichia;s_Escherichia coli
E445	E445_6015	36	species	Escherichia coli	3	2	1	0.980	d_Bacteria;p_Proteobacteria;c_Gammaproteobacteria;o_Enterobacterales;f_Enterobacteriaceae;g_Escherichia;s_Escherichia coli
E445	E445_16026	36	species	Escherichia coli	2	2	2	1.000	d_Bacteria;p_Proteobacteria;c_Gammaproteobacteria;o_Enterobacterales;f_Enterobacteriaceae;g_Escherichia;s_Escherichia coli
E445	E445_16090	36	species	Escherichia coli	2	1	1	1.000	d_Bacteria;p_Proteobacteria;c_Gammaproteobacteria;o_Enterobacterales;f_Enterobacteriaceae;g_Escherichia;s_Escherichia coli
E445	E445_6395	36	species	Escherichia coli	5	5	3	0.600	d_Bacteria;p_Proteobacteria;c_Gammaproteobacteria;o_Enterobacterales;f_Enterobacteriaceae;g_Escherichia;s_Escherichia coli
E445	E445_14722	36	species	Escherichia coli	4	2	1	0.920	d_Bacteria;p_Proteobacteria;c_Gammaproteobacteria;o_Enterobacterales;f_Enterobacteriaceae;g_Escherichia;s_Escherichia coli
E445	E445_16290	18	species	Klebsiella pneumoniae	1	1	1	1.000	d_Bacteria;p_Proteobacteria;c_Gammaproteobacteria;o_Enterobacterales;f_Enterobacteriaceae;g_Klebsiella;s_Klebsiella pneumoniae
E445	E445_13545	36	species	Escherichia coli	2	2	2	1.000	d_Bacteria;p_Proteobacteria;c_Gammaproteobacteria;o_Enterobacterales;f_Enterobacteriaceae;g_Escherichia;s_Escherichia coli
E445	E445_16457	2301	species	Enterobacter cloacae I	3	3	1	0.890	d_Bacteria;p_Proteobacteria;c_Gammaproteobacteria;o_Enterobacterales;f_Enterobacteriaceae;g_Enterobacter;s_Enterobacter cloacae I
E445	E445_13901	36	species	Escherichia coli	2	2	2	1.000	d_Bacteria;p_Proteobacteria;c_Gammaproteobacteria;o_Enterobacterales;f_Enterobacteriaceae;g_Escherichia;s_Escherichia coli
E445	E445_16429	18	species	Klebsiella pneumoniae	1	1	1	1.000	d_Bacteria;p_Proteobacteria;c_Gammaproteobacteria;o_Enterobacterales;f_Enterobacteriaceae;g_Klebsiella;s_Klebsiella pneumoniae
E445	E445_6798	36	species	Escherichia coli	4	4	3	0.750	d_Bacteria;p_Proteobacteria;c_Gammaproteobacteria;o_Enterobacterales;f_Enterobacteriaceae;g_Escherichia;s_Escherichia coli
E451	E451_20943	3256	species	Enterobacter quasihormaechei	1	1	1	1.000	d_Bacteria;p_Proteobacteria;c_Gammaproteobacteria;o_Enterobacterales;f_Enterobacteriaceae;g_Enterobacter;s_Enterobacter quasihormaechei
E451	E451_19994	17704	species	Enterobacter cloacae P	2	2	1	0.500	d_Bacteria;p_Proteobacteria;c_Gammaproteobacteria;o_Enterobacterales;f_Enterobacteriaceae;g_Enterobacter;s_Enterobacter cloacae P
E451	E451_13821	2301	species	Enterobacter cloacae I	3	3	1	0.890	d_Bacteria;p_Proteobacteria;c_Gammaproteobacteria;o_Enterobacterales;f_Enterobacteriaceae;g_Enterobacter;s_Enterobacter cloacae I
E451	E451_20801	7117	species	Enterobacter cloacae L	1	1	1	1.000	d_Bacteria;p_Proteobacteria;c_Gammaproteobacteria;o_Enterobacterales;f_Enterobacteriaceae;g_Enterobacter;s_Enterobacter cloacae L
E451	E451_5255	35	species	Acinetobacter baumannii	4	4	4	1.000	d_Bacteria;p_Proteobacteria;c_Gammaproteobacteria;o_Pseudomonadales;f_Moraxellaceae;g_Acinetobacter;s_Acinetobacter baumannii
E451	E451_19970	36	species	Escherichia coli	2	2	1	0.500	d_Bacteria;p_Proteobacteria;c_Gammaproteobacteria;o_Enterobacterales;f_Enterobacteriaceae;g_Escherichia;s_Escherichia coli
E451	E451_5637	35	species	Acinetobacter baumannii	5	5	3	0.510	d_Bacteria;p_Proteobacteria;c_Gammaproteobacteria;o_Pseudomonadales;f_Moraxellaceae;g_Acinetobacter;s_Acinetobacter baumannii
E451	E451_9627	55282	species	Enterobacter sp013927005	4	2	2	1.000	d_Bacteria;p_Proteobacteria;c_Gammaproteobacteria;o_Enterobacterales;f_Enterobacteriaceae;g_Enterobacter;s_Enterobacter sp013927005
E451	E451_18633	400	species	Enterobacter cloacae M	2	2	2	1.000	d_Bacteria;p_Proteobacteria;c_Gammaproteobacteria;o_Enterobacterales;f_Enterobacteriaceae;g_Enterobacter;s_Enterobacter cloacae M
E451	E451_20566	2301	species	Enterobacter cloacae I	1	1	1	1.000	d_Bacteria;p_Proteobacteria;c_Gammaproteobacteria;o_Enterobacterales;f_Enterobacteriaceae;g_Enterobacter;s_Enterobacter cloacae I
E453	E453_19471	9756	species	Enterobacter D sp001888805	1	1	1	1.000	d_Bacteria;p_Proteobacteria;c_Gammaproteobacteria;o_Enterobacterales;f_Enterobacteriaceae;g_Enterobacter D;s_Enterobacter D sp001888805
E453	E453_16676	287	species	Enterobacter cloacae	2	2	1	0.910	d_Bacteria;p_Proteobacteria;c_Gammaproteobacteria;o_Enterobacterales;f_Enterobacteriaceae;g_Enterobacter;s_Enterobacter cloacae
E453	E453_21375	35	species	Acinetobacter baumannii	1	1	1	1.000	d_Bacteria;p_Proteobacteria;c_Gammaproteobacteria;o_Pseudomonadales;f_Moraxellaceae;g_Acinetobacter;s_Acinetobacter baumannii
E457	E457_18386	2301	species	Enterobacter cloacae I	15	15	1	0.620	d_Bacteria;p_Proteobacteria;c_Gammaproteobacteria;o_Enterobacterales;f_Enterobacteriaceae;g_Enterobacter;s_Enterobacter cloacae I
E457	E457_18834	36	species	Escherichia coli	2	2	1	0.940	d_Bacteria;p_Proteobacteria;c_Gammaproteobacteria;o_Enterobacterales;f_Enterobacteriaceae;g_Escherichia;s_Escherichia coli
E457	E457_14498	35	species	Acinetobacter baumannii	2	2	2	1.000	d_Bacteria;p_Proteobacteria;c_Gammaproteobacteria;o_Pseudomonadales;f_Moraxellaceae;g_Acinetobacter;s_Acinetobacter baumannii
E457	E457_5591	35	species	Acinetobacter baumannii	1	1	1	1.000	d_Bacteria;p_Proteobacteria;c_Gammaproteobacteria;o_Pseudomonadales;f_Moraxellaceae;g_Acinetobacter;s_Acinetobacter baumannii
E457	E457_15159	2301	species	Enterobacter cloacae I	1	1	1	1.000	d_Bacteria;p_Proteobacteria;c_Gammaproteobacteria;o_Enterobacterales;f_Enterobacteriaceae;g_Enterobacter;s_Enterobacter cloacae I
E457	E457_3159	292	species	Enterobacter kobei	6	6	3	0.590	d_Bacteria;p_Proteobacteria;c_Gammaproteobacteria;o_Enterobacterales;f_Enterobacteriaceae;g_Enterobacter;s_Enterobacter kobei
E457	E457_14157	35	species	Acinetobacter baumannii	3	2	1	0.920	d_Bacteria;p_Proteobacteria;c_Gammaproteobacteria;o_Pseudomonadales;f_Moraxellaceae;g_Acinetobacter;s_Acinetobacter baumannii
E457	E457_18189	35	species	Acinetobacter baumannii	3	3	3	1.000	d_Bacteria;p_Proteobacteria;c_Gammaproteobacteria;o_Pseudomonadales;f_Moraxellaceae;g_Acinetobacter;s_Acinetobacter baumannii
E457	E457_11443	2301	species	Enterobacter cloacae I	1	1	1	1.000	d_Bacteria;p_Proteobacteria;c_Gammaproteobacteria;o_Enterobacterales;f_Enterobacteriaceae;g_Enterobacter;s_Enterobacter cloacae I
E460	E460_4057	13229	species	Enterobacter cloacae O	2	2	1	0.500	d_Bacteria;p_Proteobacteria;c_Gammaproteobacteria;o_Enterobacterales;f_Enterobacteriaceae;g_Enterobacter;s_Enterobacter cloacae O
E463	E463_14942	36	species	Escherichia coli	1	1	1	1.000	d_Bacteria;p_Proteobacteria;c_Gammaproteobacteria;o_Enterobacterales;f_Enterobacteriaceae;g_Escherichia;s_Escherichia coli
E463	E463_15902	36	species	Escherichia coli	2	1	1	1.000	d_Bacteria;p_Proteobacteria;c_Gammaproteobacteria;o_Enterobacterales;f_Enterobacteriaceae;g_Escherichia;s_Escherichia coli
E463	E463_1663	36	species	Escherichia coli	7	6	5	0.830	d_Bacteria;p_Proteobacteria;c_Gammaproteobacteria;o_Enterobacterales;f_Enterobacteriaceae;g_Escherichia;s_Escherichia coli
E463	E463_11294	36	species	Escherichia coli	1	1	1	1.000	d_Bacteria;p_Proteobacteria;c_Gammaproteobacteria;o_Enterobacterales;f_Enterobacteriaceae;g_Escherichia;s_Escherichia coli
E463	E463_10937	36	species	Escherichia coli	2	2	1	0.500	d_Bacteria;p_Proteobacteria;c_Gammaproteobacteria;o_Enterobacterales;f_Enterobacteriaceae;g_Escherichia;s_Escherichia coli
E463	E463_13308	36	species	Escherichia coli	1	1	1	1.000	d_Bacteria;p_Proteobacteria;c_Gammaproteobacteria;o_Enterobacterales;f_Enterobacteriaceae;g_Escherichia;s_Escherichia coli
E463	E463_13413	36	species	Escherichia coli	2	1	1	1.000	d_Bacteria;p_Proteobacteria;c_Gammaproteobacteria;o_Enterobacterales;f_Enterobacteriaceae;g_Escherichia;s_Escherichia coli
E463	E463_13893	70	species	Enterobacter hormaechei A	2	1	1	1.000	d_Bacteria;p_Proteobacteria;c_Gammaproteobacteria;o_Enterobacterales;f_Enterobacteriaceae;g_Enterobacter;s_Enterobacter hormaechei A
E463	E463_10635	36	species	Escherichia coli	5	5	1	0.810	d_Bacteria;p_Proteobacteria;c_Gammaproteobacteria;o_Enterobacterales;f_Enterobacteriaceae;g_Escherichia;s_Escherichia coli
E463	E463_13195	70	species	Enterobacter hormaechei A	1	1	1	1.000	d_Bacteria;p_Proteobacteria;c_Gammaproteobacteria;o_Enterobacterales;f_Enterobacteriaceae;g_Enterobacter;s_Enterobacter hormaechei A
E463	E463_2028	36	species	Escherichia coli	5	5	3	0.730	d_Bacteria;p_Proteobacteria;c_Gammaproteobacteria;o_Enterobacterales;f_Enterobacteriaceae;g_Escherichia;s_Escherichia coli
E463	E463_9769	70	species	Enterobacter hormaechei A	2	2	2	1.000	d_Bacteria;p_Proteobacteria;c_Gammaproteobacteria;o_Enterobacterales;f_Enterobacteriaceae;g_Enterobacter;s_Enterobacter hormaechei A
E463	E463_10900	18	species	Klebsiella pneumoniae	4	3	1	0.840	d_Bacteria;p_Proteobacteria;c_Gammaproteobacteria;o_Enterobacterales;f_Enterobacteriaceae;g_Klebsiella;s_Klebsiella pneumoniae
E463	E463_5496	36	species	Escherichia coli	3	2	1	0.500	d_Bacteria;p_Proteobacteria;c_Gammaproteobacteria;o_Enterobacterales;f_Enterobacteriaceae;g_Escherichia;s_Escherichia coli
E463	E463_8024	36	species	Escherichia coli	2	2	1	0.500	d_Bacteria;p_Proteobacteria;c_Gammaproteobacteria;o_Enterobacterales;f_Enterobacteriaceae;g_Escherichia;s_Escherichia coli
E463	E463_11160	36	species	Escherichia coli	2	2	1	0.950	d_Bacteria;p_Proteobacteria;c_Gammaproteobacteria;o_Enterobacterales;f_Enterobacteriaceae;g_Escherichia;s_Escherichia coli
E463	E463_5401	36	species	Escherichia coli	5	5	2	0.930	d_Bacteria;p_Proteobacteria;c_Gammaproteobacteria;o_Enterobacterales;f_Enterobacteriaceae;g_Escherichia;s_Escherichia coli
E463	E463_13113	1894	species	Enterobacter cancerogenus	4	3	1	0.510	d_Bacteria;p_Proteobacteria;c_Gammaproteobacteria;o_Enterobacterales;f_Enterobacteriaceae;g_Enterobacter;s_Enterobacter cancerogenus
E463	E463_13849	36	species	Escherichia coli	1	1	1	1.000	d_Bacteria;p_Proteobacteria;c_Gammaproteobacteria;o_Enterobacterales;f_Enterobacteriaceae;g_Escherichia;s_Escherichia coli
E463	E463_3742	36	species	Escherichia coli	6	6	3	0.590	d_Bacteria;p_Proteobacteria;c_Gammaproteobacteria;o_Enterobacterales;f_Enterobacteriaceae;g_Escherichia;s_Escherichia coli
E463	E463_6011	70	species	Enterobacter hormaechei A	4	3	1	0.960	d_Bacteria;p_Proteobacteria;c_Gammaproteobacteria;o_Enterobacterales;f_Enterobacteriaceae;g_Enterobacter;s_Enterobacter hormaechei A
E463	E463_6267	36	species	Escherichia coli	5	5	3	0.960	d_Bacteria;p_Proteobacteria;c_Gammaproteobacteria;o_Enterobacterales;f_Enterobacteriaceae;g_Escherichia;s_Escherichia coli
E463	E463_2524	36	species	Escherichia coli	5	3	3	1.000	d_Bacteria;p_Proteobacteria;c_Gammaproteobacteria;o_Enterobacterales;f_Enterobacteriaceae;g_Escherichia;s_Escherichia coli
E463	E463_4924	36	species	Escherichia coli	2	2	1	0.500	d_Bacteria;p_Proteobacteria;c_Gammaproteobacteria;o_Enterobacterales;f_Enterobacteriaceae;g_Escherichia;s_Escherichia coli
E463	E463_7899	70	species	Enterobacter hormaechei A	6	6	2	0.630	d_Bacteria;p_Proteobacteria;c_Gammaproteobacteria;o_Enterobacterales;f_Enterobacteriaceae;g_Enterobacter;s_Enterobacter hormaechei A
E463	E463_4533	36	species	Escherichia coli	5	5	2	0.640	d_Bacteria;p_Proteobacteria;c_Gammaproteobacteria;o_Enterobacterales;f_Enterobacteriaceae;g_Escherichia;s_Escherichia coli
E463	E463_5493	36	species	Escherichia coli	3	3	2	0.670	d_Bacteria;p_Proteobacteria;c_Gammaproteobacteria;o_Enterobacterales;f_Enterobacteriaceae;g_Escherichia;s_Escherichia coli
E463	E463_6837	36	species	Escherichia coli	2	2	2	1.000	d_Bacteria;p_Proteobacteria;c_Gammaproteobacteria;o_Enterobacterales;f_Enterobacteriaceae;g_Escherichia;s_Escherichia coli
E463	E463_10583	70	species	Enterobacter hormaechei A	3	3	2	0.970	d_Bacteria;p_Proteobacteria;c_Gammaproteobacteria;o_Enterobacterales;f_Enterobacteriaceae;g_Enterobacter;s_Enterobacter hormaechei A
E463	E463_12183	70	species	Enterobacter hormaechei A	2	2	1	0.950	d_Bacteria;p_Proteobacteria;c_Gammaproteobacteria;o_Enterobacterales;f_Enterobacteriaceae;g_Enterobacter;s_Enterobacter hormaechei A
E463	E463_12439	36	species	Escherichia coli	2	2	1	0.960	d_Bacteria;p_Proteobacteria;c_Gammaproteobacteria;o_Enterobacterales;f_Enterobacteriaceae;g_Escherichia;s_Escherichia coli
E463	E463_12727	36	species	Escherichia coli	2	2	1	0.940	d_Bacteria;p_Proteobacteria;c_Gammaproteobacteria;o_Enterobacterales;f_Enterobacteriaceae;g_Escherichia;s_Escherichia coli
E463	E463_12887	36	species	Escherichia coli	4	4	1	0.880	d_Bacteria;p_Proteobacteria;c_Gammaproteobacteria;o_Enterobacterales;f_Enterobacteriaceae;g_Escherichia;s_Escherichia coli
E463	E463_13239	70	species	Enterobacter hormaechei A	2	2	1	0.500	d_Bacteria;p_Proteobacteria;c_Gammaproteobacteria;o_Enterobacterales;f_Enterobacteriaceae;g_Enterobacter;s_Enterobacter hormaechei A
E463	E463_7764	70	species	Enterobacter hormaechei A	2	2	1	0.500	d_Bacteria;p_Proteobacteria;c_Gammaproteobacteria;o_Enterobacterales;f_Enterobacteriaceae;g_Enterobacter;s_Enterobacter hormaechei A
E463	E463_3867	35	species	Acinetobacter baumannii	4	4	3	0.670	d_Bacteria;p_Proteobacteria;c_Gammaproteobacteria;o_Pseudomonadales;f_Moraxellaceae;g_Acinetobacter;s_Acinetobacter baumannii
E463	E463_9733	36	species	Escherichia coli	2	2	1	0.500	d_Bacteria;p_Proteobacteria;c_Gammaproteobacteria;o_Enterobacterales;f_Enterobacteriaceae;g_Escherichia;s_Escherichia coli
E463	E463_4262	36	species	Escherichia coli	2	2	1	0.500	d_Bacteria;p_Proteobacteria;c_Gammaproteobacteria;o_Enterobacterales;f_Enterobacteriaceae;g_Escherichia;s_Escherichia coli
E463	E463_9866	55282	species	Enterobacter sp013927005	2	2	1	0.960	d_Bacteria;p_Proteobacteria;c_Gammaproteobacteria;o_Enterobacterales;f_Enterobacteriaceae;g_Enterobacter;s_Enterobacter sp013927005
E463	E463_15599	36	species	Escherichia coli	1	1	1	1.000	d_Bacteria;p_Proteobacteria;c_Gammaproteobacteria;o_Enterobacterales;f_Enterobacteriaceae;g_Escherichia;s_Escherichia coli
E463	E463_11056	70	species	Enterobacter hormaechei A	2	2	2	1.000	d_Bacteria;p_Proteobacteria;c_Gammaproteobacteria;o_Enterobacterales;f_Enterobacteriaceae;g_Enterobacter;s_Enterobacter hormaechei A
E463	E463_7028	36	species	Escherichia coli	3	3	1	0.920	d_Bacteria;p_Proteobacteria;c_Gammaproteobacteria;o_Enterobacterales;f_Enterobacteriaceae;g_Escherichia;s_Escherichia coli
E463	E463_1801	36	species	Escherichia coli	3	3	2	0.670	d_Bacteria;p_Proteobacteria;c_Gammaproteobacteria;o_Enterobacterales;f_Enterobacteriaceae;g_Escherichia;s_Escherichia coli
E463	E463_3369	36	species	Escherichia coli	2	2	1	0.500	d_Bacteria;p_Proteobacteria;c_Gammaproteobacteria;o_Enterobacterales;f_Enterobacteriaceae;g_Escherichia;s_Escherichia coli
E463	E463_7310	36	species	Escherichia coli	3	2	1	0.940	d_Bacteria;p_Proteobacteria;c_Gammaproteobacteria;o_Enterobacterales;f_Enterobacteriaceae;g_Escherichia;s_Escherichia coli
E463	E463_5656	36	species	Escherichia coli	2	2	1	0.500	d_Bacteria;p_Proteobacteria;c_Gammaproteobacteria;o_Enterobacterales;f_Enterobacteriaceae;g_Escherichia;s_Escherichia coli
E463	E463_3450	36	species	Escherichia coli	6	6	5	0.980	d_Bacteria;p_Proteobacteria;c_Gammaproteobacteria;o_Enterobacterales;f_Enterobacteriaceae;g_Escherichia;s_Escherichia coli
E463	E463_4772	36	species	Escherichia coli	2	2	2	1.000	d_Bacteria;p_Proteobacteria;c_Gammaproteobacteria;o_Enterobacterales;f_Enterobacteriaceae;g_Escherichia;s_Escherichia coli
E463	E463_8996	36	species	Escherichia coli	3	3	2	0.990	d_Bacteria;p_Proteobacteria;c_Gammaproteobacteria;o_Enterobacterales;f_Enterobacteriaceae;g_Escherichia;s_Escherichia coli
E463	E463_1536	36	species	Escherichia coli	12	12	5	0.610	d_Bacteria;p_Proteobacteria;c_Gammaproteobacteria;o_Enterobacterales;f_Enterobacteriaceae;g_Escherichia;s_Escherichia coli
E463	E463_5184	36	species	Escherichia coli	5	5	4	0.670	d_Bacteria;p_Proteobacteria;c_Gammaproteobacteria;o_Enterobacterales;f_Enterobacteriaceae;g_Escherichia;s_Escherichia coli
E463	E463_6952	70	species	Enterobacter hormaechei A	5	5	2	0.910	d_Bacteria;p_Proteobacteria;c_Gammaproteobacteria;o_Enterobacterales;f_Enterobacteriaceae;g_Enterobacter;s_Enterobacter hormaechei A
E463	E463_2257	36	species	Escherichia coli	7	7	4	0.790	d_Bacteria;p_Proteobacteria;c_Gammaproteobacteria;o_Enterobacterales;f_Enterobacteriaceae;g_Escherichia;s_Escherichia coli
E463	E463_1945	36	species	Escherichia coli	6	6	3	0.590	d_Bacteria;p_Proteobacteria;c_Gammaproteobacteria;o_Enterobacterales;f_Enterobacteriaceae;g_Escherichia;s_Escherichia coli
E463	E463_6702	36	species	Escherichia coli	4	4	2	0.500	d_Bacteria;p_Proteobacteria;c_Gammaproteobacteria;o_Enterobacterales;f_Enterobacteriaceae;g_Escherichia;s_Escherichia coli
E463	E463_8622	70	species	Enterobacter hormaechei A	4	3	3	1.000	d_Bacteria;p_Proteobacteria;c_Gammaproteobacteria;o_Enterobacterales;f_Enterobacteriaceae;g_Enterobacter;s_Enterobacter hormaechei A
E463	E463_8059	36	species	Escherichia coli	10	7	1	0.840	d_Bacteria;p_Proteobacteria;c_Gammaproteobacteria;o_Enterobacterales;f_Enterobacteriaceae;g_Escherichia;s_Escherichia coli
E463	E463_7571	36	species	Escherichia coli	2	1	1	1.000	d_Bacteria;p_Proteobacteria;c_Gammaproteobacteria;o_Enterobacterales;f_Enterobacteriaceae;g_Escherichia;s_Escherichia coli
E463	E463_4538	36	species	Escherichia coli	3	2	2	1.000	d_Bacteria;p_Proteobacteria;c_Gammaproteobacteria;o_Enterobacterales;f_Enterobacteriaceae;g_Escherichia;s_Escherichia coli
E463	E463_5484	36	species	Escherichia coli	2	2	2	1.000	d_Bacteria;p_Proteobacteria;c_Gammaproteobacteria;o_Enterobacterales;f_Enterobacteriaceae;g_Escherichia;s_Escherichia coli
E463	E463_14477	70	species	Enterobacter hormaechei A	2	2	1	0.940	d_Bacteria;p_Proteobacteria;c_Gammaproteobacteria;o_Enterobacterales;f_Enterobacteriaceae;g_Enterobacter;s_Enterobacter hormaechei A
E463	E463_9053	36	species	Escherichia coli	1	1	1	1.000	d_Bacteria;p_Proteobacteria;c_Gammaproteobacteria;o_Enterobacterales;f_Enterobacteriaceae;g_Escherichia;s_Escherichia coli
E463	E463_11615	2301	species	Enterobacter cloacae I	5	4	2	0.910	d_Bacteria;p_Proteobacteria;c_Gammaproteobacteria;o_Enterobacterales;f_Enterobacteriaceae;g_Enterobacter;s_Enterobacter cloacae I
E463	E463_4736	36	species	Escherichia coli	4	4	2	0.660	d_Bacteria;p_Proteobacteria;c_Gammaproteobacteria;o_Enterobacterales;f_Enterobacteriaceae;g_Escherichia;s_Escherichia coli
E463	E463_5824	36	species	Escherichia coli	3	3	2	0.670	d_Bacteria;p_Proteobacteria;c_Gammaproteobacteria;o_Enterobacterales;f_Enterobacteriaceae;g_Escherichia;s_Escherichia coli
E463	E463_9952	36	species	Escherichia coli	2	1	1	1.000	d_Bacteria;p_Proteobacteria;c_Gammaproteobacteria;o_Enterobacterales;f_Enterobacteriaceae;g_Escherichia;s_Escherichia coli
E463	E463_14592	70	species	Enterobacter hormaechei A	3	3	2	0.990	d_Bacteria;p_Proteobacteria;c_Gammaproteobacteria;o_Enterobacterales;f_Enterobacteriaceae;g_Enterobacter;s_Enterobacter hormaechei A
E463	E463_15200	2301	species	Enterobacter cloacae I	1	1	1	1.000	d_Bacteria;p_Proteobacteria;c_Gammaproteobacteria;o_Enterobacterales;f_Enterobacteriaceae;g_Enterobacter;s_Enterobacter cloacae I
E463	E463_9380	36	species	Escherichia coli	2	2	1	0.960	d_Bacteria;p_Proteobacteria;c_Gammaproteobacteria;o_Enterobacterales;f_Enterobacteriaceae;g_Escherichia;s_Escherichia coli
E463	E463_13764	70	species	Enterobacter hormaechei A	3	3	3	1.000	d_Bacteria;p_Proteobacteria;c_Gammaproteobacteria;o_Enterobacterales;f_Enterobacteriaceae;g_Enterobacter;s_Enterobacter hormaechei A
E463	E463_12203	70	species	Enterobacter hormaechei A	1	1	1	1.000	d_Bacteria;p_Proteobacteria;c_Gammaproteobacteria;o_Enterobacterales;f_Enterobacteriaceae;g_Enterobacter;s_Enterobacter hormaechei A
E463	E463_7581	36	species	Escherichia coli	2	2	1	0.500	d_Bacteria;p_Proteobacteria;c_Gammaproteobacteria;o_Enterobacterales;f_Enterobacteriaceae;g_Escherichia;s_Escherichia coli
E463	E463_7365	36	species	Escherichia coli	2	2	1	0.500	d_Bacteria;p_Proteobacteria;c_Gammaproteobacteria;o_Enterobacterales;f_Enterobacteriaceae;g_Escherichia;s_Escherichia coli
E463	E463_12646	70	species	Enterobacter hormaechei A	2	2	1	0.500	d_Bacteria;p_Proteobacteria;c_Gammaproteobacteria;o_Enterobacterales;f_Enterobacteriaceae;g_Enterobacter;s_Enterobacter hormaechei A
E463	E463_1223	36	species	Escherichia coli	8	8	4	0.570	d_Bacteria;p_Proteobacteria;c_Gammaproteobacteria;o_Enterobacterales;f_Enterobacteriaceae;g_Escherichia;s_Escherichia coli
E463	E463_4615	36	species	Escherichia coli	3	2	1	0.500	d_Bacteria;p_Proteobacteria;c_Gammaproteobacteria;o_Enterobacterales;f_Enterobacteriaceae;g_Escherichia;s_Escherichia coli
E463	E463_5777	36	species	Escherichia coli	4	4	2	0.500	d_Bacteria;p_Proteobacteria;c_Gammaproteobacteria;o_Enterobacterales;f_Enterobacteriaceae;g_Escherichia;s_Escherichia coli
E463	E463_14225	70	species	Enterobacter hormaechei A	2	2	1	0.950	d_Bacteria;p_Proteobacteria;c_Gammaproteobacteria;o_Enterobacterales;f_Enterobacteriaceae;g_Enterobacter;s_Enterobacter hormaechei A
E463	E463_3417	36	species	Escherichia coli	5	5	3	0.660	d_Bacteria;p_Proteobacteria;c_Gammaproteobacteria;o_Enterobacterales;f_Enterobacteriaceae;g_Escherichia;s_Escherichia coli
E463	E463_13769	1903	species	Enterobacter hormaechei	1	1	1	1.000	d_Bacteria;p_Proteobacteria;c_Gammaproteobacteria;o_Enterobacterales;f_Enterobacteriaceae;g_Enterobacter;s_Enterobacter hormaechei
E463	E463_2346	36	species	Escherichia coli	7	7	4	0.790	d_Bacteria;p_Proteobacteria;c_Gammaproteobacteria;o_Enterobacterales;f_Enterobacteriaceae;g_Escherichia;s_Escherichia coli
E463	E463_10602	36	species	Escherichia coli	2	2	1	0.920	d_Bacteria;p_Proteobacteria;c_Gammaproteobacteria;o_Enterobacterales;f_Enterobacteriaceae;g_Escherichia;s_Escherichia coli
E463	E463_2551	36	species	Escherichia coli	6	6	3	0.590	d_Bacteria;p_Proteobacteria;c_Gammaproteobacteria;o_Enterobacterales;f_Enterobacteriaceae;g_Escherichia;s_Escherichia coli
E463	E463_547	36	species	Escherichia coli	22	18	6	0.530	d_Bacteria;p_Proteobacteria;c_Gammaproteobacteria;o_Enterobacterales;f_Enterobacteriaceae;g_Escherichia;s_Escherichia coli
E463	E463_6286	70	species	Enterobacter hormaechei A	2	2	1	0.500	d_Bacteria;p_Proteobacteria;c_Gammaproteobacteria;o_Enterobacterales;f_Enterobacteriaceae;g_Enterobacter;s_Enterobacter hormaechei A
E463	E463_11407	36	species	Escherichia coli	3	3	1	0.900	d_Bacteria;p_Proteobacteria;c_Gammaproteobacteria;o_Enterobacterales;f_Enterobacteriaceae;g_Escherichia;s_Escherichia coli
E463	E463_7023	70	species	Enterobacter hormaechei A	3	3	3	1.000	d_Bacteria;p_Proteobacteria;c_Gammaproteobacteria;o_Enterobacterales;f_Enterobacteriaceae;g_Enterobacter;s_Enterobacter hormaechei A
E463	E463_1381	36	species	Escherichia coli	8	8	4	0.500	d_Bacteria;p_Proteobacteria;c_Gammaproteobacteria;o_Enterobacterales;f_Enterobacteriaceae;g_Escherichia;s_Escherichia coli
E463	E463_5253	36	species	Escherichia coli	2	2	1	0.500	d_Bacteria;p_Proteobacteria;c_Gammaproteobacteria;o_Enterobacterales;f_Enterobacteriaceae;g_Escherichia;s_Escherichia coli
E463	E463_8488	70	species	Enterobacter hormaechei A	3	3	2	0.980	d_Bacteria;p_Proteobacteria;c_Gammaproteobacteria;o_Enterobacterales;f_Enterobacteriaceae;g_Enterobacter;s_Enterobacter hormaechei A
E463	E463_10728	36	species	Escherichia coli	2	2	2	1.000	d_Bacteria;p_Proteobacteria;c_Gammaproteobacteria;o_Enterobacterales;f_Enterobacteriaceae;g_Escherichia;s_Escherichia coli
E463	E463_6381	36	species	Escherichia coli	3	3	2	0.670	d_Bacteria;p_Proteobacteria;c_Gammaproteobacteria;o_Enterobacterales;f_Enterobacteriaceae;g_Escherichia;s_Escherichia coli
E463	E463_11591	70	species	Enterobacter hormaechei A	3	3	2	0.970	d_Bacteria;p_Proteobacteria;c_Gammaproteobacteria;o_Enterobacterales;f_Enterobacteriaceae;g_Enterobacter;s_Enterobacter hormaechei A
E463	E463_6870	70	species	Enterobacter hormaechei A	3	2	1	0.500	d_Bacteria;p_Proteobacteria;c_Gammaproteobacteria;o_Enterobacterales;f_Enterobacteriaceae;g_Enterobacter;s_Enterobacter hormaechei A
E463	E463_10390	36	species	Escherichia coli	2	2	2	1.000	d_Bacteria;p_Proteobacteria;c_Gammaproteobacteria;o_Enterobacterales;f_Enterobacteriaceae;g_Escherichia;s_Escherichia coli
E463	E463_14582	70	species	Enterobacter hormaechei A	4	4	2	0.980	d_Bacteria;p_Proteobacteria;c_Gammaproteobacteria;o_Enterobacterales;f_Enterobacteriaceae;g_Enterobacter;s_Enterobacter hormaechei A
E463	E463_1303	36	species	Escherichia coli	9	9	6	0.820	d_Bacteria;p_Proteobacteria;c_Gammaproteobacteria;o_Enterobacterales;f_Enterobacteriaceae;g_Escherichia;s_Escherichia coli
E463	E463_2359	36	species	Escherichia coli	5	4	2	0.500	d_Bacteria;p_Proteobacteria;c_Gammaproteobacteria;o_Enterobacterales;f_Enterobacteriaceae;g_Escherichia;s_Escherichia coli
E463	E463_4621	36	species	Escherichia coli	4	4	2	0.500	d_Bacteria;p_Proteobacteria;c_Gammaproteobacteria;o_Enterobacterales;f_Enterobacteriaceae;g_Escherichia;s_Escherichia coli
E463	E463_7953	36	species	Escherichia coli	3	3	2	0.520	d_Bacteria;p_Proteobacteria;c_Gammaproteobacteria;o_Enterobacterales;f_Enterobacteriaceae;g_Escherichia;s_Escherichia coli
E463	E463_6211	36	species	Escherichia coli	3	3	2	0.520	d_Bacteria;p_Proteobacteria;c_Gammaproteobacteria;o_Enterobacterales;f_Enterobacteriaceae;g_Escherichia;s_Escherichia coli
E463	E463_6371	36	species	Escherichia coli	4	3	2	0.980	d_Bacteria;p_Proteobacteria;c_Gammaproteobacteria;o_Enterobacterales;f_Enterobacteriaceae;g_Escherichia;s_Escherichia coli
E463	E463_7743	36	species	Escherichia coli	4	4	2	0.940	d_Bacteria;p_Proteobacteria;c_Gammaproteobacteria;o_Enterobacterales;f_Enterobacteriaceae;g_Escherichia;s_Escherichia coli
E463	E463_12225	36	species	Escherichia coli	2	1	1	1.000	d_Bacteria;p_Proteobacteria;c_Gammaproteobacteria;o_Enterobacterales;f_Enterobacteriaceae;g_Escherichia;s_Escherichia coli
E463	E463_5634	36	species	Escherichia coli	4	4	3	0.960	d_Bacteria;p_Proteobacteria;c_Gammaproteobacteria;o_Enterobacterales;f_Enterobacteriaceae;g_Escherichia;s_Escherichia coli
E463	E463_6498	36	species	Escherichia coli	3	2	1	0.920	d_Bacteria;p_Proteobacteria;c_Gammaproteobacteria;o_Enterobacterales;f_Enterobacteriaceae;g_Escherichia;s_Escherichia coli
E463	E463_9282	36	species	Escherichia coli	3	3	2	0.980	d_Bacteria;p_Proteobacteria;c_Gammaproteobacteria;o_Enterobacterales;f_Enterobacteriaceae;g_Escherichia;s_Escherichia coli
E463	E463_14798	70	species	Enterobacter hormaechei A	2	2	1	0.970	d_Bacteria;p_Proteobacteria;c_Gammaproteobacteria;o_Enterobacterales;f_Enterobacteriaceae;g_Enterobacter;s_Enterobacter hormaechei A
E463	E463_7537	36	species	Escherichia coli	4	4	2	0.660	d_Bacteria;p_Proteobacteria;c_Gammaproteobacteria;o_Enterobacterales;f_Enterobacteriaceae;g_Escherichia;s_Escherichia coli
E463	E463_2834	36	species	Escherichia coli	6	5	2	0.650	d_Bacteria;p_Proteobacteria;c_Gammaproteobacteria;o_Enterobacterales;f_Enterobacteriaceae;g_Escherichia;s_Escherichia coli
E463	E463_12530	36	species	Escherichia coli	2	2	2	1.000	d_Bacteria;p_Proteobacteria;c_Gammaproteobacteria;o_Enterobacterales;f_Enterobacteriaceae;g_Escherichia;s_Escherichia coli
E463	E463_9080	35	species	Acinetobacter baumannii	1	1	1	1.000	d_Bacteria;p_Proteobacteria;c_Gammaproteobacteria;o_Pseudomonadales;f_Moraxellaceae;g_Acinetobacter;s_Acinetobacter baumannii
E463	E463_11992	70	species	Enterobacter hormaechei A	2	2	1	0.970	d_Bacteria;p_Proteobacteria;c_Gammaproteobacteria;o_Enterobacterales;f_Enterobacteriaceae;g_Enterobacter;s_Enterobacter hormaechei A
E463	E463_14170	36	species	Escherichia coli	1	1	1	1.000	d_Bacteria;p_Proteobacteria;c_Gammaproteobacteria;o_Enterobacterales;f_Enterobacteriaceae;g_Escherichia;s_Escherichia coli
E463	E463_14618	36	species	Escherichia coli	3	3	1	0.920	d_Bacteria;p_Proteobacteria;c_Gammaproteobacteria;o_Enterobacterales;f_Enterobacteriaceae;g_Escherichia;s_Escherichia coli
E463	E463_13677	70	species	Enterobacter hormaechei A	2	2	1	0.500	d_Bacteria;p_Proteobacteria;c_Gammaproteobacteria;o_Enterobacterales;f_Enterobacteriaceae;g_Enterobacter;s_Enterobacter hormaechei A
E463	E463_14355	70	species	Enterobacter hormaechei A	2	2	1	0.500	d_Bacteria;p_Proteobacteria;c_Gammaproteobacteria;o_Enterobacterales;f_Enterobacteriaceae;g_Enterobacter;s_Enterobacter hormaechei A
E463	E463_7925	70	species	Enterobacter hormaechei A	4	4	2	0.670	d_Bacteria;p_Proteobacteria;c_Gammaproteobacteria;o_Enterobacterales;f_Enterobacteriaceae;g_Enterobacter;s_Enterobacter hormaechei A
E463	E463_4709	36	species	Escherichia coli	2	2	1	0.500	d_Bacteria;p_Proteobacteria;c_Gammaproteobacteria;o_Enterobacterales;f_Enterobacteriaceae;g_Escherichia;s_Escherichia coli
E463	E463_10414	36	species	Escherichia coli	3	3	1	0.920	d_Bacteria;p_Proteobacteria;c_Gammaproteobacteria;o_Enterobacterales;f_Enterobacteriaceae;g_Escherichia;s_Escherichia coli
E463	E463_5617	36	species	Escherichia coli	2	2	1	0.500	d_Bacteria;p_Proteobacteria;c_Gammaproteobacteria;o_Enterobacterales;f_Enterobacteriaceae;g_Escherichia;s_Escherichia coli
E463	E463_9255	36	species	Escherichia coli	2	2	1	0.960	d_Bacteria;p_Proteobacteria;c_Gammaproteobacteria;o_Enterobacterales;f_Enterobacteriaceae;g_Escherichia;s_Escherichia coli
E463	E463_9319	36	species	Escherichia coli	3	3	3	1.000	d_Bacteria;p_Proteobacteria;c_Gammaproteobacteria;o_Enterobacterales;f_Enterobacteriaceae;g_Escherichia;s_Escherichia coli
E463	E463_13191	36	species	Escherichia coli	2	2	1	0.500	d_Bacteria;p_Proteobacteria;c_Gammaproteobacteria;o_Enterobacterales;f_Enterobacteriaceae;g_Escherichia;s_Escherichia coli
E463	E463_13223	70	species	Enterobacter hormaechei A	1	1	1	1.000	d_Bacteria;p_Proteobacteria;c_Gammaproteobacteria;o_Enterobacterales;f_Enterobacteriaceae;g_Enterobacter;s_Enterobacter hormaechei A
E463	E463_8018	36	species	Escherichia coli	4	4	2	0.940	d_Bacteria;p_Proteobacteria;c_Gammaproteobacteria;o_Enterobacterales;f_Enterobacteriaceae;g_Escherichia;s_Escherichia coli
E463	E463_13850	36	species	Escherichia coli	2	2	2	1.000	d_Bacteria;p_Proteobacteria;c_Gammaproteobacteria;o_Enterobacterales;f_Enterobacteriaceae;g_Escherichia;s_Escherichia coli
E463	E463_14010	70	species	Enterobacter hormaechei A	2	2	1	0.930	d_Bacteria;p_Proteobacteria;c_Gammaproteobacteria;o_Enterobacterales;f_Enterobacteriaceae;g_Enterobacter;s_Enterobacter hormaechei A
E463	E463_13292	36	species	Escherichia coli	2	2	2	1.000	d_Bacteria;p_Proteobacteria;c_Gammaproteobacteria;o_Enterobacterales;f_Enterobacteriaceae;g_Escherichia;s_Escherichia coli
E463	E463_15564	70	species	Enterobacter hormaechei A	2	2	1	0.960	d_Bacteria;p_Proteobacteria;c_Gammaproteobacteria;o_Enterobacterales;f_Enterobacteriaceae;g_Enterobacter;s_Enterobacter hormaechei A
E463	E463_14286	36	species	Escherichia coli	2	2	2	1.000	d_Bacteria;p_Proteobacteria;c_Gammaproteobacteria;o_Enterobacterales;f_Enterobacteriaceae;g_Escherichia;s_Escherichia coli
E463	E463_14382	70	species	Enterobacter hormaechei A	2	2	2	1.000	d_Bacteria;p_Proteobacteria;c_Gammaproteobacteria;o_Enterobacterales;f_Enterobacteriaceae;g_Enterobacter;s_Enterobacter hormaechei A
E463	E463_14545	70	species	Enterobacter hormaechei A	1	1	1	1.000	d_Bacteria;p_Proteobacteria;c_Gammaproteobacteria;o_Enterobacterales;f_Enterobacteriaceae;g_Enterobacter;s_Enterobacter hormaechei A
E463	E463_4370	36	species	Escherichia coli	3	3	3	1.000	d_Bacteria;p_Proteobacteria;c_Gammaproteobacteria;o_Enterobacterales;f_Enterobacteriaceae;g_Escherichia;s_Escherichia coli
E463	E463_12850	36	species	Escherichia coli	3	2	1	0.980	d_Bacteria;p_Proteobacteria;c_Gammaproteobacteria;o_Enterobacterales;f_Enterobacteriaceae;g_Escherichia;s_Escherichia coli
E463	E463_3603	36	species	Escherichia coli	6	6	2	0.940	d_Bacteria;p_Proteobacteria;c_Gammaproteobacteria;o_Enterobacterales;f_Enterobacteriaceae;g_Escherichia;s_Escherichia coli
E463	E463_3859	70	species	Enterobacter hormaechei A	5	3	3	1.000	d_Bacteria;p_Proteobacteria;c_Gammaproteobacteria;o_Enterobacterales;f_Enterobacteriaceae;g_Enterobacter;s_Enterobacter hormaechei A
E463	E463_4275	36	species	Escherichia coli	4	4	2	0.980	d_Bacteria;p_Proteobacteria;c_Gammaproteobacteria;o_Enterobacterales;f_Enterobacteriaceae;g_Escherichia;s_Escherichia coli
E463	E463_6886	36	species	Escherichia coli	3	3	3	1.000	d_Bacteria;p_Proteobacteria;c_Gammaproteobacteria;o_Enterobacterales;f_Enterobacteriaceae;g_Escherichia;s_Escherichia coli
E463	E463_9766	36	species	Escherichia coli	3	3	2	0.970	d_Bacteria;p_Proteobacteria;c_Gammaproteobacteria;o_Enterobacterales;f_Enterobacteriaceae;g_Escherichia;s_Escherichia coli
E463	E463_1703	36	species	Escherichia coli	9	8	5	0.580	d_Bacteria;p_Proteobacteria;c_Gammaproteobacteria;o_Enterobacterales;f_Enterobacteriaceae;g_Escherichia;s_Escherichia coli
E468	E468_9401	36	species	Escherichia coli	2	2	1	0.500	d_Bacteria;p_Proteobacteria;c_Gammaproteobacteria;o_Enterobacterales;f_Enterobacteriaceae;g_Escherichia;s_Escherichia coli
E468	E468_11321	36	species	Escherichia coli	1	1	1	1.000	d_Bacteria;p_Proteobacteria;c_Gammaproteobacteria;o_Enterobacterales;f_Enterobacteriaceae;g_Escherichia;s_Escherichia coli
E468	E468_16639	36	species	Escherichia coli	2	2	1	0.950	d_Bacteria;p_Proteobacteria;c_Gammaproteobacteria;o_Enterobacterales;f_Enterobacteriaceae;g_Escherichia;s_Escherichia coli
E468	E468_12080	36	species	Escherichia coli	2	2	1	0.500	d_Bacteria;p_Proteobacteria;c_Gammaproteobacteria;o_Enterobacterales;f_Enterobacteriaceae;g_Escherichia;s_Escherichia coli
E468	E468_11217	36	species	Escherichia coli	2	2	1	0.500	d_Bacteria;p_Proteobacteria;c_Gammaproteobacteria;o_Enterobacterales;f_Enterobacteriaceae;g_Escherichia;s_Escherichia coli
E468	E468_16145	36	species	Escherichia coli	2	2	2	1.000	d_Bacteria;p_Proteobacteria;c_Gammaproteobacteria;o_Enterobacterales;f_Enterobacteriaceae;g_Escherichia;s_Escherichia coli
E468	E468_16241	13229	species	Enterobacter cloacae O	2	2	1	0.930	d_Bacteria;p_Proteobacteria;c_Gammaproteobacteria;o_Enterobacterales;f_Enterobacteriaceae;g_Enterobacter;s_Enterobacter cloacae O
E468	E468_7577	36	species	Escherichia coli	4	2	1	0.500	d_Bacteria;p_Proteobacteria;c_Gammaproteobacteria;o_Enterobacterales;f_Enterobacteriaceae;g_Escherichia;s_Escherichia coli
E468	E468_11993	36	species	Escherichia coli	2	2	1	0.940	d_Bacteria;p_Proteobacteria;c_Gammaproteobacteria;o_Enterobacterales;f_Enterobacteriaceae;g_Escherichia;s_Escherichia coli
E468	E468_17081	36	species	Escherichia coli	2	2	1	0.500	d_Bacteria;p_Proteobacteria;c_Gammaproteobacteria;o_Enterobacterales;f_Enterobacteriaceae;g_Escherichia;s_Escherichia coli
E468	E468_15464	36	species	Escherichia coli	2	2	1	0.500	d_Bacteria;p_Proteobacteria;c_Gammaproteobacteria;o_Enterobacterales;f_Enterobacteriaceae;g_Escherichia;s_Escherichia coli
E468	E468_10665	36	species	Escherichia coli	3	1	1	1.000	d_Bacteria;p_Proteobacteria;c_Gammaproteobacteria;o_Enterobacterales;f_Enterobacteriaceae;g_Escherichia;s_Escherichia coli
E468	E468_16169	36	species	Escherichia coli	1	1	1	1.000	d_Bacteria;p_Proteobacteria;c_Gammaproteobacteria;o_Enterobacterales;f_Enterobacteriaceae;g_Escherichia;s_Escherichia coli
E468	E468_14218	36	species	Escherichia coli	2	2	1	0.960	d_Bacteria;p_Proteobacteria;c_Gammaproteobacteria;o_Enterobacterales;f_Enterobacteriaceae;g_Escherichia;s_Escherichia coli
E468	E468_15786	36	species	Escherichia coli	2	2	1	0.500	d_Bacteria;p_Proteobacteria;c_Gammaproteobacteria;o_Enterobacterales;f_Enterobacteriaceae;g_Escherichia;s_Escherichia coli
E468	E468_4683	36	species	Escherichia coli	5	4	2	0.500	d_Bacteria;p_Proteobacteria;c_Gammaproteobacteria;o_Enterobacterales;f_Enterobacteriaceae;g_Escherichia;s_Escherichia coli
E468	E468_9004	36	species	Escherichia coli	5	2	1	0.500	d_Bacteria;p_Proteobacteria;c_Gammaproteobacteria;o_Enterobacterales;f_Enterobacteriaceae;g_Escherichia;s_Escherichia coli
E468	E468_11276	36	species	Escherichia coli	3	2	1	0.500	d_Bacteria;p_Proteobacteria;c_Gammaproteobacteria;o_Enterobacterales;f_Enterobacteriaceae;g_Escherichia;s_Escherichia coli
E468	E468_12012	36	species	Escherichia coli	2	1	1	1.000	d_Bacteria;p_Proteobacteria;c_Gammaproteobacteria;o_Enterobacterales;f_Enterobacteriaceae;g_Escherichia;s_Escherichia coli
E468	E468_4077	36	species	Escherichia coli	6	5	2	0.660	d_Bacteria;p_Proteobacteria;c_Gammaproteobacteria;o_Enterobacterales;f_Enterobacteriaceae;g_Escherichia;s_Escherichia coli
E468	E468_9997	36	species	Escherichia coli	2	2	1	0.500	d_Bacteria;p_Proteobacteria;c_Gammaproteobacteria;o_Enterobacterales;f_Enterobacteriaceae;g_Escherichia;s_Escherichia coli
E468	E468_14574	36	species	Escherichia coli	2	2	1	0.940	d_Bacteria;p_Proteobacteria;c_Gammaproteobacteria;o_Enterobacterales;f_Enterobacteriaceae;g_Escherichia;s_Escherichia coli
E468	E468_9455	36	species	Escherichia coli	3	2	1	0.500	d_Bacteria;p_Proteobacteria;c_Gammaproteobacteria;o_Enterobacterales;f_Enterobacteriaceae;g_Escherichia;s_Escherichia coli
E468	E468_11940	36	species	Escherichia coli	2	2	1	0.500	d_Bacteria;p_Proteobacteria;c_Gammaproteobacteria;o_Enterobacterales;f_Enterobacteriaceae;g_Escherichia;s_Escherichia coli
E468	E468_12452	36	species	Escherichia coli	2	2	2	1.000	d_Bacteria;p_Proteobacteria;c_Gammaproteobacteria;o_Enterobacterales;f_Enterobacteriaceae;g_Escherichia;s_Escherichia coli
E468	E468_13924	36	species	Escherichia coli	2	1	1	1.000	d_Bacteria;p_Proteobacteria;c_Gammaproteobacteria;o_Enterobacterales;f_Enterobacteriaceae;g_Escherichia;s_Escherichia coli
E468	E468_14820	36	species	Escherichia coli	1	1	1	1.000	d_Bacteria;p_Proteobacteria;c_Gammaproteobacteria;o_Enterobacterales;f_Enterobacteriaceae;g_Escherichia;s_Escherichia coli
E468	E468_14948	36	species	Escherichia coli	1	1	1	1.000	d_Bacteria;p_Proteobacteria;c_Gammaproteobacteria;o_Enterobacterales;f_Enterobacteriaceae;g_Escherichia;s_Escherichia coli
E468	E468_15172	36	species	Escherichia coli	3	3	3	1.000	d_Bacteria;p_Proteobacteria;c_Gammaproteobacteria;o_Enterobacterales;f_Enterobacteriaceae;g_Escherichia;s_Escherichia coli
E468	E468_16484	36	species	Escherichia coli	1	1	1	1.000	d_Bacteria;p_Proteobacteria;c_Gammaproteobacteria;o_Enterobacterales;f_Enterobacteriaceae;g_Escherichia;s_Escherichia coli
E468	E468_16612	36	species	Escherichia coli	1	1	1	1.000	d_Bacteria;p_Proteobacteria;c_Gammaproteobacteria;o_Enterobacterales;f_Enterobacteriaceae;g_Escherichia;s_Escherichia coli
E468	E468_13697	36	species	Escherichia coli	2	2	1	0.910	d_Bacteria;p_Proteobacteria;c_Gammaproteobacteria;o_Enterobacterales;f_Enterobacteriaceae;g_Escherichia;s_Escherichia coli
E468	E468_13825	36	species	Escherichia coli	2	2	1	0.960	d_Bacteria;p_Proteobacteria;c_Gammaproteobacteria;o_Enterobacterales;f_Enterobacteriaceae;g_Escherichia;s_Escherichia coli
E468	E468_15392	36	species	Escherichia coli	2	2	1	0.930	d_Bacteria;p_Proteobacteria;c_Gammaproteobacteria;o_Enterobacterales;f_Enterobacteriaceae;g_Escherichia;s_Escherichia coli
E468	E468_13057	36	species	Escherichia coli	2	2	1	0.920	d_Bacteria;p_Proteobacteria;c_Gammaproteobacteria;o_Enterobacterales;f_Enterobacteriaceae;g_Escherichia;s_Escherichia coli
E468	E468_13121	36	species	Escherichia coli	2	2	1	0.940	d_Bacteria;p_Proteobacteria;c_Gammaproteobacteria;o_Enterobacterales;f_Enterobacteriaceae;g_Escherichia;s_Escherichia coli
E468	E468_14849	36	species	Escherichia coli	1	1	1	1.000	d_Bacteria;p_Proteobacteria;c_Gammaproteobacteria;o_Enterobacterales;f_Enterobacteriaceae;g_Escherichia;s_Escherichia coli
E468	E468_15553	36	species	Escherichia coli	2	1	1	1.000	d_Bacteria;p_Proteobacteria;c_Gammaproteobacteria;o_Enterobacterales;f_Enterobacteriaceae;g_Escherichia;s_Escherichia coli
E468	E468_7078	36	species	Escherichia coli	2	2	1	0.500	d_Bacteria;p_Proteobacteria;c_Gammaproteobacteria;o_Enterobacterales;f_Enterobacteriaceae;g_Escherichia;s_Escherichia coli
E468	E468_15023	36	species	Escherichia coli	1	1	1	1.000	d_Bacteria;p_Proteobacteria;c_Gammaproteobacteria;o_Enterobacterales;f_Enterobacteriaceae;g_Escherichia;s_Escherichia coli
E468	E468_15951	36	species	Escherichia coli	1	1	1	1.000	d_Bacteria;p_Proteobacteria;c_Gammaproteobacteria;o_Enterobacterales;f_Enterobacteriaceae;g_Escherichia;s_Escherichia coli
E468	E468_16015	36	species	Escherichia coli	2	2	1	0.500	d_Bacteria;p_Proteobacteria;c_Gammaproteobacteria;o_Enterobacterales;f_Enterobacteriaceae;g_Escherichia;s_Escherichia coli
E468	E468_14886	36	species	Escherichia coli	3	2	1	0.950	d_Bacteria;p_Proteobacteria;c_Gammaproteobacteria;o_Enterobacterales;f_Enterobacteriaceae;g_Escherichia;s_Escherichia coli
E468	E468_13427	36	species	Escherichia coli	2	2	1	0.500	d_Bacteria;p_Proteobacteria;c_Gammaproteobacteria;o_Enterobacterales;f_Enterobacteriaceae;g_Escherichia;s_Escherichia coli
E468	E468_1555	35	species	Acinetobacter baumannii	6	6	3	0.500	d_Bacteria;p_Proteobacteria;c_Gammaproteobacteria;o_Pseudomonadales;f_Moraxellaceae;g_Acinetobacter;s_Acinetobacter baumannii
E468	E468_2723	36	species	Escherichia coli	5	4	2	0.660	d_Bacteria;p_Proteobacteria;c_Gammaproteobacteria;o_Enterobacterales;f_Enterobacteriaceae;g_Escherichia;s_Escherichia coli
E468	E468_10499	36	species	Escherichia coli	3	2	1	0.500	d_Bacteria;p_Proteobacteria;c_Gammaproteobacteria;o_Enterobacterales;f_Enterobacteriaceae;g_Escherichia;s_Escherichia coli
E468	E468_9508	2301	species	Enterobacter cloacae I	1	1	1	1.000	d_Bacteria;p_Proteobacteria;c_Gammaproteobacteria;o_Enterobacterales;f_Enterobacteriaceae;g_Enterobacter;s_Enterobacter cloacae I
E468	E468_16829	36	species	Escherichia coli	1	1	1	1.000	d_Bacteria;p_Proteobacteria;c_Gammaproteobacteria;o_Enterobacterales;f_Enterobacteriaceae;g_Escherichia;s_Escherichia coli
E468	E468_13342	36	species	Escherichia coli	2	1	1	1.000	d_Bacteria;p_Proteobacteria;c_Gammaproteobacteria;o_Enterobacterales;f_Enterobacteriaceae;g_Escherichia;s_Escherichia coli
E468	E468_13982	36	species	Escherichia coli	1	1	1	1.000	d_Bacteria;p_Proteobacteria;c_Gammaproteobacteria;o_Enterobacterales;f_Enterobacteriaceae;g_Escherichia;s_Escherichia coli
E468	E468_16870	36	species	Escherichia coli	2	2	1	0.980	d_Bacteria;p_Proteobacteria;c_Gammaproteobacteria;o_Enterobacterales;f_Enterobacteriaceae;g_Escherichia;s_Escherichia coli
E468	E468_9178	36	species	Escherichia coli	3	2	1	0.500	d_Bacteria;p_Proteobacteria;c_Gammaproteobacteria;o_Enterobacterales;f_Enterobacteriaceae;g_Escherichia;s_Escherichia coli
E468	E468_9210	36	species	Escherichia coli	2	2	1	0.500	d_Bacteria;p_Proteobacteria;c_Gammaproteobacteria;o_Enterobacterales;f_Enterobacteriaceae;g_Escherichia;s_Escherichia coli
E468	E468_10618	36	species	Escherichia coli	2	2	1	0.500	d_Bacteria;p_Proteobacteria;c_Gammaproteobacteria;o_Enterobacterales;f_Enterobacteriaceae;g_Escherichia;s_Escherichia coli
E468	E468_16026	55282	species	Enterobacter sp013927005	2	2	1	0.960	d_Bacteria;p_Proteobacteria;c_Gammaproteobacteria;o_Enterobacterales;f_Enterobacteriaceae;g_Enterobacter;s_Enterobacter sp013927005
E468	E468_17050	36	species	Escherichia coli	1	1	1	1.000	d_Bacteria;p_Proteobacteria;c_Gammaproteobacteria;o_Enterobacterales;f_Enterobacteriaceae;g_Escherichia;s_Escherichia coli
E468	E468_11099	36	species	Escherichia coli	2	2	1	0.500	d_Bacteria;p_Proteobacteria;c_Gammaproteobacteria;o_Enterobacterales;f_Enterobacteriaceae;g_Escherichia;s_Escherichia coli
E468	E468_13819	36	species	Escherichia coli	2	2	1	0.500	d_Bacteria;p_Proteobacteria;c_Gammaproteobacteria;o_Enterobacterales;f_Enterobacteriaceae;g_Escherichia;s_Escherichia coli
E468	E468_15324	36	species	Escherichia coli	1	1	1	1.000	d_Bacteria;p_Proteobacteria;c_Gammaproteobacteria;o_Enterobacterales;f_Enterobacteriaceae;g_Escherichia;s_Escherichia coli
E468	E468_11901	36	species	Escherichia coli	1	1	1	1.000	d_Bacteria;p_Proteobacteria;c_Gammaproteobacteria;o_Enterobacterales;f_Enterobacteriaceae;g_Escherichia;s_Escherichia coli
E468	E468_11965	36	species	Escherichia coli	2	2	1	0.500	d_Bacteria;p_Proteobacteria;c_Gammaproteobacteria;o_Enterobacterales;f_Enterobacteriaceae;g_Escherichia;s_Escherichia coli
E468	E468_14163	36	species	Escherichia coli	1	1	1	1.000	d_Bacteria;p_Proteobacteria;c_Gammaproteobacteria;o_Enterobacterales;f_Enterobacteriaceae;g_Escherichia;s_Escherichia coli
E468	E468_15411	36	species	Escherichia coli	4	4	1	0.830	d_Bacteria;p_Proteobacteria;c_Gammaproteobacteria;o_Enterobacterales;f_Enterobacteriaceae;g_Escherichia;s_Escherichia coli
E468	E468_11603	36	species	Escherichia coli	2	2	1	0.500	d_Bacteria;p_Proteobacteria;c_Gammaproteobacteria;o_Enterobacterales;f_Enterobacteriaceae;g_Escherichia;s_Escherichia coli
E468	E468_7633	36	species	Escherichia coli	2	2	1	0.500	d_Bacteria;p_Proteobacteria;c_Gammaproteobacteria;o_Enterobacterales;f_Enterobacteriaceae;g_Escherichia;s_Escherichia coli
E468	E468_11569	36	species	Escherichia coli	2	2	1	0.500	d_Bacteria;p_Proteobacteria;c_Gammaproteobacteria;o_Enterobacterales;f_Enterobacteriaceae;g_Escherichia;s_Escherichia coli
E468	E468_13489	17704	species	Enterobacter cloacae P	5	4	1	0.860	d_Bacteria;p_Proteobacteria;c_Gammaproteobacteria;o_Enterobacterales;f_Enterobacteriaceae;g_Enterobacter;s_Enterobacter cloacae P
E468	E468_9087	36	species	Escherichia coli	3	3	1	0.850	d_Bacteria;p_Proteobacteria;c_Gammaproteobacteria;o_Enterobacterales;f_Enterobacteriaceae;g_Escherichia;s_Escherichia coli
E468	E468_9887	36	species	Escherichia coli	2	2	2	1.000	d_Bacteria;p_Proteobacteria;c_Gammaproteobacteria;o_Enterobacterales;f_Enterobacteriaceae;g_Escherichia;s_Escherichia coli
E468	E468_12674	36	species	Escherichia coli	2	2	1	0.980	d_Bacteria;p_Proteobacteria;c_Gammaproteobacteria;o_Enterobacterales;f_Enterobacteriaceae;g_Escherichia;s_Escherichia coli
E468	E468_14530	36	species	Escherichia coli	3	3	2	0.960	d_Bacteria;p_Proteobacteria;c_Gammaproteobacteria;o_Enterobacterales;f_Enterobacteriaceae;g_Escherichia;s_Escherichia coli
E468	E468_16674	36	species	Escherichia coli	2	2	1	0.920	d_Bacteria;p_Proteobacteria;c_Gammaproteobacteria;o_Enterobacterales;f_Enterobacteriaceae;g_Escherichia;s_Escherichia coli
E468	E468_6563	36	species	Escherichia coli	4	4	3	0.970	d_Bacteria;p_Proteobacteria;c_Gammaproteobacteria;o_Enterobacterales;f_Enterobacteriaceae;g_Escherichia;s_Escherichia coli
E468	E468_16469	36	species	Escherichia coli	2	2	1	0.950	d_Bacteria;p_Proteobacteria;c_Gammaproteobacteria;o_Enterobacterales;f_Enterobacteriaceae;g_Escherichia;s_Escherichia coli
E468	E468_7510	36	species	Escherichia coli	2	2	2	1.000	d_Bacteria;p_Proteobacteria;c_Gammaproteobacteria;o_Enterobacterales;f_Enterobacteriaceae;g_Escherichia;s_Escherichia coli
E468	E468_11702	36	species	Escherichia coli	7	6	1	0.770	d_Bacteria;p_Proteobacteria;c_Gammaproteobacteria;o_Enterobacterales;f_Enterobacteriaceae;g_Escherichia;s_Escherichia coli
E468	E468_12662	36	species	Escherichia coli	5	4	1	0.940	d_Bacteria;p_Proteobacteria;c_Gammaproteobacteria;o_Enterobacterales;f_Enterobacteriaceae;g_Escherichia;s_Escherichia coli
E468	E468_13974	36	species	Escherichia coli	3	2	1	0.960	d_Bacteria;p_Proteobacteria;c_Gammaproteobacteria;o_Enterobacterales;f_Enterobacteriaceae;g_Escherichia;s_Escherichia coli
E468	E468_6327	36	species	Escherichia coli	4	3	1	0.940	d_Bacteria;p_Proteobacteria;c_Gammaproteobacteria;o_Enterobacterales;f_Enterobacteriaceae;g_Escherichia;s_Escherichia coli
E468	E468_8759	36	species	Escherichia coli	2	2	1	0.500	d_Bacteria;p_Proteobacteria;c_Gammaproteobacteria;o_Enterobacterales;f_Enterobacteriaceae;g_Escherichia;s_Escherichia coli
E468	E468_9463	36	species	Escherichia coli	2	2	1	0.500	d_Bacteria;p_Proteobacteria;c_Gammaproteobacteria;o_Enterobacterales;f_Enterobacteriaceae;g_Escherichia;s_Escherichia coli
E468	E468_11479	36	species	Escherichia coli	2	2	1	0.990	d_Bacteria;p_Proteobacteria;c_Gammaproteobacteria;o_Enterobacterales;f_Enterobacteriaceae;g_Escherichia;s_Escherichia coli
E476	E476_20579	3256	species	Enterobacter quasihormaechei	2	1	1	1.000	d_Bacteria;p_Proteobacteria;c_Gammaproteobacteria;o_Enterobacterales;f_Enterobacteriaceae;g_Enterobacter;s_Enterobacter quasihormaechei
E484	E484_10051	36	species	Escherichia coli	2	1	1	1.000	d_Bacteria;p_Proteobacteria;c_Gammaproteobacteria;o_Enterobacterales;f_Enterobacteriaceae;g_Escherichia;s_Escherichia coli
E484	E484_5760	36	species	Escherichia coli	4	2	1	0.500	d_Bacteria;p_Proteobacteria;c_Gammaproteobacteria;o_Enterobacterales;f_Enterobacteriaceae;g_Escherichia;s_Escherichia coli
E484	E484_12992	36	species	Escherichia coli	2	2	1	0.910	d_Bacteria;p_Proteobacteria;c_Gammaproteobacteria;o_Enterobacterales;f_Enterobacteriaceae;g_Escherichia;s_Escherichia coli
E484	E484_13600	70	species	Enterobacter hormaechei A	4	4	4	1.000	d_Bacteria;p_Proteobacteria;c_Gammaproteobacteria;o_Enterobacterales;f_Enterobacteriaceae;g_Enterobacter;s_Enterobacter hormaechei A
E484	E484_14656	70	species	Enterobacter hormaechei A	2	2	1	0.500	d_Bacteria;p_Proteobacteria;c_Gammaproteobacteria;o_Enterobacterales;f_Enterobacteriaceae;g_Enterobacter;s_Enterobacter hormaechei A
E484	E484_15488	36	species	Escherichia coli	1	1	1	1.000	d_Bacteria;p_Proteobacteria;c_Gammaproteobacteria;o_Enterobacterales;f_Enterobacteriaceae;g_Escherichia;s_Escherichia coli
E484	E484_16577	70	species	Enterobacter hormaechei A	3	2	1	0.980	d_Bacteria;p_Proteobacteria;c_Gammaproteobacteria;o_Enterobacterales;f_Enterobacteriaceae;g_Enterobacter;s_Enterobacter hormaechei A
E484	E484_15970	70	species	Enterobacter hormaechei A	2	1	1	1.000	d_Bacteria;p_Proteobacteria;c_Gammaproteobacteria;o_Enterobacterales;f_Enterobacteriaceae;g_Enterobacter;s_Enterobacter hormaechei A
E484	E484_16354	70	species	Enterobacter hormaechei A	3	3	2	1.000	d_Bacteria;p_Proteobacteria;c_Gammaproteobacteria;o_Enterobacterales;f_Enterobacteriaceae;g_Enterobacter;s_Enterobacter hormaechei A
E484	E484_17218	70	species	Enterobacter hormaechei A	1	1	1	1.000	d_Bacteria;p_Proteobacteria;c_Gammaproteobacteria;o_Enterobacterales;f_Enterobacteriaceae;g_Enterobacter;s_Enterobacter hormaechei A
E484	E484_20002	70	species	Enterobacter hormaechei A	1	1	1	1.000	d_Bacteria;p_Proteobacteria;c_Gammaproteobacteria;o_Enterobacterales;f_Enterobacteriaceae;g_Enterobacter;s_Enterobacter hormaechei A
E484	E484_20418	1291	species	Enterobacter chengduensis	2	2	2	1.000	d_Bacteria;p_Proteobacteria;c_Gammaproteobacteria;o_Enterobacterales;f_Enterobacteriaceae;g_Enterobacter;s_Enterobacter chengduensis
E484	E484_4867	70	species	Enterobacter hormaechei A	4	3	2	0.670	d_Bacteria;p_Proteobacteria;c_Gammaproteobacteria;o_Enterobacterales;f_Enterobacteriaceae;g_Enterobacter;s_Enterobacter hormaechei A
E484	E484_7875	70	species	Enterobacter hormaechei A	3	3	2	1.000	d_Bacteria;p_Proteobacteria;c_Gammaproteobacteria;o_Enterobacterales;f_Enterobacteriaceae;g_Enterobacter;s_Enterobacter hormaechei A
E484	E484_8178	244	species	Enterobacter roggenkampii	5	4	1	0.860	d_Bacteria;p_Proteobacteria;c_Gammaproteobacteria;o_Enterobacterales;f_Enterobacteriaceae;g_Enterobacter;s_Enterobacter roggenkampii
E484	E484_12722	36	species	Escherichia coli	3	3	1	0.870	d_Bacteria;p_Proteobacteria;c_Gammaproteobacteria;o_Enterobacterales;f_Enterobacteriaceae;g_Escherichia;s_Escherichia coli
E484	E484_14994	70	species	Enterobacter hormaechei A	3	2	2	1.000	d_Bacteria;p_Proteobacteria;c_Gammaproteobacteria;o_Enterobacterales;f_Enterobacteriaceae;g_Enterobacter;s_Enterobacter hormaechei A
E484	E484_18930	70	species	Enterobacter hormaechei A	4	3	1	0.870	d_Bacteria;p_Proteobacteria;c_Gammaproteobacteria;o_Enterobacterales;f_Enterobacteriaceae;g_Enterobacter;s_Enterobacter hormaechei A
E484	E484_18962	70	species	Enterobacter hormaechei A	2	2	2	1.000	d_Bacteria;p_Proteobacteria;c_Gammaproteobacteria;o_Enterobacterales;f_Enterobacteriaceae;g_Enterobacter;s_Enterobacter hormaechei A
E484	E484_20178	70	species	Enterobacter hormaechei A	1	1	1	1.000	d_Bacteria;p_Proteobacteria;c_Gammaproteobacteria;o_Enterobacterales;f_Enterobacteriaceae;g_Enterobacter;s_Enterobacter hormaechei A
E484	E484_20786	70	species	Enterobacter hormaechei A	1	1	1	1.000	d_Bacteria;p_Proteobacteria;c_Gammaproteobacteria;o_Enterobacterales;f_Enterobacteriaceae;g_Enterobacter;s_Enterobacter hormaechei A
E484	E484_4787	36	species	Escherichia coli	3	3	2	0.520	d_Bacteria;p_Proteobacteria;c_Gammaproteobacteria;o_Enterobacterales;f_Enterobacteriaceae;g_Escherichia;s_Escherichia coli
E484	E484_7987	70	species	Enterobacter hormaechei A	3	3	3	1.000	d_Bacteria;p_Proteobacteria;c_Gammaproteobacteria;o_Enterobacterales;f_Enterobacteriaceae;g_Enterobacter;s_Enterobacter hormaechei A
E484	E484_9043	70	species	Enterobacter hormaechei A	3	2	1	0.970	d_Bacteria;p_Proteobacteria;c_Gammaproteobacteria;o_Enterobacterales;f_Enterobacteriaceae;g_Enterobacter;s_Enterobacter hormaechei A
E484	E484_11955	70	species	Enterobacter hormaechei A	3	2	2	1.000	d_Bacteria;p_Proteobacteria;c_Gammaproteobacteria;o_Enterobacterales;f_Enterobacteriaceae;g_Enterobacter;s_Enterobacter hormaechei A
E484	E484_12307	70	species	Enterobacter hormaechei A	3	2	1	0.500	d_Bacteria;p_Proteobacteria;c_Gammaproteobacteria;o_Enterobacterales;f_Enterobacteriaceae;g_Enterobacter;s_Enterobacter hormaechei A
E484	E484_13139	36	species	Escherichia coli	2	2	1	0.500	d_Bacteria;p_Proteobacteria;c_Gammaproteobacteria;o_Enterobacterales;f_Enterobacteriaceae;g_Escherichia;s_Escherichia coli
E484	E484_15411	22142	species	Enterobacter cloacae Q	4	4	1	0.780	d_Bacteria;p_Proteobacteria;c_Gammaproteobacteria;o_Enterobacterales;f_Enterobacteriaceae;g_Enterobacter;s_Enterobacter cloacae Q
E484	E484_16499	70	species	Enterobacter hormaechei A	1	1	1	1.000	d_Bacteria;p_Proteobacteria;c_Gammaproteobacteria;o_Enterobacterales;f_Enterobacteriaceae;g_Enterobacter;s_Enterobacter hormaechei A
E484	E484_18419	70	species	Enterobacter hormaechei A	2	2	1	0.920	d_Bacteria;p_Proteobacteria;c_Gammaproteobacteria;o_Enterobacterales;f_Enterobacteriaceae;g_Enterobacter;s_Enterobacter hormaechei A
E484	E484_18739	70	species	Enterobacter hormaechei A	1	1	1	1.000	d_Bacteria;p_Proteobacteria;c_Gammaproteobacteria;o_Enterobacterales;f_Enterobacteriaceae;g_Enterobacter;s_Enterobacter hormaechei A
E484	E484_20147	70	species	Enterobacter hormaechei A	2	2	2	1.000	d_Bacteria;p_Proteobacteria;c_Gammaproteobacteria;o_Enterobacterales;f_Enterobacteriaceae;g_Enterobacter;s_Enterobacter hormaechei A
E484	E484_12756	70	species	Enterobacter hormaechei A	3	2	1	0.500	d_Bacteria;p_Proteobacteria;c_Gammaproteobacteria;o_Enterobacterales;f_Enterobacteriaceae;g_Enterobacter;s_Enterobacter hormaechei A
E484	E484_13140	70	species	Enterobacter hormaechei A	2	2	1	0.500	d_Bacteria;p_Proteobacteria;c_Gammaproteobacteria;o_Enterobacterales;f_Enterobacteriaceae;g_Enterobacter;s_Enterobacter hormaechei A
E484	E484_14900	35	species	Acinetobacter baumannii	2	2	1	0.500	d_Bacteria;p_Proteobacteria;c_Gammaproteobacteria;o_Pseudomonadales;f_Moraxellaceae;g_Acinetobacter;s_Acinetobacter baumannii
E484	E484_15476	70	species	Enterobacter hormaechei A	2	2	2	1.000	d_Bacteria;p_Proteobacteria;c_Gammaproteobacteria;o_Enterobacterales;f_Enterobacteriaceae;g_Enterobacter;s_Enterobacter hormaechei A
E484	E484_17844	36	species	Escherichia coli	1	1	1	1.000	d_Bacteria;p_Proteobacteria;c_Gammaproteobacteria;o_Enterobacterales;f_Enterobacteriaceae;g_Escherichia;s_Escherichia coli
E484	E484_14179	70	species	Enterobacter hormaechei A	2	1	1	1.000	d_Bacteria;p_Proteobacteria;c_Gammaproteobacteria;o_Enterobacterales;f_Enterobacteriaceae;g_Enterobacter;s_Enterobacter hormaechei A
E484	E484_10044	70	species	Enterobacter hormaechei A	2	2	1	0.500	d_Bacteria;p_Proteobacteria;c_Gammaproteobacteria;o_Enterobacterales;f_Enterobacteriaceae;g_Enterobacter;s_Enterobacter hormaechei A
E484	E484_16186	70	species	Enterobacter hormaechei A	2	2	1	0.500	d_Bacteria;p_Proteobacteria;c_Gammaproteobacteria;o_Enterobacterales;f_Enterobacteriaceae;g_Enterobacter;s_Enterobacter hormaechei A
E484	E484_16986	18	species	Klebsiella pneumoniae	2	2	1	0.500	d_Bacteria;p_Proteobacteria;c_Gammaproteobacteria;o_Enterobacterales;f_Enterobacteriaceae;g_Klebsiella;s_Klebsiella pneumoniae
E484	E484_20090	70	species	Enterobacter hormaechei A	2	2	1	0.500	d_Bacteria;p_Proteobacteria;c_Gammaproteobacteria;o_Enterobacterales;f_Enterobacteriaceae;g_Enterobacter;s_Enterobacter hormaechei A
E484	E484_15035	70	species	Enterobacter hormaechei A	1	1	1	1.000	d_Bacteria;p_Proteobacteria;c_Gammaproteobacteria;o_Enterobacterales;f_Enterobacteriaceae;g_Enterobacter;s_Enterobacter hormaechei A
E484	E484_16732	70	species	Enterobacter hormaechei A	2	2	1	0.910	d_Bacteria;p_Proteobacteria;c_Gammaproteobacteria;o_Enterobacterales;f_Enterobacteriaceae;g_Enterobacter;s_Enterobacter hormaechei A
E484	E484_19548	70	species	Enterobacter hormaechei A	2	2	2	1.000	d_Bacteria;p_Proteobacteria;c_Gammaproteobacteria;o_Enterobacterales;f_Enterobacteriaceae;g_Enterobacter;s_Enterobacter hormaechei A
E484	E484_14306	70	species	Enterobacter hormaechei A	2	2	1	0.970	d_Bacteria;p_Proteobacteria;c_Gammaproteobacteria;o_Enterobacterales;f_Enterobacteriaceae;g_Enterobacter;s_Enterobacter hormaechei A
E484	E484_9515	70	species	Enterobacter hormaechei A	2	2	2	1.000	d_Bacteria;p_Proteobacteria;c_Gammaproteobacteria;o_Enterobacterales;f_Enterobacteriaceae;g_Enterobacter;s_Enterobacter hormaechei A
E484	E484_12715	70	species	Enterobacter hormaechei A	1	1	1	1.000	d_Bacteria;p_Proteobacteria;c_Gammaproteobacteria;o_Enterobacterales;f_Enterobacteriaceae;g_Enterobacter;s_Enterobacter hormaechei A
E484	E484_13611	36	species	Escherichia coli	1	1	1	1.000	d_Bacteria;p_Proteobacteria;c_Gammaproteobacteria;o_Enterobacterales;f_Enterobacteriaceae;g_Escherichia;s_Escherichia coli
E484	E484_14603	70	species	Enterobacter hormaechei A	2	2	1	0.500	d_Bacteria;p_Proteobacteria;c_Gammaproteobacteria;o_Enterobacterales;f_Enterobacteriaceae;g_Enterobacter;s_Enterobacter hormaechei A
E484	E484_15051	36	species	Escherichia coli	1	1	1	1.000	d_Bacteria;p_Proteobacteria;c_Gammaproteobacteria;o_Enterobacterales;f_Enterobacteriaceae;g_Escherichia;s_Escherichia coli
E484	E484_17803	49154	species	Enterobacter oligotrophicus	3	2	1	0.940	d_Bacteria;p_Proteobacteria;c_Gammaproteobacteria;o_Enterobacterales;f_Enterobacteriaceae;g_Enterobacter;s_Enterobacter oligotrophicus
E484	E484_10924	70	species	Enterobacter hormaechei A	3	2	2	1.000	d_Bacteria;p_Proteobacteria;c_Gammaproteobacteria;o_Enterobacterales;f_Enterobacteriaceae;g_Enterobacter;s_Enterobacter hormaechei A
E484	E484_13292	2301	species	Enterobacter cloacae I	1	1	1	1.000	d_Bacteria;p_Proteobacteria;c_Gammaproteobacteria;o_Enterobacterales;f_Enterobacteriaceae;g_Enterobacter;s_Enterobacter cloacae I
E484	E484_13388	36	species	Escherichia coli	3	1	1	1.000	d_Bacteria;p_Proteobacteria;c_Gammaproteobacteria;o_Enterobacterales;f_Enterobacteriaceae;g_Escherichia;s_Escherichia coli
E484	E484_14060	70	species	Enterobacter hormaechei A	4	4	2	0.910	d_Bacteria;p_Proteobacteria;c_Gammaproteobacteria;o_Enterobacterales;f_Enterobacteriaceae;g_Enterobacter;s_Enterobacter hormaechei A
E484	E484_17868	22142	species	Enterobacter cloacae Q	3	2	1	0.890	d_Bacteria;p_Proteobacteria;c_Gammaproteobacteria;o_Enterobacterales;f_Enterobacteriaceae;g_Enterobacter;s_Enterobacter cloacae Q
E484	E484_18604	70	species	Enterobacter hormaechei A	1	1	1	1.000	d_Bacteria;p_Proteobacteria;c_Gammaproteobacteria;o_Enterobacterales;f_Enterobacteriaceae;g_Enterobacter;s_Enterobacter hormaechei A
E484	E484_19788	36	species	Escherichia coli	1	1	1	1.000	d_Bacteria;p_Proteobacteria;c_Gammaproteobacteria;o_Enterobacterales;f_Enterobacteriaceae;g_Escherichia;s_Escherichia coli
E484	E484_5645	70	species	Enterobacter hormaechei A	5	5	2	0.940	d_Bacteria;p_Proteobacteria;c_Gammaproteobacteria;o_Enterobacterales;f_Enterobacteriaceae;g_Enterobacter;s_Enterobacter hormaechei A
E484	E484_8301	70	species	Enterobacter hormaechei A	2	2	1	0.500	d_Bacteria;p_Proteobacteria;c_Gammaproteobacteria;o_Enterobacterales;f_Enterobacteriaceae;g_Enterobacter;s_Enterobacter hormaechei A
E484	E484_10157	36	species	Escherichia coli	3	3	2	0.670	d_Bacteria;p_Proteobacteria;c_Gammaproteobacteria;o_Enterobacterales;f_Enterobacteriaceae;g_Escherichia;s_Escherichia coli
E484	E484_10317	70	species	Enterobacter hormaechei A	2	1	1	1.000	d_Bacteria;p_Proteobacteria;c_Gammaproteobacteria;o_Enterobacterales;f_Enterobacteriaceae;g_Enterobacter;s_Enterobacter hormaechei A
E484	E484_12781	70	species	Enterobacter hormaechei A	4	3	2	0.970	d_Bacteria;p_Proteobacteria;c_Gammaproteobacteria;o_Enterobacterales;f_Enterobacteriaceae;g_Enterobacter;s_Enterobacter hormaechei A
E484	E484_14125	70	species	Enterobacter hormaechei A	1	1	1	1.000	d_Bacteria;p_Proteobacteria;c_Gammaproteobacteria;o_Enterobacterales;f_Enterobacteriaceae;g_Enterobacter;s_Enterobacter hormaechei A
E484	E484_15277	70	species	Enterobacter hormaechei A	2	2	2	1.000	d_Bacteria;p_Proteobacteria;c_Gammaproteobacteria;o_Enterobacterales;f_Enterobacteriaceae;g_Enterobacter;s_Enterobacter hormaechei A
E484	E484_16301	70	species	Enterobacter hormaechei A	2	2	1	0.500	d_Bacteria;p_Proteobacteria;c_Gammaproteobacteria;o_Enterobacterales;f_Enterobacteriaceae;g_Enterobacter;s_Enterobacter hormaechei A
E484	E484_13977	70	species	Enterobacter hormaechei A	2	1	1	1.000	d_Bacteria;p_Proteobacteria;c_Gammaproteobacteria;o_Enterobacterales;f_Enterobacteriaceae;g_Enterobacter;s_Enterobacter hormaechei A
E484	E484_17529	70	species	Enterobacter hormaechei A	2	2	2	1.000	d_Bacteria;p_Proteobacteria;c_Gammaproteobacteria;o_Enterobacterales;f_Enterobacteriaceae;g_Enterobacter;s_Enterobacter hormaechei A
E484	E484_18489	70	species	Enterobacter hormaechei A	2	2	1	0.950	d_Bacteria;p_Proteobacteria;c_Gammaproteobacteria;o_Enterobacterales;f_Enterobacteriaceae;g_Enterobacter;s_Enterobacter hormaechei A
E484	E484_19385	70	species	Enterobacter hormaechei A	5	4	1	0.930	d_Bacteria;p_Proteobacteria;c_Gammaproteobacteria;o_Enterobacterales;f_Enterobacteriaceae;g_Enterobacter;s_Enterobacter hormaechei A
E484	E484_20089	400	species	Enterobacter cloacae M	1	1	1	1.000	d_Bacteria;p_Proteobacteria;c_Gammaproteobacteria;o_Enterobacterales;f_Enterobacteriaceae;g_Enterobacter;s_Enterobacter cloacae M
E484	E484_7966	70	species	Enterobacter hormaechei A	5	4	2	0.660	d_Bacteria;p_Proteobacteria;c_Gammaproteobacteria;o_Enterobacterales;f_Enterobacteriaceae;g_Enterobacter;s_Enterobacter hormaechei A
E484	E484_17796	36	species	Escherichia coli	1	1	1	1.000	d_Bacteria;p_Proteobacteria;c_Gammaproteobacteria;o_Enterobacterales;f_Enterobacteriaceae;g_Escherichia;s_Escherichia coli
E484	E484_20068	70	species	Enterobacter hormaechei A	2	2	1	0.500	d_Bacteria;p_Proteobacteria;c_Gammaproteobacteria;o_Enterobacterales;f_Enterobacteriaceae;g_Enterobacter;s_Enterobacter hormaechei A
E484	E484_11419	70	species	Enterobacter hormaechei A	3	2	1	0.920	d_Bacteria;p_Proteobacteria;c_Gammaproteobacteria;o_Enterobacterales;f_Enterobacteriaceae;g_Enterobacter;s_Enterobacter hormaechei A
E484	E484_11771	36	species	Escherichia coli	4	3	2	0.980	d_Bacteria;p_Proteobacteria;c_Gammaproteobacteria;o_Enterobacterales;f_Enterobacteriaceae;g_Escherichia;s_Escherichia coli
E484	E484_10719	70	species	Enterobacter hormaechei A	3	3	2	0.980	d_Bacteria;p_Proteobacteria;c_Gammaproteobacteria;o_Enterobacterales;f_Enterobacteriaceae;g_Enterobacter;s_Enterobacter hormaechei A
E484	E484_10751	70	species	Enterobacter hormaechei A	2	2	2	1.000	d_Bacteria;p_Proteobacteria;c_Gammaproteobacteria;o_Enterobacterales;f_Enterobacteriaceae;g_Enterobacter;s_Enterobacter hormaechei A
E484	E484_11519	36	species	Escherichia coli	2	2	1	0.990	d_Bacteria;p_Proteobacteria;c_Gammaproteobacteria;o_Enterobacterales;f_Enterobacteriaceae;g_Escherichia;s_Escherichia coli
E484	E484_13407	36	species	Escherichia coli	3	3	2	0.990	d_Bacteria;p_Proteobacteria;c_Gammaproteobacteria;o_Enterobacterales;f_Enterobacteriaceae;g_Escherichia;s_Escherichia coli
E484	E484_13919	36	species	Escherichia coli	2	2	1	0.970	d_Bacteria;p_Proteobacteria;c_Gammaproteobacteria;o_Enterobacterales;f_Enterobacteriaceae;g_Escherichia;s_Escherichia coli
E484	E484_14527	70	species	Enterobacter hormaechei A	2	2	1	0.910	d_Bacteria;p_Proteobacteria;c_Gammaproteobacteria;o_Enterobacterales;f_Enterobacteriaceae;g_Enterobacter;s_Enterobacter hormaechei A
E484	E484_14655	70	species	Enterobacter hormaechei A	2	1	1	1.000	d_Bacteria;p_Proteobacteria;c_Gammaproteobacteria;o_Enterobacterales;f_Enterobacteriaceae;g_Enterobacter;s_Enterobacter hormaechei A
E484	E484_17823	70	species	Enterobacter hormaechei A	3	3	2	0.980	d_Bacteria;p_Proteobacteria;c_Gammaproteobacteria;o_Enterobacterales;f_Enterobacteriaceae;g_Enterobacter;s_Enterobacter hormaechei A
E484	E484_9088	70	species	Enterobacter hormaechei A	3	3	2	0.990	d_Bacteria;p_Proteobacteria;c_Gammaproteobacteria;o_Enterobacterales;f_Enterobacteriaceae;g_Enterobacter;s_Enterobacter hormaechei A
E484	E484_16096	70	species	Enterobacter hormaechei A	1	1	1	1.000	d_Bacteria;p_Proteobacteria;c_Gammaproteobacteria;o_Enterobacterales;f_Enterobacteriaceae;g_Enterobacter;s_Enterobacter hormaechei A
E484	E484_16416	70	species	Enterobacter hormaechei A	3	3	2	0.960	d_Bacteria;p_Proteobacteria;c_Gammaproteobacteria;o_Enterobacterales;f_Enterobacteriaceae;g_Enterobacter;s_Enterobacter hormaechei A
E484	E484_17280	70	species	Enterobacter hormaechei A	2	2	1	0.970	d_Bacteria;p_Proteobacteria;c_Gammaproteobacteria;o_Enterobacterales;f_Enterobacteriaceae;g_Enterobacter;s_Enterobacter hormaechei A
E484	E484_19827	70	species	Enterobacter hormaechei A	2	2	1	0.500	d_Bacteria;p_Proteobacteria;c_Gammaproteobacteria;o_Enterobacterales;f_Enterobacteriaceae;g_Enterobacter;s_Enterobacter hormaechei A
E484	E484_13057	36	species	Escherichia coli	3	2	1	0.500	d_Bacteria;p_Proteobacteria;c_Gammaproteobacteria;o_Enterobacterales;f_Enterobacteriaceae;g_Escherichia;s_Escherichia coli
E484	E484_13217	1903	species	Enterobacter hormaechei	3	2	1	0.910	d_Bacteria;p_Proteobacteria;c_Gammaproteobacteria;o_Enterobacterales;f_Enterobacteriaceae;g_Enterobacter;s_Enterobacter hormaechei
E484	E484_10531	36	species	Escherichia coli	2	2	2	1.000	d_Bacteria;p_Proteobacteria;c_Gammaproteobacteria;o_Enterobacterales;f_Enterobacteriaceae;g_Escherichia;s_Escherichia coli
E484	E484_12067	70	species	Enterobacter hormaechei A	2	2	2	1.000	d_Bacteria;p_Proteobacteria;c_Gammaproteobacteria;o_Enterobacterales;f_Enterobacteriaceae;g_Enterobacter;s_Enterobacter hormaechei A
E484	E484_12899	70	species	Enterobacter hormaechei A	3	2	1	0.500	d_Bacteria;p_Proteobacteria;c_Gammaproteobacteria;o_Enterobacterales;f_Enterobacteriaceae;g_Enterobacter;s_Enterobacter hormaechei A
E484	E484_13091	70	species	Enterobacter hormaechei A	2	2	1	0.500	d_Bacteria;p_Proteobacteria;c_Gammaproteobacteria;o_Enterobacterales;f_Enterobacteriaceae;g_Enterobacter;s_Enterobacter hormaechei A
E484	E484_13347	55282	species	Enterobacter sp013927005	5	5	1	0.870	d_Bacteria;p_Proteobacteria;c_Gammaproteobacteria;o_Enterobacterales;f_Enterobacteriaceae;g_Enterobacter;s_Enterobacter sp013927005
E484	E484_17251	70	species	Enterobacter hormaechei A	3	2	1	0.500	d_Bacteria;p_Proteobacteria;c_Gammaproteobacteria;o_Enterobacterales;f_Enterobacteriaceae;g_Enterobacter;s_Enterobacter hormaechei A
E484	E484_17507	70	species	Enterobacter hormaechei A	3	2	2	1.000	d_Bacteria;p_Proteobacteria;c_Gammaproteobacteria;o_Enterobacterales;f_Enterobacteriaceae;g_Enterobacter;s_Enterobacter hormaechei A
E484	E484_10660	70	species	Enterobacter hormaechei A	3	3	2	1.000	d_Bacteria;p_Proteobacteria;c_Gammaproteobacteria;o_Enterobacterales;f_Enterobacteriaceae;g_Enterobacter;s_Enterobacter hormaechei A
E484	E484_19333	2301	species	Enterobacter cloacae I	1	1	1	1.000	d_Bacteria;p_Proteobacteria;c_Gammaproteobacteria;o_Enterobacterales;f_Enterobacteriaceae;g_Enterobacter;s_Enterobacter cloacae I
E484	E484_19621	36	species	Escherichia coli	1	1	1	1.000	d_Bacteria;p_Proteobacteria;c_Gammaproteobacteria;o_Enterobacterales;f_Enterobacteriaceae;g_Escherichia;s_Escherichia coli
E484	E484_20421	70	species	Enterobacter hormaechei A	3	2	1	0.710	d_Bacteria;p_Proteobacteria;c_Gammaproteobacteria;o_Enterobacterales;f_Enterobacteriaceae;g_Enterobacter;s_Enterobacter hormaechei A
E484	E484_9990	70	species	Enterobacter hormaechei A	3	3	2	0.960	d_Bacteria;p_Proteobacteria;c_Gammaproteobacteria;o_Enterobacterales;f_Enterobacteriaceae;g_Enterobacter;s_Enterobacter hormaechei A
E484	E484_13702	70	species	Enterobacter hormaechei A	1	1	1	1.000	d_Bacteria;p_Proteobacteria;c_Gammaproteobacteria;o_Enterobacterales;f_Enterobacteriaceae;g_Enterobacter;s_Enterobacter hormaechei A
E484	E484_15494	70	species	Enterobacter hormaechei A	3	2	1	0.980	d_Bacteria;p_Proteobacteria;c_Gammaproteobacteria;o_Enterobacterales;f_Enterobacteriaceae;g_Enterobacter;s_Enterobacter hormaechei A
E484	E484_17606	70	species	Enterobacter hormaechei A	2	2	2	1.000	d_Bacteria;p_Proteobacteria;c_Gammaproteobacteria;o_Enterobacterales;f_Enterobacteriaceae;g_Enterobacter;s_Enterobacter hormaechei A
E484	E484_20422	70	species	Enterobacter hormaechei A	2	2	1	0.500	d_Bacteria;p_Proteobacteria;c_Gammaproteobacteria;o_Enterobacterales;f_Enterobacteriaceae;g_Enterobacter;s_Enterobacter hormaechei A
E484	E484_9671	70	species	Enterobacter hormaechei A	6	6	3	0.930	d_Bacteria;p_Proteobacteria;c_Gammaproteobacteria;o_Enterobacterales;f_Enterobacteriaceae;g_Enterobacter;s_Enterobacter hormaechei A
E484	E484_16839	70	species	Enterobacter hormaechei A	3	2	1	0.970	d_Bacteria;p_Proteobacteria;c_Gammaproteobacteria;o_Enterobacterales;f_Enterobacteriaceae;g_Enterobacter;s_Enterobacter hormaechei A
E484	E484_17511	17704	species	Enterobacter cloacae P	2	2	1	0.500	d_Bacteria;p_Proteobacteria;c_Gammaproteobacteria;o_Enterobacterales;f_Enterobacteriaceae;g_Enterobacter;s_Enterobacter cloacae P
E484	E484_20199	70	species	Enterobacter hormaechei A	2	2	1	0.970	d_Bacteria;p_Proteobacteria;c_Gammaproteobacteria;o_Enterobacterales;f_Enterobacteriaceae;g_Enterobacter;s_Enterobacter hormaechei A
E484	E484_20647	17704	species	Enterobacter cloacae P	4	3	1	0.890	d_Bacteria;p_Proteobacteria;c_Gammaproteobacteria;o_Enterobacterales;f_Enterobacteriaceae;g_Enterobacter;s_Enterobacter cloacae P
E484	E484_20999	70	species	Enterobacter hormaechei A	2	2	2	1.000	d_Bacteria;p_Proteobacteria;c_Gammaproteobacteria;o_Enterobacterales;f_Enterobacteriaceae;g_Enterobacter;s_Enterobacter hormaechei A
E484	E484_6088	70	species	Enterobacter hormaechei A	2	2	1	0.500	d_Bacteria;p_Proteobacteria;c_Gammaproteobacteria;o_Enterobacterales;f_Enterobacteriaceae;g_Enterobacter;s_Enterobacter hormaechei A
E484	E484_11336	36	species	Escherichia coli	4	4	2	0.650	d_Bacteria;p_Proteobacteria;c_Gammaproteobacteria;o_Enterobacterales;f_Enterobacteriaceae;g_Escherichia;s_Escherichia coli
E484	E484_12680	36	species	Escherichia coli	2	2	1	0.500	d_Bacteria;p_Proteobacteria;c_Gammaproteobacteria;o_Enterobacterales;f_Enterobacteriaceae;g_Escherichia;s_Escherichia coli
E484	E484_14728	70	species	Enterobacter hormaechei A	1	1	1	1.000	d_Bacteria;p_Proteobacteria;c_Gammaproteobacteria;o_Enterobacterales;f_Enterobacteriaceae;g_Enterobacter;s_Enterobacter hormaechei A
E484	E484_14984	22142	species	Enterobacter cloacae Q	3	2	1	0.960	d_Bacteria;p_Proteobacteria;c_Gammaproteobacteria;o_Enterobacterales;f_Enterobacteriaceae;g_Enterobacter;s_Enterobacter cloacae Q
E484	E484_15944	70	species	Enterobacter hormaechei A	1	1	1	1.000	d_Bacteria;p_Proteobacteria;c_Gammaproteobacteria;o_Enterobacterales;f_Enterobacteriaceae;g_Enterobacter;s_Enterobacter hormaechei A
E484	E484_17224	36	species	Escherichia coli	2	2	1	0.930	d_Bacteria;p_Proteobacteria;c_Gammaproteobacteria;o_Enterobacterales;f_Enterobacteriaceae;g_Escherichia;s_Escherichia coli
E484	E484_19912	70	species	Enterobacter hormaechei A	2	2	1	0.500	d_Bacteria;p_Proteobacteria;c_Gammaproteobacteria;o_Enterobacterales;f_Enterobacteriaceae;g_Enterobacter;s_Enterobacter hormaechei A
E484	E484_10985	70	species	Enterobacter hormaechei A	2	2	2	1.000	d_Bacteria;p_Proteobacteria;c_Gammaproteobacteria;o_Enterobacterales;f_Enterobacteriaceae;g_Enterobacter;s_Enterobacter hormaechei A
E484	E484_12009	70	species	Enterobacter hormaechei A	3	2	1	0.500	d_Bacteria;p_Proteobacteria;c_Gammaproteobacteria;o_Enterobacterales;f_Enterobacteriaceae;g_Enterobacter;s_Enterobacter hormaechei A
E484	E484_13993	70	species	Enterobacter hormaechei A	4	4	1	0.860	d_Bacteria;p_Proteobacteria;c_Gammaproteobacteria;o_Enterobacterales;f_Enterobacteriaceae;g_Enterobacter;s_Enterobacter hormaechei A
E484	E484_15849	70	species	Enterobacter hormaechei A	2	2	1	0.970	d_Bacteria;p_Proteobacteria;c_Gammaproteobacteria;o_Enterobacterales;f_Enterobacteriaceae;g_Enterobacter;s_Enterobacter hormaechei A
E484	E484_17481	70	species	Enterobacter hormaechei A	4	4	1	0.850	d_Bacteria;p_Proteobacteria;c_Gammaproteobacteria;o_Enterobacterales;f_Enterobacteriaceae;g_Enterobacter;s_Enterobacter hormaechei A
E484	E484_18985	292	species	Enterobacter kobei	4	4	1	0.890	d_Bacteria;p_Proteobacteria;c_Gammaproteobacteria;o_Enterobacterales;f_Enterobacteriaceae;g_Enterobacter;s_Enterobacter kobei
E484	E484_20201	70	species	Enterobacter hormaechei A	2	2	1	0.970	d_Bacteria;p_Proteobacteria;c_Gammaproteobacteria;o_Enterobacterales;f_Enterobacteriaceae;g_Enterobacter;s_Enterobacter hormaechei A
E484	E484_4714	36	species	Escherichia coli	5	4	2	0.500	d_Bacteria;p_Proteobacteria;c_Gammaproteobacteria;o_Enterobacterales;f_Enterobacteriaceae;g_Escherichia;s_Escherichia coli
E484	E484_10410	244	species	Enterobacter roggenkampii	3	1	1	1.000	d_Bacteria;p_Proteobacteria;c_Gammaproteobacteria;o_Enterobacterales;f_Enterobacteriaceae;g_Enterobacter;s_Enterobacter roggenkampii
E484	E484_12330	70	species	Enterobacter hormaechei A	3	3	2	0.980	d_Bacteria;p_Proteobacteria;c_Gammaproteobacteria;o_Enterobacterales;f_Enterobacteriaceae;g_Enterobacter;s_Enterobacter hormaechei A
E484	E484_13706	70	species	Enterobacter hormaechei A	2	2	2	1.000	d_Bacteria;p_Proteobacteria;c_Gammaproteobacteria;o_Enterobacterales;f_Enterobacteriaceae;g_Enterobacter;s_Enterobacter hormaechei A
E484	E484_14026	35	species	Acinetobacter baumannii	1	1	1	1.000	d_Bacteria;p_Proteobacteria;c_Gammaproteobacteria;o_Pseudomonadales;f_Moraxellaceae;g_Acinetobacter;s_Acinetobacter baumannii
E484	E484_15850	70	species	Enterobacter hormaechei A	2	2	1	0.500	d_Bacteria;p_Proteobacteria;c_Gammaproteobacteria;o_Enterobacterales;f_Enterobacteriaceae;g_Enterobacter;s_Enterobacter hormaechei A
E484	E484_15946	70	species	Enterobacter hormaechei A	1	1	1	1.000	d_Bacteria;p_Proteobacteria;c_Gammaproteobacteria;o_Enterobacterales;f_Enterobacteriaceae;g_Enterobacter;s_Enterobacter hormaechei A
E484	E484_17226	70	species	Enterobacter hormaechei A	4	3	1	0.940	d_Bacteria;p_Proteobacteria;c_Gammaproteobacteria;o_Enterobacterales;f_Enterobacteriaceae;g_Enterobacter;s_Enterobacter hormaechei A
E484	E484_18602	70	species	Enterobacter hormaechei A	2	1	1	1.000	d_Bacteria;p_Proteobacteria;c_Gammaproteobacteria;o_Enterobacterales;f_Enterobacteriaceae;g_Enterobacter;s_Enterobacter hormaechei A
E484	E484_19306	70	species	Enterobacter hormaechei A	1	1	1	1.000	d_Bacteria;p_Proteobacteria;c_Gammaproteobacteria;o_Enterobacterales;f_Enterobacteriaceae;g_Enterobacter;s_Enterobacter hormaechei A
E484	E484_19402	70	species	Enterobacter hormaechei A	2	2	1	0.500	d_Bacteria;p_Proteobacteria;c_Gammaproteobacteria;o_Enterobacterales;f_Enterobacteriaceae;g_Enterobacter;s_Enterobacter hormaechei A
E484	E484_12444	70	species	Enterobacter hormaechei A	2	2	1	0.500	d_Bacteria;p_Proteobacteria;c_Gammaproteobacteria;o_Enterobacterales;f_Enterobacteriaceae;g_Enterobacter;s_Enterobacter hormaechei A
E484	E484_12572	2301	species	Enterobacter cloacae I	2	2	1	0.500	d_Bacteria;p_Proteobacteria;c_Gammaproteobacteria;o_Enterobacterales;f_Enterobacteriaceae;g_Enterobacter;s_Enterobacter cloacae I
E484	E484_14716	70	species	Enterobacter hormaechei A	2	2	2	1.000	d_Bacteria;p_Proteobacteria;c_Gammaproteobacteria;o_Enterobacterales;f_Enterobacteriaceae;g_Enterobacter;s_Enterobacter hormaechei A
E484	E484_14748	36	species	Escherichia coli	3	2	1	0.500	d_Bacteria;p_Proteobacteria;c_Gammaproteobacteria;o_Enterobacterales;f_Enterobacteriaceae;g_Escherichia;s_Escherichia coli
E484	E484_14010	287	species	Enterobacter cloacae	3	3	2	0.990	d_Bacteria;p_Proteobacteria;c_Gammaproteobacteria;o_Enterobacterales;f_Enterobacteriaceae;g_Enterobacter;s_Enterobacter cloacae
E484	E484_4836	400	species	Enterobacter cloacae M	4	4	2	0.500	d_Bacteria;p_Proteobacteria;c_Gammaproteobacteria;o_Enterobacterales;f_Enterobacteriaceae;g_Enterobacter;s_Enterobacter cloacae M
E484	E484_4763	36	species	Escherichia coli	4	4	2	0.500	d_Bacteria;p_Proteobacteria;c_Gammaproteobacteria;o_Enterobacterales;f_Enterobacteriaceae;g_Escherichia;s_Escherichia coli
E484	E484_17627	19431	species	Enterobacter huaxiensis	2	2	1	0.980	d_Bacteria;p_Proteobacteria;c_Gammaproteobacteria;o_Enterobacterales;f_Enterobacteriaceae;g_Enterobacter;s_Enterobacter huaxiensis
E484	E484_10096	70	species	Enterobacter hormaechei A	5	4	2	0.660	d_Bacteria;p_Proteobacteria;c_Gammaproteobacteria;o_Enterobacterales;f_Enterobacteriaceae;g_Enterobacter;s_Enterobacter hormaechei A
E484	E484_11440	70	species	Enterobacter hormaechei A	3	2	1	0.960	d_Bacteria;p_Proteobacteria;c_Gammaproteobacteria;o_Enterobacterales;f_Enterobacteriaceae;g_Enterobacter;s_Enterobacter hormaechei A
E484	E484_11856	70	species	Enterobacter hormaechei A	3	2	1	0.500	d_Bacteria;p_Proteobacteria;c_Gammaproteobacteria;o_Enterobacterales;f_Enterobacteriaceae;g_Enterobacter;s_Enterobacter hormaechei A
E484	E484_12688	70	species	Enterobacter hormaechei A	2	2	1	0.910	d_Bacteria;p_Proteobacteria;c_Gammaproteobacteria;o_Enterobacterales;f_Enterobacteriaceae;g_Enterobacter;s_Enterobacter hormaechei A
E484	E484_14224	70	species	Enterobacter hormaechei A	1	1	1	1.000	d_Bacteria;p_Proteobacteria;c_Gammaproteobacteria;o_Enterobacterales;f_Enterobacteriaceae;g_Enterobacter;s_Enterobacter hormaechei A
E484	E484_15536	70	species	Enterobacter hormaechei A	2	1	1	1.000	d_Bacteria;p_Proteobacteria;c_Gammaproteobacteria;o_Enterobacterales;f_Enterobacteriaceae;g_Enterobacter;s_Enterobacter hormaechei A
E484	E484_17232	70	species	Enterobacter hormaechei A	2	2	2	1.000	d_Bacteria;p_Proteobacteria;c_Gammaproteobacteria;o_Enterobacterales;f_Enterobacteriaceae;g_Enterobacter;s_Enterobacter hormaechei A
E484	E484_17680	36	species	Escherichia coli	2	2	2	1.000	d_Bacteria;p_Proteobacteria;c_Gammaproteobacteria;o_Enterobacterales;f_Enterobacteriaceae;g_Escherichia;s_Escherichia coli
E484	E484_3377	36	species	Escherichia coli	7	7	5	0.790	d_Bacteria;p_Proteobacteria;c_Gammaproteobacteria;o_Enterobacterales;f_Enterobacteriaceae;g_Escherichia;s_Escherichia coli
E484	E484_4497	70	species	Enterobacter hormaechei A	5	4	3	0.750	d_Bacteria;p_Proteobacteria;c_Gammaproteobacteria;o_Enterobacterales;f_Enterobacteriaceae;g_Enterobacter;s_Enterobacter hormaechei A
E484	E484_6257	36	species	Escherichia coli	2	1	1	1.000	d_Bacteria;p_Proteobacteria;c_Gammaproteobacteria;o_Enterobacterales;f_Enterobacteriaceae;g_Escherichia;s_Escherichia coli
E484	E484_8369	70	species	Enterobacter hormaechei A	2	2	1	0.500	d_Bacteria;p_Proteobacteria;c_Gammaproteobacteria;o_Enterobacterales;f_Enterobacteriaceae;g_Enterobacter;s_Enterobacter hormaechei A
E484	E484_13233	70	species	Enterobacter hormaechei A	2	2	2	1.000	d_Bacteria;p_Proteobacteria;c_Gammaproteobacteria;o_Enterobacterales;f_Enterobacteriaceae;g_Enterobacter;s_Enterobacter hormaechei A
E484	E484_17297	18	species	Klebsiella pneumoniae	2	2	1	0.500	d_Bacteria;p_Proteobacteria;c_Gammaproteobacteria;o_Enterobacterales;f_Enterobacteriaceae;g_Klebsiella;s_Klebsiella pneumoniae
E484	E484_18285	70	species	Enterobacter hormaechei A	1	1	1	1.000	d_Bacteria;p_Proteobacteria;c_Gammaproteobacteria;o_Enterobacterales;f_Enterobacteriaceae;g_Enterobacter;s_Enterobacter hormaechei A
E484	E484_20077	36	species	Escherichia coli	2	2	2	1.000	d_Bacteria;p_Proteobacteria;c_Gammaproteobacteria;o_Enterobacterales;f_Enterobacteriaceae;g_Escherichia;s_Escherichia coli
E484	E484_20621	70	species	Enterobacter hormaechei A	3	3	2	0.980	d_Bacteria;p_Proteobacteria;c_Gammaproteobacteria;o_Enterobacterales;f_Enterobacteriaceae;g_Enterobacter;s_Enterobacter hormaechei A
E484	E484_12878	70	species	Enterobacter hormaechei A	3	3	2	0.670	d_Bacteria;p_Proteobacteria;c_Gammaproteobacteria;o_Enterobacterales;f_Enterobacteriaceae;g_Enterobacter;s_Enterobacter hormaechei A
E484	E484_13550	70	species	Enterobacter hormaechei A	2	1	1	1.000	d_Bacteria;p_Proteobacteria;c_Gammaproteobacteria;o_Enterobacterales;f_Enterobacteriaceae;g_Enterobacter;s_Enterobacter hormaechei A
E484	E484_15086	70	species	Enterobacter hormaechei A	1	1	1	1.000	d_Bacteria;p_Proteobacteria;c_Gammaproteobacteria;o_Enterobacterales;f_Enterobacteriaceae;g_Enterobacter;s_Enterobacter hormaechei A
E484	E484_15566	70	species	Enterobacter hormaechei A	2	2	1	0.500	d_Bacteria;p_Proteobacteria;c_Gammaproteobacteria;o_Enterobacterales;f_Enterobacteriaceae;g_Enterobacter;s_Enterobacter hormaechei A
E484	E484_15886	18	species	Klebsiella pneumoniae	1	1	1	1.000	d_Bacteria;p_Proteobacteria;c_Gammaproteobacteria;o_Enterobacterales;f_Enterobacteriaceae;g_Klebsiella;s_Klebsiella pneumoniae
E484	E484_16334	36	species	Escherichia coli	1	1	1	1.000	d_Bacteria;p_Proteobacteria;c_Gammaproteobacteria;o_Enterobacterales;f_Enterobacteriaceae;g_Escherichia;s_Escherichia coli
E484	E484_16558	70	species	Enterobacter hormaechei A	2	2	1	0.980	d_Bacteria;p_Proteobacteria;c_Gammaproteobacteria;o_Enterobacterales;f_Enterobacteriaceae;g_Enterobacter;s_Enterobacter hormaechei A
E484	E484_20814	70	species	Enterobacter hormaechei A	3	3	2	0.670	d_Bacteria;p_Proteobacteria;c_Gammaproteobacteria;o_Enterobacterales;f_Enterobacteriaceae;g_Enterobacter;s_Enterobacter hormaechei A
E484	E484_21006	70	species	Enterobacter hormaechei A	1	1	1	1.000	d_Bacteria;p_Proteobacteria;c_Gammaproteobacteria;o_Enterobacterales;f_Enterobacteriaceae;g_Enterobacter;s_Enterobacter hormaechei A
E484	E484_5935	70	species	Enterobacter hormaechei A	5	4	3	0.990	d_Bacteria;p_Proteobacteria;c_Gammaproteobacteria;o_Enterobacterales;f_Enterobacteriaceae;g_Enterobacter;s_Enterobacter hormaechei A
E484	E484_5967	36	species	Escherichia coli	4	4	2	0.500	d_Bacteria;p_Proteobacteria;c_Gammaproteobacteria;o_Enterobacterales;f_Enterobacteriaceae;g_Escherichia;s_Escherichia coli
E484	E484_8271	36	species	Escherichia coli	3	3	2	0.670	d_Bacteria;p_Proteobacteria;c_Gammaproteobacteria;o_Enterobacterales;f_Enterobacteriaceae;g_Escherichia;s_Escherichia coli
E484	E484_13743	70	species	Enterobacter hormaechei A	1	1	1	1.000	d_Bacteria;p_Proteobacteria;c_Gammaproteobacteria;o_Enterobacterales;f_Enterobacteriaceae;g_Enterobacter;s_Enterobacter hormaechei A
E484	E484_14287	36	species	Escherichia coli	2	2	2	1.000	d_Bacteria;p_Proteobacteria;c_Gammaproteobacteria;o_Enterobacterales;f_Enterobacteriaceae;g_Escherichia;s_Escherichia coli
E484	E484_17679	17704	species	Enterobacter cloacae P	2	2	1	0.500	d_Bacteria;p_Proteobacteria;c_Gammaproteobacteria;o_Enterobacterales;f_Enterobacteriaceae;g_Enterobacter;s_Enterobacter cloacae P
E484	E484_20399	70	species	Enterobacter hormaechei A	1	1	1	1.000	d_Bacteria;p_Proteobacteria;c_Gammaproteobacteria;o_Enterobacterales;f_Enterobacteriaceae;g_Enterobacter;s_Enterobacter hormaechei A
E484	E484_20431	70	species	Enterobacter hormaechei A	2	2	2	1.000	d_Bacteria;p_Proteobacteria;c_Gammaproteobacteria;o_Enterobacterales;f_Enterobacteriaceae;g_Enterobacter;s_Enterobacter hormaechei A
E484	E484_20591	70	species	Enterobacter hormaechei A	2	2	1	0.970	d_Bacteria;p_Proteobacteria;c_Gammaproteobacteria;o_Enterobacterales;f_Enterobacteriaceae;g_Enterobacter;s_Enterobacter hormaechei A
E484	E484_20911	70	species	Enterobacter hormaechei A	1	1	1	1.000	d_Bacteria;p_Proteobacteria;c_Gammaproteobacteria;o_Enterobacterales;f_Enterobacteriaceae;g_Enterobacter;s_Enterobacter hormaechei A
E484	E484_19802	70	species	Enterobacter hormaechei A	2	2	2	1.000	d_Bacteria;p_Proteobacteria;c_Gammaproteobacteria;o_Enterobacterales;f_Enterobacteriaceae;g_Enterobacter;s_Enterobacter hormaechei A
E484	E484_15387	70	species	Enterobacter hormaechei A	2	2	1	0.500	d_Bacteria;p_Proteobacteria;c_Gammaproteobacteria;o_Enterobacterales;f_Enterobacteriaceae;g_Enterobacter;s_Enterobacter hormaechei A
E484	E484_16731	70	species	Enterobacter hormaechei A	2	2	2	1.000	d_Bacteria;p_Proteobacteria;c_Gammaproteobacteria;o_Enterobacterales;f_Enterobacteriaceae;g_Enterobacter;s_Enterobacter hormaechei A
E484	E484_7006	409	species	Enterobacter ludwigii	5	3	1	0.940	d_Bacteria;p_Proteobacteria;c_Gammaproteobacteria;o_Enterobacterales;f_Enterobacteriaceae;g_Enterobacter;s_Enterobacter ludwigii
E484	E484_14565	70	species	Enterobacter hormaechei A	4	4	3	0.510	d_Bacteria;p_Proteobacteria;c_Gammaproteobacteria;o_Enterobacterales;f_Enterobacteriaceae;g_Enterobacter;s_Enterobacter hormaechei A
E484	E484_12901	70	species	Enterobacter hormaechei A	1	1	1	1.000	d_Bacteria;p_Proteobacteria;c_Gammaproteobacteria;o_Enterobacterales;f_Enterobacteriaceae;g_Enterobacter;s_Enterobacter hormaechei A
E484	E484_8165	70	species	Enterobacter hormaechei A	3	3	2	0.990	d_Bacteria;p_Proteobacteria;c_Gammaproteobacteria;o_Enterobacterales;f_Enterobacteriaceae;g_Enterobacter;s_Enterobacter hormaechei A
E484	E484_8324	70	species	Enterobacter hormaechei A	3	3	2	0.980	d_Bacteria;p_Proteobacteria;c_Gammaproteobacteria;o_Enterobacterales;f_Enterobacteriaceae;g_Enterobacter;s_Enterobacter hormaechei A
E484	E484_12021	1903	species	Enterobacter hormaechei	3	2	1	0.500	d_Bacteria;p_Proteobacteria;c_Gammaproteobacteria;o_Enterobacterales;f_Enterobacteriaceae;g_Enterobacter;s_Enterobacter hormaechei
E484	E484_13845	70	species	Enterobacter hormaechei A	4	4	1	0.880	d_Bacteria;p_Proteobacteria;c_Gammaproteobacteria;o_Enterobacterales;f_Enterobacteriaceae;g_Enterobacter;s_Enterobacter hormaechei A
E484	E484_14901	70	species	Enterobacter hormaechei A	1	1	1	1.000	d_Bacteria;p_Proteobacteria;c_Gammaproteobacteria;o_Enterobacterales;f_Enterobacteriaceae;g_Enterobacter;s_Enterobacter hormaechei A
E484	E484_13378	70	species	Enterobacter hormaechei A	2	1	1	1.000	d_Bacteria;p_Proteobacteria;c_Gammaproteobacteria;o_Enterobacterales;f_Enterobacteriaceae;g_Enterobacter;s_Enterobacter hormaechei A
E484	E484_17957	70	species	Enterobacter hormaechei A	2	2	2	1.000	d_Bacteria;p_Proteobacteria;c_Gammaproteobacteria;o_Enterobacterales;f_Enterobacteriaceae;g_Enterobacter;s_Enterobacter hormaechei A
E484	E484_11781	70	species	Enterobacter hormaechei A	2	2	1	0.950	d_Bacteria;p_Proteobacteria;c_Gammaproteobacteria;o_Enterobacterales;f_Enterobacteriaceae;g_Enterobacter;s_Enterobacter hormaechei A
E484	E484_8566	70	species	Enterobacter hormaechei A	5	4	2	0.650	d_Bacteria;p_Proteobacteria;c_Gammaproteobacteria;o_Enterobacterales;f_Enterobacteriaceae;g_Enterobacter;s_Enterobacter hormaechei A
E484	E484_12310	36	species	Escherichia coli	2	2	1	0.500	d_Bacteria;p_Proteobacteria;c_Gammaproteobacteria;o_Enterobacterales;f_Enterobacteriaceae;g_Escherichia;s_Escherichia coli
E484	E484_15030	36	species	Escherichia coli	1	1	1	1.000	d_Bacteria;p_Proteobacteria;c_Gammaproteobacteria;o_Enterobacterales;f_Enterobacteriaceae;g_Escherichia;s_Escherichia coli
E484	E484_15990	70	species	Enterobacter hormaechei A	3	2	2	1.000	d_Bacteria;p_Proteobacteria;c_Gammaproteobacteria;o_Enterobacterales;f_Enterobacteriaceae;g_Enterobacter;s_Enterobacter hormaechei A
E484	E484_16246	70	species	Enterobacter hormaechei A	1	1	1	1.000	d_Bacteria;p_Proteobacteria;c_Gammaproteobacteria;o_Enterobacterales;f_Enterobacteriaceae;g_Enterobacter;s_Enterobacter hormaechei A
E484	E484_20534	70	species	Enterobacter hormaechei A	1	1	1	1.000	d_Bacteria;p_Proteobacteria;c_Gammaproteobacteria;o_Enterobacterales;f_Enterobacteriaceae;g_Enterobacter;s_Enterobacter hormaechei A
E484	E484_6263	70	species	Enterobacter hormaechei A	5	4	2	0.650	d_Bacteria;p_Proteobacteria;c_Gammaproteobacteria;o_Enterobacterales;f_Enterobacteriaceae;g_Enterobacter;s_Enterobacter hormaechei A
E484	E484_9015	70	species	Enterobacter hormaechei A	2	2	2	1.000	d_Bacteria;p_Proteobacteria;c_Gammaproteobacteria;o_Enterobacterales;f_Enterobacteriaceae;g_Enterobacter;s_Enterobacter hormaechei A
E484	E484_9751	1868	species	Enterobacter sichuanensis	4	4	2	0.950	d_Bacteria;p_Proteobacteria;c_Gammaproteobacteria;o_Enterobacterales;f_Enterobacteriaceae;g_Enterobacter;s_Enterobacter sichuanensis
E484	E484_10423	70	species	Enterobacter hormaechei A	5	5	2	0.930	d_Bacteria;p_Proteobacteria;c_Gammaproteobacteria;o_Enterobacterales;f_Enterobacteriaceae;g_Enterobacter;s_Enterobacter hormaechei A
E484	E484_10775	36	species	Escherichia coli	2	2	2	1.000	d_Bacteria;p_Proteobacteria;c_Gammaproteobacteria;o_Enterobacterales;f_Enterobacteriaceae;g_Escherichia;s_Escherichia coli
E484	E484_10999	70	species	Enterobacter hormaechei A	3	2	1	0.500	d_Bacteria;p_Proteobacteria;c_Gammaproteobacteria;o_Enterobacterales;f_Enterobacteriaceae;g_Enterobacter;s_Enterobacter hormaechei A
E484	E484_11383	440	species	Enterobacter bugandensis	4	4	1	0.850	d_Bacteria;p_Proteobacteria;c_Gammaproteobacteria;o_Enterobacterales;f_Enterobacteriaceae;g_Enterobacter;s_Enterobacter bugandensis
E484	E484_13591	70	species	Enterobacter hormaechei A	3	2	1	0.920	d_Bacteria;p_Proteobacteria;c_Gammaproteobacteria;o_Enterobacterales;f_Enterobacteriaceae;g_Enterobacter;s_Enterobacter hormaechei A
E484	E484_19895	70	species	Enterobacter hormaechei A	2	2	1	0.500	d_Bacteria;p_Proteobacteria;c_Gammaproteobacteria;o_Enterobacterales;f_Enterobacteriaceae;g_Enterobacter;s_Enterobacter hormaechei A
E484	E484_20567	70	species	Enterobacter hormaechei A	4	4	1	0.890	d_Bacteria;p_Proteobacteria;c_Gammaproteobacteria;o_Enterobacterales;f_Enterobacteriaceae;g_Enterobacter;s_Enterobacter hormaechei A
E484	E484_7544	70	species	Enterobacter hormaechei A	5	4	1	0.810	d_Bacteria;p_Proteobacteria;c_Gammaproteobacteria;o_Enterobacterales;f_Enterobacteriaceae;g_Enterobacter;s_Enterobacter hormaechei A
E484	E484_7864	70	species	Enterobacter hormaechei A	4	3	2	0.990	d_Bacteria;p_Proteobacteria;c_Gammaproteobacteria;o_Enterobacterales;f_Enterobacteriaceae;g_Enterobacter;s_Enterobacter hormaechei A
E484	E484_9880	70	species	Enterobacter hormaechei A	4	4	3	0.990	d_Bacteria;p_Proteobacteria;c_Gammaproteobacteria;o_Enterobacterales;f_Enterobacteriaceae;g_Enterobacter;s_Enterobacter hormaechei A
E484	E484_14840	70	species	Enterobacter hormaechei A	3	2	1	0.960	d_Bacteria;p_Proteobacteria;c_Gammaproteobacteria;o_Enterobacterales;f_Enterobacteriaceae;g_Enterobacter;s_Enterobacter hormaechei A
E484	E484_14968	70	species	Enterobacter hormaechei A	2	2	1	0.500	d_Bacteria;p_Proteobacteria;c_Gammaproteobacteria;o_Enterobacterales;f_Enterobacteriaceae;g_Enterobacter;s_Enterobacter hormaechei A
E484	E484_15480	70	species	Enterobacter hormaechei A	2	2	2	1.000	d_Bacteria;p_Proteobacteria;c_Gammaproteobacteria;o_Enterobacterales;f_Enterobacteriaceae;g_Enterobacter;s_Enterobacter hormaechei A
E484	E484_16632	70	species	Enterobacter hormaechei A	1	1	1	1.000	d_Bacteria;p_Proteobacteria;c_Gammaproteobacteria;o_Enterobacterales;f_Enterobacteriaceae;g_Enterobacter;s_Enterobacter hormaechei A
E484	E484_16760	36	species	Escherichia coli	2	2	2	1.000	d_Bacteria;p_Proteobacteria;c_Gammaproteobacteria;o_Enterobacterales;f_Enterobacteriaceae;g_Escherichia;s_Escherichia coli
E484	E484_19864	35	species	Acinetobacter baumannii	1	1	1	1.000	d_Bacteria;p_Proteobacteria;c_Gammaproteobacteria;o_Pseudomonadales;f_Moraxellaceae;g_Acinetobacter;s_Acinetobacter baumannii
E484	E484_9757	70	species	Enterobacter hormaechei A	5	4	1	0.820	d_Bacteria;p_Proteobacteria;c_Gammaproteobacteria;o_Enterobacterales;f_Enterobacteriaceae;g_Enterobacter;s_Enterobacter hormaechei A
E484	E484_11037	36	species	Escherichia coli	4	4	2	0.650	d_Bacteria;p_Proteobacteria;c_Gammaproteobacteria;o_Enterobacterales;f_Enterobacteriaceae;g_Escherichia;s_Escherichia coli
E484	E484_12413	1903	species	Enterobacter hormaechei	1	1	1	1.000	d_Bacteria;p_Proteobacteria;c_Gammaproteobacteria;o_Enterobacterales;f_Enterobacteriaceae;g_Enterobacter;s_Enterobacter hormaechei
E484	E484_12733	70	species	Enterobacter hormaechei A	3	3	3	1.000	d_Bacteria;p_Proteobacteria;c_Gammaproteobacteria;o_Enterobacterales;f_Enterobacteriaceae;g_Enterobacter;s_Enterobacter hormaechei A
E484	E484_14589	70	species	Enterobacter hormaechei A	2	2	1	0.960	d_Bacteria;p_Proteobacteria;c_Gammaproteobacteria;o_Enterobacterales;f_Enterobacteriaceae;g_Enterobacter;s_Enterobacter hormaechei A
E484	E484_14653	70	species	Enterobacter hormaechei A	3	2	1	0.500	d_Bacteria;p_Proteobacteria;c_Gammaproteobacteria;o_Enterobacterales;f_Enterobacteriaceae;g_Enterobacter;s_Enterobacter hormaechei A
E484	E484_16957	70	species	Enterobacter hormaechei A	3	2	1	1.000	d_Bacteria;p_Proteobacteria;c_Gammaproteobacteria;o_Enterobacterales;f_Enterobacteriaceae;g_Enterobacter;s_Enterobacter hormaechei A
E484	E484_17213	70	species	Enterobacter hormaechei A	1	1	1	1.000	d_Bacteria;p_Proteobacteria;c_Gammaproteobacteria;o_Enterobacterales;f_Enterobacteriaceae;g_Enterobacter;s_Enterobacter hormaechei A
E484	E484_19101	70	species	Enterobacter hormaechei A	3	2	2	1.000	d_Bacteria;p_Proteobacteria;c_Gammaproteobacteria;o_Enterobacterales;f_Enterobacteriaceae;g_Enterobacter;s_Enterobacter hormaechei A
E484	E484_12478	70	species	Enterobacter hormaechei A	3	2	2	1.000	d_Bacteria;p_Proteobacteria;c_Gammaproteobacteria;o_Enterobacterales;f_Enterobacteriaceae;g_Enterobacter;s_Enterobacter hormaechei A
E484	E484_12606	440	species	Enterobacter bugandensis	4	4	2	0.940	d_Bacteria;p_Proteobacteria;c_Gammaproteobacteria;o_Enterobacterales;f_Enterobacteriaceae;g_Enterobacter;s_Enterobacter bugandensis
E484	E484_14686	36	species	Escherichia coli	2	2	1	0.940	d_Bacteria;p_Proteobacteria;c_Gammaproteobacteria;o_Enterobacterales;f_Enterobacteriaceae;g_Escherichia;s_Escherichia coli
E484	E484_16062	36	species	Escherichia coli	2	2	1	0.500	d_Bacteria;p_Proteobacteria;c_Gammaproteobacteria;o_Enterobacterales;f_Enterobacteriaceae;g_Escherichia;s_Escherichia coli
E484	E484_16190	70	species	Enterobacter hormaechei A	3	3	2	0.990	d_Bacteria;p_Proteobacteria;c_Gammaproteobacteria;o_Enterobacterales;f_Enterobacteriaceae;g_Enterobacter;s_Enterobacter hormaechei A
E484	E484_19070	1903	species	Enterobacter hormaechei	1	1	1	1.000	d_Bacteria;p_Proteobacteria;c_Gammaproteobacteria;o_Enterobacterales;f_Enterobacteriaceae;g_Enterobacter;s_Enterobacter hormaechei
E484	E484_19550	70	species	Enterobacter hormaechei A	2	1	1	1.000	d_Bacteria;p_Proteobacteria;c_Gammaproteobacteria;o_Enterobacterales;f_Enterobacteriaceae;g_Enterobacter;s_Enterobacter hormaechei A
E487	E487_6880	35	species	Acinetobacter baumannii	1	1	1	1.000	d_Bacteria;p_Proteobacteria;c_Gammaproteobacteria;o_Pseudomonadales;f_Moraxellaceae;g_Acinetobacter;s_Acinetobacter baumannii
E487	E487_5025	3256	species	Enterobacter quasihormaechei	1	1	1	1.000	d_Bacteria;p_Proteobacteria;c_Gammaproteobacteria;o_Enterobacterales;f_Enterobacteriaceae;g_Enterobacter;s_Enterobacter quasihormaechei
E487	E487_16071	7907	species	Enterobacter soli	1	1	1	1.000	d_Bacteria;p_Proteobacteria;c_Gammaproteobacteria;o_Enterobacterales;f_Enterobacteriaceae;g_Enterobacter;s_Enterobacter soli
E487	E487_8932	3256	species	Enterobacter quasihormaechei	2	2	1	0.500	d_Bacteria;p_Proteobacteria;c_Gammaproteobacteria;o_Enterobacterales;f_Enterobacteriaceae;g_Enterobacter;s_Enterobacter quasihormaechei
E487	E487_5646	13229	species	Enterobacter cloacae O	2	1	1	1.000	d_Bacteria;p_Proteobacteria;c_Gammaproteobacteria;o_Enterobacterales;f_Enterobacteriaceae;g_Enterobacter;s_Enterobacter cloacae O
E487	E487_12888	7117	species	Enterobacter cloacae L	2	2	1	0.500	d_Bacteria;p_Proteobacteria;c_Gammaproteobacteria;o_Enterobacterales;f_Enterobacteriaceae;g_Enterobacter;s_Enterobacter cloacae L
E487	E487_2752	3256	species	Enterobacter quasihormaechei	3	2	1	0.500	d_Bacteria;p_Proteobacteria;c_Gammaproteobacteria;o_Enterobacterales;f_Enterobacteriaceae;g_Enterobacter;s_Enterobacter quasihormaechei
E496	E496_13017	36	species	Escherichia coli	2	2	1	0.500	d_Bacteria;p_Proteobacteria;c_Gammaproteobacteria;o_Enterobacterales;f_Enterobacteriaceae;g_Escherichia;s_Escherichia coli
E496	E496_7829	35	species	Acinetobacter baumannii	1	1	1	1.000	d_Bacteria;p_Proteobacteria;c_Gammaproteobacteria;o_Pseudomonadales;f_Moraxellaceae;g_Acinetobacter;s_Acinetobacter baumannii
E496	E496_5760	35	species	Acinetobacter baumannii	1	1	1	1.000	d_Bacteria;p_Proteobacteria;c_Gammaproteobacteria;o_Pseudomonadales;f_Moraxellaceae;g_Acinetobacter;s_Acinetobacter baumannii
E496	E496_16330	36	species	Escherichia coli	2	2	1	0.500	d_Bacteria;p_Proteobacteria;c_Gammaproteobacteria;o_Enterobacterales;f_Enterobacteriaceae;g_Escherichia;s_Escherichia coli
E496	E496_16738	287	species	Enterobacter cloacae	1	1	1	1.000	d_Bacteria;p_Proteobacteria;c_Gammaproteobacteria;o_Enterobacterales;f_Enterobacteriaceae;g_Enterobacter;s_Enterobacter cloacae
E496	E496_15937	1868	species	Enterobacter sichuanensis	6	6	1	0.810	d_Bacteria;p_Proteobacteria;c_Gammaproteobacteria;o_Enterobacterales;f_Enterobacteriaceae;g_Enterobacter;s_Enterobacter sichuanensis
E496	E496_10083	1868	species	Enterobacter sichuanensis	5	2	1	0.990	d_Bacteria;p_Proteobacteria;c_Gammaproteobacteria;o_Enterobacterales;f_Enterobacteriaceae;g_Enterobacter;s_Enterobacter sichuanensis
E498	E498_19390	6041	species	Enterobacter D kobei A	2	2	1	0.500	d_Bacteria;p_Proteobacteria;c_Gammaproteobacteria;o_Enterobacterales;f_Enterobacteriaceae;g_Enterobacter D;s_Enterobacter D kobei A
E502	E502_18516	36	species	Escherichia coli	1	1	1	1.000	d_Bacteria;p_Proteobacteria;c_Gammaproteobacteria;o_Enterobacterales;f_Enterobacteriaceae;g_Escherichia;s_Escherichia coli
E502	E502_19828	18	species	Klebsiella pneumoniae	2	2	1	0.500	d_Bacteria;p_Proteobacteria;c_Gammaproteobacteria;o_Enterobacterales;f_Enterobacteriaceae;g_Klebsiella;s_Klebsiella pneumoniae
E502	E502_20608	1903	species	Enterobacter hormaechei	1	1	1	1.000	d_Bacteria;p_Proteobacteria;c_Gammaproteobacteria;o_Enterobacterales;f_Enterobacteriaceae;g_Enterobacter;s_Enterobacter hormaechei
E502	E502_9505	36	species	Escherichia coli	3	3	3	1.000	d_Bacteria;p_Proteobacteria;c_Gammaproteobacteria;o_Enterobacterales;f_Enterobacteriaceae;g_Escherichia;s_Escherichia coli
E502	E502_16257	36	species	Escherichia coli	2	2	2	1.000	d_Bacteria;p_Proteobacteria;c_Gammaproteobacteria;o_Enterobacterales;f_Enterobacteriaceae;g_Escherichia;s_Escherichia coli
E502	E502_12952	36	species	Escherichia coli	2	1	1	1.000	d_Bacteria;p_Proteobacteria;c_Gammaproteobacteria;o_Enterobacterales;f_Enterobacteriaceae;g_Escherichia;s_Escherichia coli
E502	E502_12027	36	species	Escherichia coli	4	4	4	1.000	d_Bacteria;p_Proteobacteria;c_Gammaproteobacteria;o_Enterobacterales;f_Enterobacteriaceae;g_Escherichia;s_Escherichia coli
E502	E502_2546	36	species	Escherichia coli	11	8	3	0.730	d_Bacteria;p_Proteobacteria;c_Gammaproteobacteria;o_Enterobacterales;f_Enterobacteriaceae;g_Escherichia;s_Escherichia coli
E502	E502_10322	36	species	Escherichia coli	2	2	1	0.500	d_Bacteria;p_Proteobacteria;c_Gammaproteobacteria;o_Enterobacterales;f_Enterobacteriaceae;g_Escherichia;s_Escherichia coli
E502	E502_18546	18	species	Klebsiella pneumoniae	2	1	1	1.000	d_Bacteria;p_Proteobacteria;c_Gammaproteobacteria;o_Enterobacterales;f_Enterobacteriaceae;g_Klebsiella;s_Klebsiella pneumoniae
E502	E502_19218	18	species	Klebsiella pneumoniae	2	2	1	0.500	d_Bacteria;p_Proteobacteria;c_Gammaproteobacteria;o_Enterobacterales;f_Enterobacteriaceae;g_Klebsiella;s_Klebsiella pneumoniae
E502	E502_20466	18	species	Klebsiella pneumoniae	1	1	1	1.000	d_Bacteria;p_Proteobacteria;c_Gammaproteobacteria;o_Enterobacterales;f_Enterobacteriaceae;g_Klebsiella;s_Klebsiella pneumoniae
E502	E502_20088	36	species	Escherichia coli	2	2	2	1.000	d_Bacteria;p_Proteobacteria;c_Gammaproteobacteria;o_Enterobacterales;f_Enterobacteriaceae;g_Escherichia;s_Escherichia coli
E502	E502_17315	36	species	Escherichia coli	2	1	1	1.000	d_Bacteria;p_Proteobacteria;c_Gammaproteobacteria;o_Enterobacterales;f_Enterobacteriaceae;g_Escherichia;s_Escherichia coli
E502	E502_5828	36	species	Escherichia coli	3	2	1	0.960	d_Bacteria;p_Proteobacteria;c_Gammaproteobacteria;o_Enterobacterales;f_Enterobacteriaceae;g_Escherichia;s_Escherichia coli
E502	E502_13668	36	species	Escherichia coli	2	2	2	1.000	d_Bacteria;p_Proteobacteria;c_Gammaproteobacteria;o_Enterobacterales;f_Enterobacteriaceae;g_Escherichia;s_Escherichia coli
E502	E502_20132	36	species	Escherichia coli	3	2	1	0.960	d_Bacteria;p_Proteobacteria;c_Gammaproteobacteria;o_Enterobacterales;f_Enterobacteriaceae;g_Escherichia;s_Escherichia coli
E502	E502_17675	36	species	Escherichia coli	1	1	1	1.000	d_Bacteria;p_Proteobacteria;c_Gammaproteobacteria;o_Enterobacterales;f_Enterobacteriaceae;g_Escherichia;s_Escherichia coli
E502	E502_5772	36	species	Escherichia coli	4	4	2	0.500	d_Bacteria;p_Proteobacteria;c_Gammaproteobacteria;o_Enterobacterales;f_Enterobacteriaceae;g_Escherichia;s_Escherichia coli
E502	E502_9196	36	species	Escherichia coli	2	2	1	0.500	d_Bacteria;p_Proteobacteria;c_Gammaproteobacteria;o_Enterobacterales;f_Enterobacteriaceae;g_Escherichia;s_Escherichia coli
E502	E502_12044	36	species	Escherichia coli	2	2	1	0.500	d_Bacteria;p_Proteobacteria;c_Gammaproteobacteria;o_Enterobacterales;f_Enterobacteriaceae;g_Escherichia;s_Escherichia coli
E502	E502_13452	36	species	Escherichia coli	2	2	2	1.000	d_Bacteria;p_Proteobacteria;c_Gammaproteobacteria;o_Enterobacterales;f_Enterobacteriaceae;g_Escherichia;s_Escherichia coli
E502	E502_14188	36	species	Escherichia coli	1	1	1	1.000	d_Bacteria;p_Proteobacteria;c_Gammaproteobacteria;o_Enterobacterales;f_Enterobacteriaceae;g_Escherichia;s_Escherichia coli
E502	E502_8782	36	species	Escherichia coli	4	4	2	0.650	d_Bacteria;p_Proteobacteria;c_Gammaproteobacteria;o_Enterobacterales;f_Enterobacteriaceae;g_Escherichia;s_Escherichia coli
E502	E502_13902	36	species	Escherichia coli	2	2	1	0.990	d_Bacteria;p_Proteobacteria;c_Gammaproteobacteria;o_Enterobacterales;f_Enterobacteriaceae;g_Escherichia;s_Escherichia coli
E502	E502_17294	36	species	Escherichia coli	2	2	1	0.970	d_Bacteria;p_Proteobacteria;c_Gammaproteobacteria;o_Enterobacterales;f_Enterobacteriaceae;g_Escherichia;s_Escherichia coli
E502	E502_18446	2303	species	Enterobacter mori	3	3	2	0.500	d_Bacteria;p_Proteobacteria;c_Gammaproteobacteria;o_Enterobacterales;f_Enterobacteriaceae;g_Enterobacter;s_Enterobacter mori
E502	E502_19310	36	species	Escherichia coli	2	2	1	0.970	d_Bacteria;p_Proteobacteria;c_Gammaproteobacteria;o_Enterobacterales;f_Enterobacteriaceae;g_Escherichia;s_Escherichia coli
E502	E502_4495	3256	species	Enterobacter quasihormaechei	2	1	1	1.000	d_Bacteria;p_Proteobacteria;c_Gammaproteobacteria;o_Enterobacterales;f_Enterobacteriaceae;g_Enterobacter;s_Enterobacter quasihormaechei
E502	E502_9583	36	species	Escherichia coli	3	3	2	0.990	d_Bacteria;p_Proteobacteria;c_Gammaproteobacteria;o_Enterobacterales;f_Enterobacteriaceae;g_Escherichia;s_Escherichia coli
E502	E502_14703	36	species	Escherichia coli	2	2	2	1.000	d_Bacteria;p_Proteobacteria;c_Gammaproteobacteria;o_Enterobacterales;f_Enterobacteriaceae;g_Escherichia;s_Escherichia coli
E502	E502_5886	36	species	Escherichia coli	8	8	3	0.840	d_Bacteria;p_Proteobacteria;c_Gammaproteobacteria;o_Enterobacterales;f_Enterobacteriaceae;g_Escherichia;s_Escherichia coli
E502	E502_13502	36	species	Escherichia coli	2	2	2	1.000	d_Bacteria;p_Proteobacteria;c_Gammaproteobacteria;o_Enterobacterales;f_Enterobacteriaceae;g_Escherichia;s_Escherichia coli
E502	E502_16030	36	species	Escherichia coli	2	1	1	1.000	d_Bacteria;p_Proteobacteria;c_Gammaproteobacteria;o_Enterobacterales;f_Enterobacteriaceae;g_Escherichia;s_Escherichia coli
E502	E502_16702	18	species	Klebsiella pneumoniae	2	2	1	0.930	d_Bacteria;p_Proteobacteria;c_Gammaproteobacteria;o_Enterobacterales;f_Enterobacteriaceae;g_Klebsiella;s_Klebsiella pneumoniae
E502	E502_15196	36	species	Escherichia coli	1	1	1	1.000	d_Bacteria;p_Proteobacteria;c_Gammaproteobacteria;o_Enterobacterales;f_Enterobacteriaceae;g_Escherichia;s_Escherichia coli
E502	E502_18076	18	species	Klebsiella pneumoniae	2	2	2	1.000	d_Bacteria;p_Proteobacteria;c_Gammaproteobacteria;o_Enterobacterales;f_Enterobacteriaceae;g_Klebsiella;s_Klebsiella pneumoniae
E502	E502_19215	36	species	Escherichia coli	1	1	1	1.000	d_Bacteria;p_Proteobacteria;c_Gammaproteobacteria;o_Enterobacterales;f_Enterobacteriaceae;g_Escherichia;s_Escherichia coli
E502	E502_19663	18	species	Klebsiella pneumoniae	2	2	1	0.500	d_Bacteria;p_Proteobacteria;c_Gammaproteobacteria;o_Enterobacterales;f_Enterobacteriaceae;g_Klebsiella;s_Klebsiella pneumoniae
E502	E502_10981	36	species	Escherichia coli	2	2	1	0.500	d_Bacteria;p_Proteobacteria;c_Gammaproteobacteria;o_Enterobacterales;f_Enterobacteriaceae;g_Escherichia;s_Escherichia coli
E502	E502_12229	18	species	Klebsiella pneumoniae	6	6	2	0.640	d_Bacteria;p_Proteobacteria;c_Gammaproteobacteria;o_Enterobacterales;f_Enterobacteriaceae;g_Klebsiella;s_Klebsiella pneumoniae
E502	E502_18981	35	species	Acinetobacter baumannii	2	2	2	1.000	d_Bacteria;p_Proteobacteria;c_Gammaproteobacteria;o_Pseudomonadales;f_Moraxellaceae;g_Acinetobacter;s_Acinetobacter baumannii
E502	E502_14563	36	species	Escherichia coli	5	4	2	0.510	d_Bacteria;p_Proteobacteria;c_Gammaproteobacteria;o_Enterobacterales;f_Enterobacteriaceae;g_Escherichia;s_Escherichia coli
E502	E502_17443	18	species	Klebsiella pneumoniae	2	2	2	1.000	d_Bacteria;p_Proteobacteria;c_Gammaproteobacteria;o_Enterobacterales;f_Enterobacteriaceae;g_Klebsiella;s_Klebsiella pneumoniae
E502	E502_2327	36	species	Escherichia coli	6	5	3	0.600	d_Bacteria;p_Proteobacteria;c_Gammaproteobacteria;o_Enterobacterales;f_Enterobacteriaceae;g_Escherichia;s_Escherichia coli
E502	E502_6743	36	species	Escherichia coli	5	4	2	0.660	d_Bacteria;p_Proteobacteria;c_Gammaproteobacteria;o_Enterobacterales;f_Enterobacteriaceae;g_Escherichia;s_Escherichia coli
E502	E502_13303	36	species	Escherichia coli	2	2	2	1.000	d_Bacteria;p_Proteobacteria;c_Gammaproteobacteria;o_Enterobacterales;f_Enterobacteriaceae;g_Escherichia;s_Escherichia coli
E502	E502_2623	36	species	Escherichia coli	6	4	2	0.500	d_Bacteria;p_Proteobacteria;c_Gammaproteobacteria;o_Enterobacterales;f_Enterobacteriaceae;g_Escherichia;s_Escherichia coli
E502	E502_6815	36	species	Escherichia coli	6	6	5	0.830	d_Bacteria;p_Proteobacteria;c_Gammaproteobacteria;o_Enterobacterales;f_Enterobacteriaceae;g_Escherichia;s_Escherichia coli
E502	E502_12176	36	species	Escherichia coli	3	3	2	0.520	d_Bacteria;p_Proteobacteria;c_Gammaproteobacteria;o_Enterobacterales;f_Enterobacteriaceae;g_Escherichia;s_Escherichia coli
E502	E502_16464	36	species	Escherichia coli	5	5	1	0.890	d_Bacteria;p_Proteobacteria;c_Gammaproteobacteria;o_Enterobacterales;f_Enterobacteriaceae;g_Escherichia;s_Escherichia coli
E502	E502_17744	36	species	Escherichia coli	2	2	2	1.000	d_Bacteria;p_Proteobacteria;c_Gammaproteobacteria;o_Enterobacterales;f_Enterobacteriaceae;g_Escherichia;s_Escherichia coli
E502	E502_18672	36	species	Escherichia coli	2	2	1	0.910	d_Bacteria;p_Proteobacteria;c_Gammaproteobacteria;o_Enterobacterales;f_Enterobacteriaceae;g_Escherichia;s_Escherichia coli
E502	E502_20752	36	species	Escherichia coli	2	2	1	0.500	d_Bacteria;p_Proteobacteria;c_Gammaproteobacteria;o_Enterobacterales;f_Enterobacteriaceae;g_Escherichia;s_Escherichia coli
E502	E502_2453	36	species	Escherichia coli	7	7	5	0.820	d_Bacteria;p_Proteobacteria;c_Gammaproteobacteria;o_Enterobacterales;f_Enterobacteriaceae;g_Escherichia;s_Escherichia coli
E502	E502_11285	36	species	Escherichia coli	2	2	1	0.500	d_Bacteria;p_Proteobacteria;c_Gammaproteobacteria;o_Enterobacterales;f_Enterobacteriaceae;g_Escherichia;s_Escherichia coli
E502	E502_17269	36	species	Escherichia coli	2	2	1	0.500	d_Bacteria;p_Proteobacteria;c_Gammaproteobacteria;o_Enterobacterales;f_Enterobacteriaceae;g_Escherichia;s_Escherichia coli
E502	E502_18773	36	species	Escherichia coli	1	1	1	1.000	d_Bacteria;p_Proteobacteria;c_Gammaproteobacteria;o_Enterobacterales;f_Enterobacteriaceae;g_Escherichia;s_Escherichia coli
E502	E502_3094	36	species	Escherichia coli	7	7	4	0.670	d_Bacteria;p_Proteobacteria;c_Gammaproteobacteria;o_Enterobacterales;f_Enterobacteriaceae;g_Escherichia;s_Escherichia coli
E502	E502_6626	36	species	Escherichia coli	6	6	3	0.930	d_Bacteria;p_Proteobacteria;c_Gammaproteobacteria;o_Enterobacterales;f_Enterobacteriaceae;g_Escherichia;s_Escherichia coli
E502	E502_6786	589	species	Enterobacter asburiae B	3	3	1	0.910	d_Bacteria;p_Proteobacteria;c_Gammaproteobacteria;o_Enterobacterales;f_Enterobacteriaceae;g_Enterobacter;s_Enterobacter asburiae B
E502	E502_8450	36	species	Escherichia coli	2	2	1	0.500	d_Bacteria;p_Proteobacteria;c_Gammaproteobacteria;o_Enterobacterales;f_Enterobacteriaceae;g_Escherichia;s_Escherichia coli
E502	E502_9346	36	species	Escherichia coli	2	2	2	1.000	d_Bacteria;p_Proteobacteria;c_Gammaproteobacteria;o_Enterobacterales;f_Enterobacteriaceae;g_Escherichia;s_Escherichia coli
E502	E502_11746	36	species	Escherichia coli	2	2	2	1.000	d_Bacteria;p_Proteobacteria;c_Gammaproteobacteria;o_Enterobacterales;f_Enterobacteriaceae;g_Escherichia;s_Escherichia coli
E502	E502_16482	36	species	Escherichia coli	2	1	1	1.000	d_Bacteria;p_Proteobacteria;c_Gammaproteobacteria;o_Enterobacterales;f_Enterobacteriaceae;g_Escherichia;s_Escherichia coli
E502	E502_14614	36	species	Escherichia coli	1	1	1	1.000	d_Bacteria;p_Proteobacteria;c_Gammaproteobacteria;o_Enterobacterales;f_Enterobacteriaceae;g_Escherichia;s_Escherichia coli
E502	E502_6845	36	species	Escherichia coli	3	3	2	0.670	d_Bacteria;p_Proteobacteria;c_Gammaproteobacteria;o_Enterobacterales;f_Enterobacteriaceae;g_Escherichia;s_Escherichia coli
E502	E502_8733	18	species	Klebsiella pneumoniae	4	4	2	0.660	d_Bacteria;p_Proteobacteria;c_Gammaproteobacteria;o_Enterobacterales;f_Enterobacteriaceae;g_Klebsiella;s_Klebsiella pneumoniae
E502	E502_12093	36	species	Escherichia coli	1	1	1	1.000	d_Bacteria;p_Proteobacteria;c_Gammaproteobacteria;o_Enterobacterales;f_Enterobacteriaceae;g_Escherichia;s_Escherichia coli
E502	E502_16861	36	species	Escherichia coli	2	2	1	0.500	d_Bacteria;p_Proteobacteria;c_Gammaproteobacteria;o_Enterobacterales;f_Enterobacteriaceae;g_Escherichia;s_Escherichia coli
E502	E502_20221	18	species	Klebsiella pneumoniae	2	2	1	0.970	d_Bacteria;p_Proteobacteria;c_Gammaproteobacteria;o_Enterobacterales;f_Enterobacteriaceae;g_Klebsiella;s_Klebsiella pneumoniae
E502	E502_17464	18	species	Klebsiella pneumoniae	2	2	1	0.500	d_Bacteria;p_Proteobacteria;c_Gammaproteobacteria;o_Enterobacterales;f_Enterobacteriaceae;g_Klebsiella;s_Klebsiella pneumoniae
E502	E502_13831	36	species	Escherichia coli	2	2	2	1.000	d_Bacteria;p_Proteobacteria;c_Gammaproteobacteria;o_Enterobacterales;f_Enterobacteriaceae;g_Escherichia;s_Escherichia coli
E502	E502_19367	35	species	Acinetobacter baumannii	2	2	1	0.500	d_Bacteria;p_Proteobacteria;c_Gammaproteobacteria;o_Pseudomonadales;f_Moraxellaceae;g_Acinetobacter;s_Acinetobacter baumannii
E502	E502_19591	36	species	Escherichia coli	1	1	1	1.000	d_Bacteria;p_Proteobacteria;c_Gammaproteobacteria;o_Enterobacterales;f_Enterobacteriaceae;g_Escherichia;s_Escherichia coli
E502	E502_19943	36	species	Escherichia coli	2	1	1	1.000	d_Bacteria;p_Proteobacteria;c_Gammaproteobacteria;o_Enterobacterales;f_Enterobacteriaceae;g_Escherichia;s_Escherichia coli
E502	E502_3112	36	species	Escherichia coli	7	7	4	0.660	d_Bacteria;p_Proteobacteria;c_Gammaproteobacteria;o_Enterobacterales;f_Enterobacteriaceae;g_Escherichia;s_Escherichia coli
E502	E502_7181	36	species	Escherichia coli	3	3	3	1.000	d_Bacteria;p_Proteobacteria;c_Gammaproteobacteria;o_Enterobacterales;f_Enterobacteriaceae;g_Escherichia;s_Escherichia coli
E502	E502_14189	36	species	Escherichia coli	3	3	2	0.950	d_Bacteria;p_Proteobacteria;c_Gammaproteobacteria;o_Enterobacterales;f_Enterobacteriaceae;g_Escherichia;s_Escherichia coli
E502	E502_6222	36	species	Escherichia coli	3	2	1	0.970	d_Bacteria;p_Proteobacteria;c_Gammaproteobacteria;o_Enterobacterales;f_Enterobacteriaceae;g_Escherichia;s_Escherichia coli
E502	E502_4721	36	species	Escherichia coli	7	6	3	0.960	d_Bacteria;p_Proteobacteria;c_Gammaproteobacteria;o_Enterobacterales;f_Enterobacteriaceae;g_Escherichia;s_Escherichia coli
E502	E502_10385	36	species	Escherichia coli	3	3	2	1.000	d_Bacteria;p_Proteobacteria;c_Gammaproteobacteria;o_Enterobacterales;f_Enterobacteriaceae;g_Escherichia;s_Escherichia coli
E502	E502_12497	36	species	Escherichia coli	2	2	1	0.990	d_Bacteria;p_Proteobacteria;c_Gammaproteobacteria;o_Enterobacterales;f_Enterobacteriaceae;g_Escherichia;s_Escherichia coli
E502	E502_17841	36	species	Escherichia coli	1	1	1	1.000	d_Bacteria;p_Proteobacteria;c_Gammaproteobacteria;o_Enterobacterales;f_Enterobacteriaceae;g_Escherichia;s_Escherichia coli
E502	E502_15455	36	species	Escherichia coli	2	2	2	1.000	d_Bacteria;p_Proteobacteria;c_Gammaproteobacteria;o_Enterobacterales;f_Enterobacteriaceae;g_Escherichia;s_Escherichia coli
E502	E502_17087	55282	species	Enterobacter sp013927005	6	5	1	0.800	d_Bacteria;p_Proteobacteria;c_Gammaproteobacteria;o_Enterobacterales;f_Enterobacteriaceae;g_Enterobacter;s_Enterobacter sp013927005
E502	E502_19135	36	species	Escherichia coli	3	3	1	0.890	d_Bacteria;p_Proteobacteria;c_Gammaproteobacteria;o_Enterobacterales;f_Enterobacteriaceae;g_Escherichia;s_Escherichia coli
E502	E502_19711	18	species	Klebsiella pneumoniae	1	1	1	1.000	d_Bacteria;p_Proteobacteria;c_Gammaproteobacteria;o_Enterobacterales;f_Enterobacteriaceae;g_Klebsiella;s_Klebsiella pneumoniae
E502	E502_20735	18	species	Klebsiella pneumoniae	3	3	2	0.520	d_Bacteria;p_Proteobacteria;c_Gammaproteobacteria;o_Enterobacterales;f_Enterobacteriaceae;g_Klebsiella;s_Klebsiella pneumoniae
E502	E502_5404	36	species	Escherichia coli	4	3	2	0.670	d_Bacteria;p_Proteobacteria;c_Gammaproteobacteria;o_Enterobacterales;f_Enterobacteriaceae;g_Escherichia;s_Escherichia coli
E502	E502_7260	36	species	Escherichia coli	6	5	3	0.500	d_Bacteria;p_Proteobacteria;c_Gammaproteobacteria;o_Enterobacterales;f_Enterobacteriaceae;g_Escherichia;s_Escherichia coli
E502	E502_13001	36	species	Escherichia coli	4	4	1	0.910	d_Bacteria;p_Proteobacteria;c_Gammaproteobacteria;o_Enterobacterales;f_Enterobacteriaceae;g_Escherichia;s_Escherichia coli
E502	E502_20425	36	species	Escherichia coli	2	2	1	0.940	d_Bacteria;p_Proteobacteria;c_Gammaproteobacteria;o_Enterobacterales;f_Enterobacteriaceae;g_Escherichia;s_Escherichia coli
E502	E502_2474	36	species	Escherichia coli	9	9	7	0.750	d_Bacteria;p_Proteobacteria;c_Gammaproteobacteria;o_Enterobacterales;f_Enterobacteriaceae;g_Escherichia;s_Escherichia coli
E502	E502_3082	36	species	Escherichia coli	6	4	2	0.660	d_Bacteria;p_Proteobacteria;c_Gammaproteobacteria;o_Enterobacterales;f_Enterobacteriaceae;g_Escherichia;s_Escherichia coli
E502	E502_13802	36	species	Escherichia coli	3	3	2	0.970	d_Bacteria;p_Proteobacteria;c_Gammaproteobacteria;o_Enterobacterales;f_Enterobacteriaceae;g_Escherichia;s_Escherichia coli
E502	E502_18634	18	species	Klebsiella pneumoniae	2	2	2	1.000	d_Bacteria;p_Proteobacteria;c_Gammaproteobacteria;o_Enterobacterales;f_Enterobacteriaceae;g_Klebsiella;s_Klebsiella pneumoniae
E502	E502_18954	18	species	Klebsiella pneumoniae	1	1	1	1.000	d_Bacteria;p_Proteobacteria;c_Gammaproteobacteria;o_Enterobacterales;f_Enterobacteriaceae;g_Klebsiella;s_Klebsiella pneumoniae
E502	E502_18986	36	species	Escherichia coli	2	2	2	1.000	d_Bacteria;p_Proteobacteria;c_Gammaproteobacteria;o_Enterobacterales;f_Enterobacteriaceae;g_Escherichia;s_Escherichia coli
E502	E502_19370	36	species	Escherichia coli	1	1	1	1.000	d_Bacteria;p_Proteobacteria;c_Gammaproteobacteria;o_Enterobacterales;f_Enterobacteriaceae;g_Escherichia;s_Escherichia coli
E502	E502_4288	36	species	Escherichia coli	6	5	3	0.740	d_Bacteria;p_Proteobacteria;c_Gammaproteobacteria;o_Enterobacterales;f_Enterobacteriaceae;g_Escherichia;s_Escherichia coli
E502	E502_6592	36	species	Escherichia coli	3	3	2	0.670	d_Bacteria;p_Proteobacteria;c_Gammaproteobacteria;o_Enterobacterales;f_Enterobacteriaceae;g_Escherichia;s_Escherichia coli
E502	E502_14368	36	species	Escherichia coli	2	2	1	0.940	d_Bacteria;p_Proteobacteria;c_Gammaproteobacteria;o_Enterobacterales;f_Enterobacteriaceae;g_Escherichia;s_Escherichia coli
E502	E502_14528	36	species	Escherichia coli	2	2	1	0.500	d_Bacteria;p_Proteobacteria;c_Gammaproteobacteria;o_Enterobacterales;f_Enterobacteriaceae;g_Escherichia;s_Escherichia coli
E502	E502_14656	36	species	Escherichia coli	2	2	2	1.000	d_Bacteria;p_Proteobacteria;c_Gammaproteobacteria;o_Enterobacterales;f_Enterobacteriaceae;g_Escherichia;s_Escherichia coli
E502	E502_16032	36	species	Escherichia coli	2	2	1	0.500	d_Bacteria;p_Proteobacteria;c_Gammaproteobacteria;o_Enterobacterales;f_Enterobacteriaceae;g_Escherichia;s_Escherichia coli
E502	E502_17312	36	species	Escherichia coli	1	1	1	1.000	d_Bacteria;p_Proteobacteria;c_Gammaproteobacteria;o_Enterobacterales;f_Enterobacteriaceae;g_Escherichia;s_Escherichia coli
E502	E502_4698	36	species	Escherichia coli	4	4	2	0.500	d_Bacteria;p_Proteobacteria;c_Gammaproteobacteria;o_Enterobacterales;f_Enterobacteriaceae;g_Escherichia;s_Escherichia coli
E502	E502_10778	36	species	Escherichia coli	3	3	2	0.980	d_Bacteria;p_Proteobacteria;c_Gammaproteobacteria;o_Enterobacterales;f_Enterobacteriaceae;g_Escherichia;s_Escherichia coli
E502	E502_11610	1868	species	Enterobacter sichuanensis	7	7	1	0.760	d_Bacteria;p_Proteobacteria;c_Gammaproteobacteria;o_Enterobacterales;f_Enterobacteriaceae;g_Enterobacter;s_Enterobacter sichuanensis
E502	E502_2867	36	species	Escherichia coli	8	7	4	0.780	d_Bacteria;p_Proteobacteria;c_Gammaproteobacteria;o_Enterobacterales;f_Enterobacteriaceae;g_Escherichia;s_Escherichia coli
E502	E502_6195	36	species	Escherichia coli	3	2	1	0.500	d_Bacteria;p_Proteobacteria;c_Gammaproteobacteria;o_Enterobacterales;f_Enterobacteriaceae;g_Escherichia;s_Escherichia coli
E502	E502_18707	36	species	Escherichia coli	2	1	1	1.000	d_Bacteria;p_Proteobacteria;c_Gammaproteobacteria;o_Enterobacterales;f_Enterobacteriaceae;g_Escherichia;s_Escherichia coli
E502	E502_19091	36	species	Escherichia coli	2	2	2	1.000	d_Bacteria;p_Proteobacteria;c_Gammaproteobacteria;o_Enterobacterales;f_Enterobacteriaceae;g_Escherichia;s_Escherichia coli
E502	E502_16571	18	species	Klebsiella pneumoniae	2	2	1	0.910	d_Bacteria;p_Proteobacteria;c_Gammaproteobacteria;o_Enterobacterales;f_Enterobacteriaceae;g_Klebsiella;s_Klebsiella pneumoniae
E502	E502_17243	36	species	Escherichia coli	3	3	2	0.970	d_Bacteria;p_Proteobacteria;c_Gammaproteobacteria;o_Enterobacterales;f_Enterobacteriaceae;g_Escherichia;s_Escherichia coli
E502	E502_7846	36	species	Escherichia coli	9	9	2	0.590	d_Bacteria;p_Proteobacteria;c_Gammaproteobacteria;o_Enterobacterales;f_Enterobacteriaceae;g_Escherichia;s_Escherichia coli
E502	E502_10822	36	species	Escherichia coli	2	2	2	1.000	d_Bacteria;p_Proteobacteria;c_Gammaproteobacteria;o_Enterobacterales;f_Enterobacteriaceae;g_Escherichia;s_Escherichia coli
E502	E502_17574	18	species	Klebsiella pneumoniae	3	2	1	0.500	d_Bacteria;p_Proteobacteria;c_Gammaproteobacteria;o_Enterobacterales;f_Enterobacteriaceae;g_Klebsiella;s_Klebsiella pneumoniae
E502	E502_17862	18	species	Klebsiella pneumoniae	3	3	1	0.870	d_Bacteria;p_Proteobacteria;c_Gammaproteobacteria;o_Enterobacterales;f_Enterobacteriaceae;g_Klebsiella;s_Klebsiella pneumoniae
E502	E502_19686	18	species	Klebsiella pneumoniae	2	2	1	0.980	d_Bacteria;p_Proteobacteria;c_Gammaproteobacteria;o_Enterobacterales;f_Enterobacteriaceae;g_Klebsiella;s_Klebsiella pneumoniae
E502	E502_4647	36	species	Escherichia coli	4	4	2	0.500	d_Bacteria;p_Proteobacteria;c_Gammaproteobacteria;o_Enterobacterales;f_Enterobacteriaceae;g_Escherichia;s_Escherichia coli
E506	E506_9947	35	species	Acinetobacter baumannii	3	3	3	1.000	d_Bacteria;p_Proteobacteria;c_Gammaproteobacteria;o_Pseudomonadales;f_Moraxellaceae;g_Acinetobacter;s_Acinetobacter baumannii
E506	E506_7233	2301	species	Enterobacter cloacae I	2	2	1	0.500	d_Bacteria;p_Proteobacteria;c_Gammaproteobacteria;o_Enterobacterales;f_Enterobacteriaceae;g_Enterobacter;s_Enterobacter cloacae I
E506	E506_16509	2301	species	Enterobacter cloacae I	1	1	1	1.000	d_Bacteria;p_Proteobacteria;c_Gammaproteobacteria;o_Enterobacterales;f_Enterobacteriaceae;g_Enterobacter;s_Enterobacter cloacae I
E509	E509_8017	55282	species	Enterobacter sp013927005	2	2	1	0.500	d_Bacteria;p_Proteobacteria;c_Gammaproteobacteria;o_Enterobacterales;f_Enterobacteriaceae;g_Enterobacter;s_Enterobacter sp013927005
E509	E509_6826	7117	species	Enterobacter cloacae L	1	1	1	1.000	d_Bacteria;p_Proteobacteria;c_Gammaproteobacteria;o_Enterobacterales;f_Enterobacteriaceae;g_Enterobacter;s_Enterobacter cloacae L
E520	E520_9595	36	species	Escherichia coli	2	2	2	1.000	d_Bacteria;p_Proteobacteria;c_Gammaproteobacteria;o_Enterobacterales;f_Enterobacteriaceae;g_Escherichia;s_Escherichia coli
E520	E520_15131	36	species	Escherichia coli	2	2	1	0.500	d_Bacteria;p_Proteobacteria;c_Gammaproteobacteria;o_Enterobacterales;f_Enterobacteriaceae;g_Escherichia;s_Escherichia coli
E520	E520_18747	17704	species	Enterobacter cloacae P	3	3	2	1.000	d_Bacteria;p_Proteobacteria;c_Gammaproteobacteria;o_Enterobacterales;f_Enterobacteriaceae;g_Enterobacter;s_Enterobacter cloacae P
E520	E520_20731	36	species	Escherichia coli	2	1	1	1.000	d_Bacteria;p_Proteobacteria;c_Gammaproteobacteria;o_Enterobacterales;f_Enterobacteriaceae;g_Escherichia;s_Escherichia coli
E520	E520_23643	70	species	Enterobacter hormaechei A	2	1	1	1.000	d_Bacteria;p_Proteobacteria;c_Gammaproteobacteria;o_Enterobacterales;f_Enterobacteriaceae;g_Enterobacter;s_Enterobacter hormaechei A
E520	E520_24059	23265	species	Enterobacter A timonensis	2	2	1	0.500	d_Bacteria;p_Proteobacteria;c_Gammaproteobacteria;o_Enterobacterales;f_Enterobacteriaceae;g_Enterobacter A;s_Enterobacter A timonensis
E520	E520_12003	1291	species	Enterobacter chengduensis	3	3	2	0.670	d_Bacteria;p_Proteobacteria;c_Gammaproteobacteria;o_Enterobacterales;f_Enterobacteriaceae;g_Enterobacter;s_Enterobacter chengduensis
E520	E520_19567	2301	species	Enterobacter cloacae I	5	4	2	0.940	d_Bacteria;p_Proteobacteria;c_Gammaproteobacteria;o_Enterobacterales;f_Enterobacteriaceae;g_Enterobacter;s_Enterobacter cloacae I
E520	E520_20303	36	species	Escherichia coli	1	1	1	1.000	d_Bacteria;p_Proteobacteria;c_Gammaproteobacteria;o_Enterobacterales;f_Enterobacteriaceae;g_Escherichia;s_Escherichia coli
E520	E520_22255	70	species	Enterobacter hormaechei A	3	2	1	0.500	d_Bacteria;p_Proteobacteria;c_Gammaproteobacteria;o_Enterobacterales;f_Enterobacteriaceae;g_Enterobacter;s_Enterobacter hormaechei A
E520	E520_993	36	species	Escherichia coli	10	8	4	0.570	d_Bacteria;p_Proteobacteria;c_Gammaproteobacteria;o_Enterobacterales;f_Enterobacteriaceae;g_Escherichia;s_Escherichia coli
E520	E520_2721	36	species	Escherichia coli	8	7	4	0.970	d_Bacteria;p_Proteobacteria;c_Gammaproteobacteria;o_Enterobacterales;f_Enterobacteriaceae;g_Escherichia;s_Escherichia coli
E520	E520_10785	36	species	Escherichia coli	3	3	2	0.670	d_Bacteria;p_Proteobacteria;c_Gammaproteobacteria;o_Enterobacterales;f_Enterobacteriaceae;g_Escherichia;s_Escherichia coli
E520	E520_18273	70	species	Enterobacter hormaechei A	2	2	1	0.950	d_Bacteria;p_Proteobacteria;c_Gammaproteobacteria;o_Enterobacterales;f_Enterobacteriaceae;g_Enterobacter;s_Enterobacter hormaechei A
E520	E520_6498	36	species	Escherichia coli	3	2	1	0.980	d_Bacteria;p_Proteobacteria;c_Gammaproteobacteria;o_Enterobacterales;f_Enterobacteriaceae;g_Escherichia;s_Escherichia coli
E520	E520_2733	36	species	Escherichia coli	7	7	4	0.740	d_Bacteria;p_Proteobacteria;c_Gammaproteobacteria;o_Enterobacterales;f_Enterobacteriaceae;g_Escherichia;s_Escherichia coli
E520	E520_25636	18	species	Klebsiella pneumoniae	3	2	1	0.990	d_Bacteria;p_Proteobacteria;c_Gammaproteobacteria;o_Enterobacterales;f_Enterobacteriaceae;g_Klebsiella;s_Klebsiella pneumoniae
E520	E520_327	36	species	Escherichia coli	21	20	11	0.590	d_Bacteria;p_Proteobacteria;c_Gammaproteobacteria;o_Enterobacterales;f_Enterobacteriaceae;g_Escherichia;s_Escherichia coli
E520	E520_1831	36	species	Escherichia coli	8	7	5	0.830	d_Bacteria;p_Proteobacteria;c_Gammaproteobacteria;o_Enterobacterales;f_Enterobacteriaceae;g_Escherichia;s_Escherichia coli
E520	E520_3207	36	species	Escherichia coli	8	7	2	0.640	d_Bacteria;p_Proteobacteria;c_Gammaproteobacteria;o_Enterobacterales;f_Enterobacteriaceae;g_Escherichia;s_Escherichia coli
E520	E520_3335	36	species	Escherichia coli	6	4	2	0.650	d_Bacteria;p_Proteobacteria;c_Gammaproteobacteria;o_Enterobacterales;f_Enterobacteriaceae;g_Escherichia;s_Escherichia coli
E520	E520_7271	1903	species	Enterobacter hormaechei	4	4	3	0.750	d_Bacteria;p_Proteobacteria;c_Gammaproteobacteria;o_Enterobacterales;f_Enterobacteriaceae;g_Enterobacter;s_Enterobacter hormaechei
E520	E520_9287	18	species	Klebsiella pneumoniae	4	3	2	0.510	d_Bacteria;p_Proteobacteria;c_Gammaproteobacteria;o_Enterobacterales;f_Enterobacteriaceae;g_Klebsiella;s_Klebsiella pneumoniae
E520	E520_10343	400	species	Enterobacter cloacae M	3	2	1	0.500	d_Bacteria;p_Proteobacteria;c_Gammaproteobacteria;o_Enterobacterales;f_Enterobacteriaceae;g_Enterobacter;s_Enterobacter cloacae M
E520	E520_16452	70	species	Enterobacter hormaechei A	2	2	1	0.500	d_Bacteria;p_Proteobacteria;c_Gammaproteobacteria;o_Enterobacterales;f_Enterobacteriaceae;g_Enterobacter;s_Enterobacter hormaechei A
E520	E520_22980	36	species	Escherichia coli	1	1	1	1.000	d_Bacteria;p_Proteobacteria;c_Gammaproteobacteria;o_Enterobacterales;f_Enterobacteriaceae;g_Escherichia;s_Escherichia coli
E520	E520_21509	70	species	Enterobacter hormaechei A	1	1	1	1.000	d_Bacteria;p_Proteobacteria;c_Gammaproteobacteria;o_Enterobacterales;f_Enterobacteriaceae;g_Enterobacter;s_Enterobacter hormaechei A
E520	E520_4852	36	species	Escherichia coli	2	1	1	1.000	d_Bacteria;p_Proteobacteria;c_Gammaproteobacteria;o_Enterobacterales;f_Enterobacteriaceae;g_Escherichia;s_Escherichia coli
E520	E520_7380	36	species	Escherichia coli	4	4	2	0.650	d_Bacteria;p_Proteobacteria;c_Gammaproteobacteria;o_Enterobacterales;f_Enterobacteriaceae;g_Escherichia;s_Escherichia coli
E520	E520_10676	36	species	Escherichia coli	4	4	3	1.000	d_Bacteria;p_Proteobacteria;c_Gammaproteobacteria;o_Enterobacterales;f_Enterobacteriaceae;g_Escherichia;s_Escherichia coli
E520	E520_8565	36	species	Escherichia coli	4	4	4	1.000	d_Bacteria;p_Proteobacteria;c_Gammaproteobacteria;o_Enterobacterales;f_Enterobacteriaceae;g_Escherichia;s_Escherichia coli
E520	E520_10389	36	species	Escherichia coli	4	3	1	0.980	d_Bacteria;p_Proteobacteria;c_Gammaproteobacteria;o_Enterobacterales;f_Enterobacteriaceae;g_Escherichia;s_Escherichia coli
E520	E520_11157	17704	species	Enterobacter cloacae P	3	3	3	1.000	d_Bacteria;p_Proteobacteria;c_Gammaproteobacteria;o_Enterobacterales;f_Enterobacteriaceae;g_Enterobacter;s_Enterobacter cloacae P
E520	E520_24307	18	species	Klebsiella pneumoniae	1	1	1	1.000	d_Bacteria;p_Proteobacteria;c_Gammaproteobacteria;o_Enterobacterales;f_Enterobacteriaceae;g_Klebsiella;s_Klebsiella pneumoniae
E520	E520_16967	55282	species	Enterobacter sp013927005	2	1	1	1.000	d_Bacteria;p_Proteobacteria;c_Gammaproteobacteria;o_Enterobacterales;f_Enterobacteriaceae;g_Enterobacter;s_Enterobacter sp013927005
E520	E520_19783	36	species	Escherichia coli	2	1	1	1.000	d_Bacteria;p_Proteobacteria;c_Gammaproteobacteria;o_Enterobacterales;f_Enterobacteriaceae;g_Escherichia;s_Escherichia coli
E520	E520_25159	23265	species	Enterobacter A timonensis	2	2	1	0.910	d_Bacteria;p_Proteobacteria;c_Gammaproteobacteria;o_Enterobacterales;f_Enterobacteriaceae;g_Enterobacter A;s_Enterobacter A timonensis
E520	E520_4680	36	species	Escherichia coli	4	4	3	0.750	d_Bacteria;p_Proteobacteria;c_Gammaproteobacteria;o_Enterobacterales;f_Enterobacteriaceae;g_Escherichia;s_Escherichia coli
E520	E520_4444	17704	species	Enterobacter cloacae P	7	7	5	1.000	d_Bacteria;p_Proteobacteria;c_Gammaproteobacteria;o_Enterobacterales;f_Enterobacteriaceae;g_Enterobacter;s_Enterobacter cloacae P
E520	E520_7740	36	species	Escherichia coli	2	2	1	0.500	d_Bacteria;p_Proteobacteria;c_Gammaproteobacteria;o_Enterobacterales;f_Enterobacteriaceae;g_Escherichia;s_Escherichia coli
E520	E520_10396	2303	species	Enterobacter mori	6	5	2	0.640	d_Bacteria;p_Proteobacteria;c_Gammaproteobacteria;o_Enterobacterales;f_Enterobacteriaceae;g_Enterobacter;s_Enterobacter mori
E520	E520_17042	36	species	Escherichia coli	2	2	2	1.000	d_Bacteria;p_Proteobacteria;c_Gammaproteobacteria;o_Enterobacterales;f_Enterobacteriaceae;g_Escherichia;s_Escherichia coli
E520	E520_17746	36	species	Escherichia coli	3	2	2	1.000	d_Bacteria;p_Proteobacteria;c_Gammaproteobacteria;o_Enterobacterales;f_Enterobacteriaceae;g_Escherichia;s_Escherichia coli
E520	E520_15191	36	species	Escherichia coli	4	4	1	0.910	d_Bacteria;p_Proteobacteria;c_Gammaproteobacteria;o_Enterobacterales;f_Enterobacteriaceae;g_Escherichia;s_Escherichia coli
E520	E520_3524	36	species	Escherichia coli	7	7	3	0.590	d_Bacteria;p_Proteobacteria;c_Gammaproteobacteria;o_Enterobacterales;f_Enterobacteriaceae;g_Escherichia;s_Escherichia coli
E520	E520_9924	36	species	Escherichia coli	6	5	4	0.990	d_Bacteria;p_Proteobacteria;c_Gammaproteobacteria;o_Enterobacterales;f_Enterobacteriaceae;g_Escherichia;s_Escherichia coli
E520	E520_20016	1291	species	Enterobacter chengduensis	5	4	1	0.900	d_Bacteria;p_Proteobacteria;c_Gammaproteobacteria;o_Enterobacterales;f_Enterobacteriaceae;g_Enterobacter;s_Enterobacter chengduensis
E520	E520_5201	36	species	Escherichia coli	5	4	3	0.540	d_Bacteria;p_Proteobacteria;c_Gammaproteobacteria;o_Enterobacterales;f_Enterobacteriaceae;g_Escherichia;s_Escherichia coli
E520	E520_7441	36	species	Escherichia coli	4	4	2	0.510	d_Bacteria;p_Proteobacteria;c_Gammaproteobacteria;o_Enterobacterales;f_Enterobacteriaceae;g_Escherichia;s_Escherichia coli
E520	E520_16273	36	species	Escherichia coli	2	2	2	1.000	d_Bacteria;p_Proteobacteria;c_Gammaproteobacteria;o_Enterobacterales;f_Enterobacteriaceae;g_Escherichia;s_Escherichia coli
E520	E520_2389	36	species	Escherichia coli	6	6	5	0.990	d_Bacteria;p_Proteobacteria;c_Gammaproteobacteria;o_Enterobacterales;f_Enterobacteriaceae;g_Escherichia;s_Escherichia coli
E520	E520_24753	70	species	Enterobacter hormaechei A	2	2	1	0.990	d_Bacteria;p_Proteobacteria;c_Gammaproteobacteria;o_Enterobacterales;f_Enterobacteriaceae;g_Enterobacter;s_Enterobacter hormaechei A
E520	E520_24849	17704	species	Enterobacter cloacae P	3	2	2	1.000	d_Bacteria;p_Proteobacteria;c_Gammaproteobacteria;o_Enterobacterales;f_Enterobacteriaceae;g_Enterobacter;s_Enterobacter cloacae P
E520	E520_25297	287	species	Enterobacter cloacae	2	1	1	1.000	d_Bacteria;p_Proteobacteria;c_Gammaproteobacteria;o_Enterobacterales;f_Enterobacteriaceae;g_Enterobacter;s_Enterobacter cloacae
E520	E520_12794	36	species	Escherichia coli	3	3	3	1.000	d_Bacteria;p_Proteobacteria;c_Gammaproteobacteria;o_Enterobacterales;f_Enterobacteriaceae;g_Escherichia;s_Escherichia coli
E520	E520_16186	36	species	Escherichia coli	4	4	2	0.500	d_Bacteria;p_Proteobacteria;c_Gammaproteobacteria;o_Enterobacterales;f_Enterobacteriaceae;g_Escherichia;s_Escherichia coli
E520	E520_18554	36	species	Escherichia coli	2	2	1	0.500	d_Bacteria;p_Proteobacteria;c_Gammaproteobacteria;o_Enterobacterales;f_Enterobacteriaceae;g_Escherichia;s_Escherichia coli
E520	E520_20218	70	species	Enterobacter hormaechei A	3	3	1	0.850	d_Bacteria;p_Proteobacteria;c_Gammaproteobacteria;o_Enterobacterales;f_Enterobacteriaceae;g_Enterobacter;s_Enterobacter hormaechei A
E520	E520_22362	70	species	Enterobacter hormaechei A	2	2	1	0.500	d_Bacteria;p_Proteobacteria;c_Gammaproteobacteria;o_Enterobacterales;f_Enterobacteriaceae;g_Enterobacter;s_Enterobacter hormaechei A
E520	E520_22810	70	species	Enterobacter hormaechei A	1	1	1	1.000	d_Bacteria;p_Proteobacteria;c_Gammaproteobacteria;o_Enterobacterales;f_Enterobacteriaceae;g_Enterobacter;s_Enterobacter hormaechei A
E520	E520_13020	50858	species	Enterobacter wuhouensis	3	1	1	1.000	d_Bacteria;p_Proteobacteria;c_Gammaproteobacteria;o_Enterobacterales;f_Enterobacteriaceae;g_Enterobacter;s_Enterobacter wuhouensis
E520	E520_13532	36	species	Escherichia coli	4	4	2	0.650	d_Bacteria;p_Proteobacteria;c_Gammaproteobacteria;o_Enterobacterales;f_Enterobacteriaceae;g_Escherichia;s_Escherichia coli
E520	E520_18044	70	species	Enterobacter hormaechei A	2	2	1	0.500	d_Bacteria;p_Proteobacteria;c_Gammaproteobacteria;o_Enterobacterales;f_Enterobacteriaceae;g_Enterobacter;s_Enterobacter hormaechei A
E520	E520_19164	70	species	Enterobacter hormaechei A	3	3	1	0.900	d_Bacteria;p_Proteobacteria;c_Gammaproteobacteria;o_Enterobacterales;f_Enterobacteriaceae;g_Enterobacter;s_Enterobacter hormaechei A
E520	E520_19260	36	species	Escherichia coli	1	1	1	1.000	d_Bacteria;p_Proteobacteria;c_Gammaproteobacteria;o_Enterobacterales;f_Enterobacteriaceae;g_Escherichia;s_Escherichia coli
E520	E520_23196	36	species	Escherichia coli	1	1	1	1.000	d_Bacteria;p_Proteobacteria;c_Gammaproteobacteria;o_Enterobacterales;f_Enterobacteriaceae;g_Escherichia;s_Escherichia coli
E520	E520_15854	36	species	Escherichia coli	4	4	3	0.980	d_Bacteria;p_Proteobacteria;c_Gammaproteobacteria;o_Enterobacterales;f_Enterobacteriaceae;g_Escherichia;s_Escherichia coli
E520	E520_21646	18	species	Klebsiella pneumoniae	2	2	1	0.500	d_Bacteria;p_Proteobacteria;c_Gammaproteobacteria;o_Enterobacterales;f_Enterobacteriaceae;g_Klebsiella;s_Klebsiella pneumoniae
E520	E520_23246	2303	species	Enterobacter mori	2	2	1	0.500	d_Bacteria;p_Proteobacteria;c_Gammaproteobacteria;o_Enterobacterales;f_Enterobacteriaceae;g_Enterobacter;s_Enterobacter mori
E520	E520_23310	36	species	Escherichia coli	1	1	1	1.000	d_Bacteria;p_Proteobacteria;c_Gammaproteobacteria;o_Enterobacterales;f_Enterobacteriaceae;g_Escherichia;s_Escherichia coli
E520	E520_24577	70	species	Enterobacter hormaechei A	1	1	1	1.000	d_Bacteria;p_Proteobacteria;c_Gammaproteobacteria;o_Enterobacterales;f_Enterobacteriaceae;g_Enterobacter;s_Enterobacter hormaechei A
E520	E520_13760	70	species	Enterobacter hormaechei A	3	3	2	0.960	d_Bacteria;p_Proteobacteria;c_Gammaproteobacteria;o_Enterobacterales;f_Enterobacteriaceae;g_Enterobacter;s_Enterobacter hormaechei A
E520	E520_23360	70	species	Enterobacter hormaechei A	1	1	1	1.000	d_Bacteria;p_Proteobacteria;c_Gammaproteobacteria;o_Enterobacterales;f_Enterobacteriaceae;g_Enterobacter;s_Enterobacter hormaechei A
E520	E520_7625	1903	species	Enterobacter hormaechei	7	7	2	0.630	d_Bacteria;p_Proteobacteria;c_Gammaproteobacteria;o_Enterobacterales;f_Enterobacteriaceae;g_Enterobacter;s_Enterobacter hormaechei
E520	E520_14697	70	species	Enterobacter hormaechei A	2	2	1	0.910	d_Bacteria;p_Proteobacteria;c_Gammaproteobacteria;o_Enterobacterales;f_Enterobacteriaceae;g_Enterobacter;s_Enterobacter hormaechei A
E520	E520_15817	70	species	Enterobacter hormaechei A	3	2	1	0.500	d_Bacteria;p_Proteobacteria;c_Gammaproteobacteria;o_Enterobacterales;f_Enterobacteriaceae;g_Enterobacter;s_Enterobacter hormaechei A
E520	E520_5405	36	species	Escherichia coli	4	3	3	1.000	d_Bacteria;p_Proteobacteria;c_Gammaproteobacteria;o_Enterobacterales;f_Enterobacteriaceae;g_Escherichia;s_Escherichia coli
E520	E520_15645	70	species	Enterobacter hormaechei A	2	2	1	0.500	d_Bacteria;p_Proteobacteria;c_Gammaproteobacteria;o_Enterobacterales;f_Enterobacteriaceae;g_Enterobacter;s_Enterobacter hormaechei A
E520	E520_25181	36	species	Escherichia coli	1	1	1	1.000	d_Bacteria;p_Proteobacteria;c_Gammaproteobacteria;o_Enterobacterales;f_Enterobacteriaceae;g_Escherichia;s_Escherichia coli
E520	E520_8479	70	species	Enterobacter hormaechei A	5	4	3	0.670	d_Bacteria;p_Proteobacteria;c_Gammaproteobacteria;o_Enterobacterales;f_Enterobacteriaceae;g_Enterobacter;s_Enterobacter hormaechei A
E520	E520_10015	36	species	Escherichia coli	4	4	2	0.660	d_Bacteria;p_Proteobacteria;c_Gammaproteobacteria;o_Enterobacterales;f_Enterobacteriaceae;g_Escherichia;s_Escherichia coli
E520	E520_4183	36	species	Escherichia coli	5	5	3	0.660	d_Bacteria;p_Proteobacteria;c_Gammaproteobacteria;o_Enterobacterales;f_Enterobacteriaceae;g_Escherichia;s_Escherichia coli
E520	E520_5399	17704	species	Enterobacter cloacae P	6	6	2	0.660	d_Bacteria;p_Proteobacteria;c_Gammaproteobacteria;o_Enterobacterales;f_Enterobacteriaceae;g_Enterobacter;s_Enterobacter cloacae P
E520	E520_13367	36	species	Escherichia coli	2	2	1	0.500	d_Bacteria;p_Proteobacteria;c_Gammaproteobacteria;o_Enterobacterales;f_Enterobacteriaceae;g_Escherichia;s_Escherichia coli
E520	E520_1523	36	species	Escherichia coli	10	9	7	0.750	d_Bacteria;p_Proteobacteria;c_Gammaproteobacteria;o_Enterobacterales;f_Enterobacteriaceae;g_Escherichia;s_Escherichia coli
E520	E520_7059	36	species	Escherichia coli	3	3	3	1.000	d_Bacteria;p_Proteobacteria;c_Gammaproteobacteria;o_Enterobacterales;f_Enterobacteriaceae;g_Escherichia;s_Escherichia coli
E520	E520_9203	55282	species	Enterobacter sp013927005	1	1	1	1.000	d_Bacteria;p_Proteobacteria;c_Gammaproteobacteria;o_Enterobacterales;f_Enterobacteriaceae;g_Enterobacter;s_Enterobacter sp013927005
E520	E520_16885	400	species	Enterobacter cloacae M	3	2	1	0.920	d_Bacteria;p_Proteobacteria;c_Gammaproteobacteria;o_Enterobacterales;f_Enterobacteriaceae;g_Enterobacter;s_Enterobacter cloacae M
E520	E520_18645	36	species	Escherichia coli	2	2	1	0.500	d_Bacteria;p_Proteobacteria;c_Gammaproteobacteria;o_Enterobacterales;f_Enterobacteriaceae;g_Escherichia;s_Escherichia coli
E520	E520_23733	18	species	Klebsiella pneumoniae	1	1	1	1.000	d_Bacteria;p_Proteobacteria;c_Gammaproteobacteria;o_Enterobacterales;f_Enterobacteriaceae;g_Klebsiella;s_Klebsiella pneumoniae
E520	E520_9228	36	species	Escherichia coli	3	3	2	0.980	d_Bacteria;p_Proteobacteria;c_Gammaproteobacteria;o_Enterobacterales;f_Enterobacteriaceae;g_Escherichia;s_Escherichia coli
E520	E520_16396	36	species	Escherichia coli	3	3	1	0.940	d_Bacteria;p_Proteobacteria;c_Gammaproteobacteria;o_Enterobacterales;f_Enterobacteriaceae;g_Escherichia;s_Escherichia coli
E520	E520_22572	36	species	Escherichia coli	1	1	1	1.000	d_Bacteria;p_Proteobacteria;c_Gammaproteobacteria;o_Enterobacterales;f_Enterobacteriaceae;g_Escherichia;s_Escherichia coli
E520	E520_22349	36	species	Escherichia coli	3	3	1	0.920	d_Bacteria;p_Proteobacteria;c_Gammaproteobacteria;o_Enterobacterales;f_Enterobacteriaceae;g_Escherichia;s_Escherichia coli
E520	E520_14996	36	species	Escherichia coli	1	1	1	1.000	d_Bacteria;p_Proteobacteria;c_Gammaproteobacteria;o_Enterobacterales;f_Enterobacteriaceae;g_Escherichia;s_Escherichia coli
E520	E520_18836	70	species	Enterobacter hormaechei A	1	1	1	1.000	d_Bacteria;p_Proteobacteria;c_Gammaproteobacteria;o_Enterobacterales;f_Enterobacteriaceae;g_Enterobacter;s_Enterobacter hormaechei A
E520	E520_22019	36	species	Escherichia coli	1	1	1	1.000	d_Bacteria;p_Proteobacteria;c_Gammaproteobacteria;o_Enterobacterales;f_Enterobacteriaceae;g_Escherichia;s_Escherichia coli
E520	E520_22115	18	species	Klebsiella pneumoniae	1	1	1	1.000	d_Bacteria;p_Proteobacteria;c_Gammaproteobacteria;o_Enterobacterales;f_Enterobacteriaceae;g_Klebsiella;s_Klebsiella pneumoniae
E520	E520_23587	36	species	Escherichia coli	3	3	1	0.900	d_Bacteria;p_Proteobacteria;c_Gammaproteobacteria;o_Enterobacterales;f_Enterobacteriaceae;g_Escherichia;s_Escherichia coli
E520	E520_23651	17704	species	Enterobacter cloacae P	3	3	1	0.890	d_Bacteria;p_Proteobacteria;c_Gammaproteobacteria;o_Enterobacterales;f_Enterobacteriaceae;g_Enterobacter;s_Enterobacter cloacae P
E520	E520_25187	36	species	Escherichia coli	2	2	2	1.000	d_Bacteria;p_Proteobacteria;c_Gammaproteobacteria;o_Enterobacterales;f_Enterobacteriaceae;g_Escherichia;s_Escherichia coli
E520	E520_1988	36	species	Escherichia coli	6	6	3	0.590	d_Bacteria;p_Proteobacteria;c_Gammaproteobacteria;o_Enterobacterales;f_Enterobacteriaceae;g_Escherichia;s_Escherichia coli
E520	E520_15038	36	species	Escherichia coli	2	2	2	1.000	d_Bacteria;p_Proteobacteria;c_Gammaproteobacteria;o_Enterobacterales;f_Enterobacteriaceae;g_Escherichia;s_Escherichia coli
E520	E520_18782	36	species	Escherichia coli	1	1	1	1.000	d_Bacteria;p_Proteobacteria;c_Gammaproteobacteria;o_Enterobacterales;f_Enterobacteriaceae;g_Escherichia;s_Escherichia coli
E520	E520_18506	70	species	Enterobacter hormaechei A	2	2	1	0.500	d_Bacteria;p_Proteobacteria;c_Gammaproteobacteria;o_Enterobacterales;f_Enterobacteriaceae;g_Enterobacter;s_Enterobacter hormaechei A
E520	E520_22602	36	species	Escherichia coli	2	2	2	1.000	d_Bacteria;p_Proteobacteria;c_Gammaproteobacteria;o_Enterobacterales;f_Enterobacteriaceae;g_Escherichia;s_Escherichia coli
E520	E520_3002	36	species	Escherichia coli	7	6	3	0.590	d_Bacteria;p_Proteobacteria;c_Gammaproteobacteria;o_Enterobacterales;f_Enterobacteriaceae;g_Escherichia;s_Escherichia coli
E520	E520_20657	1868	species	Enterobacter sichuanensis	2	2	1	0.500	d_Bacteria;p_Proteobacteria;c_Gammaproteobacteria;o_Enterobacterales;f_Enterobacteriaceae;g_Enterobacter;s_Enterobacter sichuanensis
E520	E520_22609	70	species	Enterobacter hormaechei A	2	2	1	0.960	d_Bacteria;p_Proteobacteria;c_Gammaproteobacteria;o_Enterobacterales;f_Enterobacteriaceae;g_Enterobacter;s_Enterobacter hormaechei A
E520	E520_25570	70	species	Enterobacter hormaechei A	1	1	1	1.000	d_Bacteria;p_Proteobacteria;c_Gammaproteobacteria;o_Enterobacterales;f_Enterobacteriaceae;g_Enterobacter;s_Enterobacter hormaechei A
E520	E520_10467	36	species	Escherichia coli	2	2	1	0.500	d_Bacteria;p_Proteobacteria;c_Gammaproteobacteria;o_Enterobacterales;f_Enterobacteriaceae;g_Escherichia;s_Escherichia coli
E520	E520_11587	35	species	Acinetobacter baumannii	3	3	1	0.890	d_Bacteria;p_Proteobacteria;c_Gammaproteobacteria;o_Pseudomonadales;f_Moraxellaceae;g_Acinetobacter;s_Acinetobacter baumannii
E520	E520_16371	36	species	Escherichia coli	2	2	2	1.000	d_Bacteria;p_Proteobacteria;c_Gammaproteobacteria;o_Enterobacterales;f_Enterobacteriaceae;g_Escherichia;s_Escherichia coli
E520	E520_16627	36	species	Escherichia coli	4	4	1	0.850	d_Bacteria;p_Proteobacteria;c_Gammaproteobacteria;o_Enterobacterales;f_Enterobacteriaceae;g_Escherichia;s_Escherichia coli
E520	E520_21920	36	species	Escherichia coli	2	2	2	1.000	d_Bacteria;p_Proteobacteria;c_Gammaproteobacteria;o_Enterobacterales;f_Enterobacteriaceae;g_Escherichia;s_Escherichia coli
E520	E520_7182	36	species	Escherichia coli	5	5	3	0.740	d_Bacteria;p_Proteobacteria;c_Gammaproteobacteria;o_Enterobacterales;f_Enterobacteriaceae;g_Escherichia;s_Escherichia coli
E520	E520_7566	36	species	Escherichia coli	3	3	3	1.000	d_Bacteria;p_Proteobacteria;c_Gammaproteobacteria;o_Enterobacterales;f_Enterobacteriaceae;g_Escherichia;s_Escherichia coli
E520	E520_9198	36	species	Escherichia coli	6	6	3	0.590	d_Bacteria;p_Proteobacteria;c_Gammaproteobacteria;o_Enterobacterales;f_Enterobacteriaceae;g_Escherichia;s_Escherichia coli
E520	E520_9518	55282	species	Enterobacter sp013927005	4	2	2	1.000	d_Bacteria;p_Proteobacteria;c_Gammaproteobacteria;o_Enterobacterales;f_Enterobacteriaceae;g_Enterobacter;s_Enterobacter sp013927005
E520	E520_5830	55282	species	Enterobacter sp013927005	8	7	2	0.900	d_Bacteria;p_Proteobacteria;c_Gammaproteobacteria;o_Enterobacterales;f_Enterobacteriaceae;g_Enterobacter;s_Enterobacter sp013927005
E520	E520_18182	55282	species	Enterobacter sp013927005	6	6	4	0.980	d_Bacteria;p_Proteobacteria;c_Gammaproteobacteria;o_Enterobacterales;f_Enterobacteriaceae;g_Enterobacter;s_Enterobacter sp013927005
E520	E520_19110	17704	species	Enterobacter cloacae P	3	2	1	0.500	d_Bacteria;p_Proteobacteria;c_Gammaproteobacteria;o_Enterobacterales;f_Enterobacteriaceae;g_Enterobacter;s_Enterobacter cloacae P
E520	E520_20902	36	species	Escherichia coli	1	1	1	1.000	d_Bacteria;p_Proteobacteria;c_Gammaproteobacteria;o_Enterobacterales;f_Enterobacteriaceae;g_Escherichia;s_Escherichia coli
E520	E520_22054	18	species	Klebsiella pneumoniae	2	2	1	0.500	d_Bacteria;p_Proteobacteria;c_Gammaproteobacteria;o_Enterobacterales;f_Enterobacteriaceae;g_Klebsiella;s_Klebsiella pneumoniae
E520	E520_22118	287	species	Enterobacter cloacae	2	2	1	0.990	d_Bacteria;p_Proteobacteria;c_Gammaproteobacteria;o_Enterobacterales;f_Enterobacteriaceae;g_Enterobacter;s_Enterobacter cloacae
E520	E520_23910	36	species	Escherichia coli	1	1	1	1.000	d_Bacteria;p_Proteobacteria;c_Gammaproteobacteria;o_Enterobacterales;f_Enterobacteriaceae;g_Escherichia;s_Escherichia coli
E520	E520_24742	36	species	Escherichia coli	2	2	1	0.500	d_Bacteria;p_Proteobacteria;c_Gammaproteobacteria;o_Enterobacterales;f_Enterobacteriaceae;g_Escherichia;s_Escherichia coli
E520	E520_4521	36	species	Escherichia coli	4	4	2	0.660	d_Bacteria;p_Proteobacteria;c_Gammaproteobacteria;o_Enterobacterales;f_Enterobacteriaceae;g_Escherichia;s_Escherichia coli
E520	E520_13215	7084	species	Enterobacter sp000762975	2	2	1	0.500	d_Bacteria;p_Proteobacteria;c_Gammaproteobacteria;o_Enterobacterales;f_Enterobacteriaceae;g_Enterobacter;s_Enterobacter sp000762975
E520	E520_21087	36	species	Escherichia coli	2	2	2	1.000	d_Bacteria;p_Proteobacteria;c_Gammaproteobacteria;o_Enterobacterales;f_Enterobacteriaceae;g_Escherichia;s_Escherichia coli
E520	E520_8928	36	species	Escherichia coli	2	2	2	1.000	d_Bacteria;p_Proteobacteria;c_Gammaproteobacteria;o_Enterobacterales;f_Enterobacteriaceae;g_Escherichia;s_Escherichia coli
E520	E520_6692	36	species	Escherichia coli	4	3	2	0.670	d_Bacteria;p_Proteobacteria;c_Gammaproteobacteria;o_Enterobacterales;f_Enterobacteriaceae;g_Escherichia;s_Escherichia coli
E520	E520_11488	36	species	Escherichia coli	3	3	3	1.000	d_Bacteria;p_Proteobacteria;c_Gammaproteobacteria;o_Enterobacterales;f_Enterobacteriaceae;g_Escherichia;s_Escherichia coli
E520	E520_15400	1868	species	Enterobacter sichuanensis	4	4	2	0.950	d_Bacteria;p_Proteobacteria;c_Gammaproteobacteria;o_Enterobacterales;f_Enterobacteriaceae;g_Enterobacter;s_Enterobacter sichuanensis
E520	E520_18664	36	species	Escherichia coli	3	2	2	1.000	d_Bacteria;p_Proteobacteria;c_Gammaproteobacteria;o_Enterobacterales;f_Enterobacteriaceae;g_Escherichia;s_Escherichia coli
E520	E520_20744	36	species	Escherichia coli	3	2	1	0.930	d_Bacteria;p_Proteobacteria;c_Gammaproteobacteria;o_Enterobacterales;f_Enterobacteriaceae;g_Escherichia;s_Escherichia coli
E520	E520_21800	22142	species	Enterobacter cloacae Q	3	2	1	0.500	d_Bacteria;p_Proteobacteria;c_Gammaproteobacteria;o_Enterobacterales;f_Enterobacteriaceae;g_Enterobacter;s_Enterobacter cloacae Q
E520	E520_15234	70	species	Enterobacter hormaechei A	2	2	2	1.000	d_Bacteria;p_Proteobacteria;c_Gammaproteobacteria;o_Enterobacterales;f_Enterobacteriaceae;g_Enterobacter;s_Enterobacter hormaechei A
E520	E520_18594	36	species	Escherichia coli	2	2	1	0.500	d_Bacteria;p_Proteobacteria;c_Gammaproteobacteria;o_Enterobacterales;f_Enterobacteriaceae;g_Escherichia;s_Escherichia coli
E520	E520_9967	36	species	Escherichia coli	2	2	2	1.000	d_Bacteria;p_Proteobacteria;c_Gammaproteobacteria;o_Enterobacterales;f_Enterobacteriaceae;g_Escherichia;s_Escherichia coli
E520	E520_18352	244	species	Enterobacter roggenkampii	2	2	2	1.000	d_Bacteria;p_Proteobacteria;c_Gammaproteobacteria;o_Enterobacterales;f_Enterobacteriaceae;g_Enterobacter;s_Enterobacter roggenkampii
E520	E520_20336	18	species	Klebsiella pneumoniae	4	4	2	0.660	d_Bacteria;p_Proteobacteria;c_Gammaproteobacteria;o_Enterobacterales;f_Enterobacteriaceae;g_Klebsiella;s_Klebsiella pneumoniae
E520	E520_21040	36	species	Escherichia coli	2	2	1	0.500	d_Bacteria;p_Proteobacteria;c_Gammaproteobacteria;o_Enterobacterales;f_Enterobacteriaceae;g_Escherichia;s_Escherichia coli
E520	E520_21776	36	species	Escherichia coli	3	3	2	0.960	d_Bacteria;p_Proteobacteria;c_Gammaproteobacteria;o_Enterobacterales;f_Enterobacteriaceae;g_Escherichia;s_Escherichia coli
E520	E520_23408	70	species	Enterobacter hormaechei A	1	1	1	1.000	d_Bacteria;p_Proteobacteria;c_Gammaproteobacteria;o_Enterobacterales;f_Enterobacteriaceae;g_Enterobacter;s_Enterobacter hormaechei A
E520	E520_9374	18	species	Klebsiella pneumoniae	2	2	1	0.500	d_Bacteria;p_Proteobacteria;c_Gammaproteobacteria;o_Enterobacterales;f_Enterobacteriaceae;g_Klebsiella;s_Klebsiella pneumoniae
E520	E520_13662	70	species	Enterobacter hormaechei A	3	2	1	0.950	d_Bacteria;p_Proteobacteria;c_Gammaproteobacteria;o_Enterobacterales;f_Enterobacteriaceae;g_Enterobacter;s_Enterobacter hormaechei A
E520	E520_25042	70	species	Enterobacter hormaechei A	3	3	1	0.940	d_Bacteria;p_Proteobacteria;c_Gammaproteobacteria;o_Enterobacterales;f_Enterobacteriaceae;g_Enterobacter;s_Enterobacter hormaechei A
E520	E520_2873	36	species	Escherichia coli	8	8	3	0.590	d_Bacteria;p_Proteobacteria;c_Gammaproteobacteria;o_Enterobacterales;f_Enterobacteriaceae;g_Escherichia;s_Escherichia coli
E520	E520_5817	36	species	Escherichia coli	9	9	2	0.790	d_Bacteria;p_Proteobacteria;c_Gammaproteobacteria;o_Enterobacterales;f_Enterobacteriaceae;g_Escherichia;s_Escherichia coli
E520	E520_9300	70	species	Enterobacter hormaechei A	5	4	3	1.000	d_Bacteria;p_Proteobacteria;c_Gammaproteobacteria;o_Enterobacterales;f_Enterobacteriaceae;g_Enterobacter;s_Enterobacter hormaechei A
E520	E520_406	36	species	Escherichia coli	17	17	12	0.750	d_Bacteria;p_Proteobacteria;c_Gammaproteobacteria;o_Enterobacterales;f_Enterobacteriaceae;g_Escherichia;s_Escherichia coli
E520	E520_1078	36	species	Escherichia coli	9	9	5	0.620	d_Bacteria;p_Proteobacteria;c_Gammaproteobacteria;o_Enterobacterales;f_Enterobacteriaceae;g_Escherichia;s_Escherichia coli
E520	E520_1174	36	species	Escherichia coli	16	16	6	0.700	d_Bacteria;p_Proteobacteria;c_Gammaproteobacteria;o_Enterobacterales;f_Enterobacteriaceae;g_Escherichia;s_Escherichia coli
E520	E520_1750	36	species	Escherichia coli	7	7	6	0.860	d_Bacteria;p_Proteobacteria;c_Gammaproteobacteria;o_Enterobacterales;f_Enterobacteriaceae;g_Escherichia;s_Escherichia coli
E520	E520_10294	36	species	Escherichia coli	3	3	2	0.670	d_Bacteria;p_Proteobacteria;c_Gammaproteobacteria;o_Enterobacterales;f_Enterobacteriaceae;g_Escherichia;s_Escherichia coli
E520	E520_11318	3256	species	Enterobacter quasihormaechei	2	2	1	0.500	d_Bacteria;p_Proteobacteria;c_Gammaproteobacteria;o_Enterobacterales;f_Enterobacteriaceae;g_Enterobacter;s_Enterobacter quasihormaechei
E520	E520_12054	36	species	Escherichia coli	3	2	1	0.500	d_Bacteria;p_Proteobacteria;c_Gammaproteobacteria;o_Enterobacterales;f_Enterobacteriaceae;g_Escherichia;s_Escherichia coli
E520	E520_22838	70	species	Enterobacter hormaechei A	2	2	2	1.000	d_Bacteria;p_Proteobacteria;c_Gammaproteobacteria;o_Enterobacterales;f_Enterobacteriaceae;g_Enterobacter;s_Enterobacter hormaechei A
E520	E520_22966	70	species	Enterobacter hormaechei A	4	3	1	0.880	d_Bacteria;p_Proteobacteria;c_Gammaproteobacteria;o_Enterobacterales;f_Enterobacteriaceae;g_Enterobacter;s_Enterobacter hormaechei A
E520	E520_25377	70	species	Enterobacter hormaechei A	3	3	2	0.980	d_Bacteria;p_Proteobacteria;c_Gammaproteobacteria;o_Enterobacterales;f_Enterobacteriaceae;g_Enterobacter;s_Enterobacter hormaechei A
E520	E520_6187	36	species	Escherichia coli	3	2	1	0.500	d_Bacteria;p_Proteobacteria;c_Gammaproteobacteria;o_Enterobacterales;f_Enterobacteriaceae;g_Escherichia;s_Escherichia coli
E520	E520_10603	36	species	Escherichia coli	2	2	1	0.990	d_Bacteria;p_Proteobacteria;c_Gammaproteobacteria;o_Enterobacterales;f_Enterobacteriaceae;g_Escherichia;s_Escherichia coli
E520	E520_11915	70	species	Enterobacter hormaechei A	2	2	1	0.500	d_Bacteria;p_Proteobacteria;c_Gammaproteobacteria;o_Enterobacterales;f_Enterobacteriaceae;g_Enterobacter;s_Enterobacter hormaechei A
E520	E520_19819	18	species	Klebsiella pneumoniae	3	3	2	0.510	d_Bacteria;p_Proteobacteria;c_Gammaproteobacteria;o_Enterobacterales;f_Enterobacteriaceae;g_Klebsiella;s_Klebsiella pneumoniae
E520	E520_22155	409	species	Enterobacter ludwigii	2	2	1	0.500	d_Bacteria;p_Proteobacteria;c_Gammaproteobacteria;o_Enterobacterales;f_Enterobacteriaceae;g_Enterobacter;s_Enterobacter ludwigii
E520	E520_7308	36	species	Escherichia coli	4	3	2	0.980	d_Bacteria;p_Proteobacteria;c_Gammaproteobacteria;o_Enterobacterales;f_Enterobacteriaceae;g_Escherichia;s_Escherichia coli
E520	E520_22295	287	species	Enterobacter cloacae	2	2	1	0.500	d_Bacteria;p_Proteobacteria;c_Gammaproteobacteria;o_Enterobacterales;f_Enterobacteriaceae;g_Enterobacter;s_Enterobacter cloacae
E520	E520_22391	18	species	Klebsiella pneumoniae	2	1	1	1.000	d_Bacteria;p_Proteobacteria;c_Gammaproteobacteria;o_Enterobacterales;f_Enterobacteriaceae;g_Klebsiella;s_Klebsiella pneumoniae
E520	E520_23927	70	species	Enterobacter hormaechei A	1	1	1	1.000	d_Bacteria;p_Proteobacteria;c_Gammaproteobacteria;o_Enterobacterales;f_Enterobacteriaceae;g_Enterobacter;s_Enterobacter hormaechei A
E520	E520_24183	1868	species	Enterobacter sichuanensis	1	1	1	1.000	d_Bacteria;p_Proteobacteria;c_Gammaproteobacteria;o_Enterobacterales;f_Enterobacteriaceae;g_Enterobacter;s_Enterobacter sichuanensis
E520	E520_25335	36	species	Escherichia coli	1	1	1	1.000	d_Bacteria;p_Proteobacteria;c_Gammaproteobacteria;o_Enterobacterales;f_Enterobacteriaceae;g_Escherichia;s_Escherichia coli
E520	E520_1816	36	species	Escherichia coli	10	10	4	0.640	d_Bacteria;p_Proteobacteria;c_Gammaproteobacteria;o_Enterobacterales;f_Enterobacteriaceae;g_Escherichia;s_Escherichia coli
E520	E520_8120	36	species	Escherichia coli	3	2	2	1.000	d_Bacteria;p_Proteobacteria;c_Gammaproteobacteria;o_Enterobacterales;f_Enterobacteriaceae;g_Escherichia;s_Escherichia coli
E520	E520_8824	36	species	Escherichia coli	3	3	2	0.670	d_Bacteria;p_Proteobacteria;c_Gammaproteobacteria;o_Enterobacterales;f_Enterobacteriaceae;g_Escherichia;s_Escherichia coli
E520	E520_15256	36	species	Escherichia coli	2	2	1	0.500	d_Bacteria;p_Proteobacteria;c_Gammaproteobacteria;o_Enterobacterales;f_Enterobacteriaceae;g_Escherichia;s_Escherichia coli
E520	E520_20152	1903	species	Enterobacter hormaechei	1	1	1	1.000	d_Bacteria;p_Proteobacteria;c_Gammaproteobacteria;o_Enterobacterales;f_Enterobacteriaceae;g_Enterobacter;s_Enterobacter hormaechei
E520	E520_20280	409	species	Enterobacter ludwigii	2	2	1	0.500	d_Bacteria;p_Proteobacteria;c_Gammaproteobacteria;o_Enterobacterales;f_Enterobacteriaceae;g_Enterobacter;s_Enterobacter ludwigii
E520	E520_23320	70	species	Enterobacter hormaechei A	3	3	2	0.520	d_Bacteria;p_Proteobacteria;c_Gammaproteobacteria;o_Enterobacterales;f_Enterobacteriaceae;g_Enterobacter;s_Enterobacter hormaechei A
